category	file	line	pattern_type	message	code	source_crate
Actor	crates/check/src/validate.rs	178	DiagnosticCode	ActorGeneric	KAIN-ACTOR-0001	check
Actor	crates/check/src/validate.rs	201	DiagnosticCode	ActorGeneric	KAIN-ACTOR-0001	check
Actor	crates/check/src/validate_semantic_contracts.rs	165	DiagnosticCode	ActorGeneric	KAIN-ACTOR-0001	check
Actor	crates/check/src/validate_semantic_contracts.rs	254	DiagnosticCode	ActorGeneric	KAIN-ACTOR-0001	check
Actor	crates/error/src/diagnostic_registry.rs	90	DiagnosticCode	ActorGeneric	KAIN-ACTOR-0001	error
Actor	crates/error/src/diagnostic_registry.rs	90	ErrorKind	Component	KAIN-COMPONENT-XXXX	error
Actor	crates/error/src/error.rs	825	ErrorKind	Component	KAIN-COMPONENT-XXXX	error
Actor	crates/error/src/report.rs	700	ErrorKind	Component	KAIN-COMPONENT-XXXX	error
Borrow	crates/check/src/validate.rs	863	ErrorKind	Borrow	KAIN-BORROW-XXXX	check
Borrow	crates/error/src/builder.rs	114	ErrorKind	Borrow	KAIN-BORROW-XXXX	error
Borrow	crates/error/src/builder.rs	118	ErrorKind	Borrow	KAIN-BORROW-XXXX	error
Borrow	crates/error/src/builder.rs	122	ErrorKind	Borrow	KAIN-BORROW-XXXX	error
Borrow	crates/error/src/builder.rs	126	ErrorKind	Borrow	KAIN-BORROW-XXXX	error
Borrow	crates/error/src/diagnostic_registry.rs	86	DiagnosticCode	BorrowGeneric	KAIN-BORROW-0001	error
Borrow	crates/error/src/diagnostic_registry.rs	86	ErrorKind	Borrow	KAIN-BORROW-XXXX	error
Borrow	crates/error/src/error.rs	394	ErrorKind	Borrow	KAIN-BORROW-XXXX	error
Borrow	crates/error/src/error.rs	395	ErrorKind	Borrow	KAIN-BORROW-XXXX	error
Borrow	crates/error/src/error.rs	631	ErrorKind	Borrow	KAIN-BORROW-XXXX	error
Borrow	crates/error/src/error.rs	737	ErrorKind	Borrow	KAIN-BORROW-XXXX	error
Borrow	crates/error/src/error.rs	821	ErrorKind	Borrow	KAIN-BORROW-XXXX	error
Borrow	crates/error/src/report.rs	697	ErrorKind	Borrow	KAIN-BORROW-XXXX	error
Codegen	crates/check/src/validate.rs	176	DiagnosticReport::new	DiagnosticReport::new(	KAIN-CODEGEN-XXXX	check
Codegen	crates/check/src/validate.rs	177	ErrorKind	Codegen	KAIN-CODEGEN-XXXX	check
Codegen	crates/check/src/validate.rs	199	DiagnosticReport::new	DiagnosticReport::new(	KAIN-CODEGEN-XXXX	check
Codegen	crates/check/src/validate.rs	200	ErrorKind	Codegen	KAIN-CODEGEN-XXXX	check
Codegen	crates/check/src/validate.rs	285	DiagnosticReport::new	DiagnosticReport::new(	KAIN-CODEGEN-XXXX	check
Codegen	crates/check/src/validate.rs	303	DiagnosticReport::new	DiagnosticReport::new(	KAIN-CODEGEN-XXXX	check
Codegen	crates/check/src/validate.rs	358	DiagnosticReport::new	DiagnosticReport::new(	KAIN-CODEGEN-XXXX	check
Codegen	crates/check/src/validate.rs	490	DiagnosticReport::new	DiagnosticReport::new(	KAIN-CODEGEN-XXXX	check
Codegen	crates/check/src/validate.rs	517	DiagnosticReport::new	DiagnosticReport::new(	KAIN-CODEGEN-XXXX	check
Codegen	crates/check/src/validate.rs	862	DiagnosticReport::new	DiagnosticReport::new(	KAIN-CODEGEN-XXXX	check
Codegen	crates/check/src/validate_semantic_contracts.rs	163	DiagnosticReport::new	DiagnosticReport::new(	KAIN-CODEGEN-XXXX	check
Codegen	crates/check/src/validate_semantic_contracts.rs	252	DiagnosticReport::new	DiagnosticReport::new(	KAIN-CODEGEN-XXXX	check
Codegen	crates/check/src/validate_semantic_contracts.rs	339	DiagnosticReport::new	DiagnosticReport::new(	KAIN-CODEGEN-XXXX	check
Codegen	crates/check/src/validate_semantic_contracts.rs	497	DiagnosticReport::new	DiagnosticReport::new(	KAIN-CODEGEN-XXXX	check
Codegen	crates/check/src/validate_semantic_contracts.rs	515	DiagnosticReport::new	DiagnosticReport::new(	KAIN-CODEGEN-XXXX	check
Codegen	crates/check/src/validate_semantic_contracts.rs	530	DiagnosticReport::new	DiagnosticReport::new(	KAIN-CODEGEN-XXXX	check
Codegen	crates/check/src/validate_semantic_contracts.rs	555	DiagnosticReport::new	DiagnosticReport::new(	KAIN-CODEGEN-XXXX	check
Codegen	crates/check/src/validate_semantic_contracts.rs	581	DiagnosticReport::new	DiagnosticReport::new(	KAIN-CODEGEN-XXXX	check
Codegen	crates/check/src/validate_semantic_contracts.rs	614	DiagnosticReport::new	DiagnosticReport::new(	KAIN-CODEGEN-XXXX	check
Codegen	crates/check/src/validate_semantic_contracts.rs	691	DiagnosticReport::new	DiagnosticReport::new(	KAIN-CODEGEN-XXXX	check
Codegen	crates/check/src/validate_semantic_contracts.rs	714	DiagnosticReport::new	DiagnosticReport::new(	KAIN-CODEGEN-XXXX	check
Codegen	crates/check/src/validate_semantic_contracts.rs	796	DiagnosticReport::new	DiagnosticReport::new(	KAIN-CODEGEN-XXXX	check
Codegen	crates/check/src/validate_semantic_contracts.rs	804	DiagnosticReport::new	DiagnosticReport::new(	KAIN-CODEGEN-XXXX	check
Codegen	crates/check/src/validate_semantic_contracts.rs	815	DiagnosticReport::new	DiagnosticReport::new(	KAIN-CODEGEN-XXXX	check
Codegen	crates/check/src/validate_semantic_contracts.rs	893	DiagnosticReport::new	DiagnosticReport::new(	KAIN-CODEGEN-XXXX	check
Codegen	crates/check/src/validate_semantic_contracts.rs	1021	DiagnosticReport::new	DiagnosticReport::new(	KAIN-CODEGEN-XXXX	check
Codegen	crates/check/src/validate_semantic_contracts.rs	1046	DiagnosticReport::new	DiagnosticReport::new(	KAIN-CODEGEN-XXXX	check
Codegen	crates/check/src/validate_semantic_contracts.rs	1169	DiagnosticReport::new	DiagnosticReport::new(	KAIN-CODEGEN-XXXX	check
Codegen	crates/cli/src/kain_launcher.rs	1927	DiagnosticReport::new	DiagnosticReport::new(	KAIN-CODEGEN-XXXX	cli
Codegen	crates/cli/src/kain_launcher.rs	1928	ErrorKind	Codegen	KAIN-CODEGEN-XXXX	cli
Codegen	crates/cli/src/kain_launcher.rs	1929	DiagnosticCode	CodegenBackendFailed	KAIN-CODEGEN-0004	cli
Codegen	crates/cli/src/kain_launcher.rs	1955	DiagnosticReport::new	DiagnosticReport::new(	KAIN-CODEGEN-XXXX	cli
Codegen	crates/cli/src/kain_launcher.rs	1956	ErrorKind	Codegen	KAIN-CODEGEN-XXXX	cli
Codegen	crates/cli/src/kain_launcher.rs	1957	DiagnosticCode	CodegenLinkingFailed	KAIN-CODEGEN-0005	cli
Codegen	crates/cli/src/llvm_native_stage.rs	231	DiagnosticReport::new	DiagnosticReport::new(	KAIN-CODEGEN-XXXX	cli
Codegen	crates/cli/src/llvm_native_stage.rs	232	ErrorKind	Codegen	KAIN-CODEGEN-XXXX	cli
Codegen	crates/cli/src/llvm_native_stage.rs	233	DiagnosticCode	CodegenBackendFailed	KAIN-CODEGEN-0004	cli
Codegen	crates/cli/src/llvm_native_stage.rs	248	DiagnosticReport::new	DiagnosticReport::new(	KAIN-CODEGEN-XXXX	cli
Codegen	crates/cli/src/llvm_native_stage.rs	249	ErrorKind	Codegen	KAIN-CODEGEN-XXXX	cli
Codegen	crates/cli/src/llvm_native_stage.rs	250	DiagnosticCode	CodegenBackendFailed	KAIN-CODEGEN-0004	cli
Codegen	crates/core/src/effects.rs	108	DiagnosticReport::new	DiagnosticReport::new(	KAIN-CODEGEN-XXXX	core
Codegen	crates/core/src/low_level_memory.rs	64	DiagnosticBuilder::new	DiagnosticBuilder::new(	KAIN-CODEGEN-XXXX	core
Codegen	crates/core/src/low_level_memory.rs	492	DiagnosticBuilder::new	DiagnosticBuilder::new(	KAIN-CODEGEN-XXXX	core
Codegen	crates/core/src/parser.rs	364	DiagnosticReport::new	DiagnosticReport::new(	KAIN-CODEGEN-XXXX	core
Codegen	crates/core/src/parser.rs	384	DiagnosticReport::new	DiagnosticReport::new(	KAIN-CODEGEN-XXXX	core
Codegen	crates/core/src/types.rs	1825	DiagnosticReport::new	DiagnosticReport::new(	KAIN-CODEGEN-XXXX	core
Codegen	crates/error/src/builder.rs	20	DiagnosticReport::new	DiagnosticReport::new(	KAIN-CODEGEN-XXXX	error
Codegen	crates/error/src/builder.rs	24	DiagnosticReport::new	DiagnosticReport::new(	KAIN-CODEGEN-XXXX	error
Codegen	crates/error/src/builder.rs	28	DiagnosticReport::new	DiagnosticReport::new(	KAIN-CODEGEN-XXXX	error
Codegen	crates/error/src/builder.rs	32	DiagnosticReport::new	DiagnosticReport::new(	KAIN-CODEGEN-XXXX	error
Codegen	crates/error/src/builder.rs	36	DiagnosticReport::new	DiagnosticReport::new(	KAIN-CODEGEN-XXXX	error
Codegen	crates/error/src/builder.rs	40	DiagnosticReport::new	DiagnosticReport::new(	KAIN-CODEGEN-XXXX	error
Codegen	crates/error/src/builder.rs	44	DiagnosticReport::new	DiagnosticReport::new(	KAIN-CODEGEN-XXXX	error
Codegen	crates/error/src/builder.rs	48	DiagnosticReport::new	DiagnosticReport::new(	KAIN-CODEGEN-XXXX	error
Codegen	crates/error/src/builder.rs	62	DiagnosticReport::new	DiagnosticReport::new(	KAIN-CODEGEN-XXXX	error
Codegen	crates/error/src/builder.rs	66	DiagnosticReport::new	DiagnosticReport::new(	KAIN-CODEGEN-XXXX	error
Codegen	crates/error/src/builder.rs	70	DiagnosticReport::new	DiagnosticReport::new(	KAIN-CODEGEN-XXXX	error
Codegen	crates/error/src/builder.rs	74	DiagnosticReport::new	DiagnosticReport::new(	KAIN-CODEGEN-XXXX	error
Codegen	crates/error/src/builder.rs	78	DiagnosticReport::new	DiagnosticReport::new(	KAIN-CODEGEN-XXXX	error
Codegen	crates/error/src/builder.rs	82	DiagnosticReport::new	DiagnosticReport::new(	KAIN-CODEGEN-XXXX	error
Codegen	crates/error/src/builder.rs	96	DiagnosticReport::new	DiagnosticReport::new(	KAIN-CODEGEN-XXXX	error
Codegen	crates/error/src/builder.rs	100	DiagnosticReport::new	DiagnosticReport::new(	KAIN-CODEGEN-XXXX	error
Codegen	crates/error/src/builder.rs	104	DiagnosticReport::new	DiagnosticReport::new(	KAIN-CODEGEN-XXXX	error
Codegen	crates/error/src/builder.rs	118	DiagnosticReport::new	DiagnosticReport::new(	KAIN-CODEGEN-XXXX	error
Codegen	crates/error/src/builder.rs	122	DiagnosticReport::new	DiagnosticReport::new(	KAIN-CODEGEN-XXXX	error
Codegen	crates/error/src/builder.rs	126	DiagnosticReport::new	DiagnosticReport::new(	KAIN-CODEGEN-XXXX	error
Codegen	crates/error/src/builder.rs	140	DiagnosticReport::new	DiagnosticReport::new(	KAIN-CODEGEN-XXXX	error
Codegen	crates/error/src/builder.rs	144	DiagnosticReport::new	DiagnosticReport::new(	KAIN-CODEGEN-XXXX	error
Codegen	crates/error/src/builder.rs	148	DiagnosticReport::new	DiagnosticReport::new(	KAIN-CODEGEN-XXXX	error
Codegen	crates/error/src/builder.rs	162	DiagnosticReport::new	DiagnosticReport::new(	KAIN-CODEGEN-XXXX	error
Codegen	crates/error/src/builder.rs	166	DiagnosticReport::new	DiagnosticReport::new(	KAIN-CODEGEN-XXXX	error
Codegen	crates/error/src/builder.rs	170	DiagnosticReport::new	DiagnosticReport::new(	KAIN-CODEGEN-XXXX	error
Codegen	crates/error/src/builder.rs	174	DiagnosticReport::new	DiagnosticReport::new(	KAIN-CODEGEN-XXXX	error
Codegen	crates/error/src/builder.rs	178	DiagnosticReport::new	DiagnosticReport::new(	KAIN-CODEGEN-XXXX	error
Codegen	crates/error/src/builder.rs	182	DiagnosticReport::new	DiagnosticReport::new(	KAIN-CODEGEN-XXXX	error
Codegen	crates/error/src/builder.rs	186	DiagnosticReport::new	DiagnosticReport::new(	KAIN-CODEGEN-XXXX	error
Codegen	crates/error/src/builder.rs	190	DiagnosticReport::new	DiagnosticReport::new(	KAIN-CODEGEN-XXXX	error
Codegen	crates/error/src/builder.rs	194	DiagnosticReport::new	DiagnosticReport::new(	KAIN-CODEGEN-XXXX	error
Codegen	crates/error/src/builder.rs	198	DiagnosticReport::new	DiagnosticReport::new(	KAIN-CODEGEN-XXXX	error
Codegen	crates/error/src/builder.rs	202	DiagnosticReport::new	DiagnosticReport::new(	KAIN-CODEGEN-XXXX	error
Codegen	crates/error/src/builder.rs	206	DiagnosticReport::new	DiagnosticReport::new(	KAIN-CODEGEN-XXXX	error
Codegen	crates/error/src/builder.rs	220	DiagnosticReport::new	DiagnosticReport::new(	KAIN-CODEGEN-XXXX	error
Codegen	crates/error/src/builder.rs	224	DiagnosticReport::new	DiagnosticReport::new(	KAIN-CODEGEN-XXXX	error
Codegen	crates/error/src/builder.rs	228	DiagnosticReport::new	DiagnosticReport::new(	KAIN-CODEGEN-XXXX	error
Codegen	crates/error/src/builder.rs	238	ErrorKind	Codegen	KAIN-CODEGEN-XXXX	error
Codegen	crates/error/src/builder.rs	242	ErrorKind	Codegen	KAIN-CODEGEN-XXXX	error
Codegen	crates/error/src/builder.rs	242	DiagnosticReport::new	DiagnosticReport::new(	KAIN-CODEGEN-XXXX	error
Codegen	crates/error/src/builder.rs	246	ErrorKind	Codegen	KAIN-CODEGEN-XXXX	error
Codegen	crates/error/src/builder.rs	246	DiagnosticReport::new	DiagnosticReport::new(	KAIN-CODEGEN-XXXX	error
Codegen	crates/error/src/builder.rs	250	ErrorKind	Codegen	KAIN-CODEGEN-XXXX	error
Codegen	crates/error/src/builder.rs	250	DiagnosticReport::new	DiagnosticReport::new(	KAIN-CODEGEN-XXXX	error
Codegen	crates/error/src/builder.rs	254	ErrorKind	Codegen	KAIN-CODEGEN-XXXX	error
Codegen	crates/error/src/builder.rs	254	DiagnosticReport::new	DiagnosticReport::new(	KAIN-CODEGEN-XXXX	error
Codegen	crates/error/src/builder.rs	258	ErrorKind	Codegen	KAIN-CODEGEN-XXXX	error
Codegen	crates/error/src/builder.rs	258	DiagnosticReport::new	DiagnosticReport::new(	KAIN-CODEGEN-XXXX	error
Codegen	crates/error/src/builder.rs	262	ErrorKind	Codegen	KAIN-CODEGEN-XXXX	error
Codegen	crates/error/src/builder.rs	262	DiagnosticReport::new	DiagnosticReport::new(	KAIN-CODEGEN-XXXX	error
Codegen	crates/error/src/builder.rs	266	ErrorKind	Codegen	KAIN-CODEGEN-XXXX	error
Codegen	crates/error/src/builder.rs	266	DiagnosticReport::new	DiagnosticReport::new(	KAIN-CODEGEN-XXXX	error
Codegen	crates/error/src/builder.rs	270	ErrorKind	Codegen	KAIN-CODEGEN-XXXX	error
Codegen	crates/error/src/builder.rs	270	DiagnosticReport::new	DiagnosticReport::new(	KAIN-CODEGEN-XXXX	error
Codegen	crates/error/src/builder.rs	274	ErrorKind	Codegen	KAIN-CODEGEN-XXXX	error
Codegen	crates/error/src/builder.rs	274	DiagnosticReport::new	DiagnosticReport::new(	KAIN-CODEGEN-XXXX	error
Codegen	crates/error/src/builder.rs	278	ErrorKind	Codegen	KAIN-CODEGEN-XXXX	error
Codegen	crates/error/src/builder.rs	278	DiagnosticReport::new	DiagnosticReport::new(	KAIN-CODEGEN-XXXX	error
Codegen	crates/error/src/builder.rs	292	DiagnosticReport::new	DiagnosticReport::new(	KAIN-CODEGEN-XXXX	error
Codegen	crates/error/src/builder.rs	296	DiagnosticReport::new	DiagnosticReport::new(	KAIN-CODEGEN-XXXX	error
Codegen	crates/error/src/builder.rs	300	DiagnosticReport::new	DiagnosticReport::new(	KAIN-CODEGEN-XXXX	error
Codegen	crates/error/src/builder.rs	311	DiagnosticReport::new	DiagnosticReport::new(	KAIN-CODEGEN-XXXX	error
Codegen	crates/error/src/builder.rs	315	DiagnosticReport::new	DiagnosticReport::new(	KAIN-CODEGEN-XXXX	error
Codegen	crates/error/src/builder.rs	319	DiagnosticReport::new	DiagnosticReport::new(	KAIN-CODEGEN-XXXX	error
Codegen	crates/error/src/builder.rs	323	DiagnosticReport::new	DiagnosticReport::new(	KAIN-CODEGEN-XXXX	error
Codegen	crates/error/src/builder.rs	327	DiagnosticReport::new	DiagnosticReport::new(	KAIN-CODEGEN-XXXX	error
Codegen	crates/error/src/builder.rs	331	DiagnosticReport::new	DiagnosticReport::new(	KAIN-CODEGEN-XXXX	error
Codegen	crates/error/src/builder.rs	335	DiagnosticReport::new	DiagnosticReport::new(	KAIN-CODEGEN-XXXX	error
Codegen	crates/error/src/builder.rs	339	DiagnosticReport::new	DiagnosticReport::new(	KAIN-CODEGEN-XXXX	error
Codegen	crates/error/src/builder.rs	349	DiagnosticReport::new	DiagnosticReport::new(	KAIN-CODEGEN-XXXX	error
Codegen	crates/error/src/builder.rs	353	DiagnosticReport::new	DiagnosticReport::new(	KAIN-CODEGEN-XXXX	error
Codegen	crates/error/src/builder.rs	357	DiagnosticReport::new	DiagnosticReport::new(	KAIN-CODEGEN-XXXX	error
Codegen	crates/error/src/builder.rs	361	DiagnosticReport::new	DiagnosticReport::new(	KAIN-CODEGEN-XXXX	error
Codegen	crates/error/src/builder.rs	365	DiagnosticReport::new	DiagnosticReport::new(	KAIN-CODEGEN-XXXX	error
Codegen	crates/error/src/builder.rs	369	DiagnosticReport::new	DiagnosticReport::new(	KAIN-CODEGEN-XXXX	error
Codegen	crates/error/src/builder.rs	373	DiagnosticReport::new	DiagnosticReport::new(	KAIN-CODEGEN-XXXX	error
Codegen	crates/error/src/builder.rs	383	DiagnosticReport::new	DiagnosticReport::new(	KAIN-CODEGEN-XXXX	error
Codegen	crates/error/src/builder.rs	387	DiagnosticReport::new	DiagnosticReport::new(	KAIN-CODEGEN-XXXX	error
Codegen	crates/error/src/builder.rs	391	DiagnosticReport::new	DiagnosticReport::new(	KAIN-CODEGEN-XXXX	error
Codegen	crates/error/src/builder.rs	395	DiagnosticReport::new	DiagnosticReport::new(	KAIN-CODEGEN-XXXX	error
Codegen	crates/error/src/builder.rs	399	DiagnosticReport::new	DiagnosticReport::new(	KAIN-CODEGEN-XXXX	error
Codegen	crates/error/src/builder.rs	403	DiagnosticReport::new	DiagnosticReport::new(	KAIN-CODEGEN-XXXX	error
Codegen	crates/error/src/builder.rs	407	DiagnosticReport::new	DiagnosticReport::new(	KAIN-CODEGEN-XXXX	error
Codegen	crates/error/src/builder.rs	414	DiagnosticCode	new		error
Codegen	crates/error/src/diagnostic_registry.rs	82	DiagnosticCode	CodegenGeneric	KAIN-CODEGEN-0001	error
Codegen	crates/error/src/diagnostic_registry.rs	82	ErrorKind	Codegen	KAIN-CODEGEN-XXXX	error
Codegen	crates/error/src/error.rs	285	ErrorKind	Codegen	KAIN-CODEGEN-XXXX	error
Codegen	crates/error/src/error.rs	286	ErrorKind	Codegen	KAIN-CODEGEN-XXXX	error
Codegen	crates/error/src/error.rs	361	DiagnosticReport::new	DiagnosticReport::new(	KAIN-CODEGEN-XXXX	error
Codegen	crates/error/src/error.rs	369	DiagnosticReport::new	DiagnosticReport::new(	KAIN-CODEGEN-XXXX	error
Codegen	crates/error/src/error.rs	377	DiagnosticReport::new	DiagnosticReport::new(	KAIN-CODEGEN-XXXX	error
Codegen	crates/error/src/error.rs	385	DiagnosticReport::new	DiagnosticReport::new(	KAIN-CODEGEN-XXXX	error
Codegen	crates/error/src/error.rs	393	DiagnosticReport::new	DiagnosticReport::new(	KAIN-CODEGEN-XXXX	error
Codegen	crates/error/src/error.rs	401	DiagnosticReport::new	DiagnosticReport::new(	KAIN-CODEGEN-XXXX	error
Codegen	crates/error/src/error.rs	402	ErrorKind	Codegen	KAIN-CODEGEN-XXXX	error
Codegen	crates/error/src/error.rs	403	ErrorKind	Codegen	KAIN-CODEGEN-XXXX	error
Codegen	crates/error/src/error.rs	415	DiagnosticReport::new	DiagnosticReport::new(	KAIN-CODEGEN-XXXX	error
Codegen	crates/error/src/error.rs	416	ErrorKind	Codegen	KAIN-CODEGEN-XXXX	error
Codegen	crates/error/src/error.rs	417	ErrorKind	Codegen	KAIN-CODEGEN-XXXX	error
Codegen	crates/error/src/error.rs	424	DiagnosticReport::new	DiagnosticReport::new(	KAIN-CODEGEN-XXXX	error
Codegen	crates/error/src/error.rs	429	DiagnosticReport::new	DiagnosticReport::new(	KAIN-CODEGEN-XXXX	error
Codegen	crates/error/src/error.rs	443	DiagnosticReport::new	DiagnosticReport::new(	KAIN-CODEGEN-XXXX	error
Codegen	crates/error/src/error.rs	639	ErrorKind	Codegen	KAIN-CODEGEN-XXXX	error
Codegen	crates/error/src/error.rs	653	ErrorKind	Codegen	KAIN-CODEGEN-XXXX	error
Codegen	crates/error/src/error.rs	654	ErrorKind	Codegen	KAIN-CODEGEN-XXXX	error
Codegen	crates/error/src/error.rs	740	ErrorKind	Codegen	KAIN-CODEGEN-XXXX	error
Codegen	crates/error/src/error.rs	749	ErrorKind	Codegen	KAIN-CODEGEN-XXXX	error
Codegen	crates/error/src/error.rs	750	ErrorKind	Codegen	KAIN-CODEGEN-XXXX	error
Codegen	crates/error/src/error.rs	816	ErrorKind	Codegen	KAIN-CODEGEN-XXXX	error
Codegen	crates/error/src/error.rs	839	DiagnosticBuilder::new	DiagnosticBuilder::new(	KAIN-CODEGEN-XXXX	error
Codegen	crates/error/src/error.rs	857	DiagnosticReport::new	DiagnosticReport::new(	KAIN-CODEGEN-XXXX	error
Codegen	crates/error/src/report.rs	704	ErrorKind	Codegen	KAIN-CODEGEN-XXXX	error
Codegen	crates/error/src/report.rs	711	DiagnosticCode	new		error
Codegen	crates/error/src/report.rs	712	DiagnosticCode	new		error
Codegen	crates/error/src/report.rs	713	DiagnosticCode	new		error
Codegen	crates/error/src/spec.rs	94	DiagnosticCode	new		error
Codegen	crates/error/tests/integration.rs	24	DiagnosticCode	new		error
Codegen	crates/error/tests/integration.rs	33	DiagnosticCode	new		error
Codegen	crates/error/tests/integration.rs	67	DiagnosticReport::new	DiagnosticReport::new(	KAIN-CODEGEN-XXXX	error
Codegen	crates/error/tests/integration.rs	69	DiagnosticCode	new		error
Codegen	crates/error/tests/integration.rs	128	DiagnosticReport::new	DiagnosticReport::new(	KAIN-CODEGEN-XXXX	error
Codegen	crates/error/tests/integration.rs	130	DiagnosticCode	new		error
Codegen	crates/error/tests/integration.rs	207	DiagnosticCode	new		error
Codegen	crates/gpu/src/codegen_ptx.rs	144	DiagnosticCode	CodegenGeneric	KAIN-CODEGEN-0001	gpu
Codegen	crates/gpu/src/codegen_spirv.rs	771	DiagnosticReport::new	DiagnosticReport::new(	KAIN-CODEGEN-XXXX	gpu
Codegen	crates/gpu/src/codegen_spirv.rs	1531	DiagnosticReport::new	DiagnosticReport::new(	KAIN-CODEGEN-XXXX	gpu
Codegen	crates/gpu/src/codegen_spirv.rs	1532	ErrorKind	Codegen	KAIN-CODEGEN-XXXX	gpu
Codegen	crates/gpu/src/codegen_spirv.rs	1533	DiagnosticCode	CodegenUnknownVariable	KAIN-CODEGEN-0002	gpu
Codegen	crates/gpu/src/codegen_spirv.rs	2496	DiagnosticReport::new	DiagnosticReport::new(	KAIN-CODEGEN-XXXX	gpu
Codegen	crates/gpu/src/codegen_spirv.rs	2497	ErrorKind	Codegen	KAIN-CODEGEN-XXXX	gpu
Codegen	crates/semantic/examples/verify_scratch.rs	73	DiagnosticCode	new		semantic
Codegen	crates/semantic/src/expert.rs	1211	DiagnosticCode	new		semantic
Codegen	crates/semantic/src/expert.rs	1264	DiagnosticCode	new		semantic
Codegen	crates/semantic/src/pack.rs	1172	DiagnosticCode	new		semantic
Codegen	crates/sys-codegen/src/codegen_llvm/mod.rs	819	DiagnosticReport::new	DiagnosticReport::new(	KAIN-CODEGEN-XXXX	sys-codegen
Codegen	crates/sys-codegen/src/codegen_llvm/mod.rs	820	ErrorKind	Codegen	KAIN-CODEGEN-XXXX	sys-codegen
Codegen	crates/sys-codegen/src/codegen_llvm/mod.rs	821	DiagnosticCode	CodegenGeneric	KAIN-CODEGEN-0001	sys-codegen
Comptime	crates/error/src/diagnostic_registry.rs	91	DiagnosticCode	ComptimeGeneric	KAIN-COMPTIME-0001	error
Comptime	crates/error/src/diagnostic_registry.rs	91	ErrorKind	Comptime	KAIN-COMPTIME-XXXX	error
Comptime	crates/error/src/error.rs	826	ErrorKind	Comptime	KAIN-COMPTIME-XXXX	error
Comptime	crates/error/src/report.rs	701	ErrorKind	Comptime	KAIN-COMPTIME-XXXX	error
Config	crates/error/src/diagnostic_registry.rs	84	DiagnosticCode	ConfigGeneric	KAIN-CONFIG-0001	error
Config	crates/error/src/diagnostic_registry.rs	84	ErrorKind	Config	KAIN-CONFIG-XXXX	error
Config	crates/error/src/error.rs	309	ErrorKind	Config	KAIN-CONFIG-XXXX	error
Config	crates/error/src/error.rs	310	ErrorKind	Config	KAIN-CONFIG-XXXX	error
Config	crates/error/src/error.rs	819	ErrorKind	Config	KAIN-CONFIG-XXXX	error
Config	crates/error/src/report.rs	708	ErrorKind	Config	KAIN-CONFIG-XXXX	error
Converge	crates/check/src/validate_semantic_contracts.rs	556	DiagnosticCode	ConvergeGeneric	KAIN-CONVERGE-0001	check
Converge	crates/check/src/validate_semantic_contracts.rs	582	DiagnosticCode	ConvergeGeneric	KAIN-CONVERGE-0001	check
Converge	crates/error/src/builder.rs	311	ErrorKind	Converge	KAIN-CONVERGE-XXXX	error
Converge	crates/error/src/builder.rs	315	ErrorKind	Converge	KAIN-CONVERGE-XXXX	error
Converge	crates/error/src/builder.rs	319	ErrorKind	Converge	KAIN-CONVERGE-XXXX	error
Converge	crates/error/src/builder.rs	323	ErrorKind	Converge	KAIN-CONVERGE-XXXX	error
Converge	crates/error/src/builder.rs	327	ErrorKind	Converge	KAIN-CONVERGE-XXXX	error
Converge	crates/error/src/builder.rs	331	ErrorKind	Converge	KAIN-CONVERGE-XXXX	error
Converge	crates/error/src/builder.rs	335	ErrorKind	Converge	KAIN-CONVERGE-XXXX	error
Converge	crates/error/src/builder.rs	339	ErrorKind	Converge	KAIN-CONVERGE-XXXX	error
Converge	crates/error/src/diagnostic_registry.rs	96	DiagnosticCode	ConvergeGeneric	KAIN-CONVERGE-0001	error
Converge	crates/error/src/diagnostic_registry.rs	96	ErrorKind	Converge	KAIN-CONVERGE-XXXX	error
Converge	crates/error/src/report.rs	711	ErrorKind	Converge	KAIN-CONVERGE-XXXX	error
Effect	crates/core/src/effects.rs	109	ErrorKind	Effect	KAIN-EFFECT-XXXX	core
Effect	crates/core/src/effects.rs	110	DiagnosticCode	EffectViolation	KAIN-EFFECT-0001	core
Effect	crates/error/src/builder.rs	92	ErrorKind	Effect	KAIN-EFFECT-XXXX	error
Effect	crates/error/src/builder.rs	96	ErrorKind	Effect	KAIN-EFFECT-XXXX	error
Effect	crates/error/src/builder.rs	100	ErrorKind	Effect	KAIN-EFFECT-XXXX	error
Effect	crates/error/src/builder.rs	104	ErrorKind	Effect	KAIN-EFFECT-XXXX	error
Effect	crates/error/src/diagnostic_registry.rs	85	DiagnosticCode	EffectViolation	KAIN-EFFECT-0001	error
Effect	crates/error/src/diagnostic_registry.rs	85	ErrorKind	Effect	KAIN-EFFECT-XXXX	error
Effect	crates/error/src/error.rs	386	ErrorKind	Effect	KAIN-EFFECT-XXXX	error
Effect	crates/error/src/error.rs	387	ErrorKind	Effect	KAIN-EFFECT-XXXX	error
Effect	crates/error/src/error.rs	623	ErrorKind	Effect	KAIN-EFFECT-XXXX	error
Effect	crates/error/src/error.rs	734	ErrorKind	Effect	KAIN-EFFECT-XXXX	error
Effect	crates/error/src/error.rs	820	ErrorKind	Effect	KAIN-EFFECT-XXXX	error
Effect	crates/error/src/report.rs	696	ErrorKind	Effect	KAIN-EFFECT-XXXX	error
Effect	crates/semantic/examples/semantic_probe.rs	60	DiagnosticCode	EffectViolation	KAIN-EFFECT-0001	semantic
Entangle	crates/check/src/validate.rs	359	ErrorKind	Entangle	KAIN-ENTANGLE-XXXX	check
Entangle	crates/error/src/builder.rs	349	ErrorKind	Entangle	KAIN-ENTANGLE-XXXX	error
Entangle	crates/error/src/builder.rs	353	ErrorKind	Entangle	KAIN-ENTANGLE-XXXX	error
Entangle	crates/error/src/builder.rs	357	ErrorKind	Entangle	KAIN-ENTANGLE-XXXX	error
Entangle	crates/error/src/builder.rs	361	ErrorKind	Entangle	KAIN-ENTANGLE-XXXX	error
Entangle	crates/error/src/builder.rs	365	ErrorKind	Entangle	KAIN-ENTANGLE-XXXX	error
Entangle	crates/error/src/builder.rs	369	ErrorKind	Entangle	KAIN-ENTANGLE-XXXX	error
Entangle	crates/error/src/builder.rs	373	ErrorKind	Entangle	KAIN-ENTANGLE-XXXX	error
Entangle	crates/error/src/diagnostic_registry.rs	97	DiagnosticCode	EntangleGeneric	KAIN-ENTANGLE-0001	error
Entangle	crates/error/src/diagnostic_registry.rs	97	ErrorKind	Entangle	KAIN-ENTANGLE-XXXX	error
Entangle	crates/error/src/report.rs	712	ErrorKind	Entangle	KAIN-ENTANGLE-XXXX	error
Internal	crates/error/src/chain.rs	97	ErrorKind	Internal	KAIN-INTERNAL-XXXX	error
Internal	crates/error/src/diagnostic_registry.rs	95	DiagnosticCode	InternalGeneric	KAIN-INTERNAL-0001	error
Internal	crates/error/src/diagnostic_registry.rs	95	ErrorKind	Internal	KAIN-INTERNAL-XXXX	error
Internal	crates/error/src/diagnostic_registry.rs	151	DiagnosticCode	InternalGeneric	KAIN-INTERNAL-0001	error
Internal	crates/error/src/diagnostic_registry.rs	153	DiagnosticCode	InternalGeneric	KAIN-INTERNAL-0001	error
Internal	crates/error/src/error.rs	829	ErrorKind	Internal	KAIN-INTERNAL-XXXX	error
Internal	crates/error/src/report.rs	710	ErrorKind	Internal	KAIN-INTERNAL-XXXX	error
Io	crates/error/src/diagnostic_registry.rs	83	DiagnosticCode	IoGeneric	KAIN-IO-0001	error
Io	crates/error/src/diagnostic_registry.rs	83	ErrorKind	Io	KAIN-IO-XXXX	error
Io	crates/error/src/error.rs	297	ErrorKind	Io	KAIN-IO-XXXX	error
Io	crates/error/src/error.rs	298	ErrorKind	Io	KAIN-IO-XXXX	error
Io	crates/error/src/error.rs	430	ErrorKind	Io	KAIN-IO-XXXX	error
Io	crates/error/src/error.rs	431	ErrorKind	Io	KAIN-IO-XXXX	error
Io	crates/error/src/error.rs	670	ErrorKind	Io	KAIN-IO-XXXX	error
Io	crates/error/src/error.rs	761	ErrorKind	Io	KAIN-IO-XXXX	error
Io	crates/error/src/error.rs	818	ErrorKind	Io	KAIN-IO-XXXX	error
Io	crates/error/src/report.rs	707	ErrorKind	Io	KAIN-IO-XXXX	error
Memory	crates/core/src/low_level_memory.rs	66	DiagnosticCode	MemoryLayoutOverflow	KAIN-MEM-0004	core
Memory	crates/core/src/low_level_memory.rs	78	layout_overflow_error	addition	KAIN-MEM-XXXX	core
Memory	crates/core/src/low_level_memory.rs	83	layout_overflow_error	multiplication	KAIN-MEM-XXXX	core
Memory	crates/core/src/low_level_memory.rs	101	layout_overflow_error	signed literal conversion	KAIN-MEM-XXXX	core
Memory	crates/core/src/low_level_memory.rs	494	DiagnosticCode	MemoryUnsupportedBackend	KAIN-MEM-0002	core
Memory	crates/error/src/builder.rs	216	ErrorKind	Memory	KAIN-MEMORY-XXXX	error
Memory	crates/error/src/builder.rs	220	ErrorKind	Memory	KAIN-MEMORY-XXXX	error
Memory	crates/error/src/builder.rs	224	ErrorKind	Memory	KAIN-MEMORY-XXXX	error
Memory	crates/error/src/builder.rs	228	ErrorKind	Memory	KAIN-MEMORY-XXXX	error
Memory	crates/error/src/diagnostic_registry.rs	94	DiagnosticCode	MemoryLoweringRequired	KAIN-MEM-0001	error
Memory	crates/error/src/diagnostic_registry.rs	94	ErrorKind	Memory	KAIN-MEMORY-XXXX	error
Memory	crates/error/src/error.rs	823	ErrorKind	Memory	KAIN-MEMORY-XXXX	error
Memory	crates/error/src/error.rs	841	DiagnosticCode	MemoryLoweringRequired	KAIN-MEM-0001	error
Memory	crates/error/src/report.rs	705	ErrorKind	Memory	KAIN-MEMORY-XXXX	error
Memory	crates/import/src/c/transformer.rs	149	DiagnosticCode	MemoryLoweringRequired	KAIN-MEM-0001	import
Memory	crates/import/src/c/transformer.rs	2019	DiagnosticCode	MemoryIllegalBitfieldAddress	KAIN-MEM-0003	import
Other	crates/cli/src/kain_launcher.rs	6636	ErrorKind	NotFound	KAIN-NOTFOUND-XXXX	cli
Other	crates/fs/src/capabilities.rs	166	ErrorKind	NotFound	KAIN-NOTFOUND-XXXX	fs
Other	crates/fs/src/capabilities.rs	182	ErrorKind	AccessDenied	KAIN-ACCESSDENIED-XXXX	fs
Other	crates/fs/src/capabilities.rs	199	ErrorKind	AccessDenied	KAIN-ACCESSDENIED-XXXX	fs
Other	crates/fs/src/capabilities.rs	218	ErrorKind	AccessDenied	KAIN-ACCESSDENIED-XXXX	fs
Other	crates/fs/src/capabilities.rs	298	ErrorKind	AccessDenied	KAIN-ACCESSDENIED-XXXX	fs
Other	crates/fs/src/capabilities.rs	309	ErrorKind	AccessDenied	KAIN-ACCESSDENIED-XXXX	fs
Other	crates/fs/src/error.rs	27	ErrorKind	NotFound	KAIN-NOTFOUND-XXXX	fs
Other	crates/fs/src/error.rs	28	ErrorKind	AlreadyExists	KAIN-ALREADYEXISTS-XXXX	fs
Other	crates/fs/src/error.rs	29	ErrorKind	AccessDenied	KAIN-ACCESSDENIED-XXXX	fs
Other	crates/fs/src/error.rs	30	ErrorKind	InvalidInput	KAIN-INVALIDINPUT-XXXX	fs
Other	crates/fs/src/error.rs	31	ErrorKind	NotADirectory	KAIN-NOTADIRECTORY-XXXX	fs
Other	crates/fs/src/error.rs	32	ErrorKind	IsDirectory	KAIN-ISDIRECTORY-XXXX	fs
Other	crates/fs/src/error.rs	33	ErrorKind	DirectoryNotEmpty	KAIN-DIRECTORYNOTEMPTY-XXXX	fs
Other	crates/fs/src/error.rs	34	ErrorKind	CrossDevice	KAIN-CROSSDEVICE-XXXX	fs
Other	crates/fs/src/error.rs	35	ErrorKind	Interrupted	KAIN-INTERRUPTED-XXXX	fs
Other	crates/fs/src/error.rs	36	ErrorKind	Unsupported	KAIN-UNSUPPORTED-XXXX	fs
Other	crates/fs/src/error.rs	37	ErrorKind	GlobPattern	KAIN-GLOBPATTERN-XXXX	fs
Other	crates/fs/src/error.rs	38	ErrorKind	GlobRead	KAIN-GLOBREAD-XXXX	fs
Other	crates/fs/src/error.rs	39	ErrorKind	Other	KAIN-OTHER-XXXX	fs
Other	crates/fs/src/error.rs	83	ErrorKind	NotFound	KAIN-NOTFOUND-XXXX	fs
Other	crates/fs/src/error.rs	84	ErrorKind	PermissionDenied	KAIN-PERMISSIONDENIED-XXXX	fs
Other	crates/fs/src/error.rs	84	ErrorKind	AccessDenied	KAIN-ACCESSDENIED-XXXX	fs
Other	crates/fs/src/error.rs	85	ErrorKind	AlreadyExists	KAIN-ALREADYEXISTS-XXXX	fs
Other	crates/fs/src/error.rs	86	ErrorKind	InvalidInput	KAIN-INVALIDINPUT-XXXX	fs
Other	crates/fs/src/error.rs	86	ErrorKind	InvalidData	KAIN-INVALIDDATA-XXXX	fs
Other	crates/fs/src/error.rs	87	ErrorKind	NotADirectory	KAIN-NOTADIRECTORY-XXXX	fs
Other	crates/fs/src/error.rs	88	ErrorKind	IsADirectory	KAIN-ISADIRECTORY-XXXX	fs
Other	crates/fs/src/error.rs	88	ErrorKind	IsDirectory	KAIN-ISDIRECTORY-XXXX	fs
Other	crates/fs/src/error.rs	89	ErrorKind	DirectoryNotEmpty	KAIN-DIRECTORYNOTEMPTY-XXXX	fs
Other	crates/fs/src/error.rs	90	ErrorKind	CrossesDevices	KAIN-CROSSESDEVICES-XXXX	fs
Other	crates/fs/src/error.rs	90	ErrorKind	CrossDevice	KAIN-CROSSDEVICE-XXXX	fs
Other	crates/fs/src/error.rs	91	ErrorKind	Interrupted	KAIN-INTERRUPTED-XXXX	fs
Other	crates/fs/src/error.rs	92	ErrorKind	Unsupported	KAIN-UNSUPPORTED-XXXX	fs
Other	crates/fs/src/error.rs	93	ErrorKind	Other	KAIN-OTHER-XXXX	fs
Other	crates/fs/src/ops.rs	197	ErrorKind	GlobPattern	KAIN-GLOBPATTERN-XXXX	fs
Other	crates/fs/src/ops.rs	208	ErrorKind	GlobRead	KAIN-GLOBREAD-XXXX	fs
Other	crates/fs/src/ops.rs	236	ErrorKind	AlreadyExists	KAIN-ALREADYEXISTS-XXXX	fs
Other	crates/fs/src/ops.rs	243	ErrorKind	AlreadyExists	KAIN-ALREADYEXISTS-XXXX	fs
Other	crates/fs/src/ops.rs	254	ErrorKind	AlreadyExists	KAIN-ALREADYEXISTS-XXXX	fs
Other	crates/fs/src/ops.rs	261	ErrorKind	AlreadyExists	KAIN-ALREADYEXISTS-XXXX	fs
Other	crates/fs/src/ops.rs	350	ErrorKind	AlreadyExists	KAIN-ALREADYEXISTS-XXXX	fs
Other	crates/fs/src/ops.rs	468	ErrorKind	NotFound	KAIN-NOTFOUND-XXXX	fs
Other	crates/fs/src/streaming.rs	44	ErrorKind	InvalidInput	KAIN-INVALIDINPUT-XXXX	fs
Other	crates/fs/src/transaction.rs	244	ErrorKind	NotFound	KAIN-NOTFOUND-XXXX	fs
Other	crates/repl/src/terminal.rs	129	ErrorKind	InvalidInput	KAIN-INVALIDINPUT-XXXX	repl
Other	crates/semantic/src/pack.rs	478	ErrorKind	Other	KAIN-OTHER-XXXX	semantic
Other	crates/ui/src/lib.rs	1658	ErrorKind	InvalidData	KAIN-INVALIDDATA-XXXX	ui
Other	crates/ui/src/lib.rs	1668	ErrorKind	InvalidData	KAIN-INVALIDDATA-XXXX	ui
Other	crates/ui/src/lib.rs	3836	ErrorKind	InvalidData	KAIN-INVALIDDATA-XXXX	ui
Parse	crates/core/src/parser.rs	353	DiagnosticCode	ParseGeneric	KAIN-PARSE-0001	core
Parse	crates/core/src/parser.rs	364	ErrorKind	Parse	KAIN-PARSE-XXXX	core
Parse	crates/core/src/parser.rs	384	ErrorKind	Parse	KAIN-PARSE-XXXX	core
Parse	crates/core/src/parser.rs	477	DiagnosticCode	ParseReservedIdentifier	KAIN-PARSE-0004	core
Parse	crates/core/src/parser.rs	795	parser_error	Expected import path segment, got {}	KAIN-PARSE-XXXX	core
Parse	crates/core/src/parser.rs	1033	parser_error	Expected item (fn, patch, law, axiom, converge, world, entangle, orchestrate, pulse, resonate, shatter struct, struct, enum, actor, component, shader, material, trait, impl, mod, use, include, import, const, test), found {}	KAIN-PARSE-XXXX	core
Parse	crates/core/src/parser.rs	1178	parser_error	Expected attribute name, got {}	KAIN-PARSE-XXXX	core
Parse	crates/core/src/parser.rs	1274	parser_error	Expected trait path before 'for' in impl block, found {:?}	KAIN-PARSE-XXXX	core
Parse	crates/core/src/parser.rs	1308	parser_error	Expected 'fn' in impl block (impl blocks can only contain function definitions), found {}	KAIN-PARSE-XXXX	core
Parse	crates/core/src/parser.rs	1392	parser_error	Expected C include target such as `nuklear`, `native/nuklear`, `\	KAIN-PARSE-XXXX	core
Parse	crates/core/src/parser.rs	1402	parser_error	bare include form does not accept a version; use angle brackets: `include <foo.h> 1.0 as bar`	KAIN-PARSE-XXXX	core
Parse	crates/core/src/parser.rs	1533	parser_error	expected version after include target	KAIN-PARSE-XXXX	core
Parse	crates/core/src/parser.rs	1623	parser_error	Expected a system header path inside `include <...>`	KAIN-PARSE-XXXX	core
Parse	crates/core/src/parser.rs	1735	parser_error	Unknown macro param kind	KAIN-PARSE-XXXX	core
Parse	crates/core/src/parser.rs	1970	parser_error	axiom blocks may only declare one fallback	KAIN-PARSE-XXXX	core
Parse	crates/core/src/parser.rs	1978	parser_error	axiom blocks expect 'when', 'guarantee', or 'fallback'	KAIN-PARSE-XXXX	core
Parse	crates/core/src/parser.rs	2008	parser_error	Unknown axiom predicate '{}'; expected target(...), arch(...), or capability(...)	KAIN-PARSE-XXXX	core
Parse	crates/core/src/parser.rs	2059	parser_error	pulse duration expects an integer like 16ms, 250us, or 1s	KAIN-PARSE-XXXX	core
Parse	crates/core/src/parser.rs	2099	parser_error	budget '{}' must be >= 0, got {}	KAIN-PARSE-XXXX	core
Parse	crates/core/src/parser.rs	2107	parser_error	budget '{}' expects an integer literal	KAIN-PARSE-XXXX	core
Parse	crates/core/src/parser.rs	2118	parser_error	unknown budget field '{}', expected alloc, lock, or io	KAIN-PARSE-XXXX	core
Parse	crates/core/src/parser.rs	2216	parser_error	converge blocks may only declare one spec lane	KAIN-PARSE-XXXX	core
Parse	crates/core/src/parser.rs	2230	parser_error	Expected 'spec', 'fast', or 'verify' inside converge block	KAIN-PARSE-XXXX	core
Parse	crates/core/src/parser.rs	2242	parser_error	converge blocks require exactly one spec lane	KAIN-PARSE-XXXX	core
Parse	crates/core/src/parser.rs	2248	parser_error	converge blocks require at least one fast lane	KAIN-PARSE-XXXX	core
Parse	crates/core/src/parser.rs	2291	parser_error	Expected 'state' or 'surface' inside world block	KAIN-PARSE-XXXX	core
Parse	crates/core/src/parser.rs	2349	parser_error	Expected converge selector 'target(\	KAIN-PARSE-XXXX	core
Parse	crates/core/src/parser.rs	2366	parser_error	verify random(...) expects a non-negative integer sample count	KAIN-PARSE-XXXX	core
Parse	crates/core/src/parser.rs	2420	DiagnosticCode	ParseInvalidWorldSurfaceKind	KAIN-PARSE-0006	core
Parse	crates/core/src/parser.rs	2456	parser_error	Expected entangle policy 'single_writer'	KAIN-PARSE-XXXX	core
Parse	crates/core/src/parser.rs	2480	parser_error	Entangle endpoint must be a stable dotted lvalue path like World.state	KAIN-PARSE-XXXX	core
Parse	crates/core/src/parser.rs	2499	parser_error	Resonate target must be a stable dotted lvalue path like World.state	KAIN-PARSE-XXXX	core
Parse	crates/core/src/parser.rs	2534	parser_error	{label} expects a string or identifier	KAIN-PARSE-XXXX	core
Parse	crates/core/src/parser.rs	2713	parser_error	Expected 'state' keyword after 'weak' in component (use 'weak state name: Type = value'), found {}	KAIN-PARSE-XXXX	core
Parse	crates/core/src/parser.rs	2755	parser_error	Unexpected identifier '{}' in component. Valid keywords: 'state', 'weak', 'pulse', 'resonate', 'render', or 'fn' for methods	KAIN-PARSE-XXXX	core
Parse	crates/core/src/parser.rs	2767	parser_error	Unexpected token in component: {}. Expected 'state', 'weak', 'pulse', 'resonate', 'render', 'fn', or JSX element	KAIN-PARSE-XXXX	core
Parse	crates/core/src/parser.rs	2783	parser_error	Component must have a render body (JSX element)	KAIN-PARSE-XXXX	core
Parse	crates/core/src/parser.rs	2880	parser_error	Unexpected identifier in component: {}	KAIN-PARSE-XXXX	core
Parse	crates/core/src/parser.rs	2903	parser_error	Unexpected token in component: {}	KAIN-PARSE-XXXX	core
Parse	crates/core/src/parser.rs	2918	parser_error	Component must have a render body	KAIN-PARSE-XXXX	core
Parse	crates/core/src/parser.rs	3007	parser_error	Expected integer binding after '@' (e.g., '@0', '@1', '@2'), found {}	KAIN-PARSE-XXXX	core
Parse	crates/core/src/parser.rs	3055	parser_error	Shader '{}' declares workgroup({},{},{}) but explicit compute metadata declares [{},{},{}]	KAIN-PARSE-XXXX	core
Parse	crates/core/src/parser.rs	3073	parser_error	Invalid explicit compute metadata in shader '{}': {}	KAIN-PARSE-XXXX	core
Parse	crates/core/src/parser.rs	3433	parser_error	Unexpected identifier '{}' in actor. Valid keywords: 'state', 'var', 'fn', or 'on' for message handlers	KAIN-PARSE-XXXX	core
Parse	crates/core/src/parser.rs	3442	parser_error	Expected 'state', 'var', 'fn', or 'on' in actor definition, found {}	KAIN-PARSE-XXXX	core
Parse	crates/core/src/parser.rs	3525	parser_error	Expected 'material' keyword after @material_graph attribute, found identifier '{}'	KAIN-PARSE-XXXX	core
Parse	crates/core/src/parser.rs	3535	parser_error	Expected 'material' keyword after @material_graph attribute, found {}	KAIN-PARSE-XXXX	core
Parse	crates/core/src/parser.rs	3602	parser_error	Unexpected identifier '{}' in material graph body. Valid keywords: 'input' (for parameters), 'let' (for intermediate values), or 'output' (for material properties like base_color, roughness)	KAIN-PARSE-XXXX	core
Parse	crates/core/src/parser.rs	3624	parser_error	Expected 'input', 'let', or 'output' in material graph body, found {}	KAIN-PARSE-XXXX	core
Parse	crates/core/src/parser.rs	3657	parser_error	Expected 'fn' keyword after @material_function	KAIN-PARSE-XXXX	core
Parse	crates/core/src/parser.rs	3731	parser_error	Expected 'let' or 'return' in material function body	KAIN-PARSE-XXXX	core
Parse	crates/core/src/parser.rs	3749	parser_error	Material function must have a 'return' statement	KAIN-PARSE-XXXX	core
Parse	crates/core/src/parser.rs	3771	parser_error	Expected 'graph' keyword after @graph_editor attribute, found identifier '{}'. Usage: @graph_editor\ngraph MyGraph:	KAIN-PARSE-XXXX	core
Parse	crates/core/src/parser.rs	3781	parser_error	Expected 'graph' keyword after @graph_editor attribute, found {}	KAIN-PARSE-XXXX	core
Parse	crates/core/src/parser.rs	3818	parser_error	Expected @node_type or @schema attribute in graph editor body, found {}. Graph editors must define node types with @node_type and optionally a @schema	KAIN-PARSE-XXXX	core
Parse	crates/core/src/parser.rs	3849	parser_error	Expected 'node' keyword after @node_type	KAIN-PARSE-XXXX	core
Parse	crates/core/src/parser.rs	3856	parser_error	Expected 'node' keyword after @node_type	KAIN-PARSE-XXXX	core
Parse	crates/core/src/parser.rs	3915	parser_error	Expected 'inputs', 'outputs', or 'properties'	KAIN-PARSE-XXXX	core
Parse	crates/core/src/parser.rs	4053	parser_error	Expected 'schema' keyword after @schema	KAIN-PARSE-XXXX	core
Parse	crates/core/src/parser.rs	4274	parser_error	Function header may only contain one where clause	KAIN-PARSE-XXXX	core
Parse	crates/core/src/parser.rs	4300	parser_error	workgroup(...) is only legal on shader compute, mesh, or task headers	KAIN-PARSE-XXXX	core
Parse	crates/core/src/parser.rs	4323	parser_error	Expected a positive integer literal for {label}, found {}	KAIN-PARSE-XXXX	core
Parse	crates/core/src/parser.rs	4335	parser_error	{label} must be between 1 and {}	KAIN-PARSE-XXXX	core
Parse	crates/core/src/parser.rs	4420	parser_error	Expected array size integer	KAIN-PARSE-XXXX	core
Parse	crates/core/src/parser.rs	4657	parser_error	Unknown orchestrate stage kind `{runtime_name}`; expected kain, c, cpu, gpu, dispatch, converge, law, patch, world, python, rust, or node	KAIN-PARSE-XXXX	core
Parse	crates/core/src/parser.rs	4721	parser_error	Unknown orchestrate residency `{name}`; expected host, shared, or device	KAIN-PARSE-XXXX	core
Parse	crates/core/src/parser.rs	4733	parser_error	Unknown orchestrate transfer `{name}`; expected none, host_to_device, device_to_host, or shared_view	KAIN-PARSE-XXXX	core
Parse	crates/core/src/parser.rs	4763	parser_error	Unknown orchestrate policy `{name}`; expected static, telemetry_prefer_gpu, telemetry_prefer_cpu, or telemetry_balance_latency	KAIN-PARSE-XXXX	core
Parse	crates/core/src/parser.rs	4775	parser_error	Expected orchestrate graph metadata such as after, deps, residency, transfer, guarded by, fallback, requires, or policy	KAIN-PARSE-XXXX	core
Parse	crates/core/src/parser.rs	4800	parser_error	Expected orchestrate selector 'target(\	KAIN-PARSE-XXXX	core
Parse	crates/core/src/parser.rs	4868	parser_error	defer expects an expression payload in v1	KAIN-PARSE-XXXX	core
Parse	crates/core/src/parser.rs	4886	parser_error	Expected compute key string after dispatch, found {}	KAIN-PARSE-XXXX	core
Parse	crates/core/src/parser.rs	4931	parser_error	subgroup size must be greater than 0	KAIN-PARSE-XXXX	core
Parse	crates/core/src/parser.rs	4974	parser_error	{}: value out of range for u32 (0..{})	KAIN-PARSE-XXXX	core
Parse	crates/core/src/parser.rs	4978	parser_error	expected integer literal for {}	KAIN-PARSE-XXXX	core
Parse	crates/core/src/parser.rs	5311	parser_error	Send requires named arguments	KAIN-PARSE-XXXX	core
Parse	crates/core/src/parser.rs	5335	parser_error	Send requires named arguments	KAIN-PARSE-XXXX	core
Parse	crates/core/src/parser.rs	5345	parser_error	Expected method call after send (e.g., actor.message())	KAIN-PARSE-XXXX	core
Parse	crates/core/src/parser.rs	5351	parser_error	Expected message call after send	KAIN-PARSE-XXXX	core
Parse	crates/core/src/parser.rs	5407	parser_error	Unknown scoped ownership keyword	KAIN-PARSE-XXXX	core
Parse	crates/core/src/parser.rs	5471	parser_error	Struct initialization with named arguments is not supported in KAIN. Found '{}(...)'.\n\                                      Use field-by-field assignment instead:\n\                                      \n\                                      Example:\n\                                        let	KAIN-PARSE-XXXX	core
Parse	crates/core/src/parser.rs	5634	parser_error	Macro invocation only allowed on identifiers	KAIN-PARSE-XXXX	core
Parse	crates/core/src/parser.rs	5710	parser_error	Unclosed '{' in f-string	KAIN-PARSE-XXXX	core
Parse	crates/core/src/parser.rs	5796	parser_error	Struct literal syntax is not supported in KAIN. Found '{} {{ ... }}'.\n\                              Use field-by-field assignment instead:\n\                              \n\                              Example:\n\                                let obj = {}()\n\                                ob	KAIN-PARSE-XXXX	core
Parse	crates/core/src/parser.rs	5970	parser_error	Spawn requires named arguments	KAIN-PARSE-XXXX	core
Parse	crates/core/src/parser.rs	6102	parser_error	Unexpected token: {}	KAIN-PARSE-XXXX	core
Parse	crates/core/src/parser.rs	6138	parser_error	Struct update syntax only supports one '..base' expression	KAIN-PARSE-XXXX	core
Parse	crates/core/src/parser.rs	6147	parser_error	Struct update syntax requires an expression after '..'	KAIN-PARSE-XXXX	core
Parse	crates/core/src/parser.rs	7020	parser_error	Expected if expression after else	KAIN-PARSE-XXXX	core
Parse	crates/core/src/parser.rs	7151	parser_error	Expected pattern (identifier, integer, string, tuple, or array), found {}	KAIN-PARSE-XXXX	core
Parse	crates/core/src/parser.rs	7209	parser_error	Expected attribute value	KAIN-PARSE-XXXX	core
Parse	crates/core/src/parser.rs	7372	parser_error	Unexpected token in JSX child: {}. Use strings or {{}} for text.	KAIN-PARSE-XXXX	core
Parse	crates/core/src/parser.rs	7408	parser_error	Expected closing tag </{}>, found </{}>	KAIN-PARSE-XXXX	core
Parse	crates/core/src/parser.rs	7433	parser_error	Expected JSX tag name, found {}	KAIN-PARSE-XXXX	core
Parse	crates/core/src/parser.rs	7470	parser_error	Expected JSX attribute name, found {}	KAIN-PARSE-XXXX	core
Parse	crates/core/src/parser.rs	7694	rich_parser_error_with_code	{} is a reserved keyword and cannot be used as an identifier.	KAIN-PARSE-0004	core
Parse	crates/core/src/parser.rs	7695	DiagnosticCode	ParseReservedIdentifier	KAIN-PARSE-0004	core
Parse	crates/core/src/parser.rs	7702	rich_parser_error_with_code	Expected identifier, got {}	KAIN-PARSE-0002	core
Parse	crates/core/src/parser.rs	7703	DiagnosticCode	ParseExpectedToken	KAIN-PARSE-0002	core
Parse	crates/core/src/parser.rs	7768	parser_error	Increment/decrement target must be assignable (identifier, field, index, or dereference)	KAIN-PARSE-XXXX	core
Parse	crates/core/src/parser.rs	8053	DiagnosticCode	ParseMissingDelimiterBeforeNewline	KAIN-PARSE-0005	core
Parse	crates/core/src/parser.rs	8083	DiagnosticCode	ParseExpectedToken	KAIN-PARSE-0002	core
Parse	crates/core/src/parser.rs	8105	DiagnosticCode	ParseExpectedContextualKeyword	KAIN-PARSE-0007	core
Parse	crates/core/src/parser.rs	8158	parser_error	Expected @graph_data, @node_data, @instance, or @pin_config attribute in graph runtime body, found {}. Graph runtimes define the execution model for custom graph editors	KAIN-PARSE-XXXX	core
Parse	crates/core/src/parser.rs	8336	parser_error	Expected @input_pin, @output_pin, @property, or 'fn' in node data body, found {}. Node data defines the structure and behavior of graph nodes	KAIN-PARSE-XXXX	core
Parse	crates/core/src/parser.rs	8460	parser_error	Expected fn, delegate, or field in instance	KAIN-PARSE-XXXX	core
Parse	crates/core/src/parser.rs	8489	parser_error	Expected 'delegate' keyword	KAIN-PARSE-XXXX	core
Parse	crates/core/src/parser.rs	8621	parser_error	Expected @state in state machine definition	KAIN-PARSE-XXXX	core
Parse	crates/core/src/parser.rs	8726	parser_error	Unexpected method in state definition. Use @transition for transitions.	KAIN-PARSE-XXXX	core
Parse	crates/core/src/parser.rs	8741	parser_error	Expected string literal for animation property	KAIN-PARSE-XXXX	core
Parse	crates/core/src/parser.rs	8819	parser_error	Expected 'to' parameter in @transition attribute	KAIN-PARSE-XXXX	core
Parse	crates/core/src/parser.rs	8860	parser_error	Expected identifier	KAIN-PARSE-XXXX	core
Parse	crates/core/src/parser.rs	8863	parser_error	Unexpected end of input	KAIN-PARSE-XXXX	core
Parse	crates/core/src/parser.rs	8935	parser_error	Expected @menu_entry, @toolbar_button, @toolbar_widget, or fn in editor module	KAIN-PARSE-XXXX	core
Parse	crates/core/src/parser.rs	8968	parser_error	Expected @menu_entry attribute	KAIN-PARSE-XXXX	core
Parse	crates/core/src/parser.rs	8996	parser_error	@menu_entry requires 'path' parameter	KAIN-PARSE-XXXX	core
Parse	crates/core/src/parser.rs	8999	parser_error	@menu_entry requires 'label' parameter	KAIN-PARSE-XXXX	core
Parse	crates/core/src/parser.rs	9019	parser_error	Expected function after @menu_entry	KAIN-PARSE-XXXX	core
Parse	crates/core/src/parser.rs	9032	parser_error	Expected @toolbar_button attribute	KAIN-PARSE-XXXX	core
Parse	crates/core/src/parser.rs	9060	parser_error	@toolbar_button requires 'section' parameter	KAIN-PARSE-XXXX	core
Parse	crates/core/src/parser.rs	9066	parser_error	@toolbar_button requires 'icon' parameter	KAIN-PARSE-XXXX	core
Parse	crates/core/src/parser.rs	9086	parser_error	Expected function after @toolbar_button	KAIN-PARSE-XXXX	core
Parse	crates/core/src/parser.rs	9102	parser_error	Expected @toolbar_widget attribute	KAIN-PARSE-XXXX	core
Parse	crates/core/src/parser.rs	9144	parser_error	@toolbar_widget requires 'section' parameter	KAIN-PARSE-XXXX	core
Parse	crates/core/src/parser.rs	9151	parser_error	@toolbar_widget requires 'widget_type' parameter	KAIN-PARSE-XXXX	core
Parse	crates/core/src/parser.rs	9186	parser_error	Expected 'namespace' keyword after @gameplay_tags	KAIN-PARSE-XXXX	core
Parse	crates/core/src/parser.rs	9193	parser_error	Expected 'namespace' keyword after @gameplay_tags	KAIN-PARSE-XXXX	core
Parse	crates/core/src/parser.rs	9332	parser_error	Expected gameplay tag name, got {}	KAIN-PARSE-XXXX	core
Parse	crates/core/src/parser.rs	9426	parser_error	Expected string value for instancing policy	KAIN-PARSE-XXXX	core
Parse	crates/core/src/parser.rs	9432	parser_error	Expected 'policy' parameter in @instancing	KAIN-PARSE-XXXX	core
Parse	crates/core/src/parser.rs	9438	parser_error	Expected 'policy' parameter in @instancing	KAIN-PARSE-XXXX	core
Parse	crates/core/src/parser.rs	9459	parser_error	Expected string value for replication policy	KAIN-PARSE-XXXX	core
Parse	crates/core/src/parser.rs	9465	parser_error	Expected 'policy' parameter in @replication	KAIN-PARSE-XXXX	core
Parse	crates/core/src/parser.rs	9471	parser_error	Expected 'policy' parameter in @replication	KAIN-PARSE-XXXX	core
Parse	crates/core/src/parser.rs	9492	parser_error	Expected string value for net_execution policy	KAIN-PARSE-XXXX	core
Parse	crates/core/src/parser.rs	9498	parser_error	Expected 'policy' parameter in @net_execution	KAIN-PARSE-XXXX	core
Parse	crates/core/src/parser.rs	9504	parser_error	Expected 'policy' parameter in @net_execution	KAIN-PARSE-XXXX	core
Parse	crates/core/src/parser.rs	9523	parser_error	Expected 'tags' field after @ability_tags	KAIN-PARSE-XXXX	core
Parse	crates/core/src/parser.rs	9529	parser_error	Expected 'tags' field after @ability_tags	KAIN-PARSE-XXXX	core
Parse	crates/core/src/parser.rs	9544	parser_error	Expected 'required' field after @activation_required_tags	KAIN-PARSE-XXXX	core
Parse	crates/core/src/parser.rs	9550	parser_error	Expected 'required' field after @activation_required_tags	KAIN-PARSE-XXXX	core
Parse	crates/core/src/parser.rs	9565	parser_error	Expected 'blocked' field after @activation_blocked_tags	KAIN-PARSE-XXXX	core
Parse	crates/core/src/parser.rs	9571	parser_error	Expected 'blocked' field after @activation_blocked_tags	KAIN-PARSE-XXXX	core
Parse	crates/core/src/parser.rs	9586	parser_error	Expected 'owned' field after @activation_owned_tags	KAIN-PARSE-XXXX	core
Parse	crates/core/src/parser.rs	9592	parser_error	Expected 'owned' field after @activation_owned_tags	KAIN-PARSE-XXXX	core
Parse	crates/core/src/parser.rs	9607	parser_error	Expected 'cancel' field after @cancel_abilities_with_tag	KAIN-PARSE-XXXX	core
Parse	crates/core/src/parser.rs	9613	parser_error	Expected 'cancel' field after @cancel_abilities_with_tag	KAIN-PARSE-XXXX	core
Parse	crates/core/src/parser.rs	9628	parser_error	Expected 'block' field after @block_abilities_with_tag	KAIN-PARSE-XXXX	core
Parse	crates/core/src/parser.rs	9634	parser_error	Expected 'block' field after @block_abilities_with_tag	KAIN-PARSE-XXXX	core
Parse	crates/core/src/parser.rs	9653	parser_error	Expected 'effect' field after @cost	KAIN-PARSE-XXXX	core
Parse	crates/core/src/parser.rs	9659	parser_error	Expected 'effect' field after @cost	KAIN-PARSE-XXXX	core
Parse	crates/core/src/parser.rs	9678	parser_error	Expected 'effect' field after @cooldown	KAIN-PARSE-XXXX	core
Parse	crates/core/src/parser.rs	9684	parser_error	Expected 'effect' field after @cooldown	KAIN-PARSE-XXXX	core
Parse	crates/core/src/parser.rs	9702	parser_error	Unknown attribute in @ability: @{}	KAIN-PARSE-XXXX	core
Parse	crates/core/src/parser.rs	9714	parser_error	Expected attribute (@instancing, @ability_tags, etc.) or method (fn) in ability body	KAIN-PARSE-XXXX	core
Parse	crates/core/src/parser.rs	9757	parser_error	Expected string in array	KAIN-PARSE-XXXX	core
Parse	crates/core/src/parser.rs	9862	parser_error	Expected string value for duration type	KAIN-PARSE-XXXX	core
Parse	crates/core/src/parser.rs	9868	parser_error	Expected 'type' parameter in @duration	KAIN-PARSE-XXXX	core
Parse	crates/core/src/parser.rs	9891	parser_error	Expected numeric value for duration	KAIN-PARSE-XXXX	core
Parse	crates/core/src/parser.rs	9918	parser_error	Expected numeric value for period	KAIN-PARSE-XXXX	core
Parse	crates/core/src/parser.rs	9941	parser_error	Expected boolean value for execute_on_application	KAIN-PARSE-XXXX	core
Parse	crates/core/src/parser.rs	9967	parser_error	Expected string value for attribute	KAIN-PARSE-XXXX	core
Parse	crates/core/src/parser.rs	9987	parser_error	Expected string value for operation	KAIN-PARSE-XXXX	core
Parse	crates/core/src/parser.rs	10018	parser_error	Expected numeric value after minus	KAIN-PARSE-XXXX	core
Parse	crates/core/src/parser.rs	10024	parser_error	Expected numeric value for magnitude	KAIN-PARSE-XXXX	core
Parse	crates/core/src/parser.rs	10055	parser_error	Expected string value for stacking type	KAIN-PARSE-XXXX	core
Parse	crates/core/src/parser.rs	10072	parser_error	Expected integer value for stacking limit	KAIN-PARSE-XXXX	core
Parse	crates/core/src/parser.rs	10089	parser_error	Expected 'tags' field after @owned_tags	KAIN-PARSE-XXXX	core
Parse	crates/core/src/parser.rs	10095	parser_error	Expected 'tags' field after @owned_tags	KAIN-PARSE-XXXX	core
Parse	crates/core/src/parser.rs	10110	parser_error	Expected 'tags' field after @granted_tags	KAIN-PARSE-XXXX	core
Parse	crates/core/src/parser.rs	10116	parser_error	Expected 'tags' field after @granted_tags	KAIN-PARSE-XXXX	core
Parse	crates/core/src/parser.rs	10312	parser_error	Expected field name	KAIN-PARSE-XXXX	core
Parse	crates/core/src/parser.rs	10325	parser_error	Expected string for tag	KAIN-PARSE-XXXX	core
Parse	crates/core/src/parser.rs	10336	parser_error	Invalid cue type '{}'. Valid: Static, Actor	KAIN-PARSE-XXXX	core
Parse	crates/core/src/parser.rs	10348	parser_error	Expected string for type	KAIN-PARSE-XXXX	core
Parse	crates/core/src/parser.rs	10362	parser_error	Expected true or false	KAIN-PARSE-XXXX	core
Parse	crates/core/src/parser.rs	10441	parser_error	Unknown gameplay cue field: {}	KAIN-PARSE-XXXX	core
Parse	crates/core/src/parser.rs	10455	parser_error	Gameplay cue must have 'tag' field	KAIN-PARSE-XXXX	core
Parse	crates/core/src/parser.rs	10659	parser_error	Unexpected token in ability task: {}	KAIN-PARSE-XXXX	core
Parse	crates/core/src/parser.rs	10744	parser_error	Invalid trace type '{}'. Valid: Line, Sphere, Cone, Box, Cylinder	KAIN-PARSE-XXXX	core
Parse	crates/core/src/parser.rs	10751	parser_error	Expected string for trace_type	KAIN-PARSE-XXXX	core
Parse	crates/core/src/parser.rs	10766	parser_error	Expected number for max_range	KAIN-PARSE-XXXX	core
Parse	crates/core/src/parser.rs	10778	parser_error	Expected string for trace_channel	KAIN-PARSE-XXXX	core
Parse	crates/core/src/parser.rs	10790	parser_error	Expected string for reticle_class	KAIN-PARSE-XXXX	core
Parse	crates/core/src/parser.rs	10839	parser_error	Unknown filter field: {}	KAIN-PARSE-XXXX	core
Parse	crates/core/src/parser.rs	10925	parser_error	Unknown target actor field: {}	KAIN-PARSE-XXXX	core
Parse	crates/core/src/parser.rs	10995	parser_error	Expected field name or fn	KAIN-PARSE-XXXX	core
Parse	crates/error/src/builder.rs	16	ErrorKind	Parse	KAIN-PARSE-XXXX	error
Parse	crates/error/src/builder.rs	20	ErrorKind	Parse	KAIN-PARSE-XXXX	error
Parse	crates/error/src/builder.rs	24	ErrorKind	Parse	KAIN-PARSE-XXXX	error
Parse	crates/error/src/builder.rs	28	ErrorKind	Parse	KAIN-PARSE-XXXX	error
Parse	crates/error/src/builder.rs	32	ErrorKind	Parse	KAIN-PARSE-XXXX	error
Parse	crates/error/src/builder.rs	36	ErrorKind	Parse	KAIN-PARSE-XXXX	error
Parse	crates/error/src/builder.rs	40	ErrorKind	Parse	KAIN-PARSE-XXXX	error
Parse	crates/error/src/builder.rs	44	ErrorKind	Parse	KAIN-PARSE-XXXX	error
Parse	crates/error/src/builder.rs	48	ErrorKind	Parse	KAIN-PARSE-XXXX	error
Parse	crates/error/src/diagnostic_registry.rs	79	DiagnosticCode	ParseGeneric	KAIN-PARSE-0001	error
Parse	crates/error/src/diagnostic_registry.rs	79	ErrorKind	Parse	KAIN-PARSE-XXXX	error
Parse	crates/error/src/error.rs	249	ErrorKind	Parse	KAIN-PARSE-XXXX	error
Parse	crates/error/src/error.rs	250	ErrorKind	Parse	KAIN-PARSE-XXXX	error
Parse	crates/error/src/error.rs	362	ErrorKind	Parse	KAIN-PARSE-XXXX	error
Parse	crates/error/src/error.rs	363	ErrorKind	Parse	KAIN-PARSE-XXXX	error
Parse	crates/error/src/error.rs	370	ErrorKind	Parse	KAIN-PARSE-XXXX	error
Parse	crates/error/src/error.rs	371	ErrorKind	Parse	KAIN-PARSE-XXXX	error
Parse	crates/error/src/error.rs	599	ErrorKind	Parse	KAIN-PARSE-XXXX	error
Parse	crates/error/src/error.rs	607	ErrorKind	Parse	KAIN-PARSE-XXXX	error
Parse	crates/error/src/error.rs	725	ErrorKind	Parse	KAIN-PARSE-XXXX	error
Parse	crates/error/src/error.rs	728	ErrorKind	Parse	KAIN-PARSE-XXXX	error
Parse	crates/error/src/error.rs	813	ErrorKind	Parse	KAIN-PARSE-XXXX	error
Parse	crates/error/src/error.rs	858	ErrorKind	Parse	KAIN-PARSE-XXXX	error
Parse	crates/error/src/error.rs	859	DiagnosticCode	ParseExpectedToken	KAIN-PARSE-0002	error
Parse	crates/error/src/report.rs	694	ErrorKind	Parse	KAIN-PARSE-XXXX	error
Parse	crates/error/tests/integration.rs	68	ErrorKind	Parse	KAIN-PARSE-XXXX	error
Parse	crates/error/tests/integration.rs	82	ErrorKind	Parse	KAIN-PARSE-XXXX	error
Parse	crates/error/tests/integration.rs	109	ErrorKind	Parse	KAIN-PARSE-XXXX	error
Parse	crates/error/tests/integration.rs	129	ErrorKind	Parse	KAIN-PARSE-XXXX	error
Parse	crates/error/tests/integration.rs	150	ErrorKind	Parse	KAIN-PARSE-XXXX	error
Parse	crates/error/tests/integration.rs	164	ErrorKind	Parse	KAIN-PARSE-XXXX	error
Parse	crates/error/tests/integration.rs	254	ErrorKind	Parse	KAIN-PARSE-XXXX	error
Parse	crates/error/tests/integration.rs	256	ErrorKind	Parse	KAIN-PARSE-XXXX	error
Parse	crates/error/tests/integration.rs	258	ErrorKind	Parse	KAIN-PARSE-XXXX	error
Parse	crates/error/tests/integration.rs	267	ErrorKind	Parse	KAIN-PARSE-XXXX	error
Parse	crates/semantic/examples/semantic_probe.rs	49	DiagnosticCode	ParseMissingDelimiterBeforeNewline	KAIN-PARSE-0005	semantic
Parse	crates/semantic/src/expert.rs	1014	DiagnosticCode	ParseMissingDelimiterBeforeNewline	KAIN-PARSE-0005	semantic
Parse	crates/semantic/src/expert.rs	1028	DiagnosticCode	ParseMissingDelimiterBeforeNewline	KAIN-PARSE-0005	semantic
Patch	crates/error/src/builder.rs	383	ErrorKind	Patch	KAIN-PATCH-XXXX	error
Patch	crates/error/src/builder.rs	387	ErrorKind	Patch	KAIN-PATCH-XXXX	error
Patch	crates/error/src/builder.rs	391	ErrorKind	Patch	KAIN-PATCH-XXXX	error
Patch	crates/error/src/builder.rs	395	ErrorKind	Patch	KAIN-PATCH-XXXX	error
Patch	crates/error/src/builder.rs	399	ErrorKind	Patch	KAIN-PATCH-XXXX	error
Patch	crates/error/src/builder.rs	403	ErrorKind	Patch	KAIN-PATCH-XXXX	error
Patch	crates/error/src/builder.rs	407	ErrorKind	Patch	KAIN-PATCH-XXXX	error
Patch	crates/error/src/diagnostic_registry.rs	98	DiagnosticCode	PatchGeneric	KAIN-PATCH-0001	error
Patch	crates/error/src/diagnostic_registry.rs	98	ErrorKind	Patch	KAIN-PATCH-XXXX	error
Patch	crates/error/src/report.rs	713	ErrorKind	Patch	KAIN-PATCH-XXXX	error
PulseBudget	crates/core/src/types.rs	6418	type_error_with_code	allocation in pulse with budget(alloc=0): '{}' in pulse '{}'\n  = note: pulse '{}' budget(alloc={}) forbids allocations\n  = help: pre-allocate buffers before the pulse starts, or increase budget	KAIN-PULSE-BUDGET-0001	core
PulseBudget	crates/core/src/types.rs	6419	DiagnosticCode	PulseBudgetAlloc	KAIN-PULSE-BUDGET-0001	core
PulseBudget	crates/core/src/types.rs	6439	type_error_with_code	locking operation in pulse with budget(lock=0): '{}' in pulse '{}'\n  = note: pulse '{}' budget(lock={}) forbids locking operations\n  = help: move lock acquisition outside the pulse body, or increase budget	KAIN-PULSE-BUDGET-0002	core
PulseBudget	crates/core/src/types.rs	6440	DiagnosticCode	PulseBudgetLock	KAIN-PULSE-BUDGET-0002	core
PulseBudget	crates/core/src/types.rs	6460	type_error_with_code	I/O operation in pulse with budget(io=0): '{}' in pulse '{}'\n  = note: pulse '{}' budget(io={}) forbids I/O operations\n  = help: perform I/O during initialization, not in the callback, or increase budget	KAIN-PULSE-BUDGET-0003	core
PulseBudget	crates/core/src/types.rs	6461	DiagnosticCode	PulseBudgetIO	KAIN-PULSE-BUDGET-0003	core
PulseBudget	crates/core/src/types.rs	6504	type_error_with_code	ownership operation in pulse with budget(lock=0): '{}' in pulse '{}'\n  = note: pulse '{}' budget(lock={}) forbids ownership operations\n  = help: pre-allocate buffers on the main thread and use non-owning views	KAIN-PULSE-BUDGET-0002	core
PulseBudget	crates/core/src/types.rs	6505	DiagnosticCode	PulseBudgetLock	KAIN-PULSE-BUDGET-0002	core
Runtime	crates/3d/src/host.rs	153	KainError::runtime	Unknown GeometryTopology variant `{variant}`	KAIN-RUNTIME-XXXX	3d
Runtime	crates/3d/src/host.rs	213	KainError::runtime	invalid geometry: {error}	KAIN-RUNTIME-XXXX	3d
Runtime	crates/3d/src/host.rs	217	KainError::runtime	invalid geometry: {error}	KAIN-RUNTIME-XXXX	3d
Runtime	crates/3d/src/host.rs	325	KainError::runtime	VolumeMask bridge is not implemented	KAIN-RUNTIME-XXXX	3d
Runtime	crates/3d/src/host.rs	363	KainError::runtime	Unknown Field variant `{variant}`	KAIN-RUNTIME-XXXX	3d
Runtime	crates/3d/src/host.rs	449	KainError::runtime	Unknown Modifier variant `{variant}`	KAIN-RUNTIME-XXXX	3d
Runtime	crates/3d/src/host.rs	478	KainError::runtime	Unknown BrushFalloff variant `{variant}`	KAIN-RUNTIME-XXXX	3d
Runtime	crates/3d/src/host.rs	531	KainError::runtime	__zen3d_triangle_geometry invalid geometry: {error}	KAIN-RUNTIME-XXXX	3d
Runtime	crates/3d/src/host.rs	537	KainError::runtime	__zen3d_triangle_geometry invalid geometry: {error}	KAIN-RUNTIME-XXXX	3d
Runtime	crates/3d/src/host.rs	543	KainError::runtime	__zen3d_triangle_geometry expects (Array<Vec3>, Array<Vec3>, Array<Vec2>, Array<Int>)	KAIN-RUNTIME-XXXX	3d
Runtime	crates/3d/src/host.rs	572	KainError::runtime	__zen3d_orbit_camera expects (Vec3, Float, Float)	KAIN-RUNTIME-XXXX	3d
Runtime	crates/3d/src/host.rs	586	KainError::runtime	__zen3d_radial_field expects (Vec3, Float, Float)	KAIN-RUNTIME-XXXX	3d
Runtime	crates/3d/src/host.rs	600	KainError::runtime	__zen3d_twist expects (Vec3, Float)	KAIN-RUNTIME-XXXX	3d
Runtime	crates/3d/src/host.rs	613	KainError::runtime	__zen3d_noise_displace expects (Float, Float)	KAIN-RUNTIME-XXXX	3d
Runtime	crates/3d/src/host.rs	628	KainError::runtime	__zen3d_brush expects (Float, Float)	KAIN-RUNTIME-XXXX	3d
Runtime	crates/3d/src/host.rs	638	KainError::runtime	{name} expects a single argument	KAIN-RUNTIME-XXXX	3d
Runtime	crates/3d/src/host.rs	649	KainError::runtime	{name} received an index outside u32 range	KAIN-RUNTIME-XXXX	3d
Runtime	crates/c-ffi/src/extract.rs	44	KainError::runtime	C FFI extraction failed for '{}': libclang={}; lang_c={}; regex={}	KAIN-RUNTIME-XXXX	c-ffi
Runtime	crates/c-ffi/src/extract.rs	59	KainError::runtime	Filesystem error: {error}	KAIN-RUNTIME-XXXX	c-ffi
Runtime	crates/c-ffi/src/extract.rs	99	KainError::runtime	kain-import could not parse C FFI header '{}': {err}	KAIN-RUNTIME-XXXX	c-ffi
Runtime	crates/c-ffi/src/generate.rs	95	KainError::runtime	Failed to serialize C FFI binding report for '{}': {err}	KAIN-RUNTIME-XXXX	c-ffi
Runtime	crates/c-ffi/src/generate.rs	102	KainError::runtime	Failed to serialize C FFI binding manifest for '{}': {err}	KAIN-RUNTIME-XXXX	c-ffi
Runtime	crates/c-ffi/src/generate.rs	109	KainError::runtime	Failed to serialize packaged C FFI bridge manifest for '{}': {err}	KAIN-RUNTIME-XXXX	c-ffi
Runtime	crates/c-ffi/src/generate.rs	164	KainError::runtime	Filesystem error: {error}	KAIN-RUNTIME-XXXX	c-ffi
Runtime	crates/c-ffi/src/generate.rs	415	KainError::runtime	Failed to read Kain byte array	KAIN-RUNTIME-XXXX	c-ffi
Runtime	crates/c-ffi/src/generate.rs	419	KainError::runtime	Expected byte-sized Int in array, got {other:?}	KAIN-RUNTIME-XXXX	c-ffi
Runtime	crates/c-ffi/src/generate.rs	424	KainError::runtime	Expected Array<Int> for byte buffer, got {other:?}	KAIN-RUNTIME-XXXX	c-ffi
Runtime	crates/c-ffi/src/generate.rs	447	KainError::runtime	expected a C ABI opaque handle	KAIN-RUNTIME-XXXX	c-ffi
Runtime	crates/c-ffi/src/generate.rs	449	KainError::runtime	expected C ABI handle for {}, got {}	KAIN-RUNTIME-XXXX	c-ffi
Runtime	crates/c-ffi/src/generate.rs	455	KainError::runtime	expected C ABI pointer depth {}, got {}	KAIN-RUNTIME-XXXX	c-ffi
Runtime	crates/c-ffi/src/generate.rs	475	KainError::runtime	expected a C ABI callback handle	KAIN-RUNTIME-XXXX	c-ffi
Runtime	crates/c-ffi/src/generate.rs	477	KainError::runtime	expected C ABI callback handle for {}, got {}	KAIN-RUNTIME-XXXX	c-ffi
Runtime	crates/c-ffi/src/generate.rs	490	KainError::runtime	Expected Bool, got {other:?}	KAIN-RUNTIME-XXXX	c-ffi
Runtime	crates/c-ffi/src/generate.rs	497	KainError::runtime	Expected Int, got {other:?}	KAIN-RUNTIME-XXXX	c-ffi
Runtime	crates/c-ffi/src/generate.rs	505	KainError::runtime	Expected Float, got {other:?}	KAIN-RUNTIME-XXXX	c-ffi
Runtime	crates/c-ffi/src/generate.rs	512	KainError::runtime	Expected String, got {other:?}	KAIN-RUNTIME-XXXX	c-ffi
Runtime	crates/c-ffi/src/generate.rs	560	KainError::runtime	Failed to resolve packaged C shared library for {} (env: {})	KAIN-RUNTIME-XXXX	c-ffi
Runtime	crates/c-ffi/src/lib.rs	133	KainError::runtime	Failed to read packaged C FFI manifest '{}': {err}	KAIN-RUNTIME-XXXX	c-ffi
Runtime	crates/c-ffi/src/lib.rs	140	KainError::runtime	Failed to parse packaged C FFI manifest '{}': {err}	KAIN-RUNTIME-XXXX	c-ffi
Runtime	crates/c-ffi/src/lib.rs	152	KainError::runtime	Failed to resolve packaged shared library '{}' for C import '{}'	KAIN-RUNTIME-XXXX	c-ffi
Runtime	crates/c-ffi/src/lib.rs	162	KainError::runtime	Failed to resolve packaged bridge library '{}' for C import '{}'	KAIN-RUNTIME-XXXX	c-ffi
Runtime	crates/c-ffi/src/lib.rs	225	KainError::runtime	C FFI import '{}' uses tier {:?}, which is native-link only and cannot be loaded by the live dynamic bridge	KAIN-RUNTIME-XXXX	c-ffi
Runtime	crates/c-ffi/src/lib.rs	344	KainError::runtime	C ABI FFI is currently available in Interpret, Test, Rust/native packaging, and LLVM lanes	KAIN-RUNTIME-XXXX	c-ffi
Runtime	crates/c-ffi/src/lib.rs	673	KainError::runtime	Failed to load C FFI bridge '{}': {err}	KAIN-RUNTIME-XXXX	c-ffi
Runtime	crates/c-ffi/src/lib.rs	680	KainError::runtime	Bridge '{}' is missing symbol '{}': {err}	KAIN-RUNTIME-XXXX	c-ffi
Runtime	crates/c-ffi/src/lib.rs	718	KainError::runtime	Failed to run cargo build for C FFI bridge '{}': {err}	KAIN-RUNTIME-XXXX	c-ffi
Runtime	crates/c-ffi/src/lib.rs	724	KainError::runtime	Cargo build failed for C FFI bridge '{}'	KAIN-RUNTIME-XXXX	c-ffi
Runtime	crates/c-ffi/src/lib.rs	730	KainError::runtime	C FFI bridge build succeeded but '{}' was not produced	KAIN-RUNTIME-XXXX	c-ffi
Runtime	crates/c-ffi/src/lib.rs	761	KainError::runtime	C FFI {label} link input '{}' does not exist	KAIN-RUNTIME-XXXX	c-ffi
Runtime	crates/c-ffi/src/lib.rs	773	KainError::runtime	C FFI shared library {} does not exist	KAIN-RUNTIME-XXXX	c-ffi
Runtime	crates/c-ffi/src/lib.rs	807	KainError::runtime	C FFI source '{}' does not exist	KAIN-RUNTIME-XXXX	c-ffi
Runtime	crates/c-ffi/src/lib.rs	854	KainError::runtime	Failed to launch clang for C FFI {:?} source '{}': {err}	KAIN-RUNTIME-XXXX	c-ffi
Runtime	crates/c-ffi/src/lib.rs	861	KainError::runtime	clang failed while compiling C FFI {:?} source '{}' to LLVM bitcode	KAIN-RUNTIME-XXXX	c-ffi
Runtime	crates/c-ffi/src/lib.rs	900	KainError::runtime	C FFI blade discovery failed while resolving '{import_name}': {err}	KAIN-RUNTIME-XXXX	c-ffi
Runtime	crates/c-ffi/src/lib.rs	944	KainError::runtime	Could not resolve C FFI import '{import_name}' from nearest KAIN.toml, discovered blades, local headers, runtime/native/include, or vcpkg	KAIN-RUNTIME-XXXX	c-ffi
Runtime	crates/c-ffi/src/lib.rs	965	KainError::runtime	Natural C include '{}' found header '{}' but no sibling .c source file to link	KAIN-RUNTIME-XXXX	c-ffi
Runtime	crates/c-ffi/src/lib.rs	1319	KainError::runtime	System {} include requires a repo root so the compiler-owned shim header can be used	KAIN-RUNTIME-XXXX	c-ffi
Runtime	crates/c-ffi/src/lib.rs	1326	KainError::runtime	System {} include expected shim header at '{}'	KAIN-RUNTIME-XXXX	c-ffi
Runtime	crates/c-ffi/src/lib.rs	1634	KainError::runtime	C FFI header '{}' does not exist	KAIN-RUNTIME-XXXX	c-ffi
Runtime	crates/c-ffi/src/lib.rs	1686	KainError::runtime	Failed to parse '{}': {err}	KAIN-RUNTIME-XXXX	c-ffi
Runtime	crates/c-ffi/src/lib.rs	1696	KainError::runtime	Failed to parse [c_ffi] in '{}': {err}	KAIN-RUNTIME-XXXX	c-ffi
Runtime	crates/c-ffi/src/lib.rs	1985	KainError::runtime	Failed to parse cached C FFI packaged bridge manifest '{}': {err}	KAIN-RUNTIME-XXXX	c-ffi
Runtime	crates/c-ffi/src/lib.rs	1995	KainError::runtime	Cached C FFI packaged bridge manifest '{}' did not contain any imports	KAIN-RUNTIME-XXXX	c-ffi
Runtime	crates/c-ffi/src/lib.rs	2065	KainError::runtime	Filesystem error: {error}	KAIN-RUNTIME-XXXX	c-ffi
Runtime	crates/c-ffi/src/libclang_extract.rs	33	KainError::runtime	libclang: could not read header '{}': {e}	KAIN-RUNTIME-XXXX	c-ffi
Runtime	crates/c-ffi/src/libclang_extract.rs	71	KainError::runtime	libclang: failed to create index	KAIN-RUNTIME-XXXX	c-ffi
Runtime	crates/c-ffi/src/libclang_extract.rs	77	KainError::runtime	libclang: header path contains null byte	KAIN-RUNTIME-XXXX	c-ffi
Runtime	crates/c-ffi/src/libclang_extract.rs	93	KainError::runtime	libclang: failed to parse '{}'	KAIN-RUNTIME-XXXX	c-ffi
Runtime	crates/c-ffi/src/libclang_extract.rs	154	KainError::runtime	libclang: no functions extracted from '{}'	KAIN-RUNTIME-XXXX	c-ffi
Runtime	crates/c-ffi/src/platform.rs	257	KainError::runtime	Failed to serialize platform package lock: {err}	KAIN-RUNTIME-XXXX	c-ffi
Runtime	crates/c-ffi/src/platform.rs	782	KainError::runtime	Filesystem error: {error}	KAIN-RUNTIME-XXXX	c-ffi
Runtime	crates/c-ffi/src/vcpkg.rs	113	KainError::runtime	vcpkg executable not found. Set KAIN_VCPKG_EXE or VCPKG_ROOT, or install vcpkg to ~/.kain/vcpkg/	KAIN-RUNTIME-XXXX	c-ffi
Runtime	crates/c-ffi/src/vcpkg.rs	175	KainError::runtime	failed to create vcpkg root {}: {err}	KAIN-RUNTIME-XXXX	c-ffi
Runtime	crates/c-ffi/src/vcpkg.rs	194	KainError::runtime	failed to launch vcpkg for '{}': {err}	KAIN-RUNTIME-XXXX	c-ffi
Runtime	crates/c-ffi/src/vcpkg.rs	202	KainError::runtime	vcpkg install failed for '{}' version '{}': {}	KAIN-RUNTIME-XXXX	c-ffi
Runtime	crates/c-ffi/src/vcpkg.rs	212	KainError::runtime	failed to write vcpkg sentinel {}: {err}	KAIN-RUNTIME-XXXX	c-ffi
Runtime	crates/c-ffi/src/vcpkg_setup.rs	30	KainError::runtime	Failed to create vcpkg root {}: {e}	KAIN-RUNTIME-XXXX	c-ffi
Runtime	crates/c-ffi/src/vcpkg_setup.rs	46	KainError::runtime	Failed to run git clone for vcpkg: {e}. \                      Is git installed and on your PATH?	KAIN-RUNTIME-XXXX	c-ffi
Runtime	crates/c-ffi/src/vcpkg_setup.rs	52	KainError::runtime	git clone of vcpkg failed. Check your network connection and try again.	KAIN-RUNTIME-XXXX	c-ffi
Runtime	crates/c-ffi/src/vcpkg_setup.rs	71	KainError::runtime	Failed to run vcpkg bootstrap script {}: {e}	KAIN-RUNTIME-XXXX	c-ffi
Runtime	crates/c-ffi/src/vcpkg_setup.rs	77	KainError::runtime	vcpkg bootstrap failed. Check the output above for details.	KAIN-RUNTIME-XXXX	c-ffi
Runtime	crates/c-ffi/src/vcpkg_setup.rs	89	KainError::runtime	vcpkg bootstrap completed but binary not found at {}. \              Check the bootstrap output above for errors.	KAIN-RUNTIME-XXXX	c-ffi
Runtime	crates/c-ffi/src/vcpkg_setup.rs	103	KainError::runtime	vcpkg was installed but failed to run: {e}	KAIN-RUNTIME-XXXX	c-ffi
Runtime	crates/c-ffi/src/vcpkg_setup.rs	108	KainError::runtime	vcpkg binary was built but `vcpkg version` failed.	KAIN-RUNTIME-XXXX	c-ffi
Runtime	crates/cli/src/fabric.rs	16	KainError::runtime	Fabric init failed: {err}	KAIN-RUNTIME-XXXX	cli
Runtime	crates/cli/src/fabric.rs	30	KainError::runtime	Fabric validate failed: {err}	KAIN-RUNTIME-XXXX	cli
Runtime	crates/cli/src/fabric.rs	36	KainError::runtime	Fabric run failed: {err}	KAIN-RUNTIME-XXXX	cli
Runtime	crates/cli/src/fabric.rs	40	KainError::runtime	Fabric execution failed. Report: {}	KAIN-RUNTIME-XXXX	cli
Runtime	crates/cli/src/gpu_artifacts.rs	74	KainError::runtime	GPU artifact generation requires both gpu and sys features	KAIN-RUNTIME-XXXX	cli
Runtime	crates/cli/src/gpu_artifacts.rs	144	KainError::runtime	Failed to create output directory {}: {}	KAIN-RUNTIME-XXXX	cli
Runtime	crates/cli/src/gpu_artifacts.rs	155	KainError::runtime	Failed to write Rust GPU host output {}: {}	KAIN-RUNTIME-XXXX	cli
Runtime	crates/cli/src/gpu_artifacts.rs	162	KainError::runtime	Failed to write GPU reflection output {}: {}	KAIN-RUNTIME-XXXX	cli
Runtime	crates/cli/src/gpu_artifacts.rs	169	KainError::runtime	Failed to write shader bundle output {}: {}	KAIN-RUNTIME-XXXX	cli
Runtime	crates/cli/src/gpu_artifacts.rs	181	KainError::runtime	Failed to write SPIR-V output {}: {}	KAIN-RUNTIME-XXXX	cli
Runtime	crates/cli/src/gpu_artifacts.rs	194	KainError::runtime	Failed to write derived HLSL output {}: {}	KAIN-RUNTIME-XXXX	cli
Runtime	crates/cli/src/gpu_artifacts.rs	208	KainError::runtime	Failed to write derived WGSL output {}: {}	KAIN-RUNTIME-XXXX	cli
Runtime	crates/cli/src/gpu_artifacts.rs	222	KainError::runtime	Failed to write derived PTX output {}: {}	KAIN-RUNTIME-XXXX	cli
Runtime	crates/cli/src/gpu_artifacts.rs	247	KainError::runtime	Failed to write derived PTX variant output {}: {}	KAIN-RUNTIME-XXXX	cli
Runtime	crates/cli/src/gpu_artifacts.rs	269	KainError::runtime	Failed to read {}: {}	KAIN-RUNTIME-XXXX	cli
Runtime	crates/cli/src/import_c.rs	124	KainError::runtime	Failed to write output: {}	KAIN-RUNTIME-XXXX	cli
Runtime	crates/cli/src/import_c.rs	138	KainError::runtime	Unknown target: {}	KAIN-RUNTIME-XXXX	cli
Runtime	crates/cli/src/import_c.rs	143	KainError::runtime	Compilation failed: {}	KAIN-RUNTIME-XXXX	cli
Runtime	crates/cli/src/import_c.rs	153	KainError::runtime	Failed to write compiled output: {}	KAIN-RUNTIME-XXXX	cli
Runtime	crates/cli/src/import_c.rs	207	KainError::runtime	C import failed: {}	KAIN-RUNTIME-XXXX	cli
Runtime	crates/cli/src/import_c.rs	219	KainError::runtime	Input is neither file nor directory: {}	KAIN-RUNTIME-XXXX	cli
Runtime	crates/cli/src/import_c.rs	274	KainError::runtime	C import failed: {}: {}	KAIN-RUNTIME-XXXX	cli
Runtime	crates/cli/src/import_c.rs	351	KainError::runtime	Failed to create report directory {}: {}	KAIN-RUNTIME-XXXX	cli
Runtime	crates/cli/src/import_c.rs	361	KainError::runtime	Failed to serialize import report: {}	KAIN-RUNTIME-XXXX	cli
Runtime	crates/cli/src/import_c.rs	363	KainError::runtime	Failed to write import report: {}	KAIN-RUNTIME-XXXX	cli
Runtime	crates/cli/src/import_c.rs	415	KainError::runtime	Failed to read directory {}: {}	KAIN-RUNTIME-XXXX	cli
Runtime	crates/cli/src/import_c.rs	424	KainError::runtime	Failed to read directory entry: {}	KAIN-RUNTIME-XXXX	cli
Runtime	crates/cli/src/import_c.rs	529	KainError::runtime	Failed to generate source: {}	KAIN-RUNTIME-XXXX	cli
Runtime	crates/cli/src/import_c.rs	531	KainError::runtime	Failed to generate source: {}	KAIN-RUNTIME-XXXX	cli
Runtime	crates/cli/src/import_c.rs	558	KainError::runtime	Failed to write module: {}	KAIN-RUNTIME-XXXX	cli
Runtime	crates/cli/src/import_c.rs	593	KainError::runtime	Failed to write function: {}	KAIN-RUNTIME-XXXX	cli
Runtime	crates/cli/src/import_c.rs	786	KainError::runtime	Failed to generate source: {}	KAIN-RUNTIME-XXXX	cli
Runtime	crates/cli/src/import_c.rs	1839	KainError::runtime	Failed to write struct: {}	KAIN-RUNTIME-XXXX	cli
Runtime	crates/cli/src/import_c.rs	1853	KainError::runtime	Failed to write enum: {}	KAIN-RUNTIME-XXXX	cli
Runtime	crates/cli/src/import_platform.rs	60	KainError::runtime	failed to serialize platform lock: {err}	KAIN-RUNTIME-XXXX	cli
Runtime	crates/cli/src/import_rust.rs	219	KainError::runtime	Unknown target: {}	KAIN-RUNTIME-XXXX	cli
Runtime	crates/cli/src/import_rust.rs	222	KainError::runtime	Compilation failed: {}	KAIN-RUNTIME-XXXX	cli
Runtime	crates/cli/src/import_rust.rs	342	KainError::runtime	Failed to write output: {}	KAIN-RUNTIME-XXXX	cli
Runtime	crates/cli/src/import_rust.rs	356	KainError::runtime	Unknown target: {}	KAIN-RUNTIME-XXXX	cli
Runtime	crates/cli/src/import_rust.rs	361	KainError::runtime	Compilation failed: {}	KAIN-RUNTIME-XXXX	cli
Runtime	crates/cli/src/import_rust.rs	371	KainError::runtime	Failed to write compiled output: {}	KAIN-RUNTIME-XXXX	cli
Runtime	crates/cli/src/import_rust.rs	485	KainError::runtime	Rust import failed: {}	KAIN-RUNTIME-XXXX	cli
Runtime	crates/cli/src/import_rust.rs	502	KainError::runtime	Input is neither file nor directory: {}	KAIN-RUNTIME-XXXX	cli
Runtime	crates/cli/src/import_rust.rs	587	KainError::runtime	Failed to create report directory {}: {}	KAIN-RUNTIME-XXXX	cli
Runtime	crates/cli/src/import_rust.rs	597	KainError::runtime	Failed to serialize import report: {}	KAIN-RUNTIME-XXXX	cli
Runtime	crates/cli/src/import_rust.rs	599	KainError::runtime	Failed to write import report: {}	KAIN-RUNTIME-XXXX	cli
Runtime	crates/cli/src/import_rust.rs	698	KainError::runtime	Rust import failed: {}: {}	KAIN-RUNTIME-XXXX	cli
Runtime	crates/cli/src/import_rust.rs	716	KainError::runtime	Failed to read directory {}: {}	KAIN-RUNTIME-XXXX	cli
Runtime	crates/cli/src/import_rust.rs	725	KainError::runtime	Failed to read directory entry: {}	KAIN-RUNTIME-XXXX	cli
Runtime	crates/cli/src/import_rust.rs	901	KainError::runtime	Rust source root is not a directory: {}	KAIN-RUNTIME-XXXX	cli
Runtime	crates/cli/src/import_rust.rs	919	KainError::runtime	No Rust crate source root found under {} (checked ./crates, ./rust, and ./src/rust)	KAIN-RUNTIME-XXXX	cli
Runtime	crates/cli/src/import_rust.rs	928	KainError::runtime	Failed to read Rust source root {}: {}	KAIN-RUNTIME-XXXX	cli
Runtime	crates/cli/src/import_rust.rs	937	KainError::runtime	Failed to read directory entry: {}	KAIN-RUNTIME-XXXX	cli
Runtime	crates/cli/src/import_rust.rs	953	KainError::runtime	No Rust crates with Cargo.toml were discovered under {}	KAIN-RUNTIME-XXXX	cli
Runtime	crates/cli/src/import_rust.rs	1033	KainError::runtime	Failed to create {} parent directory {}: {}	KAIN-RUNTIME-XXXX	cli
Runtime	crates/cli/src/import_rust.rs	1042	KainError::runtime	Failed to write {} {}: {}	KAIN-RUNTIME-XXXX	cli
Runtime	crates/cli/src/import_rust.rs	1059	KainError::runtime	Failed to generate source: {}	KAIN-RUNTIME-XXXX	cli
Runtime	crates/cli/src/import_rust.rs	1061	KainError::runtime	Failed to generate source: {}	KAIN-RUNTIME-XXXX	cli
Runtime	crates/cli/src/import_rust.rs	1063	KainError::runtime	Failed to generate source: {}	KAIN-RUNTIME-XXXX	cli
Runtime	crates/cli/src/import_rust.rs	1077	KainError::runtime	Failed to generate source: {}	KAIN-RUNTIME-XXXX	cli
Runtime	crates/cli/src/import_rust.rs	1079	KainError::runtime	Failed to generate source: {}	KAIN-RUNTIME-XXXX	cli
Runtime	crates/cli/src/import_rust.rs	1108	KainError::runtime	Failed to write module: {}	KAIN-RUNTIME-XXXX	cli
Runtime	crates/cli/src/import_rust.rs	1143	KainError::runtime	Failed to write function: {}	KAIN-RUNTIME-XXXX	cli
Runtime	crates/cli/src/import_rust.rs	1173	KainError::runtime	Failed to write struct: {}	KAIN-RUNTIME-XXXX	cli
Runtime	crates/cli/src/import_rust.rs	1218	KainError::runtime	Failed to write enum: {}	KAIN-RUNTIME-XXXX	cli
Runtime	crates/cli/src/import_rust.rs	1283	KainError::runtime	Failed to write trait: {}	KAIN-RUNTIME-XXXX	cli
Runtime	crates/cli/src/import_rust.rs	1317	KainError::runtime	Failed to write impl: {}	KAIN-RUNTIME-XXXX	cli
Runtime	crates/cli/src/import_rust.rs	1452	KainError::runtime	Failed to generate source: {}	KAIN-RUNTIME-XXXX	cli
Runtime	crates/cli/src/import_typescript.rs	275	KainError::runtime	Failed to write output: {}	KAIN-RUNTIME-XXXX	cli
Runtime	crates/cli/src/import_typescript.rs	287	KainError::runtime	Unknown target: {}	KAIN-RUNTIME-XXXX	cli
Runtime	crates/cli/src/import_typescript.rs	311	KainError::runtime	Compilation failed: {}	KAIN-RUNTIME-XXXX	cli
Runtime	crates/cli/src/import_typescript.rs	322	KainError::runtime	Failed to write compiled output: {}	KAIN-RUNTIME-XXXX	cli
Runtime	crates/cli/src/import_typescript.rs	428	KainError::runtime	Generated Kain output is degraded: {}	KAIN-RUNTIME-XXXX	cli
Runtime	crates/cli/src/import_typescript.rs	443	KainError::runtime	TypeScript import failed: {}	KAIN-RUNTIME-XXXX	cli
Runtime	crates/cli/src/import_typescript.rs	461	KainError::runtime	Input is neither file nor directory: {}	KAIN-RUNTIME-XXXX	cli
Runtime	crates/cli/src/import_typescript.rs	526	KainError::runtime	TypeScript import failed: {}: {}	KAIN-RUNTIME-XXXX	cli
Runtime	crates/cli/src/import_typescript.rs	626	KainError::runtime	Failed to create report directory {}: {}	KAIN-RUNTIME-XXXX	cli
Runtime	crates/cli/src/import_typescript.rs	636	KainError::runtime	Failed to serialize import report: {}	KAIN-RUNTIME-XXXX	cli
Runtime	crates/cli/src/import_typescript.rs	638	KainError::runtime	Failed to write import report: {}	KAIN-RUNTIME-XXXX	cli
Runtime	crates/cli/src/import_typescript.rs	714	KainError::runtime	Failed to read directory {}: {}	KAIN-RUNTIME-XXXX	cli
Runtime	crates/cli/src/import_typescript.rs	723	KainError::runtime	Failed to read directory entry: {}	KAIN-RUNTIME-XXXX	cli
Runtime	crates/cli/src/import_typescript.rs	825	KainError::runtime	Failed to generate source: {}	KAIN-RUNTIME-XXXX	cli
Runtime	crates/cli/src/import_typescript.rs	827	KainError::runtime	Failed to generate source: {}	KAIN-RUNTIME-XXXX	cli
Runtime	crates/cli/src/import_typescript.rs	859	KainError::runtime	Failed to write TS global prelude: {}	KAIN-RUNTIME-XXXX	cli
Runtime	crates/cli/src/import_typescript.rs	861	KainError::runtime	Failed to write TS global prelude: {}	KAIN-RUNTIME-XXXX	cli
Runtime	crates/cli/src/import_typescript.rs	865	KainError::runtime	Failed to write TS global prelude: {}	KAIN-RUNTIME-XXXX	cli
Runtime	crates/cli/src/import_typescript.rs	867	KainError::runtime	Failed to write TS global prelude: {}	KAIN-RUNTIME-XXXX	cli
Runtime	crates/cli/src/import_typescript.rs	872	KainError::runtime	Failed to write TS global type prelude: {}	KAIN-RUNTIME-XXXX	cli
Runtime	crates/cli/src/import_typescript.rs	875	KainError::runtime	Failed to write TS global type prelude: {}	KAIN-RUNTIME-XXXX	cli
Runtime	crates/cli/src/import_typescript.rs	896	KainError::runtime	Failed to write type alias: {}	KAIN-RUNTIME-XXXX	cli
Runtime	crates/cli/src/import_typescript.rs	910	KainError::runtime	Failed to write const: {}	KAIN-RUNTIME-XXXX	cli
Runtime	crates/cli/src/import_typescript.rs	921	KainError::runtime	Failed to write module: {}	KAIN-RUNTIME-XXXX	cli
Runtime	crates/cli/src/import_typescript.rs	958	KainError::runtime	Failed to write function: {}	KAIN-RUNTIME-XXXX	cli
Runtime	crates/cli/src/import_typescript.rs	1180	KainError::runtime	Failed to write component: {}	KAIN-RUNTIME-XXXX	cli
Runtime	crates/cli/src/import_typescript.rs	1202	KainError::runtime	Failed to write struct: {}	KAIN-RUNTIME-XXXX	cli
Runtime	crates/cli/src/import_typescript.rs	1236	KainError::runtime	Failed to write enum: {}	KAIN-RUNTIME-XXXX	cli
Runtime	crates/cli/src/import_typescript.rs	1260	KainError::runtime	Failed to write impl: {}	KAIN-RUNTIME-XXXX	cli
Runtime	crates/cli/src/import_typescript.rs	1428	KainError::runtime	Failed to generate source: {}	KAIN-RUNTIME-XXXX	cli
Runtime	crates/cli/src/import_typescript.rs	1431	KainError::runtime	Failed to generate source: {}	KAIN-RUNTIME-XXXX	cli
Runtime	crates/cli/src/import_typescript.rs	1437	KainError::runtime	Failed to generate source: {}	KAIN-RUNTIME-XXXX	cli
Runtime	crates/cli/src/import_usf.rs	167	KainError::runtime	Failed to write output: {}	KAIN-RUNTIME-XXXX	cli
Runtime	crates/cli/src/import_usf.rs	175	KainError::runtime	Unknown target: {}	KAIN-RUNTIME-XXXX	cli
Runtime	crates/cli/src/import_usf.rs	180	KainError::runtime	Compilation failed: {}	KAIN-RUNTIME-XXXX	cli
Runtime	crates/cli/src/import_usf.rs	189	KainError::runtime	Failed to write compiled output: {}	KAIN-RUNTIME-XXXX	cli
Runtime	crates/cli/src/import_usf.rs	247	KainError::runtime	USF import failed: {}	KAIN-RUNTIME-XXXX	cli
Runtime	crates/cli/src/import_usf.rs	259	KainError::runtime	Input is neither file nor directory: {}	KAIN-RUNTIME-XXXX	cli
Runtime	crates/cli/src/import_usf.rs	323	KainError::runtime	USF import failed: {}: {}	KAIN-RUNTIME-XXXX	cli
Runtime	crates/cli/src/import_usf.rs	401	KainError::runtime	Failed to create report directory {}: {}	KAIN-RUNTIME-XXXX	cli
Runtime	crates/cli/src/import_usf.rs	411	KainError::runtime	Failed to serialize import report: {}	KAIN-RUNTIME-XXXX	cli
Runtime	crates/cli/src/import_usf.rs	413	KainError::runtime	Failed to write import report: {}	KAIN-RUNTIME-XXXX	cli
Runtime	crates/cli/src/import_usf.rs	470	KainError::runtime	Failed to read directory {}: {}	KAIN-RUNTIME-XXXX	cli
Runtime	crates/cli/src/import_usf.rs	473	KainError::runtime	Failed to read directory entry: {}	KAIN-RUNTIME-XXXX	cli
Runtime	crates/cli/src/import_usf.rs	563	KainError::runtime	Failed to generate source: {}	KAIN-RUNTIME-XXXX	cli
Runtime	crates/cli/src/import_usf.rs	565	KainError::runtime	Failed to generate source: {}	KAIN-RUNTIME-XXXX	cli
Runtime	crates/cli/src/import_usf.rs	588	KainError::runtime	Failed to write module: {}	KAIN-RUNTIME-XXXX	cli
Runtime	crates/cli/src/import_usf.rs	613	KainError::runtime	Failed to write function: {}	KAIN-RUNTIME-XXXX	cli
Runtime	crates/cli/src/import_usf.rs	632	KainError::runtime	Failed to write struct: {}	KAIN-RUNTIME-XXXX	cli
Runtime	crates/cli/src/import_usf.rs	648	KainError::runtime	Failed to write shader: {}	KAIN-RUNTIME-XXXX	cli
Runtime	crates/cli/src/import_usf.rs	696	KainError::runtime	Failed to generate source: {}	KAIN-RUNTIME-XXXX	cli
Runtime	crates/cli/src/import_usf.rs	698	KainError::runtime	Failed to generate source: {}	KAIN-RUNTIME-XXXX	cli
Runtime	crates/cli/src/import_usf.rs	704	KainError::runtime	Failed to generate source: {}	KAIN-RUNTIME-XXXX	cli
Runtime	crates/cli/src/lib.rs	72	KainError::runtime	TypeScript import support is disabled in this Kain build. Rebuild cli with the `typescript-import` feature to enable `kain import-ts`.	KAIN-RUNTIME-XXXX	cli
Runtime	crates/cli/src/native_ui_build.rs	153	KainError::runtime	Failed to read native UI source {}: {}	KAIN-RUNTIME-XXXX	cli
Runtime	crates/cli/src/native_ui_build.rs	177	KainError::runtime	Native UI build requires at least one component in {}	KAIN-RUNTIME-XXXX	cli
Runtime	crates/cli/src/native_ui_build.rs	290	KainError::runtime	Tauri native UI support requires the cli tauri feature	KAIN-RUNTIME-XXXX	cli
Runtime	crates/cli/src/native_ui_build.rs	404	KainError::runtime	Failed to derive the Kain workspace root from the CLI crate path	KAIN-RUNTIME-XXXX	cli
Runtime	crates/cli/src/native_ui_build.rs	418	KainError::runtime	Failed to resolve current directory: {err}	KAIN-RUNTIME-XXXX	cli
Runtime	crates/cli/src/native_ui_build.rs	512	KainError::runtime	Unsupported Tauri plugin preset '{other}'	KAIN-RUNTIME-XXXX	cli
Runtime	crates/cli/src/native_ui_build.rs	528	KainError::runtime	Unsupported Tauri capability preset '{other}'	KAIN-RUNTIME-XXXX	cli
Runtime	crates/cli/src/native_ui_build.rs	574	KainError::runtime	Unsupported Tauri permission preset '{other}'	KAIN-RUNTIME-XXXX	cli
Runtime	crates/cli/src/native_ui_dev.rs	52	KainError::runtime	Native UI dev requires an input file inside a readable directory: {}	KAIN-RUNTIME-XXXX	cli
Runtime	crates/cli/src/native_ui_dev.rs	100	KainError::runtime	Failed to install Ctrl-C handler: {err}	KAIN-RUNTIME-XXXX	cli
Runtime	crates/cli/src/native_ui_dev.rs	108	KainError::runtime	Native UI dev requires a launch target; initial materialization skipped it	KAIN-RUNTIME-XXXX	cli
Runtime	crates/cli/src/native_ui_dev.rs	145	KainError::runtime	Failed to create file watcher: {err}	KAIN-RUNTIME-XXXX	cli
Runtime	crates/cli/src/native_ui_dev.rs	150	KainError::runtime	Failed to watch native UI root {}: {}	KAIN-RUNTIME-XXXX	cli
Runtime	crates/cli/src/native_ui_dev.rs	224	KainError::runtime	Native UI dev expected a launch target after restart-triggering rebuild	KAIN-RUNTIME-XXXX	cli
Runtime	crates/cli/src/native_ui_dev.rs	341	KainError::runtime	Failed to poll native UI child: {err}	KAIN-RUNTIME-XXXX	cli
Runtime	crates/cli/src/native_ui_dev.rs	351	KainError::runtime	Native UI launch target does not exist: {}	KAIN-RUNTIME-XXXX	cli
Runtime	crates/cli/src/native_ui_dev.rs	377	KainError::runtime	Failed to launch native UI target {}: {}	KAIN-RUNTIME-XXXX	cli
Runtime	crates/cli/src/native_ui_dev.rs	419	KainError::runtime	Failed to stop native UI child {}: {}	KAIN-RUNTIME-XXXX	cli
Runtime	crates/cli/src/native_ui_dev.rs	634	KainError::runtime	Failed to read native UI manifest {}: {}	KAIN-RUNTIME-XXXX	cli
Runtime	crates/cli/src/native_ui_dev.rs	641	KainError::runtime	Failed to parse native UI manifest {}: {}	KAIN-RUNTIME-XXXX	cli
Runtime	crates/cli/src/native_ui_dev.rs	654	KainError::runtime	Failed to read native UI snapshot {}: {}	KAIN-RUNTIME-XXXX	cli
Runtime	crates/cli/src/native_ui_dev.rs	661	KainError::runtime	Failed to parse native UI snapshot {}: {}	KAIN-RUNTIME-XXXX	cli
Runtime	crates/cli/src/native_ui_dev.rs	830	KainError::runtime	Failed to create native UI executable directory {}: {}	KAIN-RUNTIME-XXXX	cli
Runtime	crates/cli/src/native_ui_dev.rs	849	KainError::runtime	Failed to sync native UI sidecar {} -> {}: {}	KAIN-RUNTIME-XXXX	cli
Runtime	crates/cli/src/native_ui_dev.rs	937	KainError::runtime	Failed to resolve current directory: {err}	KAIN-RUNTIME-XXXX	cli
Runtime	crates/cli/src/omni.rs	9	KainError::runtime	Omni init failed: {err}	KAIN-RUNTIME-XXXX	cli
Runtime	crates/cli/src/omni.rs	15	KainError::runtime	Omni build failed: {err}	KAIN-RUNTIME-XXXX	cli
Runtime	crates/cli/src/packager/build.rs	44	KainError::runtime	Invalid hybrid wasm path: {}	KAIN-RUNTIME-XXXX	cli
Runtime	crates/cli/src/packager/build.rs	50	KainError::runtime	Invalid hybrid JS path: {}	KAIN-RUNTIME-XXXX	cli
Runtime	crates/cli/src/packager/build.rs	56	KainError::runtime	Invalid hybrid TS path: {}	KAIN-RUNTIME-XXXX	cli
Runtime	crates/cli/src/packager/build.rs	67	KainError::runtime	Failed to serialize hybrid bundle descriptor: {err}	KAIN-RUNTIME-XXXX	cli
Runtime	crates/cli/src/packager/build.rs	102	KainError::runtime	No build targets specified	KAIN-RUNTIME-XXXX	cli
Runtime	crates/cli/src/packager/build.rs	114	KainError::runtime	Entry file not found: {}	KAIN-RUNTIME-XXXX	cli
Runtime	crates/cli/src/packager/build.rs	148	KainError::runtime	Entry file not found: {}	KAIN-RUNTIME-XXXX	cli
Runtime	crates/cli/src/packager/build.rs	184	KainError::runtime	Unknown target: {}	KAIN-RUNTIME-XXXX	cli
Runtime	crates/cli/src/packager/codegen.rs	1535	KainError::runtime	Failed to serialize symbol manifest: {}	KAIN-RUNTIME-XXXX	cli
Runtime	crates/cli/src/packager/codegen.rs	1537	KainError::runtime	Failed to serialize include manifest: {}	KAIN-RUNTIME-XXXX	cli
Runtime	crates/cli/src/packager/cpp_validator.rs	43	KainError::runtime	Source directory not found	KAIN-RUNTIME-XXXX	cli
Runtime	crates/cli/src/packager/cpp_validator.rs	59	KainError::runtime	Failed to run inspectcode: {}	KAIN-RUNTIME-XXXX	cli
Runtime	crates/cli/src/packager/cpp_validator.rs	69	KainError::runtime	ReSharper analysis failed:\n{}	KAIN-RUNTIME-XXXX	cli
Runtime	crates/cli/src/packager/cpp_validator.rs	90	KainError::runtime	Failed to read report: {}	KAIN-RUNTIME-XXXX	cli
Runtime	crates/cli/src/packager/cpp_validator.rs	141	KainError::runtime	XML parse error: {}	KAIN-RUNTIME-XXXX	cli
Runtime	crates/cli/src/packager/cpp_validator.rs	188	KainError::runtime	Failed to read {}: {}	KAIN-RUNTIME-XXXX	cli
Runtime	crates/cli/src/packager/inject.rs	46	KainError::runtime	Failed to read {}: {}	KAIN-RUNTIME-XXXX	cli
Runtime	crates/cli/src/packager/inject.rs	88	KainError::runtime	No source files to compile	KAIN-RUNTIME-XXXX	cli
Runtime	crates/cli/src/packager/inject.rs	91	KainError::runtime	Type check failed: {}	KAIN-RUNTIME-XXXX	cli
Runtime	crates/cli/src/packager/inject.rs	99	KainError::runtime	Oracle validation failed: {}	KAIN-RUNTIME-XXXX	cli
Runtime	crates/cli/src/packager/inject.rs	194	KainError::runtime	Specified plugin directory does not exist: {}	KAIN-RUNTIME-XXXX	cli
Runtime	crates/cli/src/packager/inject.rs	203	KainError::runtime	Failed to get current directory: {}	KAIN-RUNTIME-XXXX	cli
Runtime	crates/cli/src/packager/inject.rs	227	KainError::runtime	Could not find plugin directory. No .uplugin file found in current directory or parents.\n\          Use --plugin-dir to specify explicitly.	KAIN-RUNTIME-XXXX	cli
Runtime	crates/cli/src/packager/inject.rs	255	KainError::runtime	Could not find Source directory. Expected either:\n\          - {}/Source/\n\          - {}/PluginName/Source/	KAIN-RUNTIME-XXXX	cli
Runtime	crates/cli/src/packager/inject.rs	292	KainError::runtime	Could not detect plugin name. Use --plugin to specify explicitly.	KAIN-RUNTIME-XXXX	cli
Runtime	crates/cli/src/packager/inject.rs	343	KainError::runtime	File conflicts detected:\n   - {}\n\n\              Use --force to overwrite existing files.	KAIN-RUNTIME-XXXX	cli
Runtime	crates/cli/src/packager/mod.rs	42	KainError::runtime	Failed to serialize manifest: {}	KAIN-RUNTIME-XXXX	cli
Runtime	crates/cli/src/packager/mod.rs	78	KainError::runtime	No KAIN.toml found at {}	KAIN-RUNTIME-XXXX	cli
Runtime	crates/cli/src/packager/mod.rs	86	KainError::runtime	Failed to parse KAIN.toml: {}	KAIN-RUNTIME-XXXX	cli
Runtime	crates/cli/src/packager/mod.rs	90	KainError::runtime	Invalid [ue5.modules] configuration: {}	KAIN-RUNTIME-XXXX	cli
Runtime	crates/cli/src/packager/plugin_layout.rs	135	KainError::runtime	ue5.modules is configured but empty	KAIN-RUNTIME-XXXX	cli
Runtime	crates/cli/src/packager/plugin_layout.rs	142	KainError::runtime	Primary module '{}' has no resolved directories	KAIN-RUNTIME-XXXX	cli
Runtime	crates/cli/src/packager/plugin_layout.rs	270	KainError::runtime	Plugin Source directory not found: {}	KAIN-RUNTIME-XXXX	cli
Runtime	crates/cli/src/packager/plugin_layout.rs	296	KainError::runtime	Invalid plugin layout. Expected Public and Private directories in {}	KAIN-RUNTIME-XXXX	cli
Runtime	crates/cli/src/packager/post_process.rs	192	KainError::runtime	Failed to parse source: {}	KAIN-RUNTIME-XXXX	cli
Runtime	crates/cli/src/packager/post_process.rs	195	KainError::runtime	Failed to tokenize source: {}	KAIN-RUNTIME-XXXX	cli
Runtime	crates/cli/src/packager/registry.rs	11	KainError::runtime	Failed to fetch registry: {}	KAIN-RUNTIME-XXXX	cli
Runtime	crates/cli/src/packager/registry.rs	13	KainError::runtime	Failed to parse registry: {}	KAIN-RUNTIME-XXXX	cli
Runtime	crates/cli/src/packager/registry.rs	16	KainError::runtime	Package '{}' not found in registry	KAIN-RUNTIME-XXXX	cli
Runtime	crates/cli/src/packager/registry.rs	20	KainError::runtime	Failed to fetch package metadata: {}	KAIN-RUNTIME-XXXX	cli
Runtime	crates/cli/src/packager/registry.rs	22	KainError::runtime	Failed to parse package metadata: {}	KAIN-RUNTIME-XXXX	cli
Runtime	crates/cli/src/packager/registry.rs	36	KainError::runtime	Version {} not found	KAIN-RUNTIME-XXXX	cli
Runtime	crates/cli/src/packager/registry.rs	46	KainError::runtime	Failed to serialize: {}	KAIN-RUNTIME-XXXX	cli
Runtime	crates/cli/src/packager/registry.rs	70	KainError::runtime	Failed to fetch registry: {}	KAIN-RUNTIME-XXXX	cli
Runtime	crates/cli/src/packager/registry.rs	72	KainError::runtime	Failed to parse registry: {}	KAIN-RUNTIME-XXXX	cli
Runtime	crates/cli/src/packager/registry.rs	77	KainError::runtime	Failed to fetch {}: {}	KAIN-RUNTIME-XXXX	cli
Runtime	crates/cli/src/packager/registry.rs	79	KainError::runtime	Failed to parse {}: {}	KAIN-RUNTIME-XXXX	cli
Runtime	crates/cli/src/packager/registry.rs	109	KainError::runtime	Download failed: {}	KAIN-RUNTIME-XXXX	cli
Runtime	crates/cli/src/packager/registry.rs	113	KainError::runtime	Failed to read response: {}	KAIN-RUNTIME-XXXX	cli
Runtime	crates/cli/src/packager/registry.rs	122	KainError::runtime	Failed to extract: {}	KAIN-RUNTIME-XXXX	cli
Runtime	crates/cli/src/rust_build.rs	42	KainError::runtime	Rust shader bundle requested SPIR-V output but gpu feature is disabled	KAIN-RUNTIME-XXXX	cli
Runtime	crates/cli/src/rust_build.rs	58	KainError::runtime	Rust build bundling requires the sys feature	KAIN-RUNTIME-XXXX	cli
Runtime	crates/cli/src/rust_build.rs	74	KainError::runtime	Failed to read {}: {}	KAIN-RUNTIME-XXXX	cli
Runtime	crates/cli/src/rust_build.rs	104	KainError::runtime	Rust native UI build was requested for {} but no components were found	KAIN-RUNTIME-XXXX	cli
Runtime	crates/cli/src/rust_build.rs	162	KainError::runtime	Failed to create Rust output directory {}: {}	KAIN-RUNTIME-XXXX	cli
Runtime	crates/cli/src/rust_build.rs	176	KainError::runtime	Failed to write Rust source output {}: {}	KAIN-RUNTIME-XXXX	cli
Runtime	crates/cli/src/rust_build.rs	209	KainError::runtime	Failed to write Rust artifact output {}: {}	KAIN-RUNTIME-XXXX	cli
Runtime	crates/cli/src/rust_build.rs	223	KainError::runtime	Failed to write SPIR-V output {}: {}	KAIN-RUNTIME-XXXX	cli
Runtime	crates/cli/src/rust_build.rs	338	KainError::runtime	Failed to resolve current directory: {err}	KAIN-RUNTIME-XXXX	cli
Runtime	crates/cli/src/rust_build.rs	345	KainError::runtime	Failed to derive the Kain workspace root from the CLI crate path	KAIN-RUNTIME-XXXX	cli
Runtime	crates/cli/src/selfhost.rs	248	KainError::runtime	Failed to load strict self-host options: {err}	KAIN-RUNTIME-XXXX	cli
Runtime	crates/cli/src/selfhost.rs	253	KainError::runtime	Failed to create self-host output directory {}: {}	KAIN-RUNTIME-XXXX	cli
Runtime	crates/cli/src/selfhost.rs	391	KainError::runtime	Failed to write self-host bundle {}: {}	KAIN-RUNTIME-XXXX	cli
Runtime	crates/cli/src/selfhost.rs	407	KainError::runtime	Failed to write self-host roundtrip Rust {}: {}	KAIN-RUNTIME-XXXX	cli
Runtime	crates/cli/src/selfhost.rs	634	KainError::runtime	Self-host {phase_name} completed with soft failures	KAIN-RUNTIME-XXXX	cli
Runtime	crates/cli/src/selfhost.rs	638	KainError::runtime	Self-host {phase_name} failed	KAIN-RUNTIME-XXXX	cli
Runtime	crates/cli/src/selfhost.rs	669	KainError::runtime	Failed to read workspace crates directory {}: {}	KAIN-RUNTIME-XXXX	cli
Runtime	crates/cli/src/selfhost.rs	695	KainError::runtime	No workspace crates with Cargo.toml discovered under {}	KAIN-RUNTIME-XXXX	cli
Runtime	crates/cli/src/selfhost.rs	710	KainError::runtime	Failed to create source correspondence manifest dir {}: {}	KAIN-RUNTIME-XXXX	cli
Runtime	crates/cli/src/selfhost.rs	718	KainError::runtime	Failed to serialize source correspondence manifest {}: {}	KAIN-RUNTIME-XXXX	cli
Runtime	crates/cli/src/selfhost.rs	725	KainError::runtime	Failed to write source correspondence manifest {}: {}	KAIN-RUNTIME-XXXX	cli
Runtime	crates/cli/src/selfhost.rs	779	KainError::runtime	Self-host source file {} is not inside crate root {}	KAIN-RUNTIME-XXXX	cli
Runtime	crates/cli/src/selfhost.rs	792	KainError::runtime	Cannot derive canonical Kain path from {}	KAIN-RUNTIME-XXXX	cli
Runtime	crates/cli/src/selfhost.rs	856	KainError::runtime	Missing module program for self-host mirror {}	KAIN-RUNTIME-XXXX	cli
Runtime	crates/cli/src/selfhost.rs	882	KainError::runtime	Failed to create {} parent directory {}: {}	KAIN-RUNTIME-XXXX	cli
Runtime	crates/cli/src/selfhost.rs	891	KainError::runtime	Failed to write {} {}: {}	KAIN-RUNTIME-XXXX	cli
Runtime	crates/cli/src/selfhost.rs	955	KainError::runtime	Failed to parse generated roundtrip Rust for {}: {}	KAIN-RUNTIME-XXXX	cli
Runtime	crates/cli/src/selfhost.rs	963	KainError::runtime	Failed to create roundtrip Rust source root {}: {}	KAIN-RUNTIME-XXXX	cli
Runtime	crates/cli/src/selfhost.rs	1056	KainError::runtime	Failed to create roundtrip Rust parent directory {}: {}	KAIN-RUNTIME-XXXX	cli
Runtime	crates/cli/src/selfhost.rs	1069	KainError::runtime	Failed to write roundtrip Rust source file {}: {}	KAIN-RUNTIME-XXXX	cli
Runtime	crates/cli/src/selfhost.rs	1156	KainError::runtime	Failed to read inventory metadata {}: {}	KAIN-RUNTIME-XXXX	cli
Runtime	crates/cli/src/selfhost.rs	1176	KainError::runtime	Unknown inventory key '{}'; expected one of: {}	KAIN-RUNTIME-XXXX	cli
Runtime	crates/cli/src/selfhost.rs	1191	KainError::runtime	Failed to read inventory {}: {}	KAIN-RUNTIME-XXXX	cli
Runtime	crates/cli/src/selfhost.rs	1198	KainError::runtime	Failed to parse inventory {}: {}	KAIN-RUNTIME-XXXX	cli
Runtime	crates/cli/src/selfhost.rs	1881	KainError::runtime	Failed to serialize {phase_name} report: {}	KAIN-RUNTIME-XXXX	cli
Runtime	crates/cli/src/selfhost.rs	1884	KainError::runtime	Failed to write {phase_name} report JSON {}: {}	KAIN-RUNTIME-XXXX	cli
Runtime	crates/cli/src/selfhost.rs	1895	KainError::runtime	Failed to write {phase_name} report Markdown {}: {}	KAIN-RUNTIME-XXXX	cli
Runtime	crates/cli/src/selfhost.rs	1968	KainError::runtime	Failed to generate Rust self-host roundtrip: {}	KAIN-RUNTIME-XXXX	cli
Runtime	crates/cli/src/selfhost.rs	1977	KainError::runtime	Rust self-host roundtrip requires cli sys feature	KAIN-RUNTIME-XXXX	cli
Runtime	crates/cli/src/selfhost.rs	1991	KainError::runtime	Failed to create stage2 workspace {}: {}	KAIN-RUNTIME-XXXX	cli
Runtime	crates/cli/src/selfhost.rs	2000	KainError::runtime	Failed to read workspace Cargo.toml: {}	KAIN-RUNTIME-XXXX	cli
Runtime	crates/cli/src/selfhost.rs	2003	KainError::runtime	Failed to parse workspace Cargo.toml: {}	KAIN-RUNTIME-XXXX	cli
Runtime	crates/cli/src/selfhost.rs	2009	KainError::runtime	Failed to write stage2 workspace Cargo.toml: {}	KAIN-RUNTIME-XXXX	cli
Runtime	crates/cli/src/selfhost.rs	2019	KainError::runtime	Missing roundtrip Rust output for stage2 crate {crate_name}	KAIN-RUNTIME-XXXX	cli
Runtime	crates/cli/src/selfhost.rs	2025	KainError::runtime	Failed to create stage2 crate dir {}: {}	KAIN-RUNTIME-XXXX	cli
Runtime	crates/cli/src/selfhost.rs	2034	KainError::runtime	Failed to read {}: {}	KAIN-RUNTIME-XXXX	cli
Runtime	crates/cli/src/selfhost.rs	2048	KainError::runtime	Failed to write stage2 crate manifest for {}: {}	KAIN-RUNTIME-XXXX	cli
Runtime	crates/cli/src/selfhost.rs	2060	KainError::runtime	Failed to stat roundtrip Rust {}: {}	KAIN-RUNTIME-XXXX	cli
Runtime	crates/cli/src/selfhost.rs	2094	KainError::runtime	Roundtrip Rust source tree does not exist: {}	KAIN-RUNTIME-XXXX	cli
Runtime	crates/cli/src/selfhost.rs	2100	KainError::runtime	Failed to create stage2 source directory {}: {}	KAIN-RUNTIME-XXXX	cli
Runtime	crates/cli/src/selfhost.rs	2107	KainError::runtime	Failed to read roundtrip Rust source directory {}: {}	KAIN-RUNTIME-XXXX	cli
Runtime	crates/cli/src/selfhost.rs	2121	KainError::runtime	Failed to copy roundtrip Rust file {} to {}: {}	KAIN-RUNTIME-XXXX	cli
Runtime	crates/cli/src/selfhost.rs	2153	KainError::runtime	Failed to prepare a writable stage2 workspace next to {}	KAIN-RUNTIME-XXXX	cli
Runtime	crates/cli/src/selfhost.rs	2187	KainError::runtime	workspace.package must be a TOML table	KAIN-RUNTIME-XXXX	cli
Runtime	crates/cli/src/selfhost.rs	2208	KainError::runtime	Failed to serialize workspace dependency {}: {}	KAIN-RUNTIME-XXXX	cli
Runtime	crates/cli/src/selfhost.rs	2228	KainError::runtime	Failed to parse crate manifest for {}: {}	KAIN-RUNTIME-XXXX	cli
Runtime	crates/cli/src/selfhost.rs	2243	KainError::runtime	Failed to serialize crate manifest for {}: {}	KAIN-RUNTIME-XXXX	cli
Runtime	crates/cli/src/selfhost.rs	2258	KainError::runtime	package.version must be a string for stage2 manifest rewriting	KAIN-RUNTIME-XXXX	cli
Runtime	crates/cli/src/selfhost.rs	2333	KainError::runtime	Failed to run cargo build in stage2 workspace: {}	KAIN-RUNTIME-XXXX	cli
Runtime	crates/cli/src/selfhost.rs	2343	KainError::runtime	Failed to write stage2 build log {}: {}	KAIN-RUNTIME-XXXX	cli
Runtime	crates/cli/src/selfhost.rs	2732	KainError::runtime	Failed to render module: {}	KAIN-RUNTIME-XXXX	cli
Runtime	crates/cli/src/selfhost.rs	2754	KainError::runtime	Failed to render type alias: {}	KAIN-RUNTIME-XXXX	cli
Runtime	crates/cli/src/selfhost.rs	2771	KainError::runtime	Failed to render const: {}	KAIN-RUNTIME-XXXX	cli
Runtime	crates/cli/src/selfhost.rs	2778	KainError::runtime	Failed to render use: {}	KAIN-RUNTIME-XXXX	cli
Runtime	crates/cli/src/selfhost.rs	2822	KainError::runtime	Failed to render trait: {}	KAIN-RUNTIME-XXXX	cli
Runtime	crates/cli/src/selfhost.rs	2867	KainError::runtime	Failed to render function: {}	KAIN-RUNTIME-XXXX	cli
Runtime	crates/cli/src/selfhost.rs	2877	KainError::runtime	Failed to render function: {}	KAIN-RUNTIME-XXXX	cli
Runtime	crates/cli/src/selfhost.rs	2887	KainError::runtime	Failed to render function: {}	KAIN-RUNTIME-XXXX	cli
Runtime	crates/cli/src/selfhost.rs	2893	KainError::runtime	Failed to render function: {}	KAIN-RUNTIME-XXXX	cli
Runtime	crates/cli/src/selfhost.rs	2955	KainError::runtime	Failed to render function: {}	KAIN-RUNTIME-XXXX	cli
Runtime	crates/cli/src/selfhost.rs	2969	KainError::runtime	Failed to render function: {}	KAIN-RUNTIME-XXXX	cli
Runtime	crates/cli/src/selfhost.rs	3067	KainError::runtime	Failed to render function: {}	KAIN-RUNTIME-XXXX	cli
Runtime	crates/cli/src/selfhost.rs	3114	KainError::runtime	Failed to render function: {}	KAIN-RUNTIME-XXXX	cli
Runtime	crates/cli/src/selfhost.rs	3202	KainError::runtime	Failed to render function: {}	KAIN-RUNTIME-XXXX	cli
Runtime	crates/cli/src/selfhost.rs	3224	KainError::runtime	Failed to render function: {}	KAIN-RUNTIME-XXXX	cli
Runtime	crates/cli/src/selfhost.rs	3291	KainError::runtime	Failed to render function: {}	KAIN-RUNTIME-XXXX	cli
Runtime	crates/cli/src/selfhost.rs	3311	KainError::runtime	Failed to render function: {}	KAIN-RUNTIME-XXXX	cli
Runtime	crates/cli/src/selfhost.rs	3338	KainError::runtime	Failed to render function: {}	KAIN-RUNTIME-XXXX	cli
Runtime	crates/cli/src/selfhost.rs	3404	KainError::runtime	Failed to render function: {}	KAIN-RUNTIME-XXXX	cli
Runtime	crates/cli/src/selfhost.rs	3902	KainError::runtime	Failed to render function: {}	KAIN-RUNTIME-XXXX	cli
Runtime	crates/cli/src/selfhost.rs	3947	KainError::runtime	Failed to render function: {}	KAIN-RUNTIME-XXXX	cli
Runtime	crates/cli/src/selfhost.rs	4118	KainError::runtime	Failed to render function: {}	KAIN-RUNTIME-XXXX	cli
Runtime	crates/cli/src/selfhost.rs	4153	KainError::runtime	Failed to render function: {}	KAIN-RUNTIME-XXXX	cli
Runtime	crates/cli/src/selfhost.rs	4177	KainError::runtime	Failed to render function: {}	KAIN-RUNTIME-XXXX	cli
Runtime	crates/cli/src/selfhost.rs	4217	KainError::runtime	Failed to render function: {}	KAIN-RUNTIME-XXXX	cli
Runtime	crates/cli/src/selfhost.rs	4224	KainError::runtime	Failed to render function: {}	KAIN-RUNTIME-XXXX	cli
Runtime	crates/cli/src/selfhost.rs	4267	KainError::runtime	Failed to render function: {}	KAIN-RUNTIME-XXXX	cli
Runtime	crates/cli/src/selfhost.rs	4308	KainError::runtime	Failed to render function: {}	KAIN-RUNTIME-XXXX	cli
Runtime	crates/cli/src/selfhost.rs	4466	KainError::runtime	Failed to render function: {}	KAIN-RUNTIME-XXXX	cli
Runtime	crates/cli/src/selfhost.rs	4538	KainError::runtime	Failed to render function: {}	KAIN-RUNTIME-XXXX	cli
Runtime	crates/cli/src/selfhost.rs	4544	KainError::runtime	Failed to render function: {}	KAIN-RUNTIME-XXXX	cli
Runtime	crates/cli/src/selfhost.rs	4644	KainError::runtime	Failed to render function: {}	KAIN-RUNTIME-XXXX	cli
Runtime	crates/cli/src/selfhost.rs	4683	KainError::runtime	Failed to render function: {}	KAIN-RUNTIME-XXXX	cli
Runtime	crates/cli/src/selfhost.rs	4711	KainError::runtime	Failed to render function: {}	KAIN-RUNTIME-XXXX	cli
Runtime	crates/cli/src/selfhost.rs	5098	KainError::runtime	Failed to render function: {}	KAIN-RUNTIME-XXXX	cli
Runtime	crates/cli/src/selfhost.rs	5125	KainError::runtime	Failed to render function: {}	KAIN-RUNTIME-XXXX	cli
Runtime	crates/cli/src/selfhost.rs	5135	KainError::runtime	Failed to render function: {}	KAIN-RUNTIME-XXXX	cli
Runtime	crates/cli/src/selfhost.rs	5172	KainError::runtime	Failed to render struct: {}	KAIN-RUNTIME-XXXX	cli
Runtime	crates/cli/src/selfhost.rs	5230	KainError::runtime	Failed to render enum: {}	KAIN-RUNTIME-XXXX	cli
Runtime	crates/cli/src/selfhost.rs	5269	KainError::runtime	Failed to render impl: {}	KAIN-RUNTIME-XXXX	cli
Runtime	crates/cli/src/selfhost.rs	5403	KainError::runtime	Failed to render source: {}	KAIN-RUNTIME-XXXX	cli
Runtime	crates/cli/src/selfhost.rs	6580	KainError::runtime	Failed to find KAIN repo root from current directory	KAIN-RUNTIME-XXXX	cli
Runtime	crates/cli/src/selfhost_bootstrap.rs	292	KainError::runtime	selfhost bootstrap modes are mutually exclusive; choose one of --combine-only, --emit-llvm-only, --link-native, or --verify-ouroboros	KAIN-RUNTIME-XXXX	cli
Runtime	crates/cli/src/selfhost_profile.rs	57	KainError::runtime	Failed to read selfhost source profile {}: {}	KAIN-RUNTIME-XXXX	cli
Runtime	crates/cli/src/selfhost_profile.rs	64	KainError::runtime	Failed to parse selfhost source profile {}: {}	KAIN-RUNTIME-XXXX	cli
Runtime	crates/codebase/src/lib.rs	169	KainError::runtime	Failed to parse JSON: {err}	KAIN-RUNTIME-XXXX	codebase
Runtime	crates/codebase/src/lib.rs	174	KainError::runtime	Failed to encode JSON: {err}	KAIN-RUNTIME-XXXX	codebase
Runtime	crates/codebase/src/lib.rs	181	KainError::runtime	Failed to parse TOML: {err}	KAIN-RUNTIME-XXXX	codebase
Runtime	crates/codebase/src/lib.rs	183	KainError::runtime	Failed to project TOML: {err}	KAIN-RUNTIME-XXXX	codebase
Runtime	crates/codebase/src/lib.rs	188	KainError::runtime	Failed to encode TOML: {err}	KAIN-RUNTIME-XXXX	codebase
Runtime	crates/codebase/src/lib.rs	217	KainError::runtime	Failed to run command '{}' in '{}': {err}	KAIN-RUNTIME-XXXX	codebase
Runtime	crates/codebase/src/lib.rs	238	KainError::runtime	No Cargo.toml found at discovered root '{}'	KAIN-RUNTIME-XXXX	codebase
Runtime	crates/codebase/src/lib.rs	302	KainError::runtime	Failed to spawn python_call: {err}	KAIN-RUNTIME-XXXX	codebase
Runtime	crates/codebase/src/lib.rs	306	KainError::runtime	Failed to encode python_call args: {err}	KAIN-RUNTIME-XXXX	codebase
Runtime	crates/codebase/src/lib.rs	312	KainError::runtime	Failed to wait for python_call: {err}	KAIN-RUNTIME-XXXX	codebase
Runtime	crates/codebase/src/lib.rs	349	KainError::runtime	C library '{}' does not exist	KAIN-RUNTIME-XXXX	codebase
Runtime	crates/codebase/src/lib.rs	371	KainError::runtime	c_call expects args to be a JSON array	KAIN-RUNTIME-XXXX	codebase
Runtime	crates/codebase/src/lib.rs	374	KainError::runtime	Failed to load C library '{}': {err}	KAIN-RUNTIME-XXXX	codebase
Runtime	crates/codebase/src/lib.rs	422	KainError::runtime	Unsupported c_call signature '{other}'. Supported: i64(), i64(i64), i64(i64,i64), f64(), f64(f64), f64(f64,f64), void()	KAIN-RUNTIME-XXXX	codebase
Runtime	crates/codebase/src/lib.rs	457	KainError::runtime	Unable to resolve current Kain executable	KAIN-RUNTIME-XXXX	codebase
Runtime	crates/codebase/src/lib.rs	690	KainError::runtime	Failed to serialize codebase inspection: {err}	KAIN-RUNTIME-XXXX	codebase
Runtime	crates/codebase/src/lib.rs	717	KainError::runtime	Failed to serialize scan result: {err}	KAIN-RUNTIME-XXXX	codebase
Runtime	crates/codebase/src/lib.rs	730	KainError::runtime	codebase_write_json expects value	KAIN-RUNTIME-XXXX	codebase
Runtime	crates/codebase/src/lib.rs	744	KainError::runtime	codebase_write_toml expects value	KAIN-RUNTIME-XXXX	codebase
Runtime	crates/codebase/src/lib.rs	760	KainError::runtime	Failed to serialize command result: {err}	KAIN-RUNTIME-XXXX	codebase
Runtime	crates/codebase/src/lib.rs	776	KainError::runtime	Failed to serialize Cargo result: {err}	KAIN-RUNTIME-XXXX	codebase
Runtime	crates/codebase/src/lib.rs	787	KainError::runtime	Failed to serialize Cargo import result: {err}	KAIN-RUNTIME-XXXX	codebase
Runtime	crates/codebase/src/lib.rs	816	KainError::runtime	Failed to serialize Python result: {err}	KAIN-RUNTIME-XXXX	codebase
Runtime	crates/codebase/src/lib.rs	828	KainError::runtime	Failed to serialize C compile result: {err}	KAIN-RUNTIME-XXXX	codebase
Runtime	crates/codebase/src/lib.rs	857	KainError::runtime	Failed to serialize TS import result: {err}	KAIN-RUNTIME-XXXX	codebase
Runtime	crates/codebase/src/lib.rs	868	KainError::runtime	Failed to serialize TS compile result: {err}	KAIN-RUNTIME-XXXX	codebase
Runtime	crates/codebase/src/lib.rs	915	KainError::runtime	{name} failed with status {:?}: {}	KAIN-RUNTIME-XXXX	codebase
Runtime	crates/codebase/src/lib.rs	921	KainError::runtime	{name} returned non-JSON output: {err}	KAIN-RUNTIME-XXXX	codebase
Runtime	crates/codebase/src/lib.rs	933	KainError::runtime	Failed to resolve C symbol: {err}	KAIN-RUNTIME-XXXX	codebase
Runtime	crates/codebase/src/lib.rs	937	KainError::runtime	Filesystem error: {error}	KAIN-RUNTIME-XXXX	codebase
Runtime	crates/codebase/src/lib.rs	943	KainError::runtime	{name} expected i64 arg {}	KAIN-RUNTIME-XXXX	codebase
Runtime	crates/codebase/src/lib.rs	949	KainError::runtime	{name} expected f64 arg {}	KAIN-RUNTIME-XXXX	codebase
Runtime	crates/codebase/src/lib.rs	997	KainError::runtime	{name} expected argument {} to be String, got {other}	KAIN-RUNTIME-XXXX	codebase
Runtime	crates/codebase/src/lib.rs	1001	KainError::runtime	{name} expected argument {}	KAIN-RUNTIME-XXXX	codebase
Runtime	crates/codebase/src/lib.rs	1021	KainError::runtime	{name} expected args array to contain strings, got {other}	KAIN-RUNTIME-XXXX	codebase
Runtime	crates/codebase/src/lib.rs	1027	KainError::runtime	{name} expected args to be Array<String>, got {other}	KAIN-RUNTIME-XXXX	codebase
Runtime	crates/codebase/src/lib.rs	1077	KainError::runtime	Unsupported numeric value in codebase projection: {number}	KAIN-RUNTIME-XXXX	codebase
Runtime	crates/core/src/runtime.rs	183	KainError::runtime	stdin lock poisoned	KAIN-RUNTIME-XXXX	core
Runtime	crates/core/src/runtime.rs	187	KainError::runtime	stdin_read_exact failed: {}	KAIN-RUNTIME-XXXX	core
Runtime	crates/core/src/runtime.rs	189	KainError::runtime	stdin_read_exact utf8 failed: {}	KAIN-RUNTIME-XXXX	core
Runtime	crates/core/src/runtime.rs	627	KainError::runtime	spawn_cube: expected 2 arguments (x, y)	KAIN-RUNTIME-XXXX	core
Runtime	crates/core/src/runtime.rs	634	KainError::runtime	spawn_cube: x must be number	KAIN-RUNTIME-XXXX	core
Runtime	crates/core/src/runtime.rs	639	KainError::runtime	spawn_cube: y must be number	KAIN-RUNTIME-XXXX	core
Runtime	crates/core/src/runtime.rs	650	KainError::runtime	spawn_native_viewport: expected 2 arguments (x, y)	KAIN-RUNTIME-XXXX	core
Runtime	crates/core/src/runtime.rs	658	KainError::runtime	spawn_native_viewport: x must be number	KAIN-RUNTIME-XXXX	core
Runtime	crates/core/src/runtime.rs	667	KainError::runtime	spawn_native_viewport: y must be number	KAIN-RUNTIME-XXXX	core
Runtime	crates/core/src/runtime.rs	681	KainError::runtime	spawn_native_sculpt_lab: expected 2 arguments (x, y)	KAIN-RUNTIME-XXXX	core
Runtime	crates/core/src/runtime.rs	689	KainError::runtime	spawn_native_sculpt_lab: x must be number	KAIN-RUNTIME-XXXX	core
Runtime	crates/core/src/runtime.rs	698	KainError::runtime	spawn_native_sculpt_lab: y must be number	KAIN-RUNTIME-XXXX	core
Runtime	crates/core/src/runtime.rs	712	KainError::runtime	native_config_string: expected 2 arguments (key, value)	KAIN-RUNTIME-XXXX	core
Runtime	crates/core/src/runtime.rs	719	KainError::runtime	native_config_string: key must be string	KAIN-RUNTIME-XXXX	core
Runtime	crates/core/src/runtime.rs	727	KainError::runtime	native_config_string: value must be string	KAIN-RUNTIME-XXXX	core
Runtime	crates/core/src/runtime.rs	737	KainError::runtime	native_config_int: expected 2 arguments (key, value)	KAIN-RUNTIME-XXXX	core
Runtime	crates/core/src/runtime.rs	743	KainError::runtime	native_config_int: key must be string	KAIN-RUNTIME-XXXX	core
Runtime	crates/core/src/runtime.rs	747	KainError::runtime	native_config_int: value must be int	KAIN-RUNTIME-XXXX	core
Runtime	crates/core/src/runtime.rs	754	KainError::runtime	native_config_float: expected 2 arguments (key, value)	KAIN-RUNTIME-XXXX	core
Runtime	crates/core/src/runtime.rs	761	KainError::runtime	native_config_float: key must be string	KAIN-RUNTIME-XXXX	core
Runtime	crates/core/src/runtime.rs	770	KainError::runtime	native_config_float: value must be number	KAIN-RUNTIME-XXXX	core
Runtime	crates/core/src/runtime.rs	780	KainError::runtime	native_config_flag: expected 2 arguments (key, enabled)	KAIN-RUNTIME-XXXX	core
Runtime	crates/core/src/runtime.rs	786	KainError::runtime	native_config_flag: key must be string	KAIN-RUNTIME-XXXX	core
Runtime	crates/core/src/runtime.rs	792	KainError::runtime	native_config_flag: enabled must be 0 or 1	KAIN-RUNTIME-XXXX	core
Runtime	crates/core/src/runtime.rs	806	KainError::runtime	http_get: expected 1 argument (url)	KAIN-RUNTIME-XXXX	core
Runtime	crates/core/src/runtime.rs	810	KainError::runtime	http_get: argument must be string url	KAIN-RUNTIME-XXXX	core
Runtime	crates/core/src/runtime.rs	818	KainError::runtime	http_get: failed to read body: {}	KAIN-RUNTIME-XXXX	core
Runtime	crates/core/src/runtime.rs	823	KainError::runtime	http_get: request failed: {}	KAIN-RUNTIME-XXXX	core
Runtime	crates/core/src/runtime.rs	832	KainError::runtime	http_post: expected 2 arguments (url, json_string)	KAIN-RUNTIME-XXXX	core
Runtime	crates/core/src/runtime.rs	838	KainError::runtime	http_post: url must be string	KAIN-RUNTIME-XXXX	core
Runtime	crates/core/src/runtime.rs	842	KainError::runtime	http_post: body must be string	KAIN-RUNTIME-XXXX	core
Runtime	crates/core/src/runtime.rs	856	KainError::runtime	http_post: failed to read response: {}	KAIN-RUNTIME-XXXX	core
Runtime	crates/core/src/runtime.rs	861	KainError::runtime	http_post: request failed: {}	KAIN-RUNTIME-XXXX	core
Runtime	crates/core/src/runtime.rs	912	KainError::runtime	json_parse: expected 1 argument (string)	KAIN-RUNTIME-XXXX	core
Runtime	crates/core/src/runtime.rs	918	KainError::runtime	json_parse: argument must be string	KAIN-RUNTIME-XXXX	core
Runtime	crates/core/src/runtime.rs	951	KainError::runtime	json_parse: invalid json: {}	KAIN-RUNTIME-XXXX	core
Runtime	crates/core/src/runtime.rs	960	KainError::runtime	json_string: expected 1 argument	KAIN-RUNTIME-XXXX	core
Runtime	crates/core/src/runtime.rs	966	KainError::runtime	json_any_kind: expected 1 argument	KAIN-RUNTIME-XXXX	core
Runtime	crates/core/src/runtime.rs	972	KainError::runtime	json_any_to_int: expected 1 argument	KAIN-RUNTIME-XXXX	core
Runtime	crates/core/src/runtime.rs	986	KainError::runtime	json_any_to_float: expected 1 argument	KAIN-RUNTIME-XXXX	core
Runtime	crates/core/src/runtime.rs	1006	KainError::runtime	json_any_to_string: expected 1 argument	KAIN-RUNTIME-XXXX	core
Runtime	crates/core/src/runtime.rs	1018	KainError::runtime	json_get: expected 2 arguments (object, key)	KAIN-RUNTIME-XXXX	core
Runtime	crates/core/src/runtime.rs	1026	KainError::runtime	json_get: first argument must be a struct-backed json object	KAIN-RUNTIME-XXXX	core
Runtime	crates/core/src/runtime.rs	1033	KainError::runtime	json_get: key must be a string	KAIN-RUNTIME-XXXX	core
Runtime	crates/core/src/runtime.rs	1045	KainError::runtime	json_get_string: expected 2 arguments (object, key)	KAIN-RUNTIME-XXXX	core
Runtime	crates/core/src/runtime.rs	1053	KainError::runtime	json_get_string: first argument must be a struct-backed json object	KAIN-RUNTIME-XXXX	core
Runtime	crates/core/src/runtime.rs	1060	KainError::runtime	json_get_string: key must be a string	KAIN-RUNTIME-XXXX	core
Runtime	crates/core/src/runtime.rs	1065	KainError::runtime	json_get_string: key '{}' did not contain a string (found {:?})	KAIN-RUNTIME-XXXX	core
Runtime	crates/core/src/runtime.rs	1069	KainError::runtime	json_get_string: missing key '{}'	KAIN-RUNTIME-XXXX	core
Runtime	crates/core/src/runtime.rs	1077	KainError::runtime	json_get_int: expected 2 arguments (object, key)	KAIN-RUNTIME-XXXX	core
Runtime	crates/core/src/runtime.rs	1085	KainError::runtime	json_get_int: first argument must be a struct-backed json object	KAIN-RUNTIME-XXXX	core
Runtime	crates/core/src/runtime.rs	1092	KainError::runtime	json_get_int: key must be a string	KAIN-RUNTIME-XXXX	core
Runtime	crates/core/src/runtime.rs	1098	KainError::runtime	json_get_int: key '{}' did not contain an int-like value (found {:?})	KAIN-RUNTIME-XXXX	core
Runtime	crates/core/src/runtime.rs	1102	KainError::runtime	json_get_int: missing key '{}'	KAIN-RUNTIME-XXXX	core
Runtime	crates/core/src/runtime.rs	1110	KainError::runtime	json_get_float: expected 2 arguments (object, key)	KAIN-RUNTIME-XXXX	core
Runtime	crates/core/src/runtime.rs	1118	KainError::runtime	json_get_float: first argument must be a struct-backed json object	KAIN-RUNTIME-XXXX	core
Runtime	crates/core/src/runtime.rs	1125	KainError::runtime	json_get_float: key must be a string	KAIN-RUNTIME-XXXX	core
Runtime	crates/core/src/runtime.rs	1131	KainError::runtime	json_get_float: key '{}' did not contain a float-like value (found {:?})	KAIN-RUNTIME-XXXX	core
Runtime	crates/core/src/runtime.rs	1135	KainError::runtime	json_get_float: missing key '{}'	KAIN-RUNTIME-XXXX	core
Runtime	crates/core/src/runtime.rs	1143	KainError::runtime	json_get_bool: expected 2 arguments (object, key)	KAIN-RUNTIME-XXXX	core
Runtime	crates/core/src/runtime.rs	1151	KainError::runtime	json_get_bool: first argument must be a struct-backed json object	KAIN-RUNTIME-XXXX	core
Runtime	crates/core/src/runtime.rs	1158	KainError::runtime	json_get_bool: key must be a string	KAIN-RUNTIME-XXXX	core
Runtime	crates/core/src/runtime.rs	1163	KainError::runtime	json_get_bool: key '{}' did not contain a bool (found {:?})	KAIN-RUNTIME-XXXX	core
Runtime	crates/core/src/runtime.rs	1167	KainError::runtime	json_get_bool: missing key '{}'	KAIN-RUNTIME-XXXX	core
Runtime	crates/core/src/runtime.rs	1175	KainError::runtime	json_has: expected 2 arguments (object, key)	KAIN-RUNTIME-XXXX	core
Runtime	crates/core/src/runtime.rs	1183	KainError::runtime	json_has: first argument must be a struct-backed json object	KAIN-RUNTIME-XXXX	core
Runtime	crates/core/src/runtime.rs	1190	KainError::runtime	json_has: key must be a string	KAIN-RUNTIME-XXXX	core
Runtime	crates/core/src/runtime.rs	1197	KainError::runtime	json_object_new: expected 0 arguments	KAIN-RUNTIME-XXXX	core
Runtime	crates/core/src/runtime.rs	1207	KainError::runtime	json_object_set: expected 3 arguments (object, key, value)	KAIN-RUNTIME-XXXX	core
Runtime	crates/core/src/runtime.rs	1215	KainError::runtime	json_object_set: first argument must be a struct-backed json object	KAIN-RUNTIME-XXXX	core
Runtime	crates/core/src/runtime.rs	1222	KainError::runtime	json_object_set: key must be a string	KAIN-RUNTIME-XXXX	core
Runtime	crates/core/src/runtime.rs	1230	KainError::runtime	json_array_new: expected 0 arguments	KAIN-RUNTIME-XXXX	core
Runtime	crates/core/src/runtime.rs	1237	KainError::runtime	json_array_push: expected 2 arguments (array, value)	KAIN-RUNTIME-XXXX	core
Runtime	crates/core/src/runtime.rs	1245	KainError::runtime	json_array_push: first argument must be an array	KAIN-RUNTIME-XXXX	core
Runtime	crates/core/src/runtime.rs	1256	KainError::runtime	json_array_len: expected 1 argument (array)	KAIN-RUNTIME-XXXX	core
Runtime	crates/core/src/runtime.rs	1264	KainError::runtime	json_array_len: argument must be an array	KAIN-RUNTIME-XXXX	core
Runtime	crates/core/src/runtime.rs	1274	KainError::runtime	json_array_get: expected 2 arguments (array, index)	KAIN-RUNTIME-XXXX	core
Runtime	crates/core/src/runtime.rs	1282	KainError::runtime	json_array_get: first argument must be an array	KAIN-RUNTIME-XXXX	core
Runtime	crates/core/src/runtime.rs	1290	KainError::runtime	json_array_get: index must be non-negative	KAIN-RUNTIME-XXXX	core
Runtime	crates/core/src/runtime.rs	1294	KainError::runtime	json_array_get: index must be an int	KAIN-RUNTIME-XXXX	core
Runtime	crates/core/src/runtime.rs	1316	KainError::runtime	Some: expected 1 argument	KAIN-RUNTIME-XXXX	core
Runtime	crates/core/src/runtime.rs	1359	KainError::runtime	min: expected 2 arguments	KAIN-RUNTIME-XXXX	core
Runtime	crates/core/src/runtime.rs	1364	KainError::runtime	min: arguments must be numbers	KAIN-RUNTIME-XXXX	core
Runtime	crates/core/src/runtime.rs	1370	KainError::runtime	max: expected 2 arguments	KAIN-RUNTIME-XXXX	core
Runtime	crates/core/src/runtime.rs	1375	KainError::runtime	max: arguments must be numbers	KAIN-RUNTIME-XXXX	core
Runtime	crates/core/src/runtime.rs	1381	KainError::runtime	abs: expected 1 argument	KAIN-RUNTIME-XXXX	core
Runtime	crates/core/src/runtime.rs	1386	KainError::runtime	abs: argument must be number	KAIN-RUNTIME-XXXX	core
Runtime	crates/core/src/runtime.rs	1392	KainError::runtime	sqrt: expected 1 argument	KAIN-RUNTIME-XXXX	core
Runtime	crates/core/src/runtime.rs	1397	KainError::runtime	sqrt: argument must be number	KAIN-RUNTIME-XXXX	core
Runtime	crates/core/src/runtime.rs	1416	KainError::runtime	sleep: expected 1 argument (ms)	KAIN-RUNTIME-XXXX	core
Runtime	crates/core/src/runtime.rs	1423	KainError::runtime	sleep: argument must be int	KAIN-RUNTIME-XXXX	core
Runtime	crates/core/src/runtime.rs	1430	KainError::runtime	len: expected 1 argument	KAIN-RUNTIME-XXXX	core
Runtime	crates/core/src/runtime.rs	1435	KainError::runtime	len: argument must be string or array	KAIN-RUNTIME-XXXX	core
Runtime	crates/core/src/runtime.rs	1442	KainError::runtime	ord: expected 1 argument	KAIN-RUNTIME-XXXX	core
Runtime	crates/core/src/runtime.rs	1449	KainError::runtime	ord: empty string	KAIN-RUNTIME-XXXX	core
Runtime	crates/core/src/runtime.rs	1452	KainError::runtime	ord: argument must be string	KAIN-RUNTIME-XXXX	core
Runtime	crates/core/src/runtime.rs	1459	KainError::runtime	chr: expected 1 argument	KAIN-RUNTIME-XXXX	core
Runtime	crates/core/src/runtime.rs	1466	KainError::runtime	chr: invalid code point	KAIN-RUNTIME-XXXX	core
Runtime	crates/core/src/runtime.rs	1469	KainError::runtime	chr: argument must be int	KAIN-RUNTIME-XXXX	core
Runtime	crates/core/src/runtime.rs	1475	KainError::runtime	first: expected 1 argument	KAIN-RUNTIME-XXXX	core
Runtime	crates/core/src/runtime.rs	1481	KainError::runtime	first: empty array	KAIN-RUNTIME-XXXX	core
Runtime	crates/core/src/runtime.rs	1485	KainError::runtime	first: argument must be array	KAIN-RUNTIME-XXXX	core
Runtime	crates/core/src/runtime.rs	1491	KainError::runtime	last: expected 1 argument	KAIN-RUNTIME-XXXX	core
Runtime	crates/core/src/runtime.rs	1497	KainError::runtime	last: empty array	KAIN-RUNTIME-XXXX	core
Runtime	crates/core/src/runtime.rs	1501	KainError::runtime	last: argument must be array	KAIN-RUNTIME-XXXX	core
Runtime	crates/core/src/runtime.rs	1507	KainError::runtime	push: expected 2 arguments	KAIN-RUNTIME-XXXX	core
Runtime	crates/core/src/runtime.rs	1514	KainError::runtime	push: first argument must be array	KAIN-RUNTIME-XXXX	core
Runtime	crates/core/src/runtime.rs	1521	KainError::runtime	range: expected 2 arguments	KAIN-RUNTIME-XXXX	core
Runtime	crates/core/src/runtime.rs	1525	KainError::runtime	range: expected int	KAIN-RUNTIME-XXXX	core
Runtime	crates/core/src/runtime.rs	1529	KainError::runtime	range: expected int	KAIN-RUNTIME-XXXX	core
Runtime	crates/core/src/runtime.rs	1539	KainError::runtime	first: expected 1 argument	KAIN-RUNTIME-XXXX	core
Runtime	crates/core/src/runtime.rs	1547	KainError::runtime	Array is empty	KAIN-RUNTIME-XXXX	core
Runtime	crates/core/src/runtime.rs	1552	KainError::runtime	String is empty	KAIN-RUNTIME-XXXX	core
Runtime	crates/core/src/runtime.rs	1553	KainError::runtime	first: expected array or string	KAIN-RUNTIME-XXXX	core
Runtime	crates/core/src/runtime.rs	1559	KainError::runtime	last: expected 1 argument	KAIN-RUNTIME-XXXX	core
Runtime	crates/core/src/runtime.rs	1567	KainError::runtime	Array is empty	KAIN-RUNTIME-XXXX	core
Runtime	crates/core/src/runtime.rs	1572	KainError::runtime	String is empty	KAIN-RUNTIME-XXXX	core
Runtime	crates/core/src/runtime.rs	1573	KainError::runtime	last: expected array or string	KAIN-RUNTIME-XXXX	core
Runtime	crates/core/src/runtime.rs	1579	KainError::runtime	reverse: expected 1 argument	KAIN-RUNTIME-XXXX	core
Runtime	crates/core/src/runtime.rs	1588	KainError::runtime	reverse: expected array or string	KAIN-RUNTIME-XXXX	core
Runtime	crates/core/src/runtime.rs	1594	KainError::runtime	sum: expected 1 argument	KAIN-RUNTIME-XXXX	core
Runtime	crates/core/src/runtime.rs	1603	KainError::runtime	sum: array must contain integers	KAIN-RUNTIME-XXXX	core
Runtime	crates/core/src/runtime.rs	1609	KainError::runtime	sum: expected array	KAIN-RUNTIME-XXXX	core
Runtime	crates/core/src/runtime.rs	1616	KainError::runtime	type_of: expected 1 argument	KAIN-RUNTIME-XXXX	core
Runtime	crates/core/src/runtime.rs	1653	KainError::runtime	variant_of: expected 1 argument	KAIN-RUNTIME-XXXX	core
Runtime	crates/core/src/runtime.rs	1665	KainError::runtime	variant_field: expected 2 arguments (enum, index)	KAIN-RUNTIME-XXXX	core
Runtime	crates/core/src/runtime.rs	1671	KainError::runtime	variant_field: index must be int	KAIN-RUNTIME-XXXX	core
Runtime	crates/core/src/runtime.rs	1697	KainError::runtime	variant_field: index {} out of bounds (has {} fields)	KAIN-RUNTIME-XXXX	core
Runtime	crates/core/src/runtime.rs	1704	KainError::runtime	variant_field: first argument must be enum variant	KAIN-RUNTIME-XXXX	core
Runtime	crates/core/src/runtime.rs	1712	KainError::runtime	str: expected 1 argument	KAIN-RUNTIME-XXXX	core
Runtime	crates/core/src/runtime.rs	1719	KainError::runtime	int: expected 1 argument	KAIN-RUNTIME-XXXX	core
Runtime	crates/core/src/runtime.rs	1727	KainError::runtime	Invalid int string	KAIN-RUNTIME-XXXX	core
Runtime	crates/core/src/runtime.rs	1728	KainError::runtime	int: argument must be number or string	KAIN-RUNTIME-XXXX	core
Runtime	crates/core/src/runtime.rs	1734	KainError::runtime	float: expected 1 argument	KAIN-RUNTIME-XXXX	core
Runtime	crates/core/src/runtime.rs	1742	KainError::runtime	Invalid float string	KAIN-RUNTIME-XXXX	core
Runtime	crates/core/src/runtime.rs	1743	KainError::runtime	float: argument must be number or string	KAIN-RUNTIME-XXXX	core
Runtime	crates/core/src/runtime.rs	1752	KainError::runtime	ok: expected 1 argument	KAIN-RUNTIME-XXXX	core
Runtime	crates/core/src/runtime.rs	1759	KainError::runtime	err: expected 1 argument	KAIN-RUNTIME-XXXX	core
Runtime	crates/core/src/runtime.rs	1766	KainError::runtime	sleep: expected 1 argument	KAIN-RUNTIME-XXXX	core
Runtime	crates/core/src/runtime.rs	1777	KainError::runtime	sleep: expected number	KAIN-RUNTIME-XXXX	core
Runtime	crates/core/src/runtime.rs	1794	KainError::runtime	map: expected 2 arguments (array, function)	KAIN-RUNTIME-XXXX	core
Runtime	crates/core/src/runtime.rs	1800	KainError::runtime	map: first argument must be an array	KAIN-RUNTIME-XXXX	core
Runtime	crates/core/src/runtime.rs	1813	KainError::runtime	filter: expected 2 arguments (array, function)	KAIN-RUNTIME-XXXX	core
Runtime	crates/core/src/runtime.rs	1820	KainError::runtime	filter: first argument must be an array	KAIN-RUNTIME-XXXX	core
Runtime	crates/core/src/runtime.rs	1832	KainError::runtime	filter: function must return bool	KAIN-RUNTIME-XXXX	core
Runtime	crates/core/src/runtime.rs	1840	KainError::runtime	reduce: expected 3 arguments (array, initial, function)	KAIN-RUNTIME-XXXX	core
Runtime	crates/core/src/runtime.rs	1847	KainError::runtime	reduce: first argument must be an array	KAIN-RUNTIME-XXXX	core
Runtime	crates/core/src/runtime.rs	1862	KainError::runtime	foreach: expected 2 arguments (array, function)	KAIN-RUNTIME-XXXX	core
Runtime	crates/core/src/runtime.rs	1869	KainError::runtime	foreach: first argument must be an array	KAIN-RUNTIME-XXXX	core
Runtime	crates/core/src/runtime.rs	1969	KainError::runtime	split: expected 2 arguments (string, delimiter)	KAIN-RUNTIME-XXXX	core
Runtime	crates/core/src/runtime.rs	1975	KainError::runtime	split: first argument must be a string	KAIN-RUNTIME-XXXX	core
Runtime	crates/core/src/runtime.rs	1980	KainError::runtime	split: second argument must be a string	KAIN-RUNTIME-XXXX	core
Runtime	crates/core/src/runtime.rs	1998	KainError::runtime	join: expected 2 arguments (array, delimiter)	KAIN-RUNTIME-XXXX	core
Runtime	crates/core/src/runtime.rs	2004	KainError::runtime	join: first argument must be an array	KAIN-RUNTIME-XXXX	core
Runtime	crates/core/src/runtime.rs	2008	KainError::runtime	join: second argument must be a string	KAIN-RUNTIME-XXXX	core
Runtime	crates/core/src/runtime.rs	2016	KainError::runtime	trim: expected 1 argument (string)	KAIN-RUNTIME-XXXX	core
Runtime	crates/core/src/runtime.rs	2020	KainError::runtime	trim: argument must be a string	KAIN-RUNTIME-XXXX	core
Runtime	crates/core/src/runtime.rs	2026	KainError::runtime	to_upper: expected 1 argument (string)	KAIN-RUNTIME-XXXX	core
Runtime	crates/core/src/runtime.rs	2030	KainError::runtime	to_upper: argument must be a string	KAIN-RUNTIME-XXXX	core
Runtime	crates/core/src/runtime.rs	2036	KainError::runtime	upper: expected 1 argument (string)	KAIN-RUNTIME-XXXX	core
Runtime	crates/core/src/runtime.rs	2040	KainError::runtime	upper: argument must be a string	KAIN-RUNTIME-XXXX	core
Runtime	crates/core/src/runtime.rs	2046	KainError::runtime	to_lower: expected 1 argument (string)	KAIN-RUNTIME-XXXX	core
Runtime	crates/core/src/runtime.rs	2050	KainError::runtime	to_lower: argument must be a string	KAIN-RUNTIME-XXXX	core
Runtime	crates/core/src/runtime.rs	2056	KainError::runtime	lower: expected 1 argument (string)	KAIN-RUNTIME-XXXX	core
Runtime	crates/core/src/runtime.rs	2060	KainError::runtime	lower: argument must be a string	KAIN-RUNTIME-XXXX	core
Runtime	crates/core/src/runtime.rs	2066	KainError::runtime	contains: expected 2 arguments (string, pattern)	KAIN-RUNTIME-XXXX	core
Runtime	crates/core/src/runtime.rs	2085	KainError::runtime	contains: first argument must be a string or array	KAIN-RUNTIME-XXXX	core
Runtime	crates/core/src/runtime.rs	2093	KainError::runtime	contains: second argument must be a string	KAIN-RUNTIME-XXXX	core
Runtime	crates/core/src/runtime.rs	2103	KainError::runtime	starts_with: expected 2 arguments	KAIN-RUNTIME-XXXX	core
Runtime	crates/core/src/runtime.rs	2107	KainError::runtime	expected string	KAIN-RUNTIME-XXXX	core
Runtime	crates/core/src/runtime.rs	2111	KainError::runtime	expected string	KAIN-RUNTIME-XXXX	core
Runtime	crates/core/src/runtime.rs	2118	KainError::runtime	ends_with: expected 2 arguments	KAIN-RUNTIME-XXXX	core
Runtime	crates/core/src/runtime.rs	2122	KainError::runtime	expected string	KAIN-RUNTIME-XXXX	core
Runtime	crates/core/src/runtime.rs	2126	KainError::runtime	expected string	KAIN-RUNTIME-XXXX	core
Runtime	crates/core/src/runtime.rs	2133	KainError::runtime	replace: expected 3 arguments (string, from, to)	KAIN-RUNTIME-XXXX	core
Runtime	crates/core/src/runtime.rs	2139	KainError::runtime	expected string	KAIN-RUNTIME-XXXX	core
Runtime	crates/core/src/runtime.rs	2143	KainError::runtime	expected string	KAIN-RUNTIME-XXXX	core
Runtime	crates/core/src/runtime.rs	2147	KainError::runtime	expected string	KAIN-RUNTIME-XXXX	core
Runtime	crates/core/src/runtime.rs	2154	KainError::runtime	char_at: expected 2 arguments	KAIN-RUNTIME-XXXX	core
Runtime	crates/core/src/runtime.rs	2158	KainError::runtime	expected string	KAIN-RUNTIME-XXXX	core
Runtime	crates/core/src/runtime.rs	2162	KainError::runtime	expected int	KAIN-RUNTIME-XXXX	core
Runtime	crates/core/src/runtime.rs	2175	KainError::runtime	substring: expected 2-3 arguments (string, start, [end])	KAIN-RUNTIME-XXXX	core
Runtime	crates/core/src/runtime.rs	2182	KainError::runtime	substring: first argument must be a string	KAIN-RUNTIME-XXXX	core
Runtime	crates/core/src/runtime.rs	2190	KainError::runtime	substring: second argument must be an integer	KAIN-RUNTIME-XXXX	core
Runtime	crates/core/src/runtime.rs	2199	KainError::runtime	substring: third argument must be an integer	KAIN-RUNTIME-XXXX	core
Runtime	crates/core/src/runtime.rs	2212	KainError::runtime	find_substring_from: expected 3 arguments (string, needle, start)	KAIN-RUNTIME-XXXX	core
Runtime	crates/core/src/runtime.rs	2219	KainError::runtime	find_substring_from: first argument must be a string	KAIN-RUNTIME-XXXX	core
Runtime	crates/core/src/runtime.rs	2227	KainError::runtime	find_substring_from: second argument must be a string	KAIN-RUNTIME-XXXX	core
Runtime	crates/core/src/runtime.rs	2235	KainError::runtime	find_substring_from: third argument must be an integer	KAIN-RUNTIME-XXXX	core
Runtime	crates/core/src/runtime.rs	2260	KainError::runtime	byte_at: expected 2 arguments	KAIN-RUNTIME-XXXX	core
Runtime	crates/core/src/runtime.rs	2265	KainError::runtime	byte_at: first argument must be a string	KAIN-RUNTIME-XXXX	core
Runtime	crates/core/src/runtime.rs	2273	KainError::runtime	byte_at: second argument must be an integer	KAIN-RUNTIME-XXXX	core
Runtime	crates/core/src/runtime.rs	2291	KainError::runtime	send: expected at least 2 arguments (actor, msg_name)	KAIN-RUNTIME-XXXX	core
Runtime	crates/core/src/runtime.rs	2297	KainError::runtime	send: first argument must be actor ref	KAIN-RUNTIME-XXXX	core
Runtime	crates/core/src/runtime.rs	2302	KainError::runtime	send: second argument must be message name	KAIN-RUNTIME-XXXX	core
Runtime	crates/core/src/runtime.rs	2320	KainError::runtime	ask: expected 3 arguments (actor, msg_name, request)	KAIN-RUNTIME-XXXX	core
Runtime	crates/core/src/runtime.rs	2327	KainError::runtime	ask: first argument must be actor ref	KAIN-RUNTIME-XXXX	core
Runtime	crates/core/src/runtime.rs	2331	KainError::runtime	ask: second argument must be string	KAIN-RUNTIME-XXXX	core
Runtime	crates/core/src/runtime.rs	2354	KainError::runtime	ask: failed to send request to target actor	KAIN-RUNTIME-XXXX	core
Runtime	crates/core/src/runtime.rs	2365	KainError::runtime	ask: timed out waiting for actor reply	KAIN-RUNTIME-XXXX	core
Runtime	crates/core/src/runtime.rs	2370	KainError::runtime	ask_timeout: expected 4 arguments (actor, msg_name, request, timeout_ms)	KAIN-RUNTIME-XXXX	core
Runtime	crates/core/src/runtime.rs	2378	KainError::runtime	ask_timeout: first argument must be actor ref	KAIN-RUNTIME-XXXX	core
Runtime	crates/core/src/runtime.rs	2386	KainError::runtime	ask_timeout: second argument must be string	KAIN-RUNTIME-XXXX	core
Runtime	crates/core/src/runtime.rs	2394	KainError::runtime	ask_timeout: timeout must be non-negative	KAIN-RUNTIME-XXXX	core
Runtime	crates/core/src/runtime.rs	2398	KainError::runtime	ask_timeout: timeout must be an int	KAIN-RUNTIME-XXXX	core
Runtime	crates/core/src/runtime.rs	2421	KainError::runtime	ask_timeout: failed to send request to target actor	KAIN-RUNTIME-XXXX	core
Runtime	crates/core/src/runtime.rs	2432	KainError::runtime	ask_timeout: timed out waiting for actor reply after {} ms	KAIN-RUNTIME-XXXX	core
Runtime	crates/core/src/runtime.rs	2441	KainError::runtime	sleep: expected 1 argument (ms)	KAIN-RUNTIME-XXXX	core
Runtime	crates/core/src/runtime.rs	2445	KainError::runtime	sleep: expected int	KAIN-RUNTIME-XXXX	core
Runtime	crates/core/src/runtime.rs	2474	KainError::runtime	env: expected 1 argument	KAIN-RUNTIME-XXXX	core
Runtime	crates/core/src/runtime.rs	2481	KainError::runtime	env: expected string key	KAIN-RUNTIME-XXXX	core
Runtime	crates/core/src/runtime.rs	2486	KainError::runtime	cwd: expected 0 arguments	KAIN-RUNTIME-XXXX	core
Runtime	crates/core/src/runtime.rs	2490	KainError::runtime	cwd failed: {}	KAIN-RUNTIME-XXXX	core
Runtime	crates/core/src/runtime.rs	2512	KainError::runtime	cwd failed: {}	KAIN-RUNTIME-XXXX	core
Runtime	crates/core/src/runtime.rs	2517	KainError::runtime	command_run: expected 3 arguments (program, args, workdir)	KAIN-RUNTIME-XXXX	core
Runtime	crates/core/src/runtime.rs	2524	KainError::runtime	command_run: program must be a string	KAIN-RUNTIME-XXXX	core
Runtime	crates/core/src/runtime.rs	2529	KainError::runtime	command_run: args must be an array of strings	KAIN-RUNTIME-XXXX	core
Runtime	crates/core/src/runtime.rs	2539	KainError::runtime	command_run: args must contain only strings, found {:?}	KAIN-RUNTIME-XXXX	core
Runtime	crates/core/src/runtime.rs	2548	KainError::runtime	command_run: workdir must be a string	KAIN-RUNTIME-XXXX	core
Runtime	crates/core/src/runtime.rs	2603	KainError::runtime	assert: expected condition	KAIN-RUNTIME-XXXX	core
Runtime	crates/core/src/runtime.rs	2638	KainError::runtime	int: expected 1 argument	KAIN-RUNTIME-XXXX	core
Runtime	crates/core/src/runtime.rs	2646	KainError::runtime	Cannot parse '{}' as int	KAIN-RUNTIME-XXXX	core
Runtime	crates/core/src/runtime.rs	2648	KainError::runtime	int: cannot convert this type	KAIN-RUNTIME-XXXX	core
Runtime	crates/core/src/runtime.rs	2654	KainError::runtime	float: expected 1 argument	KAIN-RUNTIME-XXXX	core
Runtime	crates/core/src/runtime.rs	2662	KainError::runtime	Cannot parse '{}' as float	KAIN-RUNTIME-XXXX	core
Runtime	crates/core/src/runtime.rs	2663	KainError::runtime	float: cannot convert this type	KAIN-RUNTIME-XXXX	core
Runtime	crates/core/src/runtime.rs	2669	KainError::runtime	str: expected 1 argument	KAIN-RUNTIME-XXXX	core
Runtime	crates/core/src/runtime.rs	2677	KainError::runtime	to_string: expected 1 argument	KAIN-RUNTIME-XXXX	core
Runtime	crates/core/src/runtime.rs	2684	KainError::runtime	bool: expected 1 argument	KAIN-RUNTIME-XXXX	core
Runtime	crates/core/src/runtime.rs	2701	KainError::runtime	to_int: expected 1 argument	KAIN-RUNTIME-XXXX	core
Runtime	crates/core/src/runtime.rs	2709	KainError::runtime	Cannot parse '{}' as int	KAIN-RUNTIME-XXXX	core
Runtime	crates/core/src/runtime.rs	2711	KainError::runtime	to_int: cannot convert this type	KAIN-RUNTIME-XXXX	core
Runtime	crates/core/src/runtime.rs	2718	KainError::runtime	sqrt: expected 1 argument	KAIN-RUNTIME-XXXX	core
Runtime	crates/core/src/runtime.rs	2723	KainError::runtime	sqrt: expected number	KAIN-RUNTIME-XXXX	core
Runtime	crates/core/src/runtime.rs	2729	KainError::runtime	sin: expected 1 argument	KAIN-RUNTIME-XXXX	core
Runtime	crates/core/src/runtime.rs	2734	KainError::runtime	sin: expected number	KAIN-RUNTIME-XXXX	core
Runtime	crates/core/src/runtime.rs	2740	KainError::runtime	cos: expected 1 argument	KAIN-RUNTIME-XXXX	core
Runtime	crates/core/src/runtime.rs	2745	KainError::runtime	cos: expected number	KAIN-RUNTIME-XXXX	core
Runtime	crates/core/src/runtime.rs	2751	KainError::runtime	tan: expected 1 argument	KAIN-RUNTIME-XXXX	core
Runtime	crates/core/src/runtime.rs	2756	KainError::runtime	tan: expected number	KAIN-RUNTIME-XXXX	core
Runtime	crates/core/src/runtime.rs	2768	KainError::runtime	stdout_write: expected 1 argument (string)	KAIN-RUNTIME-XXXX	core
Runtime	crates/core/src/runtime.rs	2774	KainError::runtime	stdout_write: argument must be string	KAIN-RUNTIME-XXXX	core
Runtime	crates/core/src/runtime.rs	2779	KainError::runtime	stdout_write failed: {}	KAIN-RUNTIME-XXXX	core
Runtime	crates/core/src/runtime.rs	2782	KainError::runtime	stdout_write flush failed: {}	KAIN-RUNTIME-XXXX	core
Runtime	crates/core/src/runtime.rs	2789	KainError::runtime	stderr_write: expected 1 argument (string)	KAIN-RUNTIME-XXXX	core
Runtime	crates/core/src/runtime.rs	2795	KainError::runtime	stderr_write: argument must be string	KAIN-RUNTIME-XXXX	core
Runtime	crates/core/src/runtime.rs	2800	KainError::runtime	stderr_write failed: {}	KAIN-RUNTIME-XXXX	core
Runtime	crates/core/src/runtime.rs	2803	KainError::runtime	stderr_write flush failed: {}	KAIN-RUNTIME-XXXX	core
Runtime	crates/core/src/runtime.rs	2809	KainError::runtime	stdin_read_exact: expected 1 argument (length)	KAIN-RUNTIME-XXXX	core
Runtime	crates/core/src/runtime.rs	2816	KainError::runtime	stdin_read_exact: length must be non-negative	KAIN-RUNTIME-XXXX	core
Runtime	crates/core/src/runtime.rs	2821	KainError::runtime	stdin_read_exact: argument must be an integer	KAIN-RUNTIME-XXXX	core
Runtime	crates/core/src/runtime.rs	3053	KainError::runtime	kain_input_trace_json: {err}	KAIN-RUNTIME-XXXX	core
Runtime	crates/core/src/runtime.rs	3063	KainError::runtime	kain_input_replay_trace_json: {err}	KAIN-RUNTIME-XXXX	core
Runtime	crates/core/src/runtime.rs	3676	KainError::runtime	fs_watch: {error}	KAIN-RUNTIME-XXXX	core
Runtime	crates/core/src/runtime.rs	3686	KainError::runtime	fs_watch_poll: watcher {id} does not exist	KAIN-RUNTIME-XXXX	core
Runtime	crates/core/src/runtime.rs	3782	KainError::runtime	fs_tx_commit: transaction {id} does not exist	KAIN-RUNTIME-XXXX	core
Runtime	crates/core/src/runtime.rs	3795	KainError::runtime	fs_tx_rollback: transaction {id} does not exist	KAIN-RUNTIME-XXXX	core
Runtime	crates/core/src/runtime.rs	3830	KainError::runtime	patch_replay: expected 1 integer argument (history_index)	KAIN-RUNTIME-XXXX	core
Runtime	crates/core/src/runtime.rs	3835	KainError::runtime	patch_replay: history_index must be non-negative	KAIN-RUNTIME-XXXX	core
Runtime	crates/core/src/runtime.rs	3847	KainError::runtime	block_on: expected 1 argument (future)	KAIN-RUNTIME-XXXX	core
Runtime	crates/core/src/runtime.rs	3857	KainError::runtime	spawn_task: expected 1 argument (future)	KAIN-RUNTIME-XXXX	core
Runtime	crates/core/src/runtime.rs	3871	KainError::runtime	poll_once: expected 1 argument (future)	KAIN-RUNTIME-XXXX	core
Runtime	crates/core/src/runtime.rs	3882	KainError::runtime	is_ready: expected 1 argument	KAIN-RUNTIME-XXXX	core
Runtime	crates/core/src/runtime.rs	3895	KainError::runtime	is_pending: expected 1 argument	KAIN-RUNTIME-XXXX	core
Runtime	crates/core/src/runtime.rs	3908	KainError::runtime	unwrap_ready: expected 1 argument	KAIN-RUNTIME-XXXX	core
Runtime	crates/core/src/runtime.rs	3915	KainError::runtime	unwrap_ready: called on Poll::Pending	KAIN-RUNTIME-XXXX	core
Runtime	crates/core/src/runtime.rs	3925	KainError::runtime	unwrap_ready: called on Poll::Pending	KAIN-RUNTIME-XXXX	core
Runtime	crates/core/src/runtime.rs	3927	KainError::runtime	unwrap_ready: expected Poll value	KAIN-RUNTIME-XXXX	core
Runtime	crates/core/src/runtime.rs	3984	KainError::runtime	abi_fs_read_text_range: {}	KAIN-RUNTIME-XXXX	core
Runtime	crates/core/src/runtime.rs	4013	KainError::runtime	abi_fs_append_text: {}	KAIN-RUNTIME-XXXX	core
Runtime	crates/core/src/runtime.rs	4016	KainError::runtime	abi_fs_append_text: {}	KAIN-RUNTIME-XXXX	core
Runtime	crates/core/src/runtime.rs	4029	KainError::runtime	abi_fs_append_text_len: {}	KAIN-RUNTIME-XXXX	core
Runtime	crates/core/src/runtime.rs	4032	KainError::runtime	abi_fs_append_text_len: {}	KAIN-RUNTIME-XXXX	core
Runtime	crates/core/src/runtime.rs	4058	KainError::runtime	abi_fs_read_bytes_hex: {}	KAIN-RUNTIME-XXXX	core
Runtime	crates/core/src/runtime.rs	4071	KainError::runtime	abi_fs_read_byte_range_hex: {}	KAIN-RUNTIME-XXXX	core
Runtime	crates/core/src/runtime.rs	4080	KainError::runtime	abi_fs_write_bytes_hex: {}	KAIN-RUNTIME-XXXX	core
Runtime	crates/core/src/runtime.rs	4091	KainError::runtime	abi_fs_atomic_write_bytes_hex: {}	KAIN-RUNTIME-XXXX	core
Runtime	crates/core/src/runtime.rs	4141	KainError::runtime	abi_fs_metadata_text: {}	KAIN-RUNTIME-XXXX	core
Runtime	crates/core/src/runtime.rs	4157	KainError::runtime	abi_fs_read_dir_paths_text: {}	KAIN-RUNTIME-XXXX	core
Runtime	crates/core/src/runtime.rs	4218	KainError::runtime	abi_fs_hash_file: {}	KAIN-RUNTIME-XXXX	core
Runtime	crates/core/src/runtime.rs	4350	KainError::runtime	abi_os_chdir: {}	KAIN-RUNTIME-XXXX	core
Runtime	crates/core/src/runtime.rs	5085	KainError::runtime	Function not found: {}	KAIN-RUNTIME-XXXX	core
Runtime	crates/core/src/runtime.rs	5096	KainError::runtime	Undefined variable '{}'	KAIN-RUNTIME-XXXX	core
Runtime	crates/core/src/runtime.rs	5115	KainError::runtime	Empty entangle endpoint	KAIN-RUNTIME-XXXX	core
Runtime	crates/core/src/runtime.rs	5123	KainError::runtime	Undefined entangle root '{}'	KAIN-RUNTIME-XXXX	core
Runtime	crates/core/src/runtime.rs	5290	KainError::runtime	Python bridge is not registered in this runtime; cannot resolve `import ...`	KAIN-RUNTIME-XXXX	core
Runtime	crates/core/src/runtime.rs	5312	KainError::runtime	Python import did not produce a binding name	KAIN-RUNTIME-XXXX	core
Runtime	crates/core/src/runtime.rs	5330	KainError::runtime	Python bridge is missing `from ... import ...` support	KAIN-RUNTIME-XXXX	core
Runtime	crates/core/src/runtime.rs	5381	KainError::runtime	Stdlib module not found: {}	KAIN-RUNTIME-XXXX	core
Runtime	crates/core/src/runtime.rs	5395	KainError::runtime	Module not found: {} (tried: {:?})	KAIN-RUNTIME-XXXX	core
Runtime	crates/core/src/runtime.rs	5410	KainError::runtime	Failed to read module {}: {}	KAIN-RUNTIME-XXXX	core
Runtime	crates/core/src/runtime.rs	5465	KainError::runtime	Module item not found: {}	KAIN-RUNTIME-XXXX	core
Runtime	crates/core/src/runtime.rs	5502	KainError::runtime	Inline module item not found: {}	KAIN-RUNTIME-XXXX	core
Runtime	crates/core/src/runtime.rs	5544	KainError::runtime	Inline alias is not supported for item: {:?}	KAIN-RUNTIME-XXXX	core
Runtime	crates/core/src/runtime.rs	5821	KainError::runtime	Cannot assign to remote actor fields	KAIN-RUNTIME-XXXX	core
Runtime	crates/core/src/runtime.rs	5823	KainError::runtime	Field assignment only supported on structs	KAIN-RUNTIME-XXXX	core
Runtime	crates/core/src/runtime.rs	5851	KainError::runtime	Index out of bounds	KAIN-RUNTIME-XXXX	core
Runtime	crates/core/src/runtime.rs	5855	KainError::runtime	Index assignment only supported on arrays with int index	KAIN-RUNTIME-XXXX	core
Runtime	crates/core/src/runtime.rs	5862	KainError::runtime	Invalid assignment target	KAIN-RUNTIME-XXXX	core
Runtime	crates/core/src/runtime.rs	5939	KainError::runtime	Entangle mirror propagation only supports struct field paths	KAIN-RUNTIME-XXXX	core
Runtime	crates/core/src/runtime.rs	5954	KainError::runtime	Entangle field '{}' not found	KAIN-RUNTIME-XXXX	core
Runtime	crates/core/src/runtime.rs	5972	KainError::runtime	Type error: if condition must evaluate to Bool	KAIN-RUNTIME-XXXX	core
Runtime	crates/core/src/runtime.rs	6006	KainError::runtime	{operation} ownership transition failed for '{region_id}' at {}..{}: {err}	KAIN-RUNTIME-XXXX	core
Runtime	crates/core/src/runtime.rs	6136	KainError::runtime	Python host-object calls cannot pass positional arguments after named keyword arguments	KAIN-RUNTIME-XXXX	core
Runtime	crates/core/src/runtime.rs	6204	KainError::runtime	Map.iter expects no arguments	KAIN-RUNTIME-XXXX	core
Runtime	crates/core/src/runtime.rs	6246	KainError::runtime	Method {} arg mismatch	KAIN-RUNTIME-XXXX	core
Runtime	crates/core/src/runtime.rs	6265	KainError::runtime	{}.to_string expects no arguments	KAIN-RUNTIME-XXXX	core
Runtime	crates/core/src/runtime.rs	6273	KainError::runtime	Method {} not found for type {}	KAIN-RUNTIME-XXXX	core
Runtime	crates/core/src/runtime.rs	6284	KainError::runtime	Int.to_string expects no arguments	KAIN-RUNTIME-XXXX	core
Runtime	crates/core/src/runtime.rs	6315	KainError::runtime	Method {} not found on Int	KAIN-RUNTIME-XXXX	core
Runtime	crates/core/src/runtime.rs	6323	KainError::runtime	Float.to_string expects no arguments	KAIN-RUNTIME-XXXX	core
Runtime	crates/core/src/runtime.rs	6329	KainError::runtime	Method {} not found on Float	KAIN-RUNTIME-XXXX	core
Runtime	crates/core/src/runtime.rs	6338	KainError::runtime	Option.{method} expects 1 argument	KAIN-RUNTIME-XXXX	core
Runtime	crates/core/src/runtime.rs	6341	KainError::runtime	Option.filter expects 1 argument	KAIN-RUNTIME-XXXX	core
Runtime	crates/core/src/runtime.rs	6344	KainError::runtime	Option.{method} expects no arguments	KAIN-RUNTIME-XXXX	core
Runtime	crates/core/src/runtime.rs	6351	KainError::runtime	Option.{method} expects 1 argument	KAIN-RUNTIME-XXXX	core
Runtime	crates/core/src/runtime.rs	6357	KainError::runtime	Option.{method} expects 1 argument	KAIN-RUNTIME-XXXX	core
Runtime	crates/core/src/runtime.rs	6368	KainError::runtime	Option.expect expects exactly one argument	KAIN-RUNTIME-XXXX	core
Runtime	crates/core/src/runtime.rs	6371	KainError::runtime	Option.unwrap expects no arguments	KAIN-RUNTIME-XXXX	core
Runtime	crates/core/src/runtime.rs	6378	KainError::runtime	called Option.{method} on None{message}	KAIN-RUNTIME-XXXX	core
Runtime	crates/core/src/runtime.rs	6382	KainError::runtime	Option.is_some expects no arguments	KAIN-RUNTIME-XXXX	core
Runtime	crates/core/src/runtime.rs	6388	KainError::runtime	Option.is_none expects no arguments	KAIN-RUNTIME-XXXX	core
Runtime	crates/core/src/runtime.rs	6394	KainError::runtime	Option.is_some_and expects 1 argument	KAIN-RUNTIME-XXXX	core
Runtime	crates/core/src/runtime.rs	6398	KainError::runtime	Method {} not found on Option	KAIN-RUNTIME-XXXX	core
Runtime	crates/core/src/runtime.rs	6409	KainError::runtime	Option.map expects 1 argument	KAIN-RUNTIME-XXXX	core
Runtime	crates/core/src/runtime.rs	6428	KainError::runtime	Option.and_then expects 1 argument	KAIN-RUNTIME-XXXX	core
Runtime	crates/core/src/runtime.rs	6438	KainError::runtime	Option.{method} expects no arguments	KAIN-RUNTIME-XXXX	core
Runtime	crates/core/src/runtime.rs	6446	KainError::runtime	Option.take expects no arguments	KAIN-RUNTIME-XXXX	core
Runtime	crates/core/src/runtime.rs	6457	KainError::runtime	Option.filter expects 1 argument	KAIN-RUNTIME-XXXX	core
Runtime	crates/core/src/runtime.rs	6467	KainError::runtime	Option.filter predicate must return Bool, found {}	KAIN-RUNTIME-XXXX	core
Runtime	crates/core/src/runtime.rs	6479	KainError::runtime	Option.{method} expects 1 argument	KAIN-RUNTIME-XXXX	core
Runtime	crates/core/src/runtime.rs	6491	KainError::runtime	Option.{method} expects 1 argument	KAIN-RUNTIME-XXXX	core
Runtime	crates/core/src/runtime.rs	6503	KainError::runtime	Option.expect expects exactly one argument	KAIN-RUNTIME-XXXX	core
Runtime	crates/core/src/runtime.rs	6506	KainError::runtime	Option.unwrap expects no arguments	KAIN-RUNTIME-XXXX	core
Runtime	crates/core/src/runtime.rs	6516	KainError::runtime	called Option.{method} on None{message}	KAIN-RUNTIME-XXXX	core
Runtime	crates/core/src/runtime.rs	6521	KainError::runtime	Option.is_some expects no arguments	KAIN-RUNTIME-XXXX	core
Runtime	crates/core/src/runtime.rs	6527	KainError::runtime	Option.is_none expects no arguments	KAIN-RUNTIME-XXXX	core
Runtime	crates/core/src/runtime.rs	6533	KainError::runtime	Option.is_some_and expects 1 argument	KAIN-RUNTIME-XXXX	core
Runtime	crates/core/src/runtime.rs	6542	KainError::runtime	Option.is_some_and predicate must return Bool, found {}	KAIN-RUNTIME-XXXX	core
Runtime	crates/core/src/runtime.rs	6553	KainError::runtime	Option.ok_or_else expects 1 argument	KAIN-RUNTIME-XXXX	core
Runtime	crates/core/src/runtime.rs	6562	KainError::runtime	Method {} not found on Option	KAIN-RUNTIME-XXXX	core
Runtime	crates/core/src/runtime.rs	6571	KainError::runtime	Result.map expects 1 argument	KAIN-RUNTIME-XXXX	core
Runtime	crates/core/src/runtime.rs	6586	KainError::runtime	Result.map_err expects 1 argument	KAIN-RUNTIME-XXXX	core
Runtime	crates/core/src/runtime.rs	6601	KainError::runtime	Result.unwrap_or expects exactly one argument	KAIN-RUNTIME-XXXX	core
Runtime	crates/core/src/runtime.rs	6611	KainError::runtime	Result.{method} expects 1 argument	KAIN-RUNTIME-XXXX	core
Runtime	crates/core/src/runtime.rs	6625	KainError::runtime	Result.expect expects exactly one argument	KAIN-RUNTIME-XXXX	core
Runtime	crates/core/src/runtime.rs	6628	KainError::runtime	Result.unwrap expects no arguments	KAIN-RUNTIME-XXXX	core
Runtime	crates/core/src/runtime.rs	6638	KainError::runtime	called Result.{method} on Err{message}	KAIN-RUNTIME-XXXX	core
Runtime	crates/core/src/runtime.rs	6643	KainError::runtime	Result.ok expects no arguments	KAIN-RUNTIME-XXXX	core
Runtime	crates/core/src/runtime.rs	6657	KainError::runtime	Result.is_ok expects no arguments	KAIN-RUNTIME-XXXX	core
Runtime	crates/core/src/runtime.rs	6663	KainError::runtime	Result.is_err expects no arguments	KAIN-RUNTIME-XXXX	core
Runtime	crates/core/src/runtime.rs	6667	KainError::runtime	Method {} not found on Result	KAIN-RUNTIME-XXXX	core
Runtime	crates/core/src/runtime.rs	6677	KainError::runtime	Array.to_string expects no arguments	KAIN-RUNTIME-XXXX	core
Runtime	crates/core/src/runtime.rs	6685	KainError::runtime	Array.is_empty expects no arguments	KAIN-RUNTIME-XXXX	core
Runtime	crates/core/src/runtime.rs	6697	KainError::runtime	push expects 1 argument	KAIN-RUNTIME-XXXX	core
Runtime	crates/core/src/runtime.rs	6708	KainError::runtime	first expects no arguments	KAIN-RUNTIME-XXXX	core
Runtime	crates/core/src/runtime.rs	6718	KainError::runtime	last expects no arguments	KAIN-RUNTIME-XXXX	core
Runtime	crates/core/src/runtime.rs	6728	KainError::runtime	pop expects no arguments	KAIN-RUNTIME-XXXX	core
Runtime	crates/core/src/runtime.rs	6745	KainError::runtime	binary_search expects 1 argument	KAIN-RUNTIME-XXXX	core
Runtime	crates/core/src/runtime.rs	6753	KainError::runtime	Method {} not found on Array	KAIN-RUNTIME-XXXX	core
Runtime	crates/core/src/runtime.rs	6762	KainError::runtime	String.to_string expects no arguments	KAIN-RUNTIME-XXXX	core
Runtime	crates/core/src/runtime.rs	6770	KainError::runtime	String.is_empty expects no arguments	KAIN-RUNTIME-XXXX	core
Runtime	crates/core/src/runtime.rs	6777	KainError::runtime	String.trim expects no arguments	KAIN-RUNTIME-XXXX	core
Runtime	crates/core/src/runtime.rs	6783	KainError::runtime	String.to_ascii_lowercase expects no arguments	KAIN-RUNTIME-XXXX	core
Runtime	crates/core/src/runtime.rs	6807	KainError::runtime	String.repeat expects a non-negative count	KAIN-RUNTIME-XXXX	core
Runtime	crates/core/src/runtime.rs	6813	KainError::runtime	Method {} not found on String	KAIN-RUNTIME-XXXX	core
Runtime	crates/core/src/runtime.rs	6821	KainError::runtime	to_string expects no arguments	KAIN-RUNTIME-XXXX	core
Runtime	crates/core/src/runtime.rs	6827	KainError::runtime	Method calls not supported on this type: {:?}	KAIN-RUNTIME-XXXX	core
Runtime	crates/core/src/runtime.rs	7024	KainError::runtime	Type error: expected Result or Option for ? operator	KAIN-RUNTIME-XXXX	core
Runtime	crates/core/src/runtime.rs	7105	KainError::runtime	{name}: expected destination and message	KAIN-RUNTIME-XXXX	core
Runtime	crates/core/src/runtime.rs	7155	KainError::runtime	type_name! requires an argument	KAIN-RUNTIME-XXXX	core
Runtime	crates/core/src/runtime.rs	7158	KainError::runtime	Unknown macro: {}!	KAIN-RUNTIME-XXXX	core
Runtime	crates/core/src/runtime.rs	7196	KainError::runtime	Undefined: {}	KAIN-RUNTIME-XXXX	core
Runtime	crates/core/src/runtime.rs	7222	KainError::runtime	Invalid unary operation	KAIN-RUNTIME-XXXX	core
Runtime	crates/core/src/runtime.rs	7250	KainError::runtime	Range index start must evaluate to an Int	KAIN-RUNTIME-XXXX	core
Runtime	crates/core/src/runtime.rs	7262	KainError::runtime	Range index end must evaluate to an Int	KAIN-RUNTIME-XXXX	core
Runtime	crates/core/src/runtime.rs	7275	KainError::runtime	Invalid array range slice	KAIN-RUNTIME-XXXX	core
Runtime	crates/core/src/runtime.rs	7284	KainError::runtime	Invalid string range slice	KAIN-RUNTIME-XXXX	core
Runtime	crates/core/src/runtime.rs	7288	KainError::runtime	String range slice must align with UTF-8 boundaries	KAIN-RUNTIME-XXXX	core
Runtime	crates/core/src/runtime.rs	7293	KainError::runtime	Range indexing requires an array or string receiver	KAIN-RUNTIME-XXXX	core
Runtime	crates/core/src/runtime.rs	7311	KainError::runtime	Index out of bounds: {}	KAIN-RUNTIME-XXXX	core
Runtime	crates/core/src/runtime.rs	7319	KainError::runtime	Index out of bounds: {}	KAIN-RUNTIME-XXXX	core
Runtime	crates/core/src/runtime.rs	7322	KainError::runtime	Index operator requires array/string and int	KAIN-RUNTIME-XXXX	core
Runtime	crates/core/src/runtime.rs	7338	KainError::runtime	Struct update syntax requires a struct value, found {:?}	KAIN-RUNTIME-XXXX	core
Runtime	crates/core/src/runtime.rs	7390	KainError::runtime	Field not found: {}	KAIN-RUNTIME-XXXX	core
Runtime	crates/core/src/runtime.rs	7400	KainError::runtime	Field access on tuple uses unknown field {field}	KAIN-RUNTIME-XXXX	core
Runtime	crates/core/src/runtime.rs	7405	KainError::runtime	Field access on tuple uses unknown field {field}	KAIN-RUNTIME-XXXX	core
Runtime	crates/core/src/runtime.rs	7412	KainError::runtime	Tuple field not found: {}	KAIN-RUNTIME-XXXX	core
Runtime	crates/core/src/runtime.rs	7420	KainError::runtime	Actor field not found: {}	KAIN-RUNTIME-XXXX	core
Runtime	crates/core/src/runtime.rs	7429	KainError::runtime	Actor fields not accessible	KAIN-RUNTIME-XXXX	core
Runtime	crates/core/src/runtime.rs	7435	KainError::runtime	Field access on host object '{}' is not supported without the Python bridge	KAIN-RUNTIME-XXXX	core
Runtime	crates/core/src/runtime.rs	7441	KainError::runtime	Field access on non-struct value: {:?}	KAIN-RUNTIME-XXXX	core
Runtime	crates/core/src/runtime.rs	7466	KainError::runtime	Unknown actor: {}	KAIN-RUNTIME-XXXX	core
Runtime	crates/core/src/runtime.rs	7632	KainError::runtime	send target must be an actor	KAIN-RUNTIME-XXXX	core
Runtime	crates/core/src/runtime.rs	7767	KainError::runtime	teleport source world '{}' does not exist	KAIN-RUNTIME-XXXX	core
Runtime	crates/core/src/runtime.rs	7773	KainError::runtime	teleport target world '{}' does not exist	KAIN-RUNTIME-XXXX	core
Runtime	crates/core/src/runtime.rs	7780	KainError::runtime	teleport channel name must not be empty	KAIN-RUNTIME-XXXX	core
Runtime	crates/core/src/runtime.rs	7979	KainError::runtime	Expression not supported in runtime: {:?}	KAIN-RUNTIME-XXXX	core
Runtime	crates/core/src/runtime.rs	7997	KainError::runtime	Function not found: {}	KAIN-RUNTIME-XXXX	core
Runtime	crates/core/src/runtime.rs	8000	KainError::runtime	Argument mismatch: expected {}, got {}	KAIN-RUNTIME-XXXX	core
Runtime	crates/core/src/runtime.rs	8037	KainError::runtime	Closure arg mismatch	KAIN-RUNTIME-XXXX	core
Runtime	crates/core/src/runtime.rs	8061	KainError::runtime	Struct constructor for {} expected {} arguments, got {}	KAIN-RUNTIME-XXXX	core
Runtime	crates/core/src/runtime.rs	8076	KainError::runtime	Not a function	KAIN-RUNTIME-XXXX	core
Runtime	crates/core/src/runtime.rs	8085	KainError::runtime	Patch not found: {}	KAIN-RUNTIME-XXXX	core
Runtime	crates/core/src/runtime.rs	8087	KainError::runtime	Patch {} expected {} arguments, got {}	KAIN-RUNTIME-XXXX	core
Runtime	crates/core/src/runtime.rs	8122	KainError::runtime	Law not found: {}	KAIN-RUNTIME-XXXX	core
Runtime	crates/core/src/runtime.rs	8124	KainError::runtime	Law {} expected {} arguments, got {}	KAIN-RUNTIME-XXXX	core
Runtime	crates/core/src/runtime.rs	8134	KainError::runtime	Law {} must return Bool at runtime, found {:?}	KAIN-RUNTIME-XXXX	core
Runtime	crates/core/src/runtime.rs	8144	KainError::runtime	Converge definition not found: {}	KAIN-RUNTIME-XXXX	core
Runtime	crates/core/src/runtime.rs	8147	KainError::runtime	Converge {} expected {} arguments, got {}	KAIN-RUNTIME-XXXX	core
Runtime	crates/core/src/runtime.rs	8192	KainError::runtime	Orchestrate definition not found: {}	KAIN-RUNTIME-XXXX	core
Runtime	crates/core/src/runtime.rs	8195	KainError::runtime	Orchestrate {} expected {} arguments, got {}	KAIN-RUNTIME-XXXX	core
Runtime	crates/core/src/runtime.rs	8230	KainError::runtime	Rust orchestrate stage '{}' must resolve to a native function, found {}	KAIN-RUNTIME-XXXX	core
Runtime	crates/core/src/runtime.rs	8235	KainError::runtime	Rust orchestrate stage '{}' was not registered as a native function	KAIN-RUNTIME-XXXX	core
Runtime	crates/core/src/runtime.rs	8244	KainError::runtime	Python orchestrate stage requested but python bridge is not registered	KAIN-RUNTIME-XXXX	core
Runtime	crates/core/src/runtime.rs	8269	KainError::runtime	Node orchestrate stage requested but node bridge is not registered	KAIN-RUNTIME-XXXX	core
Runtime	crates/core/src/runtime.rs	8343	KainError::runtime	Converge verification failed for {} during {}: selected lane '{}' diverged from spec '{}'	KAIN-RUNTIME-XXXX	core
Runtime	crates/core/src/runtime.rs	8431	KainError::runtime	verify random(n) does not support synthesized values for type {}	KAIN-RUNTIME-XXXX	core
Runtime	crates/core/src/runtime.rs	8457	KainError::runtime	verify random(n) does not support synthesized values for type {:?}	KAIN-RUNTIME-XXXX	core
Runtime	crates/core/src/runtime.rs	8498	KainError::runtime	{} expects exactly one argument	KAIN-RUNTIME-XXXX	core
Runtime	crates/core/src/runtime.rs	8505	KainError::runtime	{} expects an Int argument, found {}	KAIN-RUNTIME-XXXX	core
Runtime	crates/core/src/runtime.rs	8515	KainError::runtime	{} expects exactly one argument	KAIN-RUNTIME-XXXX	core
Runtime	crates/core/src/runtime.rs	8522	KainError::runtime	{} expects a Float argument, found {}	KAIN-RUNTIME-XXXX	core
Runtime	crates/core/src/runtime.rs	8532	KainError::runtime	{} expects exactly one argument	KAIN-RUNTIME-XXXX	core
Runtime	crates/core/src/runtime.rs	8539	KainError::runtime	{} expects a String argument, found {}	KAIN-RUNTIME-XXXX	core
Runtime	crates/core/src/runtime.rs	8560	KainError::runtime	{} does not allow division by zero	KAIN-RUNTIME-XXXX	core
Runtime	crates/core/src/runtime.rs	8583	KainError::runtime	{} expects a non-negative Int shift count, found {}	KAIN-RUNTIME-XXXX	core
Runtime	crates/core/src/runtime.rs	8616	KainError::runtime	binary_search does not support {} needles	KAIN-RUNTIME-XXXX	core
Runtime	crates/core/src/runtime.rs	8966	KainError::runtime	Patch replay target '{}' no longer exists at index {}	KAIN-RUNTIME-XXXX	core
Runtime	crates/core/src/runtime.rs	9001	KainError::runtime	{function_name}: {argument_name} must be string	KAIN-RUNTIME-XXXX	core
Runtime	crates/core/src/runtime.rs	9004	KainError::runtime	{function_name}: missing argument {argument_name}	KAIN-RUNTIME-XXXX	core
Runtime	crates/core/src/runtime.rs	9018	KainError::runtime	{function_name}: {argument_name} must be int	KAIN-RUNTIME-XXXX	core
Runtime	crates/core/src/runtime.rs	9021	KainError::runtime	{function_name}: missing argument {argument_name}	KAIN-RUNTIME-XXXX	core
Runtime	crates/core/src/runtime.rs	9036	KainError::runtime	{function_name}: {argument_name} must be number	KAIN-RUNTIME-XXXX	core
Runtime	crates/core/src/runtime.rs	9039	KainError::runtime	{function_name}: missing argument {argument_name}	KAIN-RUNTIME-XXXX	core
Runtime	crates/core/src/runtime.rs	9053	KainError::runtime	{function_name}: {argument_name} must be non-negative	KAIN-RUNTIME-XXXX	core
Runtime	crates/core/src/runtime.rs	9082	KainError::runtime	{function_name}: invalid input session {session_id}	KAIN-RUNTIME-XXXX	core
Runtime	crates/core/src/runtime.rs	9099	KainError::runtime	{function_name}: invalid input session {session_id}	KAIN-RUNTIME-XXXX	core
Runtime	crates/core/src/runtime.rs	9152	KainError::runtime	{function_name}: {argument_name} must be bool	KAIN-RUNTIME-XXXX	core
Runtime	crates/core/src/runtime.rs	9155	KainError::runtime	{function_name}: missing argument {argument_name}	KAIN-RUNTIME-XXXX	core
Runtime	crates/core/src/runtime.rs	9168	KainError::runtime	{function_name}: unknown filesystem capability '{capability}'	KAIN-RUNTIME-XXXX	core
Runtime	crates/core/src/runtime.rs	9186	KainError::runtime	{function_name}: {error}	KAIN-RUNTIME-XXXX	core
Runtime	crates/core/src/runtime.rs	9196	KainError::runtime	{function_name}: {argument_name} must be Array<Int>	KAIN-RUNTIME-XXXX	core
Runtime	crates/core/src/runtime.rs	9207	KainError::runtime	{function_name}: byte at index {byte_index} is outside 0..255	KAIN-RUNTIME-XXXX	core
Runtime	crates/core/src/runtime.rs	9210	KainError::runtime	{function_name}: byte at index {byte_index} must be Int	KAIN-RUNTIME-XXXX	core
Runtime	crates/core/src/runtime.rs	9238	KainError::runtime	fs_write_bytes_hex: hex string must have an even length	KAIN-RUNTIME-XXXX	core
Runtime	crates/core/src/runtime.rs	9259	KainError::runtime	fs_write_bytes_hex: hex string contains a non-hex character	KAIN-RUNTIME-XXXX	core
Runtime	crates/core/src/runtime.rs	9274	KainError::runtime	{function_name}: {error}	KAIN-RUNTIME-XXXX	core
Runtime	crates/core/src/runtime.rs	9505	KainError::runtime	{function_name}: transaction {id} does not exist	KAIN-RUNTIME-XXXX	core
Runtime	crates/core/src/runtime.rs	9655	KainError::runtime	Type mismatch in binary operation: {:?} {:?} {:?}	KAIN-RUNTIME-XXXX	core
Runtime	crates/core/src/runtime.rs	9859	KainError::runtime	Some tests failed: {}	KAIN-RUNTIME-XXXX	core
Runtime	crates/core/src/runtime.rs	9904	KainError::runtime	Async timeout: future did not complete	KAIN-RUNTIME-XXXX	core
Runtime	crates/core/src/types.rs	4467	KainError::runtime	Module item not found during type registration: {}	KAIN-RUNTIME-XXXX	core
Runtime	crates/core/src/types.rs	4519	KainError::runtime	Import alias is not supported for item: {:?}	KAIN-RUNTIME-XXXX	core
Runtime	crates/core/tests/compiler_owned_intent_test.rs	129	KainError::runtime	{name} expected a single Int argument, found {other:?}	KAIN-RUNTIME-XXXX	core
Runtime	crates/core/tests/compiler_owned_intent_test.rs	140	KainError::runtime	{name} args lock poisoned	KAIN-RUNTIME-XXXX	core
Runtime	crates/core/tests/compiler_owned_intent_test.rs	146	KainError::runtime	{name} args lock poisoned	KAIN-RUNTIME-XXXX	core
Runtime	crates/core/tests/compiler_owned_intent_test.rs	149	KainError::runtime	{name} expected a function name plus Int array args, found {other:?}	KAIN-RUNTIME-XXXX	core
Runtime	crates/crate-ffi/src/extract.rs	65	KainError::runtime	Failed to parse Rust source '{}' for crate FFI extraction: {err}	KAIN-RUNTIME-XXXX	crate-ffi
Runtime	crates/crate-ffi/src/extract.rs	721	KainError::runtime	Filesystem error: {error}	KAIN-RUNTIME-XXXX	crate-ffi
Runtime	crates/crate-ffi/src/generate.rs	51	KainError::runtime	Failed to serialize crate FFI binding report for '{}': {err}	KAIN-RUNTIME-XXXX	crate-ffi
Runtime	crates/crate-ffi/src/generate.rs	98	KainError::runtime	Filesystem error: {error}	KAIN-RUNTIME-XXXX	crate-ffi
Runtime	crates/crate-ffi/src/lib.rs	86	KainError::runtime	Failed to serialize crate FFI report override: {err}	KAIN-RUNTIME-XXXX	crate-ffi
Runtime	crates/crate-ffi/src/lib.rs	113	KainError::runtime	Rust crate FFI is only available in host-backed Kain execution lanes for now	KAIN-RUNTIME-XXXX	crate-ffi
Runtime	crates/crate-ffi/src/lib.rs	175	KainError::runtime	Failed to load Rust crate FFI bridge '{}': {err}	KAIN-RUNTIME-XXXX	crate-ffi
Runtime	crates/crate-ffi/src/lib.rs	182	KainError::runtime	Bridge '{}' is missing symbol '{}': {err}	KAIN-RUNTIME-XXXX	crate-ffi
Runtime	crates/crate-ffi/src/lib.rs	223	KainError::runtime	Failed to run cargo build for Rust crate FFI bridge '{}': {err}	KAIN-RUNTIME-XXXX	crate-ffi
Runtime	crates/crate-ffi/src/lib.rs	229	KainError::runtime	Cargo build failed for Rust crate FFI bridge '{}'	KAIN-RUNTIME-XXXX	crate-ffi
Runtime	crates/crate-ffi/src/lib.rs	235	KainError::runtime	Rust crate FFI bridge build succeeded but '{}' was not produced	KAIN-RUNTIME-XXXX	crate-ffi
Runtime	crates/crate-ffi/src/lib.rs	254	KainError::runtime	Filesystem error: {error}	KAIN-RUNTIME-XXXX	crate-ffi
Runtime	crates/crate-ffi/src/resolve.rs	134	KainError::runtime	Rust crate FFI could not resolve crate '{crate_name}'. Workspace/dependency resolution failed before fallback search: {err}	KAIN-RUNTIME-XXXX	crate-ffi
Runtime	crates/crate-ffi/src/resolve.rs	139	KainError::runtime	Rust crate FFI could not resolve crate '{crate_name}'. Searched: {}	KAIN-RUNTIME-XXXX	crate-ffi
Runtime	crates/crate-ffi/src/resolve.rs	151	KainError::runtime	Rust crate FFI blade discovery failed while resolving '{crate_name}': {err}	KAIN-RUNTIME-XXXX	crate-ffi
Runtime	crates/crate-ffi/src/resolve.rs	234	KainError::runtime	Failed to run rustc -vV: {err}	KAIN-RUNTIME-XXXX	crate-ffi
Runtime	crates/crate-ffi/src/resolve.rs	236	KainError::runtime	Failed to read rustc version information for crate FFI cache key	KAIN-RUNTIME-XXXX	crate-ffi
Runtime	crates/crate-ffi/src/resolve.rs	320	KainError::runtime	--crate-path '{}' does not contain a Cargo.toml	KAIN-RUNTIME-XXXX	crate-ffi
Runtime	crates/crate-ffi/src/resolve.rs	333	KainError::runtime	Cargo metadata for '{}' did not include a root package	KAIN-RUNTIME-XXXX	crate-ffi
Runtime	crates/crate-ffi/src/resolve.rs	411	KainError::runtime	Cargo metadata could not resolve registry crate '{crate_name}' from version '{}'	KAIN-RUNTIME-XXXX	crate-ffi
Runtime	crates/crate-ffi/src/resolve.rs	452	KainError::runtime	Rust crate '{}' does not expose a target that Kain crate FFI can inspect	KAIN-RUNTIME-XXXX	crate-ffi
Runtime	crates/crate-ffi/src/resolve.rs	549	KainError::runtime	Failed to run cargo metadata for '{}': {err}	KAIN-RUNTIME-XXXX	crate-ffi
Runtime	crates/crate-ffi/src/resolve.rs	555	KainError::runtime	cargo metadata failed for '{}': {}	KAIN-RUNTIME-XXXX	crate-ffi
Runtime	crates/crate-ffi/src/resolve.rs	562	KainError::runtime	Failed to parse cargo metadata JSON for '{}': {err}	KAIN-RUNTIME-XXXX	crate-ffi
Runtime	crates/crate-ffi/src/resolve.rs	579	KainError::runtime	Failed to parse KAIN manifest '{}': {err}	KAIN-RUNTIME-XXXX	crate-ffi
Runtime	crates/crate-ffi/src/resolve.rs	592	KainError::runtime	Failed to parse [rust_ffi] in '{}': {err}	KAIN-RUNTIME-XXXX	crate-ffi
Runtime	crates/crate-ffi/src/resolve.rs	659	KainError::runtime	Filesystem error: {error}	KAIN-RUNTIME-XXXX	crate-ffi
Runtime	crates/driver/src/compute_residency.rs	95	KainError::runtime	Failed to create compute residency artifact directory {}: {}	KAIN-RUNTIME-XXXX	driver
Runtime	crates/driver/src/compute_residency.rs	105	KainError::runtime	Failed to serialize compute residency bundle for {}: {}	KAIN-RUNTIME-XXXX	driver
Runtime	crates/driver/src/compute_residency.rs	111	KainError::runtime	Failed to write compute residency bundle {}: {}	KAIN-RUNTIME-XXXX	driver
Runtime	crates/driver/src/compute_residency.rs	124	KainError::runtime	Failed to write compute residency payload {}: {}	KAIN-RUNTIME-XXXX	driver
Runtime	crates/driver/src/lib.rs	959	KainError::runtime	Failed to serialize realtime app bundle JSON: {err}	KAIN-RUNTIME-XXXX	driver
Runtime	crates/driver/src/lib.rs	1296	KainError::runtime	UE5 Editor target requires ue5 feature	KAIN-RUNTIME-XXXX	driver
Runtime	crates/driver/src/lib.rs	1300	KainError::runtime	Target {:?} not enabled. Recompile with appropriate feature flag.	KAIN-RUNTIME-XXXX	driver
Runtime	crates/driver/src/lib.rs	1337	KainError::runtime	SPIR-V target requires gpu feature	KAIN-RUNTIME-XXXX	driver
Runtime	crates/driver/src/lib.rs	1348	KainError::runtime	CUDA/PTX target requires gpu feature	KAIN-RUNTIME-XXXX	driver
Runtime	crates/driver/src/lib.rs	1379	KainError::runtime	WASM target requires web feature	KAIN-RUNTIME-XXXX	driver
Runtime	crates/driver/src/lib.rs	1426	KainError::runtime	Hybrid target requires web feature	KAIN-RUNTIME-XXXX	driver
Runtime	crates/driver/src/lib.rs	1439	KainError::runtime	Failed to serialize GPU reflection JSON: {err}	KAIN-RUNTIME-XXXX	driver
Runtime	crates/driver/src/lib.rs	1485	KainError::runtime	Failed to serialize shader artifact bundle JSON: {err}	KAIN-RUNTIME-XXXX	driver
Runtime	crates/driver/src/lib.rs	1516	KainError::runtime	PTX backend emitted no CUDA modules	KAIN-RUNTIME-XXXX	driver
Runtime	crates/driver/src/lib.rs	1520	KainError::runtime	Failed to serialize GPU reflection JSON: {err}	KAIN-RUNTIME-XXXX	driver
Runtime	crates/driver/src/lib.rs	1535	KainError::runtime	Failed to serialize shader artifact bundle JSON: {err}	KAIN-RUNTIME-XXXX	driver
Runtime	crates/driver/src/lib.rs	1557	KainError::runtime	GPU artifact generation requires both gpu and sys features	KAIN-RUNTIME-XXXX	driver
Runtime	crates/driver/src/lib.rs	1568	KainError::runtime	GPU artifact generation failed through both the canonical SPIR-V lane and the CUDA-native fallback.\nSPIR-V lane: {err}\nCUDA fallback: {fallback}	KAIN-RUNTIME-XXXX	driver
Runtime	crates/driver/src/lib.rs	1579	KainError::runtime	GPU artifact generation requires both gpu and sys features	KAIN-RUNTIME-XXXX	driver
Runtime	crates/driver/src/lib.rs	1605	KainError::runtime	Rust shader bundle requested SPIR-V output but gpu feature is disabled	KAIN-RUNTIME-XXXX	driver
Runtime	crates/driver/src/lib.rs	1622	KainError::runtime	Rust artifact bundling requires the sys feature	KAIN-RUNTIME-XXXX	driver
Runtime	crates/driver/src/lib.rs	1835	KainError::runtime	Failed to read imported frontend module {}: {err}	KAIN-RUNTIME-XXXX	driver
Runtime	crates/driver/src/lib.rs	3107	KainError::runtime	Configured root '{}' matched multiple worlds for target {:?}: {}	KAIN-RUNTIME-XXXX	driver
Runtime	crates/driver/src/lib.rs	3117	KainError::runtime	Configured root '{}' did not match any component or world	KAIN-RUNTIME-XXXX	driver
Runtime	crates/driver/src/lib.rs	3134	KainError::runtime	Multiple worlds declare {} surfaces ({world_names}); pass --root <world-name> to select one explicitly	KAIN-RUNTIME-XXXX	driver
Runtime	crates/driver/src/lib.rs	3147	KainError::runtime	No world declares the required '{}' surface for target {:?}	KAIN-RUNTIME-XXXX	driver
Runtime	crates/driver/src/lib.rs	3200	KainError::runtime	World '{}' does not declare the required '{}' surface for target {:?}	KAIN-RUNTIME-XXXX	driver
Runtime	crates/driver/src/lib.rs	3263	KainError::runtime	Requested active world '{}' was not emitted into the realtime bundle	KAIN-RUNTIME-XXXX	driver
Runtime	crates/driver/src/lib.rs	3288	KainError::runtime	Requested active world '{}' was not emitted into the runtime contract bundle	KAIN-RUNTIME-XXXX	driver
Runtime	crates/driver/src/lib.rs	3394	KainError::runtime	No prebuilt {runtime_library_file_name} was found for PTX staging. The hot path now prefers cached sidecars and will not silently run cargo. Set {GPU_RUNTIME_LIBRARY_ENV_VAR} to an existing library, stage one under .kain/cache/run/llvm, or set {GPU_RUNTIME_ALLOW_CARGO_BUILD_ENV_VAR}=1 to permit a co	KAIN-RUNTIME-XXXX	driver
Runtime	crates/driver/src/lib.rs	3410	KainError::runtime	Failed to create kain-gpu-runtime cargo target directory {}: {}	KAIN-RUNTIME-XXXX	driver
Runtime	crates/driver/src/lib.rs	3420	KainError::runtime	Failed to invoke cargo to build kain-gpu-runtime at {}: {}	KAIN-RUNTIME-XXXX	driver
Runtime	crates/driver/src/lib.rs	3427	KainError::runtime	kain-gpu-runtime cargo build failed for {}:\n{}\n{}	KAIN-RUNTIME-XXXX	driver
Runtime	crates/driver/src/lib.rs	3437	KainError::runtime	Cargo reported success for kain-gpu-runtime but no {} was found in the staged search roots	KAIN-RUNTIME-XXXX	driver
Runtime	crates/driver/src/lib.rs	3520	KainError::runtime	Failed to create GPU runtime artifact directory {}: {}	KAIN-RUNTIME-XXXX	driver
Runtime	crates/driver/src/lib.rs	3529	KainError::runtime	Failed to copy GPU runtime library {} -> {}: {}	KAIN-RUNTIME-XXXX	driver
Runtime	crates/driver/src/native_app.rs	97	KainError::runtime	Could not locate runtime/native_core_runtime.toml or a compatible runtime/native_runtime.toml	KAIN-RUNTIME-XXXX	driver
Runtime	crates/driver/src/native_app.rs	103	KainError::runtime	Failed to read runtime manifest {}: {}	KAIN-RUNTIME-XXXX	driver
Runtime	crates/driver/src/native_app.rs	135	KainError::runtime	Failed to parse runtime manifest {}: {}	KAIN-RUNTIME-XXXX	driver
Runtime	crates/driver/src/native_app.rs	529	KainError::runtime	Native app bundle generation requires at least one component in {source_name}	KAIN-RUNTIME-XXXX	driver
Runtime	crates/driver/src/native_app.rs	692	KainError::runtime	Failed to serialize runtime version metadata: {}	KAIN-RUNTIME-XXXX	driver
Runtime	crates/driver/src/native_app.rs	709	KainError::runtime	Failed to serialize reflection payload: {}	KAIN-RUNTIME-XXXX	driver
Runtime	crates/driver/src/native_app.rs	801	KainError::runtime	Failed to serialize native app manifest: {err}	KAIN-RUNTIME-XXXX	driver
Runtime	crates/driver/src/native_app.rs	812	KainError::runtime	Failed to serialize native app runtime snapshot: {err}	KAIN-RUNTIME-XXXX	driver
Runtime	crates/driver/src/native_app.rs	968	KainError::runtime	Failed to discover native app root for {}: {}	KAIN-RUNTIME-XXXX	driver
Runtime	crates/driver/src/native_app.rs	1120	KainError::runtime	Native app host sidecar source '{}' does not exist	KAIN-RUNTIME-XXXX	driver
Runtime	crates/driver/src/native_app.rs	1136	KainError::runtime	Native app host sidecar '{}' does not resolve to a file name	KAIN-RUNTIME-XXXX	driver
Runtime	crates/driver/src/native_app.rs	1167	KainError::runtime	Native app asset '{}' points to missing source '{}'{}	KAIN-RUNTIME-XXXX	driver
Runtime	crates/driver/src/native_app.rs	1334	KainError::runtime	C FFI import '{}' did not produce a bridge library for native packaging	KAIN-RUNTIME-XXXX	driver
Runtime	crates/driver/src/native_app.rs	1369	KainError::runtime	C FFI import '{}' is missing a resolved shared library path	KAIN-RUNTIME-XXXX	driver
Runtime	crates/driver/src/native_app.rs	1392	KainError::runtime	Failed to serialize packaged C FFI manifest: {err}	KAIN-RUNTIME-XXXX	driver
Runtime	crates/driver/src/native_app.rs	2068	KainError::runtime	Failed to derive the Kain workspace root from the kain-driver crate path	KAIN-RUNTIME-XXXX	driver
Runtime	crates/driver/src/native_app.rs	2136	KainError::runtime	Failed to invoke cargo to build native app at {}: {}	KAIN-RUNTIME-XXXX	driver
Runtime	crates/driver/src/native_app.rs	2144	KainError::runtime	Native app cargo build failed for {}:\n{}\n{}	KAIN-RUNTIME-XXXX	driver
Runtime	crates/driver/src/native_app.rs	2159	KainError::runtime	Cargo reported success but no executable was found at {}	KAIN-RUNTIME-XXXX	driver
Runtime	crates/driver/src/native_app.rs	2263	KainError::runtime	Failed to serialize native app runtime bundle for {}: {err}	KAIN-RUNTIME-XXXX	driver
Runtime	crates/driver/src/native_app.rs	2272	KainError::runtime	Failed to serialize runtime contract bundle for {}: {err}	KAIN-RUNTIME-XXXX	driver
Runtime	crates/driver/src/native_app.rs	2281	KainError::runtime	Failed to serialize runtime compatibility bundle for {}: {err}	KAIN-RUNTIME-XXXX	driver
Runtime	crates/driver/src/native_app.rs	2340	KainError::runtime	Failed to serialize native app realtime bundle: {err}	KAIN-RUNTIME-XXXX	driver
Runtime	crates/driver/src/native_app.rs	2398	KainError::runtime	Failed to {context}: {err}	KAIN-RUNTIME-XXXX	driver
Runtime	crates/driver/src/tauri_app.rs	185	KainError::runtime	Failed to serialize Tauri runtime bundle for {}: {err}	KAIN-RUNTIME-XXXX	driver
Runtime	crates/driver/src/tauri_app.rs	199	KainError::runtime	Failed to serialize Tauri runtime contract for {}: {err}	KAIN-RUNTIME-XXXX	driver
Runtime	crates/driver/src/tauri_app.rs	212	KainError::runtime	Failed to serialize Tauri runtime compatibility for {}: {err}	KAIN-RUNTIME-XXXX	driver
Runtime	crates/driver/src/tauri_app.rs	227	KainError::runtime	Failed to serialize Tauri realtime bundle: {err}	KAIN-RUNTIME-XXXX	driver
Runtime	crates/driver/src/tauri_app.rs	238	KainError::runtime	Failed to serialize Tauri runtime version metadata: {err}	KAIN-RUNTIME-XXXX	driver
Runtime	crates/driver/src/tauri_app.rs	254	KainError::runtime	Failed to serialize Tauri reflection payload: {err}	KAIN-RUNTIME-XXXX	driver
Runtime	crates/driver/src/tauri_app.rs	395	KainError::runtime	Failed to serialize Tauri bridge manifest: {err}	KAIN-RUNTIME-XXXX	driver
Runtime	crates/driver/src/tauri_app.rs	439	KainError::runtime	Failed to serialize Tauri frontend descriptor: {err}	KAIN-RUNTIME-XXXX	driver
Runtime	crates/driver/src/tauri_app.rs	556	KainError::runtime	Failed to serialize Tauri app manifest: {err}	KAIN-RUNTIME-XXXX	driver
Runtime	crates/driver/src/tauri_app.rs	568	KainError::runtime	Failed to serialize Tauri runtime snapshot: {err}	KAIN-RUNTIME-XXXX	driver
Runtime	crates/driver/src/tauri_app.rs	773	KainError::runtime	Tauri asset '{}' points to missing source '{}'{}	KAIN-RUNTIME-XXXX	driver
Runtime	crates/driver/src/tauri_app.rs	1198	KainError::runtime	Failed to invoke cargo to build Tauri app at {}: {}	KAIN-RUNTIME-XXXX	driver
Runtime	crates/driver/src/tauri_app.rs	1205	KainError::runtime	Tauri app cargo build failed for {}:\n{}\n{}	KAIN-RUNTIME-XXXX	driver
Runtime	crates/driver/src/tauri_app.rs	1224	KainError::runtime	Cargo reported success but no Tauri executable was found at {}	KAIN-RUNTIME-XXXX	driver
Runtime	crates/driver/src/tauri_app.rs	1248	KainError::runtime	Failed to {action}: {err}	KAIN-RUNTIME-XXXX	driver
Runtime	crates/error/src/builder.rs	288	ErrorKind	Runtime	KAIN-RUNTIME-XXXX	error
Runtime	crates/error/src/builder.rs	292	ErrorKind	Runtime	KAIN-RUNTIME-XXXX	error
Runtime	crates/error/src/builder.rs	296	ErrorKind	Runtime	KAIN-RUNTIME-XXXX	error
Runtime	crates/error/src/builder.rs	300	ErrorKind	Runtime	KAIN-RUNTIME-XXXX	error
Runtime	crates/error/src/diagnostic_registry.rs	87	DiagnosticCode	RuntimeGeneric	KAIN-RUNTIME-0001	error
Runtime	crates/error/src/diagnostic_registry.rs	87	ErrorKind	Runtime	KAIN-RUNTIME-XXXX	error
Runtime	crates/error/src/error.rs	425	ErrorKind	Runtime	KAIN-RUNTIME-XXXX	error
Runtime	crates/error/src/error.rs	426	ErrorKind	Runtime	KAIN-RUNTIME-XXXX	error
Runtime	crates/error/src/error.rs	662	ErrorKind	Runtime	KAIN-RUNTIME-XXXX	error
Runtime	crates/error/src/error.rs	758	ErrorKind	Runtime	KAIN-RUNTIME-XXXX	error
Runtime	crates/error/src/error.rs	822	ErrorKind	Runtime	KAIN-RUNTIME-XXXX	error
Runtime	crates/error/src/report.rs	706	ErrorKind	Runtime	KAIN-RUNTIME-XXXX	error
Runtime	crates/fmt/src/lib.rs	588	KainError::runtime	Kain formatter cannot emit `surface` shader stage because the parser does not currently accept it	KAIN-RUNTIME-XXXX	fmt
Runtime	crates/fmt/src/lib.rs	674	KainError::runtime	Kain formatter cannot emit empty enums because the parser requires at least one variant	KAIN-RUNTIME-XXXX	fmt
Runtime	crates/fmt/src/lib.rs	720	KainError::runtime	Kain formatter cannot emit empty traits because the parser requires at least one method	KAIN-RUNTIME-XXXX	fmt
Runtime	crates/fmt/src/lib.rs	778	KainError::runtime	Kain formatter cannot emit empty impl blocks because the parser requires at least one method	KAIN-RUNTIME-XXXX	fmt
Runtime	crates/fmt/src/lib.rs	1704	KainError::runtime	Kain formatter cannot emit empty executable blocks in v1	KAIN-RUNTIME-XXXX	fmt
Runtime	crates/fmt/src/lib.rs	2303	KainError::runtime	Kain formatter cannot emit non-block observe expressions in v1	KAIN-RUNTIME-XXXX	fmt
Runtime	crates/fmt/src/lib.rs	2313	KainError::runtime	Kain formatter cannot emit non-block collapse expressions in v1	KAIN-RUNTIME-XXXX	fmt
Runtime	crates/fmt/src/lib.rs	2326	KainError::runtime	Kain formatter cannot emit non-block share expressions in v1	KAIN-RUNTIME-XXXX	fmt
Runtime	crates/fmt/src/lib.rs	2416	KainError::runtime	Kain formatter cannot emit non-block comptime expressions in v1	KAIN-RUNTIME-XXXX	fmt
Runtime	crates/fmt/src/lib.rs	2425	KainError::runtime	Kain formatter cannot emit standalone multi-statement block expressions in v1	KAIN-RUNTIME-XXXX	fmt
Runtime	crates/fmt/src/lib.rs	3406	KainError::runtime	Kain formatter cannot emit empty blocks in v1	KAIN-RUNTIME-XXXX	fmt
Runtime	crates/host-derive/src/lib.rs	381	KainError::runtime	Unknown variant {}::{}	KAIN-RUNTIME-XXXX	host-derive
Runtime	crates/host/src/lib.rs	212	KainError::runtime	Expected struct {expected_name}, got struct {name}	KAIN-RUNTIME-XXXX	host
Runtime	crates/host/src/lib.rs	218	KainError::runtime	Failed to read struct fields	KAIN-RUNTIME-XXXX	host
Runtime	crates/host/src/lib.rs	235	KainError::runtime	Missing struct field '{field_name}'	KAIN-RUNTIME-XXXX	host
Runtime	crates/host/src/lib.rs	251	KainError::runtime	Expected enum {expected_name}, got enum {enum_name}	KAIN-RUNTIME-XXXX	host
Runtime	crates/host/src/lib.rs	270	KainError::runtime	Enum variant {enum_name}::{variant_name} expected {expected_len} field(s), got {}	KAIN-RUNTIME-XXXX	host
Runtime	crates/host/src/lib.rs	440	KainError::runtime	Int value did not fit into i32	KAIN-RUNTIME-XXXX	host
Runtime	crates/host/src/lib.rs	447	KainError::runtime	Int value did not fit into i16	KAIN-RUNTIME-XXXX	host
Runtime	crates/host/src/lib.rs	454	KainError::runtime	Int value did not fit into i8	KAIN-RUNTIME-XXXX	host
Runtime	crates/host/src/lib.rs	461	KainError::runtime	Int value did not fit into u32	KAIN-RUNTIME-XXXX	host
Runtime	crates/host/src/lib.rs	468	KainError::runtime	Int value did not fit into u64	KAIN-RUNTIME-XXXX	host
Runtime	crates/host/src/lib.rs	475	KainError::runtime	Int value did not fit into u16	KAIN-RUNTIME-XXXX	host
Runtime	crates/host/src/lib.rs	482	KainError::runtime	Int value did not fit into u8	KAIN-RUNTIME-XXXX	host
Runtime	crates/host/src/lib.rs	489	KainError::runtime	Int value did not fit into usize	KAIN-RUNTIME-XXXX	host
Runtime	crates/host/src/lib.rs	540	KainError::runtime	Failed to read array value	KAIN-RUNTIME-XXXX	host
Runtime	crates/host/src/lib.rs	816	KainError::runtime	Expected {expected}, got {}	KAIN-RUNTIME-XXXX	host
Runtime	crates/host/src/lib.rs	835	KainError::runtime	Filesystem error: {error}	KAIN-RUNTIME-XXXX	host
Runtime	crates/host/src/lib.rs	839	KainError::runtime	Native function was declared for Kain export but not bound to a Rust implementation	KAIN-RUNTIME-XXXX	host
Runtime	crates/host/src/lib.rs	886	KainError::runtime	host_double expected a single Int argument	KAIN-RUNTIME-XXXX	host
Runtime	crates/host/tests/derive_roundtrip.rs	206	KainError::runtime	expected Int	KAIN-RUNTIME-XXXX	host
Runtime	crates/interop/src/lib.rs	114	KainError::runtime	failed to write shared buffer bytes	KAIN-RUNTIME-XXXX	interop
Runtime	crates/interop/src/lib.rs	137	KainError::runtime	shared buffer byte length mismatch for GPU binding: expected {required}, got {byte_length}	KAIN-RUNTIME-XXXX	interop
Runtime	crates/interop/src/lib.rs	145	KainError::runtime	uniform-buffer GPU bindings must be read-only	KAIN-RUNTIME-XXXX	interop
Runtime	crates/interop/src/lib.rs	236	KainError::runtime	kain_shared_image: raster byte length mismatch, expected {expected}, got {byte_len}	KAIN-RUNTIME-XXXX	interop
Runtime	crates/interop/src/lib.rs	262	KainError::runtime	expected a Kain shared buffer	KAIN-RUNTIME-XXXX	interop
Runtime	crates/interop/src/lib.rs	268	KainError::runtime	expected a Kain shared image	KAIN-RUNTIME-XXXX	interop
Runtime	crates/interop/src/lib.rs	509	KainError::runtime	kain_shared_buffer_info: expected 1 argument (target)	KAIN-RUNTIME-XXXX	interop
Runtime	crates/interop/src/lib.rs	519	KainError::runtime	kain_shared_buffer_bytes: expected 1 argument (target)	KAIN-RUNTIME-XXXX	interop
Runtime	crates/interop/src/lib.rs	529	KainError::runtime	kain_shared_buffer_from_bytes: expected (bytes, element_type, shape, format, mime_type)	KAIN-RUNTIME-XXXX	interop
Runtime	crates/interop/src/lib.rs	566	KainError::runtime	kain_shared_buffer_replace_bytes: expected (target, bytes)	KAIN-RUNTIME-XXXX	interop
Runtime	crates/interop/src/lib.rs	578	KainError::runtime	kain_shared_image_info: expected 1 argument (target)	KAIN-RUNTIME-XXXX	interop
Runtime	crates/interop/src/lib.rs	588	KainError::runtime	kain_shared_image_bytes: expected 1 argument (target)	KAIN-RUNTIME-XXXX	interop
Runtime	crates/interop/src/lib.rs	598	KainError::runtime	kain_shared_image_from_bytes: expected (bytes, width, height, channels, layout, pixel_format, mime_type)	KAIN-RUNTIME-XXXX	interop
Runtime	crates/interop/src/lib.rs	643	KainError::runtime	kain_shared_image_replace_bytes: expected (target, bytes)	KAIN-RUNTIME-XXXX	interop
Runtime	crates/interop/src/lib.rs	683	KainError::runtime	{fn_name}: expected bytes to be Array<Int>	KAIN-RUNTIME-XXXX	interop
Runtime	crates/interop/src/lib.rs	691	KainError::runtime	{fn_name}: byte {index} must be Int	KAIN-RUNTIME-XXXX	interop
Runtime	crates/interop/src/lib.rs	696	KainError::runtime	{fn_name}: byte {index} value {value} is outside u8 range	KAIN-RUNTIME-XXXX	interop
Runtime	crates/interop/src/lib.rs	707	KainError::runtime	{fn_name}: {label} must be Array<Int>	KAIN-RUNTIME-XXXX	interop
Runtime	crates/interop/src/lib.rs	715	KainError::runtime	{fn_name}: {label} must contain only Int values	KAIN-RUNTIME-XXXX	interop
Runtime	crates/interop/src/lib.rs	727	KainError::runtime	{fn_name}: {label} must be Int, got {other:?}	KAIN-RUNTIME-XXXX	interop
Runtime	crates/interop/src/lib.rs	736	KainError::runtime	{fn_name}: {label} must be String, got {other:?}	KAIN-RUNTIME-XXXX	interop
Runtime	crates/interop/src/lib.rs	767	KainError::runtime	Unsupported shared element type: {element_type}	KAIN-RUNTIME-XXXX	interop
Runtime	crates/interop/src/lib.rs	773	KainError::runtime	shared buffer metadata must declare a positive element_size	KAIN-RUNTIME-XXXX	interop
Runtime	crates/interop/src/lib.rs	778	KainError::runtime	shared buffer shape dimensions must be non-negative	KAIN-RUNTIME-XXXX	interop
Runtime	crates/interop/src/lib.rs	785	KainError::runtime	shared buffer element_count must be non-negative	KAIN-RUNTIME-XXXX	interop
Runtime	crates/interop/src/lib.rs	792	KainError::runtime	shared buffer byte length overflow	KAIN-RUNTIME-XXXX	interop
Runtime	crates/interop/src/lib.rs	795	KainError::runtime	shared buffer byte length does not fit usize	KAIN-RUNTIME-XXXX	interop
Runtime	crates/node/src/lib.rs	590	KainError::runtime	JavaScript/Node FFI is only available in host-backed Kain execution lanes for now	KAIN-RUNTIME-XXXX	node
Runtime	crates/node/src/lib.rs	929	KainError::runtime	js_setattr expects target	KAIN-RUNTIME-XXXX	node
Runtime	crates/node/src/lib.rs	933	KainError::runtime	js_setattr expects value	KAIN-RUNTIME-XXXX	node
Runtime	crates/node/src/lib.rs	949	KainError::runtime	js_hasattr expects target	KAIN-RUNTIME-XXXX	node
Runtime	crates/node/src/lib.rs	960	KainError::runtime	Node bridge returned non-bool for js_hasattr: {other}	KAIN-RUNTIME-XXXX	node
Runtime	crates/node/src/lib.rs	969	KainError::runtime	js_buffer_info expects target	KAIN-RUNTIME-XXXX	node
Runtime	crates/node/src/lib.rs	982	KainError::runtime	js_buffer_bytes expects target	KAIN-RUNTIME-XXXX	node
Runtime	crates/node/src/lib.rs	995	KainError::runtime	js_document_info expects target	KAIN-RUNTIME-XXXX	node
Runtime	crates/node/src/lib.rs	1008	KainError::runtime	js_document_text expects target	KAIN-RUNTIME-XXXX	node
Runtime	crates/node/src/lib.rs	1021	KainError::runtime	js_image_info expects target	KAIN-RUNTIME-XXXX	node
Runtime	crates/node/src/lib.rs	1034	KainError::runtime	js_image_text expects target	KAIN-RUNTIME-XXXX	node
Runtime	crates/node/src/lib.rs	1047	KainError::runtime	js_image_bytes expects target	KAIN-RUNTIME-XXXX	node
Runtime	crates/node/src/lib.rs	1060	KainError::runtime	js_image_buffer expects target	KAIN-RUNTIME-XXXX	node
Runtime	crates/node/src/lib.rs	1073	KainError::runtime	kain_shared_buffer_from_js expects target	KAIN-RUNTIME-XXXX	node
Runtime	crates/node/src/lib.rs	1110	KainError::runtime	kain_shared_image_from_js expects target	KAIN-RUNTIME-XXXX	node
Runtime	crates/node/src/lib.rs	1176	KainError::runtime	{builtin} expects target	KAIN-RUNTIME-XXXX	node
Runtime	crates/node/src/lib.rs	1181	KainError::runtime	{builtin} expects args	KAIN-RUNTIME-XXXX	node
Runtime	crates/node/src/lib.rs	1192	KainError::runtime	{builtin} expects args	KAIN-RUNTIME-XXXX	node
Runtime	crates/node/src/lib.rs	1206	KainError::runtime	{builtin} expects target	KAIN-RUNTIME-XXXX	node
Runtime	crates/node/src/lib.rs	1222	KainError::runtime	{name} expected argument {} to be String, got {other}	KAIN-RUNTIME-XXXX	node
Runtime	crates/node/src/lib.rs	1226	KainError::runtime	{name} expected argument {}	KAIN-RUNTIME-XXXX	node
Runtime	crates/node/src/lib.rs	1288	KainError::runtime	JavaScript bridge cannot serialize foreign host objects	KAIN-RUNTIME-XXXX	node
Runtime	crates/node/src/lib.rs	1347	KainError::runtime	Unsupported numeric value from Node bridge: {number}	KAIN-RUNTIME-XXXX	node
Runtime	crates/node/src/lib.rs	1363	KainError::runtime	Malformed JavaScript host object reference	KAIN-RUNTIME-XXXX	node
Runtime	crates/node/src/lib.rs	1403	KainError::runtime	{fn_name}: expected byte array from Node bridge	KAIN-RUNTIME-XXXX	node
Runtime	crates/node/src/lib.rs	1410	KainError::runtime	{fn_name}: byte {index} was not an unsigned integer	KAIN-RUNTIME-XXXX	node
Runtime	crates/node/src/lib.rs	1415	KainError::runtime	{fn_name}: byte {index} value {value} is outside u8 range	KAIN-RUNTIME-XXXX	node
Runtime	crates/node/src/lib.rs	1437	KainError::runtime	Node bridge process slot was unexpectedly empty	KAIN-RUNTIME-XXXX	node
Runtime	crates/node/src/lib.rs	1454	KainError::runtime	Node bridge failed without a concrete error	KAIN-RUNTIME-XXXX	node
Runtime	crates/node/src/lib.rs	1476	KainError::runtime	Node bridge stdin was not piped	KAIN-RUNTIME-XXXX	node
Runtime	crates/node/src/lib.rs	1479	KainError::runtime	Node bridge stdout was not piped	KAIN-RUNTIME-XXXX	node
Runtime	crates/node/src/lib.rs	1498	KainError::runtime	Failed to spawn JavaScript runtime '{}' ({detail})	KAIN-RUNTIME-XXXX	node
Runtime	crates/node/src/lib.rs	1509	KainError::runtime	Node bridge requests must be JSON objects	KAIN-RUNTIME-XXXX	node
Runtime	crates/node/src/lib.rs	1516	KainError::runtime	Failed to encode Node bridge request: {err}	KAIN-RUNTIME-XXXX	node
Runtime	crates/node/src/lib.rs	1519	KainError::runtime	Failed to write Node bridge request: {err}	KAIN-RUNTIME-XXXX	node
Runtime	crates/node/src/lib.rs	1522	KainError::runtime	Failed to flush Node bridge request: {err}	KAIN-RUNTIME-XXXX	node
Runtime	crates/node/src/lib.rs	1527	KainError::runtime	Failed to read Node bridge response: {err}	KAIN-RUNTIME-XXXX	node
Runtime	crates/node/src/lib.rs	1530	KainError::runtime	Node bridge exited before sending a response	KAIN-RUNTIME-XXXX	node
Runtime	crates/node/src/lib.rs	1536	KainError::runtime	Failed to decode Node bridge response: {err}	KAIN-RUNTIME-XXXX	node
Runtime	crates/node/src/lib.rs	1543	KainError::runtime	Node bridge response ID mismatch: expected {id}, got {response_id}	KAIN-RUNTIME-XXXX	node
Runtime	crates/node/src/lib.rs	1563	KainError::runtime	Failed to stop Node bridge: {err}	KAIN-RUNTIME-XXXX	node
Runtime	crates/node/src/lib.rs	1577	KainError::runtime	JavaScript runtime is not registered for this environment	KAIN-RUNTIME-XXXX	node
Runtime	crates/node/src/lib.rs	1642	KainError::runtime	Failed to parse Node FFI config from '{}': {err}	KAIN-RUNTIME-XXXX	node
Runtime	crates/python/src/lib.rs	574	KainError::runtime	py_eval: expected 1 argument (code)	KAIN-RUNTIME-XXXX	python
Runtime	crates/python/src/lib.rs	578	KainError::runtime	py_eval: expected string	KAIN-RUNTIME-XXXX	python
Runtime	crates/python/src/lib.rs	587	KainError::runtime	Python Error: {err}	KAIN-RUNTIME-XXXX	python
Runtime	crates/python/src/lib.rs	594	KainError::runtime	py_eval_raw: expected 1 argument (code)	KAIN-RUNTIME-XXXX	python
Runtime	crates/python/src/lib.rs	600	KainError::runtime	py_eval_raw: expected string	KAIN-RUNTIME-XXXX	python
Runtime	crates/python/src/lib.rs	609	KainError::runtime	Python Error: {err}	KAIN-RUNTIME-XXXX	python
Runtime	crates/python/src/lib.rs	616	KainError::runtime	py_exec: expected 1 argument	KAIN-RUNTIME-XXXX	python
Runtime	crates/python/src/lib.rs	620	KainError::runtime	py_exec: expected string	KAIN-RUNTIME-XXXX	python
Runtime	crates/python/src/lib.rs	628	KainError::runtime	Python Error: {err}	KAIN-RUNTIME-XXXX	python
Runtime	crates/python/src/lib.rs	647	KainError::runtime	py_import_from_with_context: expected (module, member, importer_file)	KAIN-RUNTIME-XXXX	python
Runtime	crates/python/src/lib.rs	683	KainError::runtime	py_import: expected (module) or (module, importer_file)	KAIN-RUNTIME-XXXX	python
Runtime	crates/python/src/lib.rs	719	KainError::runtime	{label}: expected string	KAIN-RUNTIME-XXXX	python
Runtime	crates/python/src/lib.rs	728	KainError::runtime	Python import context expects importer_file to be String or none	KAIN-RUNTIME-XXXX	python
Runtime	crates/python/src/lib.rs	753	KainError::runtime	Python import error for '{module_name}' after resolving local module root '{}' (source '{}'; tried [{}]): {err}	KAIN-RUNTIME-XXXX	python
Runtime	crates/python/src/lib.rs	760	KainError::runtime	Python import error for '{module_name}': {err}	KAIN-RUNTIME-XXXX	python
Runtime	crates/python/src/lib.rs	763	KainError::runtime	Failed to set module '{module_name}': {err}	KAIN-RUNTIME-XXXX	python
Runtime	crates/python/src/lib.rs	843	KainError::runtime	Python sys import error: {err}	KAIN-RUNTIME-XXXX	python
Runtime	crates/python/src/lib.rs	847	KainError::runtime	Python sys.path error: {err}	KAIN-RUNTIME-XXXX	python
Runtime	crates/python/src/lib.rs	851	KainError::runtime	Python sys.modules error: {err}	KAIN-RUNTIME-XXXX	python
Runtime	crates/python/src/lib.rs	863	KainError::runtime	Failed to prepend sys.path: {err}	KAIN-RUNTIME-XXXX	python
Runtime	crates/python/src/lib.rs	927	KainError::runtime	Python getattr error while resolving '{call_label}': {err}	KAIN-RUNTIME-XXXX	python
Runtime	crates/python/src/lib.rs	943	KainError::runtime	Python call error while calling '{call_label}': {err}	KAIN-RUNTIME-XXXX	python
Runtime	crates/python/src/lib.rs	965	KainError::runtime	py_getattr: expected 2 arguments (target, name)	KAIN-RUNTIME-XXXX	python
Runtime	crates/python/src/lib.rs	972	KainError::runtime	py_getattr: attribute name must be string	KAIN-RUNTIME-XXXX	python
Runtime	crates/python/src/lib.rs	987	KainError::runtime	Python getattr error while reading '{}.{}': {err}	KAIN-RUNTIME-XXXX	python
Runtime	crates/python/src/lib.rs	1003	KainError::runtime	py_setattr: expected 3 arguments (target, name, value)	KAIN-RUNTIME-XXXX	python
Runtime	crates/python/src/lib.rs	1010	KainError::runtime	py_setattr: attribute name must be string	KAIN-RUNTIME-XXXX	python
Runtime	crates/python/src/lib.rs	1025	KainError::runtime	Python setattr error: {err}	KAIN-RUNTIME-XXXX	python
Runtime	crates/python/src/lib.rs	1032	KainError::runtime	py_hasattr: expected 2 arguments (target, name)	KAIN-RUNTIME-XXXX	python
Runtime	crates/python/src/lib.rs	1039	KainError::runtime	py_hasattr: attribute name must be string	KAIN-RUNTIME-XXXX	python
Runtime	crates/python/src/lib.rs	1053	KainError::runtime	Python hasattr error: {err}	KAIN-RUNTIME-XXXX	python
Runtime	crates/python/src/lib.rs	1060	KainError::runtime	py_buffer: expected 1 argument (target)	KAIN-RUNTIME-XXXX	python
Runtime	crates/python/src/lib.rs	1077	KainError::runtime	py_buffer_info: expected 1 argument (target)	KAIN-RUNTIME-XXXX	python
Runtime	crates/python/src/lib.rs	1099	KainError::runtime	py_buffer_bytes: expected 1 argument (target)	KAIN-RUNTIME-XXXX	python
Runtime	crates/python/src/lib.rs	1116	KainError::runtime	py_tensor_info: expected 1 argument (target)	KAIN-RUNTIME-XXXX	python
Runtime	crates/python/src/lib.rs	1133	KainError::runtime	py_tensor_bytes: expected 1 argument (target)	KAIN-RUNTIME-XXXX	python
Runtime	crates/python/src/lib.rs	1150	KainError::runtime	py_image_info: expected 1 argument (target)	KAIN-RUNTIME-XXXX	python
Runtime	crates/python/src/lib.rs	1167	KainError::runtime	py_geometry_info: expected (target) or (vertices, indices)	KAIN-RUNTIME-XXXX	python
Runtime	crates/python/src/lib.rs	1188	KainError::runtime	py_image_view: expected 1 argument (target)	KAIN-RUNTIME-XXXX	python
Runtime	crates/python/src/lib.rs	1218	KainError::runtime	py_image_pixel: expected (view, x, y) or (view, batch, x, y)	KAIN-RUNTIME-XXXX	python
Runtime	crates/python/src/lib.rs	1250	KainError::runtime	py_image_set_pixel: expected (view, x, y, value) or (view, batch, x, y, value)	KAIN-RUNTIME-XXXX	python
Runtime	crates/python/src/lib.rs	1266	KainError::runtime	py_tensor_view: expected 1 argument (target)	KAIN-RUNTIME-XXXX	python
Runtime	crates/python/src/lib.rs	1289	KainError::runtime	py_tensor_get: expected (view, indices)	KAIN-RUNTIME-XXXX	python
Runtime	crates/python/src/lib.rs	1314	KainError::runtime	py_tensor_set: expected (view, indices, value)	KAIN-RUNTIME-XXXX	python
Runtime	crates/python/src/lib.rs	1340	KainError::runtime	py_geometry_view: expected (target) or (vertices, indices)	KAIN-RUNTIME-XXXX	python
Runtime	crates/python/src/lib.rs	1361	KainError::runtime	py_geometry_vertex: expected (view, index)	KAIN-RUNTIME-XXXX	python
Runtime	crates/python/src/lib.rs	1383	KainError::runtime	py_geometry_face: expected (view, index)	KAIN-RUNTIME-XXXX	python
Runtime	crates/python/src/lib.rs	1390	KainError::runtime	py_geometry_face: geometry view has no index buffer	KAIN-RUNTIME-XXXX	python
Runtime	crates/python/src/lib.rs	1413	KainError::runtime	py_geometry_set_vertex: expected (view, index, value)	KAIN-RUNTIME-XXXX	python
Runtime	crates/python/src/lib.rs	1435	KainError::runtime	py_geometry_set_face: expected (view, index, value)	KAIN-RUNTIME-XXXX	python
Runtime	crates/python/src/lib.rs	1442	KainError::runtime	py_geometry_set_face: geometry view has no index buffer	KAIN-RUNTIME-XXXX	python
Runtime	crates/python/src/lib.rs	1470	KainError::runtime	{fn_name}: expected 1 argument (target)	KAIN-RUNTIME-XXXX	python
Runtime	crates/python/src/lib.rs	1509	KainError::runtime	kain_image_info: expected 1 argument (image)	KAIN-RUNTIME-XXXX	python
Runtime	crates/python/src/lib.rs	1533	KainError::runtime	kain_image_pixel: expected (image, x, y) or (image, batch, x, y)	KAIN-RUNTIME-XXXX	python
Runtime	crates/python/src/lib.rs	1558	KainError::runtime	kain_image_set_pixel: expected (image, x, y, value) or (image, batch, x, y, value)	KAIN-RUNTIME-XXXX	python
Runtime	crates/python/src/lib.rs	1574	KainError::runtime	{fn_name}: expected 1 argument (target)	KAIN-RUNTIME-XXXX	python
Runtime	crates/python/src/lib.rs	1613	KainError::runtime	kain_tensor_info: expected 1 argument (tensor)	KAIN-RUNTIME-XXXX	python
Runtime	crates/python/src/lib.rs	1624	KainError::runtime	kain_tensor_get: expected (tensor, indices)	KAIN-RUNTIME-XXXX	python
Runtime	crates/python/src/lib.rs	1636	KainError::runtime	kain_tensor_set: expected (tensor, indices, value)	KAIN-RUNTIME-XXXX	python
Runtime	crates/python/src/lib.rs	1654	KainError::runtime	{fn_name}: expected (target) or (vertices, indices)	KAIN-RUNTIME-XXXX	python
Runtime	crates/python/src/lib.rs	1719	KainError::runtime	shared buffer export error: {err}	KAIN-RUNTIME-XXXX	python
Runtime	crates/python/src/lib.rs	1721	KainError::runtime	shared buffer export error: {err}	KAIN-RUNTIME-XXXX	python
Runtime	crates/python/src/lib.rs	1723	KainError::runtime	shared buffer export error: {err}	KAIN-RUNTIME-XXXX	python
Runtime	crates/python/src/lib.rs	1725	KainError::runtime	shared buffer export error: {err}	KAIN-RUNTIME-XXXX	python
Runtime	crates/python/src/lib.rs	1730	KainError::runtime	shared buffer export error: {err}	KAIN-RUNTIME-XXXX	python
Runtime	crates/python/src/lib.rs	1735	KainError::runtime	shared buffer export error: {err}	KAIN-RUNTIME-XXXX	python
Runtime	crates/python/src/lib.rs	1745	KainError::runtime	shared buffer export error: {err}	KAIN-RUNTIME-XXXX	python
Runtime	crates/python/src/lib.rs	1755	KainError::runtime	shared buffer export error: {err}	KAIN-RUNTIME-XXXX	python
Runtime	crates/python/src/lib.rs	1757	KainError::runtime	shared buffer export error: {err}	KAIN-RUNTIME-XXXX	python
Runtime	crates/python/src/lib.rs	1767	KainError::runtime	shared buffer export error: {err}	KAIN-RUNTIME-XXXX	python
Runtime	crates/python/src/lib.rs	1769	KainError::runtime	shared buffer export error: {err}	KAIN-RUNTIME-XXXX	python
Runtime	crates/python/src/lib.rs	1771	KainError::runtime	shared buffer export error: {err}	KAIN-RUNTIME-XXXX	python
Runtime	crates/python/src/lib.rs	1773	KainError::runtime	shared buffer export error: {err}	KAIN-RUNTIME-XXXX	python
Runtime	crates/python/src/lib.rs	1780	KainError::runtime	shared image export error: {err}	KAIN-RUNTIME-XXXX	python
Runtime	crates/python/src/lib.rs	1782	KainError::runtime	shared image export error: {err}	KAIN-RUNTIME-XXXX	python
Runtime	crates/python/src/lib.rs	1784	KainError::runtime	shared image export error: {err}	KAIN-RUNTIME-XXXX	python
Runtime	crates/python/src/lib.rs	1786	KainError::runtime	shared image export error: {err}	KAIN-RUNTIME-XXXX	python
Runtime	crates/python/src/lib.rs	1788	KainError::runtime	shared image export error: {err}	KAIN-RUNTIME-XXXX	python
Runtime	crates/python/src/lib.rs	1790	KainError::runtime	shared image export error: {err}	KAIN-RUNTIME-XXXX	python
Runtime	crates/python/src/lib.rs	1792	KainError::runtime	shared image export error: {err}	KAIN-RUNTIME-XXXX	python
Runtime	crates/python/src/lib.rs	1794	KainError::runtime	shared image export error: {err}	KAIN-RUNTIME-XXXX	python
Runtime	crates/python/src/lib.rs	1796	KainError::runtime	shared image export error: {err}	KAIN-RUNTIME-XXXX	python
Runtime	crates/python/src/lib.rs	1798	KainError::runtime	shared image export error: {err}	KAIN-RUNTIME-XXXX	python
Runtime	crates/python/src/lib.rs	1800	KainError::runtime	shared image export error: {err}	KAIN-RUNTIME-XXXX	python
Runtime	crates/python/src/lib.rs	1802	KainError::runtime	shared image export error: {err}	KAIN-RUNTIME-XXXX	python
Runtime	crates/python/src/lib.rs	1804	KainError::runtime	shared image export error: {err}	KAIN-RUNTIME-XXXX	python
Runtime	crates/python/src/lib.rs	1814	KainError::runtime	shared image export error: {err}	KAIN-RUNTIME-XXXX	python
Runtime	crates/python/src/lib.rs	1816	KainError::runtime	shared image export error: {err}	KAIN-RUNTIME-XXXX	python
Runtime	crates/python/src/lib.rs	1818	KainError::runtime	shared image export error: {err}	KAIN-RUNTIME-XXXX	python
Runtime	crates/python/src/lib.rs	1820	KainError::runtime	shared image export error: {err}	KAIN-RUNTIME-XXXX	python
Runtime	crates/python/src/lib.rs	1839	KainError::runtime	shared contract field '{name}' must be a string: {err}	KAIN-RUNTIME-XXXX	python
Runtime	crates/python/src/lib.rs	1853	KainError::runtime	shared contract field '{name}' must be an int: {err}	KAIN-RUNTIME-XXXX	python
Runtime	crates/python/src/lib.rs	1867	KainError::runtime	shared contract field '{name}' must be a list of ints: {err}	KAIN-RUNTIME-XXXX	python
Runtime	crates/python/src/lib.rs	1881	KainError::runtime	shared contract field '{name}' must be a list of strings: {err}	KAIN-RUNTIME-XXXX	python
Runtime	crates/python/src/lib.rs	1889	KainError::runtime	{fn_name}: shared contract object is missing bytes	KAIN-RUNTIME-XXXX	python
Runtime	crates/python/src/lib.rs	1968	KainError::runtime	kain_shared_buffer_from_py: expected 1 argument (target)	KAIN-RUNTIME-XXXX	python
Runtime	crates/python/src/lib.rs	2012	KainError::runtime	kain_shared_image_from_py: expected 1 argument (target)	KAIN-RUNTIME-XXXX	python
Runtime	crates/python/src/lib.rs	2034	KainError::runtime	kain_shared_image_from_py: only uint8-style image payloads are supported today, got {}	KAIN-RUNTIME-XXXX	python
Runtime	crates/python/src/lib.rs	2069	KainError::runtime	kain_geometry_info: expected 1 argument (geometry)	KAIN-RUNTIME-XXXX	python
Runtime	crates/python/src/lib.rs	2080	KainError::runtime	kain_geometry_vertex: expected (geometry, index)	KAIN-RUNTIME-XXXX	python
Runtime	crates/python/src/lib.rs	2092	KainError::runtime	kain_geometry_set_vertex: expected (geometry, index, value)	KAIN-RUNTIME-XXXX	python
Runtime	crates/python/src/lib.rs	2105	KainError::runtime	kain_geometry_face: expected (geometry, index)	KAIN-RUNTIME-XXXX	python
Runtime	crates/python/src/lib.rs	2117	KainError::runtime	kain_geometry_set_face: expected (geometry, index, value)	KAIN-RUNTIME-XXXX	python
Runtime	crates/python/src/lib.rs	2132	KainError::runtime	kain_image_to_py: expected (image) or (image, backend)	KAIN-RUNTIME-XXXX	python
Runtime	crates/python/src/lib.rs	2147	KainError::runtime	kain_tensor_to_py: expected (tensor) or (tensor, backend)	KAIN-RUNTIME-XXXX	python
Runtime	crates/python/src/lib.rs	2162	KainError::runtime	kain_geometry_to_py: expected (geometry) or (geometry, backend)	KAIN-RUNTIME-XXXX	python
Runtime	crates/python/src/lib.rs	2179	KainError::runtime	{fn_name}: expected backend to be a String, got {other:?}	KAIN-RUNTIME-XXXX	python
Runtime	crates/python/src/lib.rs	2182	KainError::runtime	{fn_name}: invalid argument shape for backend parsing	KAIN-RUNTIME-XXXX	python
Runtime	crates/python/src/lib.rs	2246	KainError::runtime	py_call: expected (target, args), (target, args, kwargs), (target, attr, args), or (target, attr, args, kwargs)	KAIN-RUNTIME-XXXX	python
Runtime	crates/python/src/lib.rs	2279	KainError::runtime	py_call: positional args must be an array, tuple, none, or unit	KAIN-RUNTIME-XXXX	python
Runtime	crates/python/src/lib.rs	2307	KainError::runtime	Python kwargs error: {err}	KAIN-RUNTIME-XXXX	python
Runtime	crates/python/src/lib.rs	2311	KainError::runtime	py_call: keyword args must be a struct/dict-like value, none, or unit	KAIN-RUNTIME-XXXX	python
Runtime	crates/python/src/lib.rs	2327	KainError::runtime	Python resolution error: {err}	KAIN-RUNTIME-XXXX	python
Runtime	crates/python/src/lib.rs	2335	KainError::runtime	Python import error: {err}	KAIN-RUNTIME-XXXX	python
Runtime	crates/python/src/lib.rs	2340	KainError::runtime	Python buffer error: {err}	KAIN-RUNTIME-XXXX	python
Runtime	crates/python/src/lib.rs	2379	KainError::runtime	PyTorch detach error: {err}	KAIN-RUNTIME-XXXX	python
Runtime	crates/python/src/lib.rs	2382	KainError::runtime	PyTorch cpu() error: {err}	KAIN-RUNTIME-XXXX	python
Runtime	crates/python/src/lib.rs	2385	KainError::runtime	PyTorch contiguous() error: {err}	KAIN-RUNTIME-XXXX	python
Runtime	crates/python/src/lib.rs	2388	KainError::runtime	PyTorch numpy() error: {err}	KAIN-RUNTIME-XXXX	python
Runtime	crates/python/src/lib.rs	2447	KainError::runtime	PyTorch tensor export error: {err}	KAIN-RUNTIME-XXXX	python
Runtime	crates/python/src/lib.rs	2452	KainError::runtime	PyTorch bytes export error: {err}	KAIN-RUNTIME-XXXX	python
Runtime	crates/python/src/lib.rs	2459	KainError::runtime	Python buffer export error: {err}	KAIN-RUNTIME-XXXX	python
Runtime	crates/python/src/lib.rs	2471	KainError::runtime	Python bytes conversion error: {err}	KAIN-RUNTIME-XXXX	python
Runtime	crates/python/src/lib.rs	2488	KainError::runtime	Unsupported Python dtype for shared interop contract: {other}	KAIN-RUNTIME-XXXX	python
Runtime	crates/python/src/lib.rs	2567	KainError::runtime	py_image_info: cannot infer image layout from shape {:?}	KAIN-RUNTIME-XXXX	python
Runtime	crates/python/src/lib.rs	2628	KainError::runtime	py_geometry_info: expected vertex shape [N, 2|3|4], found {:?}	KAIN-RUNTIME-XXXX	python
Runtime	crates/python/src/lib.rs	2642	KainError::runtime	py_geometry_info: expected index shape [M] or [M, 2|3|4], found {:?}	KAIN-RUNTIME-XXXX	python
Runtime	crates/python/src/lib.rs	2773	KainError::runtime	Python attribute error ({name}): {err}	KAIN-RUNTIME-XXXX	python
Runtime	crates/python/src/lib.rs	2786	KainError::runtime	Python attribute error ({name}): {err}	KAIN-RUNTIME-XXXX	python
Runtime	crates/python/src/lib.rs	2795	KainError::runtime	Python attribute error ({name}): {err}	KAIN-RUNTIME-XXXX	python
Runtime	crates/python/src/lib.rs	2802	KainError::runtime	Python attribute error ({name}): {err}	KAIN-RUNTIME-XXXX	python
Runtime	crates/python/src/lib.rs	2808	KainError::runtime	Python attribute error ({name}): {err}	KAIN-RUNTIME-XXXX	python
Runtime	crates/python/src/lib.rs	2815	KainError::runtime	Python attribute error ({name}): {err}	KAIN-RUNTIME-XXXX	python
Runtime	crates/python/src/lib.rs	2836	KainError::runtime	Python sequence conversion error ({name}): {err}	KAIN-RUNTIME-XXXX	python
Runtime	crates/python/src/lib.rs	2846	KainError::runtime	Python sequence conversion error ({name}): {err}	KAIN-RUNTIME-XXXX	python
Runtime	crates/python/src/lib.rs	2852	KainError::runtime	Python sequence conversion error ({name}): {err}	KAIN-RUNTIME-XXXX	python
Runtime	crates/python/src/lib.rs	2880	KainError::runtime	Expected struct field {name} to be String, got {other:?}	KAIN-RUNTIME-XXXX	python
Runtime	crates/python/src/lib.rs	2883	KainError::runtime	Missing struct field {name} in typed Python view info	KAIN-RUNTIME-XXXX	python
Runtime	crates/python/src/lib.rs	2892	KainError::runtime	Expected struct field {name} to be Int, got {other:?}	KAIN-RUNTIME-XXXX	python
Runtime	crates/python/src/lib.rs	2895	KainError::runtime	Missing struct field {name} in typed Python view info	KAIN-RUNTIME-XXXX	python
Runtime	crates/python/src/lib.rs	2904	KainError::runtime	{fn_name}: expected integer {arg_name}, got {other:?}	KAIN-RUNTIME-XXXX	python
Runtime	crates/python/src/lib.rs	2923	KainError::runtime	{fn_name}: expected integer index or index tuple/array, got {other:?}	KAIN-RUNTIME-XXXX	python
Runtime	crates/python/src/lib.rs	2931	KainError::runtime	{fn_name}: expected at most {} indices for {label}, got {index_count}	KAIN-RUNTIME-XXXX	python
Runtime	crates/python/src/lib.rs	2941	KainError::runtime	{fn_name}: index {index} is outside 0..{}	KAIN-RUNTIME-XXXX	python
Runtime	crates/python/src/lib.rs	2969	KainError::runtime	{fn_name}: expected vector length {expected_len}, got {actual_len}	KAIN-RUNTIME-XXXX	python
Runtime	crates/python/src/lib.rs	2980	KainError::runtime	Expected typed Python image view, got {}	KAIN-RUNTIME-XXXX	python
Runtime	crates/python/src/lib.rs	2991	KainError::runtime	Expected typed Python tensor view, got {}	KAIN-RUNTIME-XXXX	python
Runtime	crates/python/src/lib.rs	3002	KainError::runtime	Expected typed Python geometry view, got {}	KAIN-RUNTIME-XXXX	python
Runtime	crates/python/src/lib.rs	3017	KainError::runtime	py_image_pixel: batch index {batch} is outside 0..{}	KAIN-RUNTIME-XXXX	python
Runtime	crates/python/src/lib.rs	3023	KainError::runtime	py_image_pixel: x index {x} is outside 0..{}	KAIN-RUNTIME-XXXX	python
Runtime	crates/python/src/lib.rs	3029	KainError::runtime	py_image_pixel: y index {y} is outside 0..{}	KAIN-RUNTIME-XXXX	python
Runtime	crates/python/src/lib.rs	3042	KainError::runtime	py_image_pixel: unsupported image layout {other}	KAIN-RUNTIME-XXXX	python
Runtime	crates/python/src/lib.rs	3053	KainError::runtime	Python import error: {err}	KAIN-RUNTIME-XXXX	python
Runtime	crates/python/src/lib.rs	3058	KainError::runtime	Python slice error: {err}	KAIN-RUNTIME-XXXX	python
Runtime	crates/python/src/lib.rs	3066	KainError::runtime	Python indexing error: {err}	KAIN-RUNTIME-XXXX	python
Runtime	crates/python/src/lib.rs	3073	KainError::runtime	Python indexing error: {err}	KAIN-RUNTIME-XXXX	python
Runtime	crates/python/src/lib.rs	3085	KainError::runtime	Python assignment error: {err}	KAIN-RUNTIME-XXXX	python
Runtime	crates/python/src/lib.rs	3091	KainError::runtime	Python assignment error: {err}	KAIN-RUNTIME-XXXX	python
Runtime	crates/python/src/lib.rs	3126	KainError::runtime	native buffer index {index} is out of bounds	KAIN-RUNTIME-XXXX	python
Runtime	crates/python/src/lib.rs	3135	KainError::runtime	native buffer index {index} is out of bounds	KAIN-RUNTIME-XXXX	python
Runtime	crates/python/src/lib.rs	3144	KainError::runtime	native buffer index {index} is out of bounds	KAIN-RUNTIME-XXXX	python
Runtime	crates/python/src/lib.rs	3157	KainError::runtime	Expected bool-compatible value, got {other:?}	KAIN-RUNTIME-XXXX	python
Runtime	crates/python/src/lib.rs	3164	KainError::runtime	native buffer index {index} is out of bounds	KAIN-RUNTIME-XXXX	python
Runtime	crates/python/src/lib.rs	3174	KainError::runtime	Expected int-compatible value, got {other:?}	KAIN-RUNTIME-XXXX	python
Runtime	crates/python/src/lib.rs	3181	KainError::runtime	native buffer index {index} is out of bounds	KAIN-RUNTIME-XXXX	python
Runtime	crates/python/src/lib.rs	3198	KainError::runtime	Expected float-compatible value, got {other:?}	KAIN-RUNTIME-XXXX	python
Runtime	crates/python/src/lib.rs	3205	KainError::runtime	native buffer index {index} is out of bounds	KAIN-RUNTIME-XXXX	python
Runtime	crates/python/src/lib.rs	3251	KainError::runtime	NumPy shared reshape error: {err}	KAIN-RUNTIME-XXXX	python
Runtime	crates/python/src/lib.rs	3269	KainError::runtime	PyTorch shared detach error: {err}	KAIN-RUNTIME-XXXX	python
Runtime	crates/python/src/lib.rs	3271	KainError::runtime	PyTorch shared reshape error: {err}	KAIN-RUNTIME-XXXX	python
Runtime	crates/python/src/lib.rs	3299	KainError::runtime	native buffer index {index} is out of bounds	KAIN-RUNTIME-XXXX	python
Runtime	crates/python/src/lib.rs	3305	KainError::runtime	Shared Python buffer indexing error: {err}	KAIN-RUNTIME-XXXX	python
Runtime	crates/python/src/lib.rs	3317	KainError::runtime	native buffer index {index} is out of bounds	KAIN-RUNTIME-XXXX	python
Runtime	crates/python/src/lib.rs	3328	KainError::runtime	Expected bool-compatible value, got {other:?}	KAIN-RUNTIME-XXXX	python
Runtime	crates/python/src/lib.rs	3337	KainError::runtime	Expected int-compatible value, got {other:?}	KAIN-RUNTIME-XXXX	python
Runtime	crates/python/src/lib.rs	3353	KainError::runtime	Expected float-compatible value, got {other:?}	KAIN-RUNTIME-XXXX	python
Runtime	crates/python/src/lib.rs	3365	KainError::runtime	Shared Python buffer assignment error: {err}	KAIN-RUNTIME-XXXX	python
Runtime	crates/python/src/lib.rs	3388	KainError::runtime	{fn_name}: shared backing is unavailable for {} {} (backend={}, dtype={}, shape={:?})	KAIN-RUNTIME-XXXX	python
Runtime	crates/python/src/lib.rs	3420	KainError::runtime	{fn_name}: decoded {} values but expected {expected_len}	KAIN-RUNTIME-XXXX	python
Runtime	crates/python/src/lib.rs	3451	KainError::runtime	{fn_name}: decoded {} values but expected {expected_len}	KAIN-RUNTIME-XXXX	python
Runtime	crates/python/src/lib.rs	3486	KainError::runtime	{fn_name}: decoded {} vertex values but expected {expected_vertex_len}	KAIN-RUNTIME-XXXX	python
Runtime	crates/python/src/lib.rs	3498	KainError::runtime	{fn_name}: decoded {} index values but expected {expected_index_len}	KAIN-RUNTIME-XXXX	python
Runtime	crates/python/src/lib.rs	3714	KainError::runtime	kain_geometry_vertex: invalid index {index}	KAIN-RUNTIME-XXXX	python
Runtime	crates/python/src/lib.rs	3716	KainError::runtime	kain_geometry_vertex: invalid component count {}	KAIN-RUNTIME-XXXX	python
Runtime	crates/python/src/lib.rs	3733	KainError::runtime	kain_geometry_set_vertex: invalid index {index}	KAIN-RUNTIME-XXXX	python
Runtime	crates/python/src/lib.rs	3735	KainError::runtime	kain_geometry_set_vertex: invalid component count {}	KAIN-RUNTIME-XXXX	python
Runtime	crates/python/src/lib.rs	3745	KainError::runtime	kain_geometry_face: geometry has no index buffer	KAIN-RUNTIME-XXXX	python
Runtime	crates/python/src/lib.rs	3752	KainError::runtime	kain_geometry_face: invalid index {index}	KAIN-RUNTIME-XXXX	python
Runtime	crates/python/src/lib.rs	3754	KainError::runtime	kain_geometry_face: invalid face size {}	KAIN-RUNTIME-XXXX	python
Runtime	crates/python/src/lib.rs	3768	KainError::runtime	kain_geometry_set_face: geometry has no index buffer	KAIN-RUNTIME-XXXX	python
Runtime	crates/python/src/lib.rs	3776	KainError::runtime	kain_geometry_set_face: invalid index {index}	KAIN-RUNTIME-XXXX	python
Runtime	crates/python/src/lib.rs	3778	KainError::runtime	kain_geometry_set_face: invalid face size {}	KAIN-RUNTIME-XXXX	python
Runtime	crates/python/src/lib.rs	3792	KainError::runtime	Invalid vector length {count}	KAIN-RUNTIME-XXXX	python
Runtime	crates/python/src/lib.rs	3837	KainError::runtime	kain_image_to_py: torch import error: {err}	KAIN-RUNTIME-XXXX	python
Runtime	crates/python/src/lib.rs	3844	KainError::runtime	kain_image_to_py: torch export error: {err}	KAIN-RUNTIME-XXXX	python
Runtime	crates/python/src/lib.rs	3847	KainError::runtime	kain_image_to_py: unsupported backend {other}; expected numpy or torch	KAIN-RUNTIME-XXXX	python
Runtime	crates/python/src/lib.rs	3877	KainError::runtime	kain_tensor_to_py: torch import error: {err}	KAIN-RUNTIME-XXXX	python
Runtime	crates/python/src/lib.rs	3884	KainError::runtime	kain_tensor_to_py: torch export error: {err}	KAIN-RUNTIME-XXXX	python
Runtime	crates/python/src/lib.rs	3887	KainError::runtime	kain_tensor_to_py: unsupported backend {other}; expected numpy or torch	KAIN-RUNTIME-XXXX	python
Runtime	crates/python/src/lib.rs	3926	KainError::runtime	kain_geometry_to_py: dict export error: {err}	KAIN-RUNTIME-XXXX	python
Runtime	crates/python/src/lib.rs	3930	KainError::runtime	kain_geometry_to_py: dict export error: {err}	KAIN-RUNTIME-XXXX	python
Runtime	crates/python/src/lib.rs	3933	KainError::runtime	kain_geometry_to_py: dict export error: {err}	KAIN-RUNTIME-XXXX	python
Runtime	crates/python/src/lib.rs	3951	KainError::runtime	kain_geometry_to_py: trimesh import error: {err}	KAIN-RUNTIME-XXXX	python
Runtime	crates/python/src/lib.rs	3958	KainError::runtime	kain_geometry_to_py: trimesh kwargs error: {err}	KAIN-RUNTIME-XXXX	python
Runtime	crates/python/src/lib.rs	3963	KainError::runtime	kain_geometry_to_py: trimesh kwargs error: {err}	KAIN-RUNTIME-XXXX	python
Runtime	crates/python/src/lib.rs	3966	KainError::runtime	kain_geometry_to_py: trimesh kwargs error: {err}	KAIN-RUNTIME-XXXX	python
Runtime	crates/python/src/lib.rs	3973	KainError::runtime	kain_geometry_to_py: trimesh export error: {err}	KAIN-RUNTIME-XXXX	python
Runtime	crates/python/src/lib.rs	3979	KainError::runtime	kain_geometry_to_py: trimesh points error: {err}	KAIN-RUNTIME-XXXX	python
Runtime	crates/python/src/lib.rs	3986	KainError::runtime	kain_geometry_to_py: point cloud export error: {err}	KAIN-RUNTIME-XXXX	python
Runtime	crates/python/src/lib.rs	3992	KainError::runtime	kain_geometry_to_py: unsupported backend {other}; expected dict, tuple, or trimesh	KAIN-RUNTIME-XXXX	python
Runtime	crates/python/src/lib.rs	4008	KainError::runtime	{context} error: {err}	KAIN-RUNTIME-XXXX	python
Runtime	crates/python/src/lib.rs	4014	KainError::runtime	{context} error: {err}	KAIN-RUNTIME-XXXX	python
Runtime	crates/python/src/lib.rs	4041	KainError::runtime	PyTorch shared numpy export error: {err}	KAIN-RUNTIME-XXXX	python
Runtime	crates/python/src/lib.rs	4048	KainError::runtime	NumPy import error: {err}	KAIN-RUNTIME-XXXX	python
Runtime	crates/python/src/lib.rs	4052	KainError::runtime	NumPy dtype error for {dtype}: {err}	KAIN-RUNTIME-XXXX	python
Runtime	crates/python/src/lib.rs	4058	KainError::runtime	NumPy frombuffer export error: {err}	KAIN-RUNTIME-XXXX	python
Runtime	crates/python/src/lib.rs	4067	KainError::runtime	Expected bytes when exporting shared Python buffer	KAIN-RUNTIME-XXXX	python
Runtime	crates/python/src/lib.rs	4080	KainError::runtime	Native buffer storage mismatch: dtype {dtype} requires bool storage	KAIN-RUNTIME-XXXX	python
Runtime	crates/python/src/lib.rs	4086	KainError::runtime	Cannot encode value {value} as {dtype}	KAIN-RUNTIME-XXXX	python
Runtime	crates/python/src/lib.rs	4092	KainError::runtime	Cannot encode value {value} as {dtype}	KAIN-RUNTIME-XXXX	python
Runtime	crates/python/src/lib.rs	4098	KainError::runtime	Cannot encode value {value} as {dtype}	KAIN-RUNTIME-XXXX	python
Runtime	crates/python/src/lib.rs	4104	KainError::runtime	Cannot encode value {value} as {dtype}	KAIN-RUNTIME-XXXX	python
Runtime	crates/python/src/lib.rs	4110	KainError::runtime	Cannot encode value {value} as {dtype}	KAIN-RUNTIME-XXXX	python
Runtime	crates/python/src/lib.rs	4116	KainError::runtime	Cannot encode value {value} as {dtype}	KAIN-RUNTIME-XXXX	python
Runtime	crates/python/src/lib.rs	4122	KainError::runtime	Cannot encode value {value} as {dtype}	KAIN-RUNTIME-XXXX	python
Runtime	crates/python/src/lib.rs	4133	KainError::runtime	Unsupported dtype for native Python export: {other}	KAIN-RUNTIME-XXXX	python
Runtime	crates/python/src/lib.rs	4148	KainError::runtime	Native buffer storage mismatch: dtype {dtype} requires int storage	KAIN-RUNTIME-XXXX	python
Runtime	crates/python/src/lib.rs	4169	KainError::runtime	Native buffer storage mismatch: dtype {dtype} requires float storage	KAIN-RUNTIME-XXXX	python
Runtime	crates/python/src/lib.rs	4188	KainError::runtime	image batch index {batch} is outside 0..{}	KAIN-RUNTIME-XXXX	python
Runtime	crates/python/src/lib.rs	4194	KainError::runtime	image x index {x} is outside 0..{}	KAIN-RUNTIME-XXXX	python
Runtime	crates/python/src/lib.rs	4200	KainError::runtime	image y index {y} is outside 0..{}	KAIN-RUNTIME-XXXX	python
Runtime	crates/python/src/lib.rs	4207	KainError::runtime	Invalid image width {}	KAIN-RUNTIME-XXXX	python
Runtime	crates/python/src/lib.rs	4209	KainError::runtime	Invalid image height {}	KAIN-RUNTIME-XXXX	python
Runtime	crates/python/src/lib.rs	4211	KainError::runtime	Invalid image channels {}	KAIN-RUNTIME-XXXX	python
Runtime	crates/python/src/lib.rs	4213	KainError::runtime	Invalid image batch {batch}	KAIN-RUNTIME-XXXX	python
Runtime	crates/python/src/lib.rs	4214	KainError::runtime	Invalid image x {x}	KAIN-RUNTIME-XXXX	python
Runtime	crates/python/src/lib.rs	4215	KainError::runtime	Invalid image y {y}	KAIN-RUNTIME-XXXX	python
Runtime	crates/python/src/lib.rs	4243	KainError::runtime	Unsupported native image layout {other}	KAIN-RUNTIME-XXXX	python
Runtime	crates/python/src/lib.rs	4253	KainError::runtime	{fn_name}: expected {} indices, got {}	KAIN-RUNTIME-XXXX	python
Runtime	crates/python/src/lib.rs	4264	KainError::runtime	{fn_name}: index {coord} is outside 0..{}	KAIN-RUNTIME-XXXX	python
Runtime	crates/python/src/lib.rs	4270	KainError::runtime	{fn_name}: invalid index {coord}	KAIN-RUNTIME-XXXX	python
Runtime	crates/python/src/lib.rs	4274	KainError::runtime	{fn_name}: invalid shape {:?}	KAIN-RUNTIME-XXXX	python
Runtime	crates/python/src/lib.rs	4288	KainError::runtime	Invalid negative dimension in shape {:?}	KAIN-RUNTIME-XXXX	python
Runtime	crates/python/src/lib.rs	4294	KainError::runtime	Invalid dimension {dim} in shape {:?}	KAIN-RUNTIME-XXXX	python
Runtime	crates/python/src/lib.rs	4305	KainError::runtime	Expected vector length {expected_len}, got {}	KAIN-RUNTIME-XXXX	python
Runtime	crates/python/src/lib.rs	4314	KainError::runtime	Expected vector length {expected_len}, got {}	KAIN-RUNTIME-XXXX	python
Runtime	crates/python/src/lib.rs	4322	KainError::runtime	Expected vector of length {expected_len}, got {other:?}	KAIN-RUNTIME-XXXX	python
Runtime	crates/python/src/lib.rs	4330	KainError::runtime	{fn_name}: {err}	KAIN-RUNTIME-XXXX	python
Runtime	crates/python/src/lib.rs	4353	KainError::runtime	Expected Python bytes payload for native buffer decode	KAIN-RUNTIME-XXXX	python
Runtime	crates/python/src/lib.rs	4404	KainError::runtime	Cannot materialize uint64 value {raw} into Kain Int	KAIN-RUNTIME-XXXX	python
Runtime	crates/python/src/lib.rs	4440	KainError::runtime	Unsupported dtype for native Kain buffer materialization: {other}	KAIN-RUNTIME-XXXX	python
Runtime	crates/python/src/lib.rs	4450	KainError::runtime	Expected Kain native image, got {}	KAIN-RUNTIME-XXXX	python
Runtime	crates/python/src/lib.rs	4461	KainError::runtime	Expected Kain native tensor, got {}	KAIN-RUNTIME-XXXX	python
Runtime	crates/python/src/lib.rs	4472	KainError::runtime	Expected Kain native geometry, got {}	KAIN-RUNTIME-XXXX	python
Runtime	crates/python/src/lib.rs	4505	KainError::runtime	PyTorch dtype error: {err}	KAIN-RUNTIME-XXXX	python
Runtime	crates/python/src/lib.rs	4509	KainError::runtime	PyTorch dtype string error: {err}	KAIN-RUNTIME-XXXX	python
Runtime	crates/python/src/lib.rs	4517	KainError::runtime	PyTorch element_size error: {err}	KAIN-RUNTIME-XXXX	python
Runtime	crates/python/src/lib.rs	4525	KainError::runtime	PyTorch numel error: {err}	KAIN-RUNTIME-XXXX	python
Runtime	crates/python/src/lib.rs	4533	KainError::runtime	PyTorch is_contiguous error: {err}	KAIN-RUNTIME-XXXX	python
Runtime	crates/python/src/lib.rs	4539	KainError::runtime	PyTorch stride error: {err}	KAIN-RUNTIME-XXXX	python
Runtime	crates/python/src/lib.rs	4583	KainError::runtime	Expected Python object handle, got {}	KAIN-RUNTIME-XXXX	python
Runtime	crates/python/src/lib.rs	4617	KainError::runtime	Python dict conversion error: {err}	KAIN-RUNTIME-XXXX	python
Runtime	crates/python/src/lib.rs	4623	KainError::runtime	Cannot convert Kain value to Python object: {other:?}	KAIN-RUNTIME-XXXX	python
Runtime	crates/python/src/lib.rs	4720	KainError::runtime	PyTorch scalar item error: {err}	KAIN-RUNTIME-XXXX	python
Runtime	crates/python/src/lib.rs	4754	KainError::runtime	Python array conversion error: {err}	KAIN-RUNTIME-XXXX	python
Runtime	crates/python/src/lib.rs	4805	KainError::runtime	Python Error: {err}	KAIN-RUNTIME-XXXX	python
Runtime	crates/python/src/lib.rs	4815	KainError::runtime	Python Error in run(): {err}	KAIN-RUNTIME-XXXX	python
Runtime	crates/python/src/lib.rs	4826	KainError::runtime	Python runtime is not registered for this environment	KAIN-RUNTIME-XXXX	python
Runtime	crates/python/src/lib.rs	4833	KainError::runtime	Python scope error: {err}	KAIN-RUNTIME-XXXX	python
Runtime	crates/service-bridge/src/lib.rs	193	KainError::runtime	{name}: expected Int at arg {index}, got {other:?}	KAIN-RUNTIME-XXXX	service-bridge
Runtime	crates/service-bridge/src/lib.rs	196	KainError::runtime	{name}: missing arg {index}	KAIN-RUNTIME-XXXX	service-bridge
Runtime	crates/service-bridge/src/lib.rs	213	KainError::runtime	{name}: expected String at arg {index}, got {other:?}	KAIN-RUNTIME-XXXX	service-bridge
Runtime	crates/service-bridge/src/lib.rs	216	KainError::runtime	{name}: missing arg {index}	KAIN-RUNTIME-XXXX	service-bridge
Runtime	crates/service-bridge/src/lib.rs	395	KainError::runtime	kain_service_open_workspace: lock poisoned	KAIN-RUNTIME-XXXX	service-bridge
Runtime	crates/service-bridge/src/lib.rs	412	KainError::runtime	kain_service_close_workspace: lock poisoned	KAIN-RUNTIME-XXXX	service-bridge
Runtime	crates/service-bridge/src/lib.rs	428	KainError::runtime	kain_service_open_document: lock poisoned	KAIN-RUNTIME-XXXX	service-bridge
Runtime	crates/service-bridge/src/lib.rs	460	KainError::runtime	kain_service_update_document: lock poisoned	KAIN-RUNTIME-XXXX	service-bridge
Runtime	crates/service-bridge/src/lib.rs	479	KainError::runtime	kain_service_close_document: lock poisoned	KAIN-RUNTIME-XXXX	service-bridge
Runtime	crates/service-bridge/src/lib.rs	496	KainError::runtime	kain_service_check_document: lock poisoned	KAIN-RUNTIME-XXXX	service-bridge
Runtime	crates/service-bridge/src/lib.rs	632	KainError::runtime	kain_service_hover_at: lock poisoned	KAIN-RUNTIME-XXXX	service-bridge
Runtime	crates/service-bridge/src/lib.rs	675	KainError::runtime	kain_service_definition_at: lock poisoned	KAIN-RUNTIME-XXXX	service-bridge
Runtime	crates/service-bridge/src/lib.rs	705	KainError::runtime	kain_service_references_at: lock poisoned	KAIN-RUNTIME-XXXX	service-bridge
Runtime	crates/service-bridge/src/lib.rs	735	KainError::runtime	kain_service_completions_at: lock poisoned	KAIN-RUNTIME-XXXX	service-bridge
Runtime	crates/service-bridge/src/lib.rs	763	KainError::runtime	kain_service_document_symbols: lock poisoned	KAIN-RUNTIME-XXXX	service-bridge
Runtime	crates/service-bridge/src/lib.rs	805	KainError::runtime	kain_service_workspace_symbols: lock poisoned	KAIN-RUNTIME-XXXX	service-bridge
Runtime	crates/service-bridge/src/lib.rs	847	KainError::runtime	kain_service_semantic_tokens: lock poisoned	KAIN-RUNTIME-XXXX	service-bridge
Runtime	crates/service-bridge/src/lib.rs	886	KainError::runtime	kain_service_format_document: lock poisoned	KAIN-RUNTIME-XXXX	service-bridge
Runtime	crates/sys-codegen/src/codegen_rust/artifact_bundle.rs	45	KainError::runtime	Failed to serialize Rust shader reflection bundle: {}	KAIN-RUNTIME-XXXX	sys-codegen
Shader	crates/core/src/types.rs	8430	type_error_with_code	subgroup cannot be nested inside another subgroup	KAIN-SHADER-0042	core
Shader	crates/core/src/types.rs	8431	DiagnosticCode	ShaderSubgroupNested	KAIN-SHADER-0042	core
Shader	crates/core/src/types.rs	8438	type_error_with_code	return inside subgroup would cause divergent warp execution	KAIN-SHADER-0043	core
Shader	crates/core/src/types.rs	8439	DiagnosticCode	ShaderSubgroupDivergentEscape	KAIN-SHADER-0043	core
Shader	crates/core/src/types.rs	8447	type_error_with_code	break/continue inside subgroup outside of a loop would cause divergent warp execution	KAIN-SHADER-0043	core
Shader	crates/core/src/types.rs	8448	DiagnosticCode	ShaderSubgroupDivergentEscape	KAIN-SHADER-0043	core
Shader	crates/error/src/builder.rs	158	ErrorKind	Shader	KAIN-SHADER-XXXX	error
Shader	crates/error/src/builder.rs	162	ErrorKind	Shader	KAIN-SHADER-XXXX	error
Shader	crates/error/src/builder.rs	166	ErrorKind	Shader	KAIN-SHADER-XXXX	error
Shader	crates/error/src/builder.rs	170	ErrorKind	Shader	KAIN-SHADER-XXXX	error
Shader	crates/error/src/builder.rs	174	ErrorKind	Shader	KAIN-SHADER-XXXX	error
Shader	crates/error/src/builder.rs	178	ErrorKind	Shader	KAIN-SHADER-XXXX	error
Shader	crates/error/src/builder.rs	182	ErrorKind	Shader	KAIN-SHADER-XXXX	error
Shader	crates/error/src/builder.rs	186	ErrorKind	Shader	KAIN-SHADER-XXXX	error
Shader	crates/error/src/builder.rs	190	ErrorKind	Shader	KAIN-SHADER-XXXX	error
Shader	crates/error/src/builder.rs	194	ErrorKind	Shader	KAIN-SHADER-XXXX	error
Shader	crates/error/src/builder.rs	198	ErrorKind	Shader	KAIN-SHADER-XXXX	error
Shader	crates/error/src/builder.rs	202	ErrorKind	Shader	KAIN-SHADER-XXXX	error
Shader	crates/error/src/builder.rs	206	ErrorKind	Shader	KAIN-SHADER-XXXX	error
Shader	crates/error/src/diagnostic_registry.rs	89	DiagnosticCode	ShaderUnsupportedCall	KAIN-SHADER-0001	error
Shader	crates/error/src/diagnostic_registry.rs	89	ErrorKind	Shader	KAIN-SHADER-XXXX	error
Shader	crates/error/src/error.rs	817	ErrorKind	Shader	KAIN-SHADER-XXXX	error
Shader	crates/error/src/report.rs	699	ErrorKind	Shader	KAIN-SHADER-XXXX	error
Shader	crates/gpu/src/codegen_ptx.rs	607	DiagnosticCode	ShaderStageMismatch	KAIN-SHADER-0002	gpu
Shader	crates/gpu/src/codegen_spirv.rs	772	ErrorKind	Shader	KAIN-SHADER-XXXX	gpu
Shader	crates/gpu/src/codegen_spirv.rs	773	DiagnosticCode	ShaderUniformBindingError	KAIN-SHADER-0003	gpu
Shader	crates/gpu/src/codegen_spirv.rs	788	DiagnosticCode	ShaderUniformBindingError	KAIN-SHADER-0003	gpu
Shader	crates/gpu/src/codegen_spirv.rs	2498	DiagnosticCode	ShaderUnsupportedCall	KAIN-SHADER-0001	gpu
Shader	crates/gpu/src/codegen_spirv.rs	2515	DiagnosticCode	ShaderUnsupportedCall	KAIN-SHADER-0001	gpu
State	crates/check/src/validate_semantic_contracts.rs	341	DiagnosticCode	StateGeneric	KAIN-STATE-0001	check
State	crates/check/src/validate_semantic_contracts.rs	615	DiagnosticCode	StateGeneric	KAIN-STATE-0001	check
State	crates/check/src/validate_semantic_contracts.rs	692	DiagnosticCode	StateGeneric	KAIN-STATE-0001	check
State	crates/check/src/validate_semantic_contracts.rs	715	DiagnosticCode	StateGeneric	KAIN-STATE-0001	check
State	crates/check/src/validate_semantic_contracts.rs	1022	DiagnosticCode	StateGeneric	KAIN-STATE-0001	check
State	crates/check/src/validate_semantic_contracts.rs	1047	DiagnosticCode	StateGeneric	KAIN-STATE-0001	check
State	crates/error/src/diagnostic_registry.rs	92	DiagnosticCode	StateGeneric	KAIN-STATE-0001	error
State	crates/error/src/diagnostic_registry.rs	92	ErrorKind	State	KAIN-STATE-XXXX	error
State	crates/error/src/error.rs	827	ErrorKind	State	KAIN-STATE-XXXX	error
State	crates/error/src/report.rs	702	ErrorKind	State	KAIN-STATE-XXXX	error
Test	crates/error/src/diagnostic_registry.rs	93	DiagnosticCode	TestGeneric	KAIN-TEST-0001	error
Test	crates/error/src/diagnostic_registry.rs	93	ErrorKind	Test	KAIN-TEST-XXXX	error
Test	crates/error/src/error.rs	828	ErrorKind	Test	KAIN-TEST-XXXX	error
Test	crates/error/src/report.rs	703	ErrorKind	Test	KAIN-TEST-XXXX	error
Type	crates/check/src/validate.rs	286	ErrorKind	Type	KAIN-TYPE-XXXX	check
Type	crates/check/src/validate.rs	287	DiagnosticCode	TypeGeneric	KAIN-TYPE-0001	check
Type	crates/check/src/validate.rs	304	ErrorKind	Type	KAIN-TYPE-XXXX	check
Type	crates/check/src/validate.rs	305	DiagnosticCode	TypeGeneric	KAIN-TYPE-0001	check
Type	crates/check/src/validate.rs	360	DiagnosticCode	TypeGeneric	KAIN-TYPE-0001	check
Type	crates/check/src/validate.rs	491	ErrorKind	Type	KAIN-TYPE-XXXX	check
Type	crates/check/src/validate.rs	492	DiagnosticCode	TypeGeneric	KAIN-TYPE-0001	check
Type	crates/check/src/validate.rs	518	ErrorKind	Type	KAIN-TYPE-XXXX	check
Type	crates/check/src/validate.rs	519	DiagnosticCode	TypeGeneric	KAIN-TYPE-0001	check
Type	crates/check/src/validate.rs	864	DiagnosticCode	TypeGeneric	KAIN-TYPE-0001	check
Type	crates/check/src/validate_semantic_contracts.rs	164	ErrorKind	Type	KAIN-TYPE-XXXX	check
Type	crates/check/src/validate_semantic_contracts.rs	253	ErrorKind	Type	KAIN-TYPE-XXXX	check
Type	crates/check/src/validate_semantic_contracts.rs	498	ErrorKind	Type	KAIN-TYPE-XXXX	check
Type	crates/check/src/validate_semantic_contracts.rs	516	ErrorKind	Type	KAIN-TYPE-XXXX	check
Type	crates/check/src/validate_semantic_contracts.rs	531	ErrorKind	Type	KAIN-TYPE-XXXX	check
Type	crates/check/src/validate_semantic_contracts.rs	796	ErrorKind	Type	KAIN-TYPE-XXXX	check
Type	crates/check/src/validate_semantic_contracts.rs	804	ErrorKind	Type	KAIN-TYPE-XXXX	check
Type	crates/core/src/monomorphize.rs	190	type_error	Generic function {} not found	KAIN-TYPE-XXXX	core
Type	crates/core/src/monomorphize.rs	190	KainError::type_error	Generic function {} not found	KAIN-TYPE-XXXX	core
Type	crates/core/src/monomorphize.rs	198	type_error	Generic arg count mismatch for {}: expected {}, got {}	KAIN-TYPE-XXXX	core
Type	crates/core/src/monomorphize.rs	198	KainError::type_error	Generic arg count mismatch for {}: expected {}, got {}	KAIN-TYPE-XXXX	core
Type	crates/core/src/monomorphize.rs	245	type_error	Generic struct {} not found	KAIN-TYPE-XXXX	core
Type	crates/core/src/monomorphize.rs	245	KainError::type_error	Generic struct {} not found	KAIN-TYPE-XXXX	core
Type	crates/core/src/monomorphize.rs	253	type_error	Generic arg count mismatch for {}: expected {}, got {}	KAIN-TYPE-XXXX	core
Type	crates/core/src/monomorphize.rs	253	KainError::type_error	Generic arg count mismatch for {}: expected {}, got {}	KAIN-TYPE-XXXX	core
Type	crates/core/src/monomorphize.rs	547	type_error	Type '{}' does not satisfy bound '{}'	KAIN-TYPE-XXXX	core
Type	crates/core/src/monomorphize.rs	547	KainError::type_error	Type '{}' does not satisfy bound '{}'	KAIN-TYPE-XXXX	core
Type	crates/core/src/types.rs	419	type_error	duplicate @{name} attribute is not allowed	KAIN-TYPE-XXXX	core
Type	crates/core/src/types.rs	462	type_error	@{} does not take any arguments	KAIN-TYPE-XXXX	core
Type	crates/core/src/types.rs	470	type_error	@{} expects exactly one argument	KAIN-TYPE-XXXX	core
Type	crates/core/src/types.rs	481	type_error	@{} expects a string literal argument	KAIN-TYPE-XXXX	core
Type	crates/core/src/types.rs	491	type_error	@{} expects an integer literal argument	KAIN-TYPE-XXXX	core
Type	crates/core/src/types.rs	512	type_error	@{} cannot repeat named argument '{}'	KAIN-TYPE-XXXX	core
Type	crates/core/src/types.rs	527	type_error	@{} expects only named arguments	KAIN-TYPE-XXXX	core
Type	crates/core/src/types.rs	539	type_error	@{} requires a positive power-of-two byte alignment	KAIN-TYPE-XXXX	core
Type	crates/core/src/types.rs	576	type_error	@{} functions may only contain inline asm statements and bare returns	KAIN-TYPE-XXXX	core
Type	crates/core/src/types.rs	595	type_error	@{} requires a non-empty string literal	KAIN-TYPE-XXXX	core
Type	crates/core/src/types.rs	606	type_error	@{} is not valid on const items; use it on the owning callable or struct instead	KAIN-TYPE-XXXX	core
Type	crates/core/src/types.rs	642	type_error	@naked and @interrupt cannot be combined on the same function	KAIN-TYPE-XXXX	core
Type	crates/core/src/types.rs	653	type_error	@{} requires a non-empty string literal	KAIN-TYPE-XXXX	core
Type	crates/core/src/types.rs	673	type_error	@interrupt chooses its own ABI contract and cannot be combined with @callconv	KAIN-TYPE-XXXX	core
Type	crates/core/src/types.rs	682	type_error	@naked cannot be applied to @extern declarations	KAIN-TYPE-XXXX	core
Type	crates/core/src/types.rs	688	type_error	@naked requires `with Unsafe` on the function	KAIN-TYPE-XXXX	core
Type	crates/core/src/types.rs	694	type_error	@naked functions currently require zero parameters	KAIN-TYPE-XXXX	core
Type	crates/core/src/types.rs	700	type_error	@naked functions must return Unit	KAIN-TYPE-XXXX	core
Type	crates/core/src/types.rs	707	type_error	@naked functions cannot mix Async, IO, GPU, Reactive, Alloc, or Panic effects	KAIN-TYPE-XXXX	core
Type	crates/core/src/types.rs	716	type_error	@interrupt expects zero or one string argument	KAIN-TYPE-XXXX	core
Type	crates/core/src/types.rs	723	type_error	@interrupt expects a string literal argument when one is provided	KAIN-TYPE-XXXX	core
Type	crates/core/src/types.rs	741	type_error	@interrupt cannot be applied to @extern declarations	KAIN-TYPE-XXXX	core
Type	crates/core/src/types.rs	747	type_error	@interrupt requires `with Unsafe` on the function	KAIN-TYPE-XXXX	core
Type	crates/core/src/types.rs	753	type_error	@interrupt handlers currently require zero parameters	KAIN-TYPE-XXXX	core
Type	crates/core/src/types.rs	760	type_error	@interrupt handlers must return Unit	KAIN-TYPE-XXXX	core
Type	crates/core/src/types.rs	768	type_error	@interrupt handlers cannot mix Async, IO, GPU, Reactive, Alloc, or Panic effects	KAIN-TYPE-XXXX	core
Type	crates/core/src/types.rs	776	type_error	@{} is not valid on functions; use it on authored const globals or structs instead	KAIN-TYPE-XXXX	core
Type	crates/core/src/types.rs	809	type_error	@mmio cannot repeat named argument '{name}'	KAIN-TYPE-XXXX	core
Type	crates/core/src/types.rs	817	type_error	@mmio only supports named arguments `base`, `stride`, `endian`, `access`, and `barrier`; found `{name}`	KAIN-TYPE-XXXX	core
Type	crates/core/src/types.rs	828	type_error	@mmio(base: ...) expects an integer literal	KAIN-TYPE-XXXX	core
Type	crates/core/src/types.rs	834	type_error	@mmio(base: ...) requires a non-negative base address	KAIN-TYPE-XXXX	core
Type	crates/core/src/types.rs	842	type_error	@mmio(stride: ...) expects an integer literal	KAIN-TYPE-XXXX	core
Type	crates/core/src/types.rs	848	type_error	@mmio(stride: ...) requires a positive byte stride	KAIN-TYPE-XXXX	core
Type	crates/core/src/types.rs	856	type_error	@mmio(endian: ...) expects a string literal	KAIN-TYPE-XXXX	core
Type	crates/core/src/types.rs	862	type_error	@mmio endian must be \	KAIN-TYPE-XXXX	core
Type	crates/core/src/types.rs	870	type_error	@mmio(access: ...) expects a string literal	KAIN-TYPE-XXXX	core
Type	crates/core/src/types.rs	876	type_error	@mmio access must be \	KAIN-TYPE-XXXX	core
Type	crates/core/src/types.rs	884	type_error	@mmio(barrier: ...) expects a string literal	KAIN-TYPE-XXXX	core
Type	crates/core/src/types.rs	890	type_error	@mmio barrier must be \	KAIN-TYPE-XXXX	core
Type	crates/core/src/types.rs	899	type_error	@{} is not valid on structs; use it on the authored callable or const global instead	KAIN-TYPE-XXXX	core
Type	crates/core/src/types.rs	993	type_error	bitcast requires scalar or pointer-like types, got {} and {}	KAIN-TYPE-XXXX	core
Type	crates/core/src/types.rs	1003	type_error	bitcast could not determine bit width for {}	KAIN-TYPE-XXXX	core
Type	crates/core/src/types.rs	1012	type_error	bitcast could not determine bit width for {}	KAIN-TYPE-XXXX	core
Type	crates/core/src/types.rs	1021	type_error	bitcast requires equal-width source and target types, got {}-bit {} and {}-bit {}	KAIN-TYPE-XXXX	core
Type	crates/core/src/types.rs	1036	type_error	bitcast does not support direct pointer/float reinterprets between {} and {}	KAIN-TYPE-XXXX	core
Type	crates/core/src/types.rs	1050	type_error	bitcast only supports integer/float reinterprets, integer/pointer reinterprets, or pointer/pointer reinterprets; got {} and {}	KAIN-TYPE-XXXX	core
Type	crates/core/src/types.rs	1358	DiagnosticCode	TypeDuplicateSymbol	KAIN-TYPE-0004	core
Type	crates/core/src/types.rs	1359	DiagnosticCode	TypeShadowedBuiltin	KAIN-TYPE-0005	core
Type	crates/core/src/types.rs	1375	DiagnosticCode	TypeDuplicateSymbol	KAIN-TYPE-0004	core
Type	crates/core/src/types.rs	1376	DiagnosticCode	TypeShadowedBuiltin	KAIN-TYPE-0005	core
Type	crates/core/src/types.rs	1411	DiagnosticCode	TypeDuplicateSymbol	KAIN-TYPE-0004	core
Type	crates/core/src/types.rs	1412	DiagnosticCode	TypeShadowedBuiltin	KAIN-TYPE-0005	core
Type	crates/core/src/types.rs	1432	duplicate_symbol_error	duplicate_symbol_error(	KAIN-TYPE-0004	core
Type	crates/core/src/types.rs	1438	DiagnosticCode	TypeDuplicateSymbol	KAIN-TYPE-0004	core
Type	crates/core/src/types.rs	1448	shadow_builtin_symbol_error	shadow_builtin_symbol_error(	KAIN-TYPE-0005	core
Type	crates/core/src/types.rs	1453	DiagnosticCode	TypeShadowedBuiltin	KAIN-TYPE-0005	core
Type	crates/core/src/types.rs	1475	duplicate_symbol_error	duplicate_symbol_error(	KAIN-TYPE-0004	core
Type	crates/core/src/types.rs	1490	shadow_builtin_symbol_error	shadow_builtin_symbol_error(	KAIN-TYPE-0005	core
Type	crates/core/src/types.rs	1531	duplicate_symbol_error	duplicate_symbol_error(	KAIN-TYPE-0004	core
Type	crates/core/src/types.rs	1568	shadow_builtin_symbol_error	shadow_builtin_symbol_error(	KAIN-TYPE-0005	core
Type	crates/core/src/types.rs	1703	DiagnosticCode	TypeGeneric	KAIN-TYPE-0001	core
Type	crates/core/src/types.rs	1825	ErrorKind	Type	KAIN-TYPE-XXXX	core
Type	crates/core/src/types.rs	3775	type_error	{name} expects {} argument(s), found {}	KAIN-TYPE-XXXX	core
Type	crates/core/src/types.rs	3798	type_error	std__mem__take expects 1 argument, found {}	KAIN-TYPE-XXXX	core
Type	crates/core/src/types.rs	3817	type_error	std__mem__replace expects 2 arguments, found {}	KAIN-TYPE-XXXX	core
Type	crates/core/src/types.rs	4778	type_error	Item type not yet supported in type checker	KAIN-TYPE-XXXX	core
Type	crates/core/src/types.rs	5514	type_error	{callee_name} expects {} argument(s), found {}	KAIN-TYPE-XXXX	core
Type	crates/core/src/types.rs	5541	type_error	ask_timeout timeout expects Int-compatible value, found {}	KAIN-TYPE-XXXX	core
Type	crates/core/src/types.rs	5596	type_error	duplicate generic bound '{}: {}' on {owner_kind}	KAIN-TYPE-XXXX	core
Type	crates/core/src/types.rs	5620	type_error	where clause references unknown generic '{}' on {owner_kind}; {detail}	KAIN-TYPE-XXXX	core
Type	crates/core/src/types.rs	5633	type_error	duplicate where bound '{}: {}' on {owner_kind}	KAIN-TYPE-XXXX	core
Type	crates/core/src/types.rs	5643	type_error	duplicate generic bound '{}: {}' across inline bounds and where clause on {owner_kind}	KAIN-TYPE-XXXX	core
Type	crates/core/src/types.rs	5675	type_error	{owner_kind} references unknown trait '{trait_name}'	KAIN-TYPE-XXXX	core
Type	crates/core/src/types.rs	6003	type_error	law '{}' must return Bool, found {}	KAIN-TYPE-XXXX	core
Type	crates/core/src/types.rs	6024	type_error	axiom '{}' must declare at least one machine predicate	KAIN-TYPE-XXXX	core
Type	crates/core/src/types.rs	6033	type_error	axiom '{}' must declare at least one guarantee	KAIN-TYPE-XXXX	core
Type	crates/core/src/types.rs	6039	type_error	axiom '{}' must declare a portable fallback so unsupported machines stay sound	KAIN-TYPE-XXXX	core
Type	crates/core/src/types.rs	6052	type_error	axiom '{}' repeats predicate {}	KAIN-TYPE-XXXX	core
Type	crates/core/src/types.rs	6570	type_error	resonate '{}' directly mutates its own target '{}'; route feedback through a different patch/world path or dampened orchestrate stage	KAIN-TYPE-XXXX	core
Type	crates/core/src/types.rs	6619	type_error	{label} must be greater than zero	KAIN-TYPE-XXXX	core
Type	crates/core/src/types.rs	6622	type_error	{label} uses unsupported unit '{}'; expected ns, us, ms, s, tick, or ticks	KAIN-TYPE-XXXX	core
Type	crates/core/src/types.rs	6664	type_error	Converge lane '{}' does not match dispatcher signature	KAIN-TYPE-XXXX	core
Type	crates/core/src/types.rs	6713	type_error	world '{}' declares duplicate '{}' surface	KAIN-TYPE-XXXX	core
Type	crates/core/src/types.rs	6738	type_error	entangle endpoint '{path}' is already coupled	KAIN-TYPE-XXXX	core
Type	crates/core/src/types.rs	6748	type_error	entangle endpoint expected {}, found {}	KAIN-TYPE-XXXX	core
Type	crates/core/src/types.rs	6775	type_error	resonate target is empty	KAIN-TYPE-XXXX	core
Type	crates/core/src/types.rs	6779	type_error	resonate target root '{root}' must be a world, found {}	KAIN-TYPE-XXXX	core
Type	crates/core/src/types.rs	6788	type_error	resonate target root '{root}' is not defined	KAIN-TYPE-XXXX	core
Type	crates/core/src/types.rs	6808	type_error	entangle endpoint is empty	KAIN-TYPE-XXXX	core
Type	crates/core/src/types.rs	6810	type_error	entangle endpoint root '{root}' is not defined	KAIN-TYPE-XXXX	core
Type	crates/core/src/types.rs	6820	type_error	entangle endpoint '{}' has no field '{}' on {}	KAIN-TYPE-XXXX	core
Type	crates/core/src/types.rs	6832	type_error	entangle endpoint '{}' is not an assignable struct path; '{}' resolves to {}	KAIN-TYPE-XXXX	core
Type	crates/core/src/types.rs	6887	type_error	orchestrate '{}' graph validation failed: {}	KAIN-TYPE-XXXX	core
Type	crates/core/src/types.rs	6914	type_error	orchestrate '{}' stage '{}' guard '{}' must reference an axiom, found {}	KAIN-TYPE-XXXX	core
Type	crates/core/src/types.rs	6930	type_error	orchestrate '{}' stage '{}' guard '{}' does not resolve to an axiom	KAIN-TYPE-XXXX	core
Type	crates/core/src/types.rs	6957	type_error	orchestrate '{}' stage '{}' transfer '{}' is incompatible with residency '{}'	KAIN-TYPE-XXXX	core
Type	crates/core/src/types.rs	6984	type_error	world surface '{}' expects a component identifier or call, found {:?}	KAIN-TYPE-XXXX	core
Type	crates/core/src/types.rs	6993	type_error	world surface '{}' expects a component identifier or call, found {:?}	KAIN-TYPE-XXXX	core
Type	crates/core/src/types.rs	7004	type_error	world surface 'shader_canvas' expects a shader fragment identifier, found {:?}	KAIN-TYPE-XXXX	core
Type	crates/core/src/types.rs	7014	type_error	world surface '{}' expects an identifier or string literal, found {:?}	KAIN-TYPE-XXXX	core
Type	crates/core/src/types.rs	7546	type_error	orchestrate '{}' must declare stage steps before local computation	KAIN-TYPE-XXXX	core
Type	crates/core/src/types.rs	7566	type_error	orchestrate '{}' stage steps must be top-level 'stage binding: <kind> function(...)' or 'let binding = <kind> function(...)' declarations	KAIN-TYPE-XXXX	core
Type	crates/core/src/types.rs	7575	type_error	orchestrate '{}' cannot declare nested items inside its pipeline body	KAIN-TYPE-XXXX	core
Type	crates/core/src/types.rs	7585	type_error	orchestrate '{}' only permits stage calls in top-level typed let bindings	KAIN-TYPE-XXXX	core
Type	crates/core/src/types.rs	7796	type_error	converge '{}' verify random(n) does not support parameter '{}' of type {}	KAIN-TYPE-XXXX	core
Type	crates/core/src/types.rs	7813	type_error	converge '{}' verify random(n) does not support return type {}	KAIN-TYPE-XXXX	core
Type	crates/core/src/types.rs	7862	type_error	@mmio register blocks currently only support integer register fields; field '{}' resolved to {}	KAIN-TYPE-XXXX	core
Type	crates/core/src/types.rs	7873	type_error	@mmio could not derive a byte width for register field '{}'	KAIN-TYPE-XXXX	core
Type	crates/core/src/types.rs	7882	type_error	@mmio(stride: {stride_bytes}) currently requires each register field to occupy exactly {stride_bytes} bytes, but '{}' occupies {field_bytes}	KAIN-TYPE-XXXX	core
Type	crates/core/src/types.rs	8517	type_error	defer payloads must be cleanup expressions and cannot contain return, break, or continue	KAIN-TYPE-XXXX	core
Type	crates/core/src/types.rs	8530	type_error	dispatch compute key cannot be empty	KAIN-TYPE-XXXX	core
Type	crates/core/src/types.rs	8541	type_error	dispatch requires 'with GPU' effect annotation on the enclosing function	KAIN-TYPE-XXXX	core
Type	crates/core/src/types.rs	8547	type_error	GPU dispatch without 'Unsafe' effect requires an orchestrate wrapper. \                      Add 'with GPU, Unsafe' or wrap dispatch in an 'orchestrate' block.	KAIN-TYPE-XXXX	core
Type	crates/core/src/types.rs	8597	type_error	for loop expects an iterable reference, found &{}	KAIN-TYPE-XXXX	core
Type	crates/core/src/types.rs	8613	type_error	for loop expects an iterable value, found {}	KAIN-TYPE-XXXX	core
Type	crates/core/src/types.rs	8634	type_error	fanout requires an enclosing share scope in v1	KAIN-TYPE-XXXX	core
Type	crates/core/src/types.rs	8637	type_error	nested fanout is not supported in v1	KAIN-TYPE-XXXX	core
Type	crates/core/src/types.rs	8640	type_error	fanout bodies do not support return, break, or continue in v1	KAIN-TYPE-XXXX	core
Type	crates/core/src/types.rs	8658	type_error	fanout expects an iterable reference, found &{}	KAIN-TYPE-XXXX	core
Type	crates/core/src/types.rs	8674	type_error	fanout expects an iterable value, found {}	KAIN-TYPE-XXXX	core
Type	crates/core/src/types.rs	8725	type_error	Identifier '{}' was moved by teleport and cannot be used again	KAIN-TYPE-XXXX	core
Type	crates/core/src/types.rs	8737	DiagnosticCode	TypeUnknownIdentifier	KAIN-TYPE-0002	core
Type	crates/core/src/types.rs	8771	type_error	Unary '-' expects a numeric value, found {}	KAIN-TYPE-XXXX	core
Type	crates/core/src/types.rs	8797	type_error	Unary '!' expects Bool, found {}	KAIN-TYPE-XXXX	core
Type	crates/core/src/types.rs	8812	type_error	Unary '~' expects an integer value, found {}	KAIN-TYPE-XXXX	core
Type	crates/core/src/types.rs	8832	type_error	Cannot dereference {}	KAIN-TYPE-XXXX	core
Type	crates/core/src/types.rs	8856	type_error	Unknown orchestrate stage function '{}'	KAIN-TYPE-XXXX	core
Type	crates/core/src/types.rs	8864	type_error	Expected {} argument(s), found {}	KAIN-TYPE-XXXX	core
Type	crates/core/src/types.rs	8881	type_error	Orchestrate stage '{}' does not resolve to a function (found {})	KAIN-TYPE-XXXX	core
Type	crates/core/src/types.rs	8951	type_error	Cannot call non-function value of type {}	KAIN-TYPE-XXXX	core
Type	crates/core/src/types.rs	9006	type_error	Range indexing requires an array, slice, or String, found {}	KAIN-TYPE-XXXX	core
Type	crates/core/src/types.rs	9016	type_error	Range indexing requires an array, slice, or String, found {}	KAIN-TYPE-XXXX	core
Type	crates/core/src/types.rs	9036	type_error	index expression expected Int, String, or Unknown, found {}	KAIN-TYPE-XXXX	core
Type	crates/core/src/types.rs	9056	type_error	Indexing requires an array, slice, or String, found {}	KAIN-TYPE-XXXX	core
Type	crates/core/src/types.rs	9077	type_error	Indexing requires an array, slice, or String, found {}	KAIN-TYPE-XXXX	core
Type	crates/core/src/types.rs	9136	type_error	'{}' does not resolve to a struct type (found {})	KAIN-TYPE-XXXX	core
Type	crates/core/src/types.rs	9175	type_error	Variant '{}::{}' expects {} field(s), found {}	KAIN-TYPE-XXXX	core
Type	crates/core/src/types.rs	9199	type_error	Variant '{}::{}' expects {} field(s), found {}	KAIN-TYPE-XXXX	core
Type	crates/core/src/types.rs	9215	type_error	Unknown field '{}::{}.{}'	KAIN-TYPE-XXXX	core
Type	crates/core/src/types.rs	9257	type_error	Range start must be numeric, found {}	KAIN-TYPE-XXXX	core
Type	crates/core/src/types.rs	9269	type_error	Range end must be numeric, found {}	KAIN-TYPE-XXXX	core
Type	crates/core/src/types.rs	9372	type_error	Cannot dereference {}	KAIN-TYPE-XXXX	core
Type	crates/core/src/types.rs	9385	type_error	mem_load is not allowed inside share scopes; use atomic_load in v1	KAIN-TYPE-XXXX	core
Type	crates/core/src/types.rs	9397	type_error	mem_load expects a pointer, found {}	KAIN-TYPE-XXXX	core
Type	crates/core/src/types.rs	9413	type_error	mem_store is not allowed inside share scopes; use atomic_store in v1	KAIN-TYPE-XXXX	core
Type	crates/core/src/types.rs	9425	type_error	mem_store expects a pointer, found {}	KAIN-TYPE-XXXX	core
Type	crates/core/src/types.rs	9451	type_error	volatile_load is not a synchronization operation inside share scopes; use atomic_load	KAIN-TYPE-XXXX	core
Type	crates/core/src/types.rs	9463	type_error	volatile_load expects a pointer, found {}	KAIN-TYPE-XXXX	core
Type	crates/core/src/types.rs	9479	type_error	volatile_store is not a synchronization operation inside share scopes; use atomic_store	KAIN-TYPE-XXXX	core
Type	crates/core/src/types.rs	9491	type_error	volatile_store expects a pointer, found {}	KAIN-TYPE-XXXX	core
Type	crates/core/src/types.rs	9518	type_error	atomic_load requires an enclosing share scope or Unsafe effect	KAIN-TYPE-XXXX	core
Type	crates/core/src/types.rs	9533	type_error	atomic_store requires an enclosing share scope or Unsafe effect	KAIN-TYPE-XXXX	core
Type	crates/core/src/types.rs	9599	type_error	atomic operations require an enclosing share scope or Unsafe effect	KAIN-TYPE-XXXX	core
Type	crates/core/src/types.rs	9631	type_error	atomic_compare_exchange requires an enclosing share scope or Unsafe effect	KAIN-TYPE-XXXX	core
Type	crates/core/src/types.rs	9664	type_error	atomic_fence requires an enclosing share scope or Unsafe effect	KAIN-TYPE-XXXX	core
Type	crates/core/src/types.rs	9673	type_error	{} requires Unsafe effect	KAIN-TYPE-XXXX	core
Type	crates/core/src/types.rs	9682	type_error	clflush requires Unsafe effect	KAIN-TYPE-XXXX	core
Type	crates/core/src/types.rs	9688	type_error	clflush expects a pointer or integer address, found {}	KAIN-TYPE-XXXX	core
Type	crates/core/src/types.rs	9704	type_error	asm requires Unsafe effect	KAIN-TYPE-XXXX	core
Type	crates/core/src/types.rs	9707	type_error	asm constraints expected {} entries for {} operands, found {}	KAIN-TYPE-XXXX	core
Type	crates/core/src/types.rs	9723	type_error	asm operands must be integer-like or pointer-like in v1, found {}	KAIN-TYPE-XXXX	core
Type	crates/core/src/types.rs	9761	type_error	observe is not allowed inside share scopes in v1	KAIN-TYPE-XXXX	core
Type	crates/core/src/types.rs	9771	type_error	collapse is not allowed inside share scopes in v1	KAIN-TYPE-XXXX	core
Type	crates/core/src/types.rs	9780	type_error	decay is not allowed inside share scopes in v1	KAIN-TYPE-XXXX	core
Type	crates/core/src/types.rs	9787	type_error	share scopes cannot begin inside fanout bodies in v1	KAIN-TYPE-XXXX	core
Type	crates/core/src/types.rs	9811	type_error	teleport requires distinct source and target worlds	KAIN-TYPE-XXXX	core
Type	crates/core/src/types.rs	9815	type_error	teleport channel cannot be empty	KAIN-TYPE-XXXX	core
Type	crates/core/src/types.rs	9829	type_error	bitcast requires Unsafe effect	KAIN-TYPE-XXXX	core
Type	crates/core/src/types.rs	9851	type_error	'?' on Result requires enclosing function to return Result, found {}	KAIN-TYPE-XXXX	core
Type	crates/core/src/types.rs	9868	type_error	'?' on Option requires enclosing function to return Option, found {}	KAIN-TYPE-XXXX	core
Type	crates/core/src/types.rs	9881	type_error	'?' expects a Result or Option value, found {}	KAIN-TYPE-XXXX	core
Type	crates/core/src/types.rs	9946	type_error	teleport {label} world '{}' is not declared	KAIN-TYPE-XXXX	core
Type	crates/core/src/types.rs	10000	type_error	{operation} is not supported for {} ownership regions: {} {}	KAIN-TYPE-XXXX	core
Type	crates/core/src/types.rs	10013	type_error	{operation} expects a pointer-like ownership region, found {}	KAIN-TYPE-XXXX	core
Type	crates/core/src/types.rs	10103	type_error	{operation} expects a pointer, found {}	KAIN-TYPE-XXXX	core
Type	crates/core/src/types.rs	10126	type_error	{operation} only supports Bool, I32, I64, U32, and U64 in v1, found {}	KAIN-TYPE-XXXX	core
Type	crates/core/src/types.rs	10170	type_error	{operation} scopes do not support return, break, or continue in v1; move the control flow outside the ownership block	KAIN-TYPE-XXXX	core
Type	crates/core/src/types.rs	10410	type_error	{callee_name} constructor expects exactly one argument	KAIN-TYPE-XXXX	core
Type	crates/core/src/types.rs	10458	type_error	Cannot cast {} to {} with a scalar constructor	KAIN-TYPE-XXXX	core
Type	crates/core/src/types.rs	10504	type_error	Unreachable match arm after a catch-all pattern	KAIN-TYPE-XXXX	core
Type	crates/core/src/types.rs	10516	type_error	Duplicate boolean match arm	KAIN-TYPE-XXXX	core
Type	crates/core/src/types.rs	10538	type_error	match arms do not agree on a type: {} vs {}	KAIN-TYPE-XXXX	core
Type	crates/core/src/types.rs	10553	type_error	match expression must have at least one arm	KAIN-TYPE-XXXX	core
Type	crates/core/src/types.rs	10568	type_error	Invalid assignment target: {:?}	KAIN-TYPE-XXXX	core
Type	crates/core/src/types.rs	10604	type_error	clone expects no arguments	KAIN-TYPE-XXXX	core
Type	crates/core/src/types.rs	10619	type_error	Array.as_slice expects no arguments	KAIN-TYPE-XXXX	core
Type	crates/core/src/types.rs	10626	type_error	Array.push requires a mutable receiver	KAIN-TYPE-XXXX	core
Type	crates/core/src/types.rs	10631	type_error	Option.take requires a mutable receiver	KAIN-TYPE-XXXX	core
Type	crates/core/src/types.rs	10656	type_error	Array.is_empty expects no arguments	KAIN-TYPE-XXXX	core
Type	crates/core/src/types.rs	10663	type_error	Array.iter expects no arguments	KAIN-TYPE-XXXX	core
Type	crates/core/src/types.rs	10670	type_error	Array.into_iter expects no arguments	KAIN-TYPE-XXXX	core
Type	crates/core/src/types.rs	10677	type_error	Array.peekable expects no arguments	KAIN-TYPE-XXXX	core
Type	crates/core/src/types.rs	10684	type_error	Array.next expects no arguments	KAIN-TYPE-XXXX	core
Type	crates/core/src/types.rs	10693	type_error	Array.peek expects no arguments	KAIN-TYPE-XXXX	core
Type	crates/core/src/types.rs	10703	type_error	Array.enumerate expects no arguments	KAIN-TYPE-XXXX	core
Type	crates/core/src/types.rs	10717	type_error	Array.push expects exactly one argument	KAIN-TYPE-XXXX	core
Type	crates/core/src/types.rs	10722	type_error	Array.contains expects exactly one argument	KAIN-TYPE-XXXX	core
Type	crates/core/src/types.rs	10739	type_error	array contains expected {} or {}, found {}	KAIN-TYPE-XXXX	core
Type	crates/core/src/types.rs	10754	type_error	Array.binary_search expects exactly one argument	KAIN-TYPE-XXXX	core
Type	crates/core/src/types.rs	10772	type_error	array binary_search expected {} or {}, found {}	KAIN-TYPE-XXXX	core
Type	crates/core/src/types.rs	10805	type_error	Array.includes expects exactly one argument	KAIN-TYPE-XXXX	core
Type	crates/core/src/types.rs	10814	type_error	Array.{} expects no arguments	KAIN-TYPE-XXXX	core
Type	crates/core/src/types.rs	10833	type_error	Array.shift expects no arguments	KAIN-TYPE-XXXX	core
Type	crates/core/src/types.rs	10896	type_error	Array.pop expects no arguments	KAIN-TYPE-XXXX	core
Type	crates/core/src/types.rs	10909	type_error	Array.as_slice expects no arguments	KAIN-TYPE-XXXX	core
Type	crates/core/src/types.rs	10926	type_error	Slice.is_empty expects no arguments	KAIN-TYPE-XXXX	core
Type	crates/core/src/types.rs	10933	type_error	Slice.iter expects no arguments	KAIN-TYPE-XXXX	core
Type	crates/core/src/types.rs	10940	type_error	Slice.into_iter expects no arguments	KAIN-TYPE-XXXX	core
Type	crates/core/src/types.rs	10947	type_error	Slice.peekable expects no arguments	KAIN-TYPE-XXXX	core
Type	crates/core/src/types.rs	10954	type_error	Slice.next expects no arguments	KAIN-TYPE-XXXX	core
Type	crates/core/src/types.rs	10963	type_error	Slice.peek expects no arguments	KAIN-TYPE-XXXX	core
Type	crates/core/src/types.rs	10973	type_error	Slice.enumerate expects no arguments	KAIN-TYPE-XXXX	core
Type	crates/core/src/types.rs	10978	type_error	Slice.contains expects exactly one argument	KAIN-TYPE-XXXX	core
Type	crates/core/src/types.rs	10995	type_error	slice contains expected {} or {}, found {}	KAIN-TYPE-XXXX	core
Type	crates/core/src/types.rs	11010	type_error	Slice.binary_search expects exactly one argument	KAIN-TYPE-XXXX	core
Type	crates/core/src/types.rs	11028	type_error	slice binary_search expected {} or {}, found {}	KAIN-TYPE-XXXX	core
Type	crates/core/src/types.rs	11061	type_error	Slice.includes expects exactly one argument	KAIN-TYPE-XXXX	core
Type	crates/core/src/types.rs	11070	type_error	Slice.{} expects no arguments	KAIN-TYPE-XXXX	core
Type	crates/core/src/types.rs	11089	type_error	Slice.{} expects no arguments	KAIN-TYPE-XXXX	core
Type	crates/core/src/types.rs	11172	type_error	Option.take expects no arguments	KAIN-TYPE-XXXX	core
Type	crates/core/src/types.rs	11178	type_error	Option.unwrap_or expects exactly one argument	KAIN-TYPE-XXXX	core
Type	crates/core/src/types.rs	11207	type_error	Option.or expects exactly one argument	KAIN-TYPE-XXXX	core
Type	crates/core/src/types.rs	11226	type_error	Option.expect expects exactly one argument	KAIN-TYPE-XXXX	core
Type	crates/core/src/types.rs	11229	type_error	Option.unwrap expects no arguments	KAIN-TYPE-XXXX	core
Type	crates/core/src/types.rs	11260	type_error	Option.{method} expects no arguments	KAIN-TYPE-XXXX	core
Type	crates/core/src/types.rs	11298	type_error	Result.unwrap_or expects exactly one argument	KAIN-TYPE-XXXX	core
Type	crates/core/src/types.rs	11332	type_error	Result.expect expects exactly one argument	KAIN-TYPE-XXXX	core
Type	crates/core/src/types.rs	11335	type_error	Result.unwrap expects no arguments	KAIN-TYPE-XXXX	core
Type	crates/core/src/types.rs	11358	type_error	Result.ok expects no arguments	KAIN-TYPE-XXXX	core
Type	crates/core/src/types.rs	11365	type_error	Result.{method} expects no arguments	KAIN-TYPE-XXXX	core
Type	crates/core/src/types.rs	11368	type_error	Unknown method '{}' on Result	KAIN-TYPE-XXXX	core
Type	crates/core/src/types.rs	11382	type_error	String.is_empty expects no arguments	KAIN-TYPE-XXXX	core
Type	crates/core/src/types.rs	11389	type_error	String.chars expects no arguments	KAIN-TYPE-XXXX	core
Type	crates/core/src/types.rs	11399	type_error	String.char_indices expects no arguments	KAIN-TYPE-XXXX	core
Type	crates/core/src/types.rs	11406	type_error	String.as_str expects no arguments	KAIN-TYPE-XXXX	core
Type	crates/core/src/types.rs	11413	type_error	String.trim expects no arguments	KAIN-TYPE-XXXX	core
Type	crates/core/src/types.rs	11420	type_error	String.to_string_lossy expects no arguments	KAIN-TYPE-XXXX	core
Type	crates/core/src/types.rs	11510	type_error	String.push_str expects exactly one argument	KAIN-TYPE-XXXX	core
Type	crates/core/src/types.rs	11530	type_error	String.push expects exactly one argument	KAIN-TYPE-XXXX	core
Type	crates/core/src/types.rs	11549	type_error	String.repeat expects exactly one argument	KAIN-TYPE-XXXX	core
Type	crates/core/src/types.rs	11570	type_error	String.to_ascii_lowercase expects no arguments	KAIN-TYPE-XXXX	core
Type	crates/core/src/types.rs	11577	type_error	String.{} expects no arguments	KAIN-TYPE-XXXX	core
Type	crates/core/src/types.rs	11635	type_error	String.parse expects no arguments	KAIN-TYPE-XXXX	core
Type	crates/core/src/types.rs	11651	type_error	Number.{} expected optional integer precision, found {}	KAIN-TYPE-XXXX	core
Type	crates/core/src/types.rs	11693	type_error	{}.{} expects no arguments	KAIN-TYPE-XXXX	core
Type	crates/core/src/types.rs	11707	type_error	{}.to_string expects no arguments	KAIN-TYPE-XXXX	core
Type	crates/core/src/types.rs	11736	type_error	Method call requires a receiver with known methods, found {}	KAIN-TYPE-XXXX	core
Type	crates/core/src/types.rs	11788	type_error	{type_name}.to_string expects no arguments	KAIN-TYPE-XXXX	core
Type	crates/core/src/types.rs	11816	type_error	{method_name} expects exactly one argument	KAIN-TYPE-XXXX	core
Type	crates/core/src/types.rs	11901	type_error	{method_name} expects a callback returning Option<T>, found {}	KAIN-TYPE-XXXX	core
Type	crates/core/src/types.rs	11919	type_error	{method_name} expects no arguments	KAIN-TYPE-XXXX	core
Type	crates/core/src/types.rs	11957	type_error	{method_name} expects no arguments	KAIN-TYPE-XXXX	core
Type	crates/core/src/types.rs	11974	type_error	{method_name} expects no arguments	KAIN-TYPE-XXXX	core
Type	crates/core/src/types.rs	11994	type_error	{method_name} expects no arguments	KAIN-TYPE-XXXX	core
Type	crates/core/src/types.rs	12015	type_error	{method_name} expects exactly one argument	KAIN-TYPE-XXXX	core
Type	crates/core/src/types.rs	12023	type_error	{method_name} expects an array or slice argument, found {}	KAIN-TYPE-XXXX	core
Type	crates/core/src/types.rs	12033	type_error	{method_name} expects an array or slice argument, found {}	KAIN-TYPE-XXXX	core
Type	crates/core/src/types.rs	12056	type_error	{method_name} expects no arguments	KAIN-TYPE-XXXX	core
Type	crates/core/src/types.rs	12062	type_error	{method_name} requires numeric items, found {}	KAIN-TYPE-XXXX	core
Type	crates/core/src/types.rs	12080	type_error	{method_name} expects no arguments	KAIN-TYPE-XXXX	core
Type	crates/core/src/types.rs	12094	type_error	{method_name} expects exactly one argument	KAIN-TYPE-XXXX	core
Type	crates/core/src/types.rs	12110	type_error	{method_name} expects a unary function, found {}	KAIN-TYPE-XXXX	core
Type	crates/core/src/types.rs	12129	type_error	{method_name} expects exactly one argument	KAIN-TYPE-XXXX	core
Type	crates/core/src/types.rs	12141	type_error	{method_name} expects a nullary function, found {}	KAIN-TYPE-XXXX	core
Type	crates/core/src/types.rs	12230	type_error	{method_name} expects at least one argument	KAIN-TYPE-XXXX	core
Type	crates/core/src/types.rs	12239	type_error	{method_name} expected String or &String, found {}	KAIN-TYPE-XXXX	core
Type	crates/core/src/types.rs	12272	type_error	{method_name} expects exactly one argument	KAIN-TYPE-XXXX	core
Type	crates/core/src/types.rs	12305	type_error	transform method expects exactly one argument	KAIN-TYPE-XXXX	core
Type	crates/core/src/types.rs	12327	type_error	transform method expects a unary function, found {}	KAIN-TYPE-XXXX	core
Type	crates/core/src/types.rs	12446	type_error	Tuple pattern does not match {}	KAIN-TYPE-XXXX	core
Type	crates/core/src/types.rs	12471	type_error	Struct pattern '{}' does not match {}	KAIN-TYPE-XXXX	core
Type	crates/core/src/types.rs	12518	type_error	Unknown field '{}::{}.{}'	KAIN-TYPE-XXXX	core
Type	crates/core/src/types.rs	12546	type_error	Variant pattern does not match {}	KAIN-TYPE-XXXX	core
Type	crates/core/src/types.rs	12560	type_error	Slice pattern does not match {}	KAIN-TYPE-XXXX	core
Type	crates/core/src/types.rs	12723	type_error	Unknown JSX event '{}'. Known events: {}	KAIN-TYPE-XXXX	core
Type	crates/core/src/types.rs	12740	type_error	Event callback '{}' must return Void (unit), found {}	KAIN-TYPE-XXXX	core
Type	crates/core/src/types.rs	12751	type_error	Event callback '{}' takes too many parameters (expected 0-2, got {})	KAIN-TYPE-XXXX	core
Type	crates/core/src/types.rs	12762	type_error	Event callback '{}' must be a function, got {}	KAIN-TYPE-XXXX	core
Type	crates/core/src/types.rs	12878	type_error	Binary operator expects compatible numeric operands, found {} and {}	KAIN-TYPE-XXXX	core
Type	crates/core/src/types.rs	12899	type_error	Equality operands do not agree: {} vs {}	KAIN-TYPE-XXXX	core
Type	crates/core/src/types.rs	12921	type_error	Comparison operands do not agree: {} vs {}	KAIN-TYPE-XXXX	core
Type	crates/core/src/types.rs	12956	type_error	Bitwise operator expects integer operands, found {} and {}	KAIN-TYPE-XXXX	core
Type	crates/core/src/types.rs	12981	type_error	{} expected {}, found {}	KAIN-TYPE-XXXX	core
Type	crates/core/src/types.rs	13016	type_error	{} expected Bool, found {}	KAIN-TYPE-XXXX	core
Type	crates/core/src/types.rs	13342	type_error	Unknown tuple/vector field '{}'	KAIN-TYPE-XXXX	core
Type	crates/core/src/types.rs	13345	type_error	Unknown tuple/vector field '{}'	KAIN-TYPE-XXXX	core
Type	crates/core/src/types.rs	13350	type_error	Field '{}' is out of bounds for this tuple	KAIN-TYPE-XXXX	core
Type	crates/core/src/types.rs	13399	type_error	Field access requires a struct value, found {}	KAIN-TYPE-XXXX	core
Type	crates/core/src/types.rs	13446	type_error	Variant 'Option::None' does not accept fields	KAIN-TYPE-XXXX	core
Type	crates/core/src/types.rs	13450	type_error	Variant 'Option::Some' expects exactly one tuple field	KAIN-TYPE-XXXX	core
Type	crates/core/src/types.rs	13454	type_error	Variant 'Result::Ok' expects exactly one tuple field	KAIN-TYPE-XXXX	core
Type	crates/core/src/types.rs	13458	type_error	Variant 'Result::Err' expects exactly one tuple field	KAIN-TYPE-XXXX	core
Type	crates/core/src/types.rs	16911	ErrorKind	Type	KAIN-TYPE-XXXX	core
Type	crates/core/src/types.rs	16940	ErrorKind	Type	KAIN-TYPE-XXXX	core
Type	crates/error/src/builder.rs	58	ErrorKind	Type	KAIN-TYPE-XXXX	error
Type	crates/error/src/builder.rs	62	ErrorKind	Type	KAIN-TYPE-XXXX	error
Type	crates/error/src/builder.rs	66	ErrorKind	Type	KAIN-TYPE-XXXX	error
Type	crates/error/src/builder.rs	70	ErrorKind	Type	KAIN-TYPE-XXXX	error
Type	crates/error/src/builder.rs	74	ErrorKind	Type	KAIN-TYPE-XXXX	error
Type	crates/error/src/builder.rs	78	ErrorKind	Type	KAIN-TYPE-XXXX	error
Type	crates/error/src/builder.rs	82	ErrorKind	Type	KAIN-TYPE-XXXX	error
Type	crates/error/src/diagnostic_registry.rs	80	DiagnosticCode	TypeGeneric	KAIN-TYPE-0001	error
Type	crates/error/src/diagnostic_registry.rs	80	ErrorKind	Type	KAIN-TYPE-XXXX	error
Type	crates/error/src/diagnostic_registry.rs	125	DiagnosticCode	TypeWorldMissingSurface	KAIN-TYPE-0003	error
Type	crates/error/src/diagnostic_registry.rs	127	DiagnosticCode	TypeWorldMissingSurface	KAIN-TYPE-0003	error
Type	crates/error/src/error.rs	261	ErrorKind	Type	KAIN-TYPE-XXXX	error
Type	crates/error/src/error.rs	262	ErrorKind	Type	KAIN-TYPE-XXXX	error
Type	crates/error/src/error.rs	378	ErrorKind	Type	KAIN-TYPE-XXXX	error
Type	crates/error/src/error.rs	379	ErrorKind	Type	KAIN-TYPE-XXXX	error
Type	crates/error/src/error.rs	615	ErrorKind	Type	KAIN-TYPE-XXXX	error
Type	crates/error/src/error.rs	731	ErrorKind	Type	KAIN-TYPE-XXXX	error
Type	crates/error/src/error.rs	814	ErrorKind	Type	KAIN-TYPE-XXXX	error
Type	crates/error/src/report.rs	695	ErrorKind	Type	KAIN-TYPE-XXXX	error
Type	crates/error/tests/integration.rs	151	ErrorKind	Type	KAIN-TYPE-XXXX	error
Type	crates/error/tests/integration.rs	235	ErrorKind	Type	KAIN-TYPE-XXXX	error
Type	crates/error/tests/integration.rs	243	ErrorKind	Type	KAIN-TYPE-XXXX	error
Type	crates/semantic/examples/semantic_probe.rs	17	DiagnosticCode	TypeUnknownIdentifier	KAIN-TYPE-0002	semantic
Type	crates/semantic/examples/semantic_probe.rs	24	DiagnosticCode	TypeGeneric	KAIN-TYPE-0001	semantic
Type	crates/semantic/examples/semantic_probe.rs	27	DiagnosticCode	TypeUnknownIdentifier	KAIN-TYPE-0002	semantic
Type	crates/semantic/examples/semantic_probe.rs	32	DiagnosticCode	TypeGeneric	KAIN-TYPE-0001	semantic
Type	crates/semantic/examples/semantic_probe.rs	33	DiagnosticCode	TypeDuplicateSymbol	KAIN-TYPE-0004	semantic
Type	crates/semantic/examples/semantic_probe.rs	36	DiagnosticCode	TypeWorldMissingSurface	KAIN-TYPE-0003	semantic
Type	crates/semantic/examples/semantic_probe.rs	46	DiagnosticCode	TypeGeneric	KAIN-TYPE-0001	semantic
Type	crates/semantic/examples/semantic_probe.rs	55	DiagnosticCode	TypeGeneric	KAIN-TYPE-0001	semantic
Type	crates/semantic/examples/semantic_probe.rs	56	DiagnosticCode	TypeUnknownIdentifier	KAIN-TYPE-0002	semantic
Type	crates/semantic/examples/semantic_probe.rs	57	DiagnosticCode	TypeDuplicateSymbol	KAIN-TYPE-0004	semantic
Type	crates/semantic/src/expert.rs	975	DiagnosticCode	TypeUnknownIdentifier	KAIN-TYPE-0002	semantic
Type	crates/semantic/src/expert.rs	999	DiagnosticCode	TypeWorldMissingSurface	KAIN-TYPE-0003	semantic
Type	crates/semantic/src/expert.rs	1033	DiagnosticCode	TypeGeneric	KAIN-TYPE-0001	semantic
Type	crates/semantic/src/expert.rs	1034	DiagnosticCode	TypeUnknownIdentifier	KAIN-TYPE-0002	semantic
Type	crates/semantic/src/expert.rs	1035	DiagnosticCode	TypeDuplicateSymbol	KAIN-TYPE-0004	semantic
Type	crates/semantic/src/expert.rs	1052	DiagnosticCode	TypeUnknownIdentifier	KAIN-TYPE-0002	semantic
Type	crates/semantic/src/expert.rs	1068	DiagnosticCode	TypeUnknownIdentifier	KAIN-TYPE-0002	semantic
Type	crates/semantic/src/expert.rs	1089	DiagnosticCode	TypeUnknownIdentifier	KAIN-TYPE-0002	semantic
Type	crates/semantic/src/expert.rs	1108	DiagnosticCode	TypeUnknownIdentifier	KAIN-TYPE-0002	semantic
Type	crates/semantic/src/pack.rs	1433	DiagnosticCode	TypeUnknownIdentifier	KAIN-TYPE-0002	semantic
Type	crates/semantic/src/pack.rs	1466	DiagnosticCode	TypeWorldMissingSurface	KAIN-TYPE-0003	semantic
Type	crates/semantic/src/pack.rs	1494	DiagnosticCode	TypeUnknownIdentifier	KAIN-TYPE-0002	semantic
Type	crates/semantic/src/pack.rs	1528	DiagnosticCode	TypeUnknownIdentifier	KAIN-TYPE-0002	semantic
Type	crates/semantic/src/pack.rs	1576	DiagnosticCode	TypeUnknownIdentifier	KAIN-TYPE-0002	semantic
Type	crates/semantic/src/pack.rs	1583	DiagnosticCode	TypeGeneric	KAIN-TYPE-0001	semantic
Type	crates/semantic/src/pack.rs	1584	DiagnosticCode	TypeDuplicateSymbol	KAIN-TYPE-0004	semantic
Validation	crates/check/src/validate_semantic_contracts.rs	340	ErrorKind	Validation	KAIN-VALIDATION-XXXX	check
Validation	crates/check/src/validate_semantic_contracts.rs	556	ErrorKind	Validation	KAIN-VALIDATION-XXXX	check
Validation	crates/check/src/validate_semantic_contracts.rs	582	ErrorKind	Validation	KAIN-VALIDATION-XXXX	check
Validation	crates/check/src/validate_semantic_contracts.rs	615	ErrorKind	Validation	KAIN-VALIDATION-XXXX	check
Validation	crates/check/src/validate_semantic_contracts.rs	692	ErrorKind	Validation	KAIN-VALIDATION-XXXX	check
Validation	crates/check/src/validate_semantic_contracts.rs	715	ErrorKind	Validation	KAIN-VALIDATION-XXXX	check
Validation	crates/check/src/validate_semantic_contracts.rs	815	ErrorKind	Validation	KAIN-VALIDATION-XXXX	check
Validation	crates/check/src/validate_semantic_contracts.rs	894	ErrorKind	Validation	KAIN-VALIDATION-XXXX	check
Validation	crates/check/src/validate_semantic_contracts.rs	1022	ErrorKind	Validation	KAIN-VALIDATION-XXXX	check
Validation	crates/check/src/validate_semantic_contracts.rs	1047	ErrorKind	Validation	KAIN-VALIDATION-XXXX	check
Validation	crates/check/src/validate_semantic_contracts.rs	1170	ErrorKind	Validation	KAIN-VALIDATION-XXXX	check
Validation	crates/cli/src/lsp.rs	2256	ErrorKind	Validation	KAIN-VALIDATION-XXXX	cli
Validation	crates/core/src/low_level_memory.rs	65	ErrorKind	Validation	KAIN-VALIDATION-XXXX	core
Validation	crates/core/src/low_level_memory.rs	493	ErrorKind	Validation	KAIN-VALIDATION-XXXX	core
Validation	crates/error/src/diagnostic_registry.rs	81	DiagnosticCode	ValidationGeneric	KAIN-VALIDATE-0001	error
Validation	crates/error/src/diagnostic_registry.rs	81	ErrorKind	Validation	KAIN-VALIDATION-XXXX	error
Validation	crates/error/src/diagnostic_registry.rs	139	DiagnosticCode	ValidationGeneric	KAIN-VALIDATE-0001	error
Validation	crates/error/src/diagnostic_registry.rs	141	DiagnosticCode	ValidationGeneric	KAIN-VALIDATE-0001	error
Validation	crates/error/src/error.rs	273	ErrorKind	Validation	KAIN-VALIDATION-XXXX	error
Validation	crates/error/src/error.rs	274	ErrorKind	Validation	KAIN-VALIDATION-XXXX	error
Validation	crates/error/src/error.rs	815	ErrorKind	Validation	KAIN-VALIDATION-XXXX	error
Validation	crates/error/src/error.rs	840	ErrorKind	Validation	KAIN-VALIDATION-XXXX	error
Validation	crates/error/src/report.rs	709	ErrorKind	Validation	KAIN-VALIDATION-XXXX	error
World	crates/check/src/validate_semantic_contracts.rs	498	DiagnosticCode	WorldEntanglementInvalid	KAIN-WORLD-0005	check
World	crates/check/src/validate_semantic_contracts.rs	516	DiagnosticCode	WorldEntanglementInvalid	KAIN-WORLD-0005	check
World	crates/check/src/validate_semantic_contracts.rs	531	DiagnosticCode	WorldEntanglementInvalid	KAIN-WORLD-0005	check
World	crates/check/src/validate_semantic_contracts.rs	796	DiagnosticCode	WorldTeleportInvalid	KAIN-WORLD-0006	check
World	crates/check/src/validate_semantic_contracts.rs	804	DiagnosticCode	WorldTeleportInvalid	KAIN-WORLD-0006	check
World	crates/check/src/validate_semantic_contracts.rs	815	DiagnosticCode	WorldTeleportInvalid	KAIN-WORLD-0006	check
World	crates/check/src/validate_semantic_contracts.rs	894	DiagnosticCode	WorldGeneric	KAIN-WORLD-0001	check
World	crates/check/src/validate_semantic_contracts.rs	1170	DiagnosticCode	WorldGeneric	KAIN-WORLD-0001	check
World	crates/error/src/builder.rs	136	ErrorKind	World	KAIN-WORLD-XXXX	error
World	crates/error/src/builder.rs	140	ErrorKind	World	KAIN-WORLD-XXXX	error
World	crates/error/src/builder.rs	144	ErrorKind	World	KAIN-WORLD-XXXX	error
World	crates/error/src/builder.rs	148	ErrorKind	World	KAIN-WORLD-XXXX	error
World	crates/error/src/diagnostic_registry.rs	88	DiagnosticCode	WorldGeneric	KAIN-WORLD-0001	error
World	crates/error/src/diagnostic_registry.rs	88	ErrorKind	World	KAIN-WORLD-XXXX	error
World	crates/error/src/error.rs	824	ErrorKind	World	KAIN-WORLD-XXXX	error
World	crates/error/src/report.rs	698	ErrorKind	World	KAIN-WORLD-XXXX	error
