risk_score,file,function,line,operators,alloc_hits,guard_hits,has_cast,expression,reasons
95,contract.c,contract_analyze_services,558,*|+,malloc(,,1,json = (char*)malloc((size_t)file_size + 1);,no nearby overflow or range guard | size math feeds allocation or copy sink | multiplication can amplify overflow | explicit cast in arithmetic site | sentinel/null byte style increment
95,core.c,array_new,543,*,malloc(,,1,arr->data = (long long*)malloc((size_t)arr->cap * sizeof(long long));,no nearby overflow or range guard | size math feeds allocation or copy sink | multiplication can amplify overflow | explicit cast in arithmetic site | pointer or indexed arithmetic
95,core.c,array_push,561,*,realloc(,,1,"arr->data = (long long*)realloc(arr->data, (size_t)arr->cap * sizeof(long long));",no nearby overflow or range guard | size math feeds allocation or copy sink | multiplication can amplify overflow | explicit cast in arithmetic site | pointer or indexed arithmetic
95,input_system.c,abi_input_begin_frame,551,*,memcpy(,,1,"memcpy(session->frame_events, session->pending_events, sizeof(KainNativeInputEvent) * (size_t)session->frame_event_count);",no nearby overflow or range guard | size math feeds allocation or copy sink | multiplication can amplify overflow | explicit cast in arithmetic site | pointer or indexed arithmetic
95,json.c,json_clone_value,237,*,calloc(,,1,"out->fields = (KainJsonEntry*)calloc((size_t)value->field_count, sizeof(KainJsonEntry));",no nearby overflow or range guard | size math feeds allocation or copy sink | multiplication can amplify overflow | explicit cast in arithmetic site | pointer or indexed arithmetic
95,json.c,json_clone_value,249,*,calloc(,,1,"out->items = (KainJsonValue**)calloc((size_t)value->item_count, sizeof(KainJsonValue*));",no nearby overflow or range guard | size math feeds allocation or copy sink | multiplication can amplify overflow | explicit cast in arithmetic site | pointer or indexed arithmetic
95,json.c,json_object_reserve,315,*,realloc(,,1,"fields = (KainJsonEntry*)realloc(object->fields, (size_t)capacity * sizeof(KainJsonEntry));",no nearby overflow or range guard | size math feeds allocation or copy sink | multiplication can amplify overflow | explicit cast in arithmetic site | pointer or indexed arithmetic
95,json.c,json_object_reserve,319,*|+|-,memset(,,1,"memset(fields + object->field_capacity, 0, (size_t)(capacity - object->field_capacity) * sizeof(KainJsonEntry));",no nearby overflow or range guard | size math feeds allocation or copy sink | multiplication can amplify overflow | explicit cast in arithmetic site | pointer or indexed arithmetic
95,json.c,json_array_reserve,338,*,realloc(,,1,"items = (KainJsonValue**)realloc(array->items, (size_t)capacity * sizeof(KainJsonValue*));",no nearby overflow or range guard | size math feeds allocation or copy sink | multiplication can amplify overflow | explicit cast in arithmetic site | pointer or indexed arithmetic
95,json.c,json_array_reserve,342,*|+|-,memset(,,1,"memset(items + array->item_capacity, 0, (size_t)(capacity - array->item_capacity) * sizeof(KainJsonValue*));",no nearby overflow or range guard | size math feeds allocation or copy sink | multiplication can amplify overflow | explicit cast in arithmetic site | pointer or indexed arithmetic
95,realtime.c,realtime_count_array_objects,1361,*|+,malloc(,,1,json = (char*)malloc((size_t)length + 1u);,no nearby overflow or range guard | size math feeds allocation or copy sink | multiplication can amplify overflow | explicit cast in arithmetic site | sentinel/null byte style increment
95,realtime.c,realtime_count_array_objects,3024,*|+,malloc(,,1,json = (char*)malloc((size_t)length + 1u);,no nearby overflow or range guard | size math feeds allocation or copy sink | multiplication can amplify overflow | explicit cast in arithmetic site | sentinel/null byte style increment
95,reflection.c,json_parse,981,*,realloc(,,1,"types = (KainTypeSchema*)realloc(payload->types, (size_t)new_capacity * sizeof(KainTypeSchema));",no nearby overflow or range guard | size math feeds allocation or copy sink | multiplication can amplify overflow | explicit cast in arithmetic site | pointer or indexed arithmetic
95,reflection.c,json_parse,1004,*,realloc(,,1,"items = (KainItemMetadata*)realloc(payload->items, (size_t)new_capacity * sizeof(KainItemMetadata));",no nearby overflow or range guard | size math feeds allocation or copy sink | multiplication can amplify overflow | explicit cast in arithmetic site | pointer or indexed arithmetic
95,stdlib_abi.c,abi_fs_metadata_text,3079,*,memcpy(,,1,"memcpy(output->block_words, left_cv, 8u * sizeof(uint32_t));",no nearby overflow or range guard | size math feeds allocation or copy sink | multiplication can amplify overflow | explicit cast in arithmetic site | pointer or indexed arithmetic
95,stdlib_abi.c,abi_fs_metadata_text,3080,*|+,memcpy(,,1,"memcpy(output->block_words + 8, right_cv, 8u * sizeof(uint32_t));",no nearby overflow or range guard | size math feeds allocation or copy sink | multiplication can amplify overflow | explicit cast in arithmetic site | pointer or indexed arithmetic
95,wire.c,abi_wire_zero_copy_binary_checksum,121,*|+,calloc(,,1,"(int32_t*)calloc((size_t)KAIN_WIRE_WORD3_MOD + 1u, sizeof(int32_t));",no nearby overflow or range guard | size math feeds allocation or copy sink | multiplication can amplify overflow | explicit cast in arithmetic site | sentinel/null byte style increment
90,net_system.c,abi_http_request_set_body_text,2072,*|+,malloc(,,0,request->body = (unsigned char*)malloc(request->body_length + 1u);,no nearby overflow or range guard | size math feeds allocation or copy sink | multiplication can amplify overflow | sentinel/null byte style increment | pointer or indexed arithmetic
85,core.c,kain_map_resize,1508,*,calloc(,,1,"new_entries = (MapEntry*)calloc((size_t)new_capacity, sizeof(MapEntry));",no nearby overflow or range guard | size math feeds allocation or copy sink | multiplication can amplify overflow | explicit cast in arithmetic site
85,net_system.c,abi_net_wide_from_utf8,1584,*,malloc(,,1,wide = (wchar_t*)malloc(sizeof(wchar_t) * (size_t)needed);,no nearby overflow or range guard | size math feeds allocation or copy sink | multiplication can amplify overflow | explicit cast in arithmetic site
85,stdlib_abi.c,abi_fs_builder_appendf,1550,+,snprintf(,,1,"vsnprintf(builder->data + builder->length, (size_t)written + 1, format, args);",no nearby overflow or range guard | size math feeds allocation or copy sink | explicit cast in arithmetic site | sentinel/null byte style increment | pointer or indexed arithmetic
85,stdlib_abi.c,abi_fs_metadata_text,2832,*,malloc(,,1,buffer = (unsigned char*)malloc((size_t)length);,no nearby overflow or range guard | size math feeds allocation or copy sink | multiplication can amplify overflow | explicit cast in arithmetic site
85,stdlib_abi.c,abi_fs_metadata_text,3000,*,memcpy(,,1,"memcpy(state, cv, 8u * sizeof(uint32_t));",no nearby overflow or range guard | size math feeds allocation or copy sink | multiplication can amplify overflow | explicit cast in arithmetic site
85,stdlib_abi.c,abi_fs_metadata_text,3001,*|+,memcpy(,,1,"memcpy(state + 8, ABI_BLAKE3_IV, 4u * sizeof(uint32_t));",no nearby overflow or range guard | size math feeds allocation or copy sink | multiplication can amplify overflow | explicit cast in arithmetic site
85,stdlib_abi.c,abi_fs_metadata_text,3006,*,memcpy(,,1,"memcpy(msg, block_words, 16u * sizeof(uint32_t));",no nearby overflow or range guard | size math feeds allocation or copy sink | multiplication can amplify overflow | explicit cast in arithmetic site
85,stdlib_abi.c,abi_fs_metadata_text,3027,*,memcpy(,,1,"memcpy(cv, words, 8u * sizeof(uint32_t));",no nearby overflow or range guard | size math feeds allocation or copy sink | multiplication can amplify overflow | explicit cast in arithmetic site
85,stdlib_abi.c,abi_fs_metadata_text,3062,*,memcpy(,,1,"memcpy(cv, compressed, 8u * sizeof(uint32_t));",no nearby overflow or range guard | size math feeds allocation or copy sink | multiplication can amplify overflow | explicit cast in arithmetic site
85,stdlib_abi.c,abi_fs_metadata_text,3128,*|+,memmove(,,1,"memmove(cvs + (write_index * 8u), cvs + (read_index * 8u), 8u * sizeof(uint32_t));",no nearby overflow or range guard | size math feeds allocation or copy sink | multiplication can amplify overflow | explicit cast in arithmetic site
80,core.c,map_new,1573,*,calloc(,,0,"map->entries = (MapEntry*)calloc(16, sizeof(MapEntry));",no nearby overflow or range guard | size math feeds allocation or copy sink | multiplication can amplify overflow | pointer or indexed arithmetic
80,json.c,json_dup_range,105,*|+,malloc(,,0,char* out = (char*)malloc(length + 1u);,no nearby overflow or range guard | size math feeds allocation or copy sink | multiplication can amplify overflow | sentinel/null byte style increment
80,json.c,json_buffer_reserve,412,*,realloc(,,0,"data = (char*)realloc(buffer->data, capacity);",no nearby overflow or range guard | size math feeds allocation or copy sink | multiplication can amplify overflow | pointer or indexed arithmetic
80,net_system.c,abi_net_decode_hex,692,*|+,malloc(,,0,bytes = (unsigned char*)malloc(length / 2u + 1u);,no nearby overflow or range guard | size math feeds allocation or copy sink | multiplication can amplify overflow | sentinel/null byte style increment
80,net_system.c,abi_net_parse_http_request,1304,*|+,malloc(,,0,text = (char*)malloc(length + 1u);,no nearby overflow or range guard | size math feeds allocation or copy sink | multiplication can amplify overflow | sentinel/null byte style increment
80,process_system.c,abi_process_capture_reserve,453,*,realloc(,,0,"resized = (unsigned char*)realloc(capture->bytes, next_capacity);",no nearby overflow or range guard | size math feeds allocation or copy sink | multiplication can amplify overflow | pointer or indexed arithmetic
80,process_system.c,abi_process_wide_duplicate,966,*|+,memcpy(,,0,"memcpy(copy, text, (length + 1u) * sizeof(wchar_t));",no nearby overflow or range guard | size math feeds allocation or copy sink | multiplication can amplify overflow | sentinel/null byte style increment
80,process_system.c,abi_process_build_environment_block_w,1161,*,memcpy(,,0,"memcpy(output_cursor, entries.entries[index], entry_length * sizeof(wchar_t));",no nearby overflow or range guard | size math feeds allocation or copy sink | multiplication can amplify overflow | pointer or indexed arithmetic
80,reflection.c,kain_reflection_load_from_path,246,*|+,malloc(,,0,char* json = (char*)malloc(file_size + 1);,no nearby overflow or range guard | size math feeds allocation or copy sink | multiplication can amplify overflow | sentinel/null byte style increment
80,reflection.c,reflection_strdup,1771,*|+,malloc(,,0,copy = (char*)malloc(length + 1);,no nearby overflow or range guard | size math feeds allocation or copy sink | multiplication can amplify overflow | sentinel/null byte style increment
80,stdlib_abi.c,abi_fs_builder_init,1441,*,malloc(,,0,builder->data = (char*)malloc(builder->capacity);,no nearby overflow or range guard | size math feeds allocation or copy sink | multiplication can amplify overflow | pointer or indexed arithmetic
75,core.c,file_read,651,*|+,,,1,"buf = (char*)kain_alloc_rc((size_t)size + 1, 1);",no nearby overflow or range guard | multiplication can amplify overflow | explicit cast in arithmetic site | sentinel/null byte style increment
75,graphics_system.c,abi_graphics_decode_hex,362,<<,,,1,bytes[index] = (uint8_t)((high << 4) | low);,no nearby overflow or range guard | shift-based growth math | explicit cast in arithmetic site | pointer or indexed arithmetic
75,net_system.c,abi_net_parse_url,1091,-,memcpy(,,1,"memcpy(parsed->scheme, url, (size_t)(scheme_end - url));",no nearby overflow or range guard | size math feeds allocation or copy sink | explicit cast in arithmetic site | pointer or indexed arithmetic
75,net_system.c,abi_net_http_server_pump_one,2352,<<|-,,,1,server->pending_request_slots |= UINT64_C(1) << (uint32_t)(request - g_requests);,no nearby overflow or range guard | shift-based growth math | explicit cast in arithmetic site | pointer or indexed arithmetic
75,reflection.c,json_parse,1052,<<,,,1,((uint64_t)bytes[1] << 8u) |,no nearby overflow or range guard | shift-based growth math | explicit cast in arithmetic site | pointer or indexed arithmetic
75,reflection.c,json_parse,1053,<<,,,1,((uint64_t)bytes[2] << 16u) |,no nearby overflow or range guard | shift-based growth math | explicit cast in arithmetic site | pointer or indexed arithmetic
75,reflection.c,json_parse,1054,<<,,,1,((uint64_t)bytes[3] << 24u) |,no nearby overflow or range guard | shift-based growth math | explicit cast in arithmetic site | pointer or indexed arithmetic
75,reflection.c,json_parse,1055,<<,,,1,((uint64_t)bytes[4] << 32u) |,no nearby overflow or range guard | shift-based growth math | explicit cast in arithmetic site | pointer or indexed arithmetic
75,reflection.c,json_parse,1056,<<,,,1,((uint64_t)bytes[5] << 40u) |,no nearby overflow or range guard | shift-based growth math | explicit cast in arithmetic site | pointer or indexed arithmetic
75,reflection.c,json_parse,1057,<<,,,1,((uint64_t)bytes[6] << 48u) |,no nearby overflow or range guard | shift-based growth math | explicit cast in arithmetic site | pointer or indexed arithmetic
75,reflection.c,json_parse,1058,<<,,,1,((uint64_t)bytes[7] << 56u);,no nearby overflow or range guard | shift-based growth math | explicit cast in arithmetic site | pointer or indexed arithmetic
75,stdlib_abi.c,abi_fs_metadata_text,2934,<<,,,1,((uint32_t)bytes[1] << 8u) |,no nearby overflow or range guard | shift-based growth math | explicit cast in arithmetic site | pointer or indexed arithmetic
75,stdlib_abi.c,abi_fs_metadata_text,2935,<<,,,1,((uint32_t)bytes[2] << 16u) |,no nearby overflow or range guard | shift-based growth math | explicit cast in arithmetic site | pointer or indexed arithmetic
75,stdlib_abi.c,abi_fs_metadata_text,2936,<<,,,1,((uint32_t)bytes[3] << 24u);,no nearby overflow or range guard | shift-based growth math | explicit cast in arithmetic site | pointer or indexed arithmetic
75,wire.c,abi_wire_zero_copy_binary_checksum,116,*,,,1,(KAIN_WIRE_WORD3_MOD * (int64_t)KAIN_WIRE_PERIOD_WRAP_COUNTS[block]);,no nearby overflow or range guard | multiplication can amplify overflow | explicit cast in arithmetic site | pointer or indexed arithmetic
70,actor.c,kain_actor_reply_port_state_bind_synthetic_actor,1055,*,calloc(,,0,"actor = (KainActorState_Internal*)calloc(1, sizeof(KainActorState_Internal));",no nearby overflow or range guard | size math feeds allocation or copy sink | multiplication can amplify overflow
70,actor.c,kain_actor_mailbox_append_copied_locked,1632,*,malloc(,,0,node = (MessageNode*)malloc(sizeof(MessageNode));,no nearby overflow or range guard | size math feeds allocation or copy sink | multiplication can amplify overflow
70,actor.c,kain_actor_thread_proc,2381,*,calloc(,,0,"KainActorState_Internal* actor = (KainActorState_Internal*)calloc(1, sizeof(KainActorState_Internal));",no nearby overflow or range guard | size math feeds allocation or copy sink | multiplication can amplify overflow
70,actor.c,kain_actor_thread_proc,3211,*,malloc(,,0,KainActorMonitor* monitor = (KainActorMonitor*)malloc(sizeof(KainActorMonitor));,no nearby overflow or range guard | size math feeds allocation or copy sink | multiplication can amplify overflow
70,actor.c,kain_actor_thread_proc,3332,*,malloc(,,0,KainActorLink* link_a = (KainActorLink*)malloc(sizeof(KainActorLink));,no nearby overflow or range guard | size math feeds allocation or copy sink | multiplication can amplify overflow
70,actor.c,kain_actor_thread_proc,3345,*,malloc(,,0,KainActorLink* link_b = (KainActorLink*)malloc(sizeof(KainActorLink));,no nearby overflow or range guard | size math feeds allocation or copy sink | multiplication can amplify overflow
70,actor.c,kain_actor_thread_proc,3539,*,malloc(,,0,entry = (KainActorRegistryEntry*)malloc(sizeof(KainActorRegistryEntry));,no nearby overflow or range guard | size math feeds allocation or copy sink | multiplication can amplify overflow
70,actor.c,kain_actor_thread_proc,3679,*,memset(,,0,"memset(snapshot, 0, sizeof(*snapshot));",no nearby overflow or range guard | size math feeds allocation or copy sink | multiplication can amplify overflow
70,actor.c,kain_actor_thread_proc,3848,*,malloc(,,0,g_scheduler.worker_threads = (HANDLE*)malloc(sizeof(HANDLE) * KAIN_SCHEDULER_WORKER_COUNT);,no nearby overflow or range guard | size math feeds allocation or copy sink | multiplication can amplify overflow
70,actor.c,kain_actor_thread_proc,3849,*,malloc(,,0,g_scheduler.worker_thread_ids = (DWORD*)malloc(sizeof(DWORD) * KAIN_SCHEDULER_WORKER_COUNT);,no nearby overflow or range guard | size math feeds allocation or copy sink | multiplication can amplify overflow
70,actor.c,kain_actor_thread_proc,3853,*,malloc(,,0,g_scheduler.worker_threads = (pthread_t*)malloc(sizeof(pthread_t) * KAIN_SCHEDULER_WORKER_COUNT);,no nearby overflow or range guard | size math feeds allocation or copy sink | multiplication can amplify overflow
70,actor.c,kain_actor_thread_proc,3885,*,calloc(,,0,"(KainActorReplyPortState*)calloc(1, sizeof(KainActorReplyPortState));",no nearby overflow or range guard | size math feeds allocation or copy sink | multiplication can amplify overflow
70,async.c,kain_async_release_task_record_locked,480,*,memset(,,0,"memset(task, 0, sizeof(*task));",no nearby overflow or range guard | size math feeds allocation or copy sink | multiplication can amplify overflow
70,async.c,kain_async_release_timer_record_locked,493,*,memset(,,0,"memset(timer, 0, sizeof(*timer));",no nearby overflow or range guard | size math feeds allocation or copy sink | multiplication can amplify overflow
70,async.c,kain_async_allocate_task_record,536,*,memset(,,0,"memset(record, 0, sizeof(*record));",no nearby overflow or range guard | size math feeds allocation or copy sink | multiplication can amplify overflow
70,async.c,kain_async_allocate_task_record,566,*,memset(,,0,"memset(record, 0, sizeof(*record));",no nearby overflow or range guard | size math feeds allocation or copy sink | multiplication can amplify overflow
70,async.c,kain_async_allocate_timer_record,593,*,memset(,,0,"memset(record, 0, sizeof(*record));",no nearby overflow or range guard | size math feeds allocation or copy sink | multiplication can amplify overflow
70,async.c,kain_async_timer_thread_proc,909,*,memset(,,0,"memset(config, 0, sizeof(*config));",no nearby overflow or range guard | size math feeds allocation or copy sink | multiplication can amplify overflow
70,async.c,kain_async_timer_thread_proc,1174,*,memset(,,0,"memset(timer, 0, sizeof(*timer));",no nearby overflow or range guard | size math feeds allocation or copy sink | multiplication can amplify overflow
70,async.c,kain_async_timer_thread_proc,1195,*,memset(,,0,"memset(timer, 0, sizeof(*timer));",no nearby overflow or range guard | size math feeds allocation or copy sink | multiplication can amplify overflow
70,async.c,kain_async_timer_thread_proc,1215,*,memset(,,0,"memset(timer, 0, sizeof(*timer));",no nearby overflow or range guard | size math feeds allocation or copy sink | multiplication can amplify overflow
70,attrition.c,kain_attrition_session_config_init,269,*,memset(,,0,"memset(config, 0, sizeof(*config));",no nearby overflow or range guard | size math feeds allocation or copy sink | multiplication can amplify overflow
70,attrition.c,kain_attrition_runtime_snapshot,323,*,memset(,,0,"memset(out_snapshot, 0, sizeof(*out_snapshot));",no nearby overflow or range guard | size math feeds allocation or copy sink | multiplication can amplify overflow
70,compatibility.c,kain_bundle_compat_metadata_init,92,*,memset(,,0,"memset(metadata, 0, sizeof(*metadata));",no nearby overflow or range guard | size math feeds allocation or copy sink | multiplication can amplify overflow
70,compatibility.c,kain_bundle_validate_compatibility,118,*,memset(,,0,"memset(result, 0, sizeof(*result));",no nearby overflow or range guard | size math feeds allocation or copy sink | multiplication can amplify overflow
70,compatibility.c,kain_bundle_install,207,*,calloc(,,0,"handle = (KainBundleHandle*)calloc(1, sizeof(*handle));",no nearby overflow or range guard | size math feeds allocation or copy sink | multiplication can amplify overflow
70,compatibility.c,kain_bundle_snapshot_state,387,*,calloc(,,0,"snapshot = (KainBundleStateSnapshot*)calloc(1, sizeof(*snapshot));",no nearby overflow or range guard | size math feeds allocation or copy sink | multiplication can amplify overflow
70,core.c,void,277,*,malloc(,,0,ThreadArgs* args = (ThreadArgs*)malloc(sizeof(ThreadArgs));,no nearby overflow or range guard | size math feeds allocation or copy sink | multiplication can amplify overflow
70,core.c,mq_new,1793,*,malloc(,,0,MessageQueue* mq = (MessageQueue*)malloc(sizeof(MessageQueue));,no nearby overflow or range guard | size math feeds allocation or copy sink | multiplication can amplify overflow
70,core.c,mq_push,1816,*,malloc(,,0,MessageNode* node = (MessageNode*)malloc(sizeof(MessageNode));,no nearby overflow or range guard | size math feeds allocation or copy sink | multiplication can amplify overflow
70,fanout.c,kain_fanout_runtime_init,233,*,memset(,,0,"memset(runtime, 0, sizeof(*runtime));",no nearby overflow or range guard | size math feeds allocation or copy sink | multiplication can amplify overflow
70,fanout.c,kain_fanout_runtime_init,240,*,memset(,,0,"memset(runtime, 0, sizeof(*runtime));",no nearby overflow or range guard | size math feeds allocation or copy sink | multiplication can amplify overflow
70,fanout.c,kain_fanout_runtime_init,245,*,memset(,,0,"memset(runtime, 0, sizeof(*runtime));",no nearby overflow or range guard | size math feeds allocation or copy sink | multiplication can amplify overflow
70,fanout.c,kain_fanout_runtime_init,251,*,memset(,,0,"memset(runtime, 0, sizeof(*runtime));",no nearby overflow or range guard | size math feeds allocation or copy sink | multiplication can amplify overflow
70,fanout.c,kain_fanout_runtime_init,265,*,memset(,,0,"memset(runtime, 0, sizeof(*runtime));",no nearby overflow or range guard | size math feeds allocation or copy sink | multiplication can amplify overflow
70,fanout.c,kain_fanout_runtime_shutdown,367,*,memset(,,0,"memset(runtime, 0, sizeof(*runtime));",no nearby overflow or range guard | size math feeds allocation or copy sink | multiplication can amplify overflow
70,graphics_system.c,abi_graphics_decode_hex,355,*,malloc(,,0,bytes = (uint8_t*)malloc(byte_count);,no nearby overflow or range guard | size math feeds allocation or copy sink | multiplication can amplify overflow
70,graphics_system.c,abi_graphics_decode_hex,361,*|+,,,0,int low = abi_graphics_hex_value(bytes_hex[index * 2u + 1u]);,no nearby overflow or range guard | multiplication can amplify overflow | sentinel/null byte style increment | pointer or indexed arithmetic
70,graphics_system.c,abi_graphics_session_destroy,520,*,memset(,,0,"memset(session, 0, sizeof(*session));",no nearby overflow or range guard | size math feeds allocation or copy sink | multiplication can amplify overflow
70,graphics_system.c,abi_graphics_draw_mesh,1177,*,memset(,,0,"memset(command, 0, sizeof(*command));",no nearby overflow or range guard | size math feeds allocation or copy sink | multiplication can amplify overflow
70,host_bridge.c,kain_host_bridge_registry_init,60,*,memset(,,0,"memset(registry, 0, sizeof(*registry));",no nearby overflow or range guard | size math feeds allocation or copy sink | multiplication can amplify overflow
70,host_bridge.c,kain_host_bridge_module_descriptor_init,68,*,memset(,,0,"memset(descriptor, 0, sizeof(*descriptor));",no nearby overflow or range guard | size math feeds allocation or copy sink | multiplication can amplify overflow
70,host_bridge.c,kain_host_bridge_service_descriptor_init,78,*,memset(,,0,"memset(descriptor, 0, sizeof(*descriptor));",no nearby overflow or range guard | size math feeds allocation or copy sink | multiplication can amplify overflow
70,host_bridge.c,kain_host_bridge_install_module,212,*,memset(,,0,"memset(module, 0, sizeof(*module));",no nearby overflow or range guard | size math feeds allocation or copy sink | multiplication can amplify overflow
70,input_system.c,abi_input_session_destroy,389,*,memset(,,0,"memset(session, 0, sizeof(*session));",no nearby overflow or range guard | size math feeds allocation or copy sink | multiplication can amplify overflow
70,input_system.c,abi_input_bind_action,424,*,memset(,,0,"memset(binding, 0, sizeof(*binding));",no nearby overflow or range guard | size math feeds allocation or copy sink | multiplication can amplify overflow
70,input_system.c,abi_input_bind_axis,455,*,memset(,,0,"memset(binding, 0, sizeof(*binding));",no nearby overflow or range guard | size math feeds allocation or copy sink | multiplication can amplify overflow
70,input_system.c,abi_input_push_event,488,*,memset(,,0,"memset(event, 0, sizeof(*event));",no nearby overflow or range guard | size math feeds allocation or copy sink | multiplication can amplify overflow
70,input_system.c,abi_input_push_agent_intent,526,*,memset(,,0,"memset(event, 0, sizeof(*event));",no nearby overflow or range guard | size math feeds allocation or copy sink | multiplication can amplify overflow
70,input_system.c,abi_input_replay_trace,699,*,memset(,,0,"memset(event, 0, sizeof(*event));",no nearby overflow or range guard | size math feeds allocation or copy sink | multiplication can amplify overflow
70,json.c,json_register_value,67,*,malloc(,,0,node = (KainJsonRegistryNode*)malloc(sizeof(KainJsonRegistryNode));,no nearby overflow or range guard | size math feeds allocation or copy sink | multiplication can amplify overflow
70,json.c,json_write_escaped,512,*,snprintf(,,0,"snprintf(escape, sizeof(escape), ""\\u%04x"", (unsigned int)*p);",no nearby overflow or range guard | size math feeds allocation or copy sink | multiplication can amplify overflow
70,memory.c,__kain_alloc,542,*,calloc(,,0,"header = (KainAllocHeader*)calloc(1, allocation_size);",no nearby overflow or range guard | size math feeds allocation or copy sink | multiplication can amplify overflow
70,memory.c,__kain_alloc,544,*,malloc(,,0,header = (KainAllocHeader*)malloc(allocation_size);,no nearby overflow or range guard | size math feeds allocation or copy sink | multiplication can amplify overflow
70,memory.c,__kain_realloc,575,*,realloc(,,0,"void* __kain_realloc(void* ptr, size_t size, size_t stride, int zeroed_new) {",no nearby overflow or range guard | size math feeds allocation or copy sink | multiplication can amplify overflow
70,memory.c,__kain_realloc,623,*,malloc(,,0,new_header = (KainAllocHeader*)malloc(allocation_size);,no nearby overflow or range guard | size math feeds allocation or copy sink | multiplication can amplify overflow
70,net_system.c,abi_net_encode_hex,723,*|+,,,0,output[index * 2u + 1u] = alphabet[bytes[index] & 0x0F];,no nearby overflow or range guard | multiplication can amplify overflow | sentinel/null byte style increment | pointer or indexed arithmetic
70,net_system.c,abi_net_append_bytes,760,*|+,memcpy(,,0,"memcpy(*buffer + *length, bytes, byte_count);",no nearby overflow or range guard | size math feeds allocation or copy sink | multiplication can amplify overflow
70,net_system.c,abi_net_parse_url,1082,*,memset(,,0,"memset(parsed, 0, sizeof(*parsed));",no nearby overflow or range guard | size math feeds allocation or copy sink | multiplication can amplify overflow
70,net_system.c,abi_tcp_close,2018,*,memset(,,0,"memset(connection, 0, sizeof(*connection));",no nearby overflow or range guard | size math feeds allocation or copy sink | multiplication can amplify overflow
70,net_system.c,abi_tcp_listener_close,2032,*,memset(,,0,"memset(listener, 0, sizeof(*listener));",no nearby overflow or range guard | size math feeds allocation or copy sink | multiplication can amplify overflow
70,net_system.c,abi_http_request_set_body_text,2076,+,memcpy(,,0,"memcpy(request->body, text, request->body_length + 1u);",no nearby overflow or range guard | size math feeds allocation or copy sink | sentinel/null byte style increment | pointer or indexed arithmetic
70,net_system.c,abi_http_request_destroy,2231,*,memset(,,0,"memset(request, 0, sizeof(*request));",no nearby overflow or range guard | size math feeds allocation or copy sink | multiplication can amplify overflow
70,net_system.c,abi_http_response_destroy,2245,*,memset(,,0,"memset(response, 0, sizeof(*response));",no nearby overflow or range guard | size math feeds allocation or copy sink | multiplication can amplify overflow
70,net_system.c,abi_http_server_route_actor,2297,*,memset(,,0,"memset(route, 0, sizeof(*route));",no nearby overflow or range guard | size math feeds allocation or copy sink | multiplication can amplify overflow
70,net_system.c,abi_net_http_concurrency_server_thread,2987,*,memset(,,0,"memset(server, 0, sizeof(*server));",no nearby overflow or range guard | size math feeds allocation or copy sink | multiplication can amplify overflow
70,process_system.c,abi_process_decode_hex,531,*,malloc(,,0,decoded = (unsigned char*)malloc(hex_length / 2u);,no nearby overflow or range guard | size math feeds allocation or copy sink | multiplication can amplify overflow
70,process_system.c,abi_process_decode_hex,537,*|+,,,0,int low = abi_process_hex_value(bytes_hex[index * 2u + 1u]);,no nearby overflow or range guard | multiplication can amplify overflow | sentinel/null byte style increment | pointer or indexed arithmetic
70,process_system.c,abi_process_encode_hex,568,*|+,,,0,encoded[index * 2u + 1u] = alphabet[bytes[index] & 0x0f];,no nearby overflow or range guard | multiplication can amplify overflow | sentinel/null byte style increment | pointer or indexed arithmetic
70,process_system.c,abi_process_release_handle,635,*,memset(,,0,"memset(process, 0, sizeof(*process));",no nearby overflow or range guard | size math feeds allocation or copy sink | multiplication can amplify overflow
70,process_system.c,abi_process_utf8_to_wide,666,*,malloc(,,0,wide_text = (wchar_t*)malloc(sizeof(wchar_t));,no nearby overflow or range guard | size math feeds allocation or copy sink | multiplication can amplify overflow
70,process_system.c,abi_process_drain_stream_handle,1424,*,realloc(,,0,"chunk = (unsigned char*)realloc(chunk, next_capacity);",no nearby overflow or range guard | size math feeds allocation or copy sink | multiplication can amplify overflow
70,process_system.c,abi_process_spec_create,2194,*,memset(,,0,"memset(spec, 0, sizeof(*spec));",no nearby overflow or range guard | size math feeds allocation or copy sink | multiplication can amplify overflow
70,process_system.c,abi_process_spec_create,2211,*,memset(,,0,"memset(spec, 0, sizeof(*spec));",no nearby overflow or range guard | size math feeds allocation or copy sink | multiplication can amplify overflow
70,process_system.c,abi_process_spec_destroy,2234,*,memset(,,0,"memset(spec, 0, sizeof(*spec));",no nearby overflow or range guard | size math feeds allocation or copy sink | multiplication can amplify overflow
70,renderer_session.c,renderer_session_init,79,*,memset(,,0,"memset(session, 0, sizeof(*session));",no nearby overflow or range guard | size math feeds allocation or copy sink | multiplication can amplify overflow
70,stdlib_abi.c,abi_patch_record_i64,1198,*,memset(,,0,"memset(entry, 0, sizeof(*entry));",no nearby overflow or range guard | size math feeds allocation or copy sink | multiplication can amplify overflow
70,stdlib_abi.c,abi_fs_builder_append,1523,+,memcpy(,,0,"memcpy(builder->data + builder->length, text, length + 1);",no nearby overflow or range guard | size math feeds allocation or copy sink | sentinel/null byte style increment | pointer or indexed arithmetic
70,stdlib_abi.c,abi_fs_metadata_text,2348,*,malloc(,,0,heap_buffer = (char*)malloc(buffer_size);,no nearby overflow or range guard | size math feeds allocation or copy sink | multiplication can amplify overflow
70,stdlib_abi.c,abi_fs_metadata_text,2411,*,snprintf(,,0,"if (snprintf(pattern, sizeof(pattern), ""%s\\*"", path) < 0) {",no nearby overflow or range guard | size math feeds allocation or copy sink | multiplication can amplify overflow
70,stdlib_abi.c,abi_fs_metadata_text,2746,>>|*|+,,,0,digest[state_index * 4 + 1] = (unsigned char)(ctx->state[state_index] >> 16);,no nearby overflow or range guard | multiplication can amplify overflow | sentinel/null byte style increment | pointer or indexed arithmetic
70,stdlib_abi.c,abi_fs_metadata_text,2779,*|+,,,0,output[index * 2u + 1u] = ABI_CRYPTO_HEX[bytes[index] & 0x0fu];,no nearby overflow or range guard | multiplication can amplify overflow | sentinel/null byte style increment | pointer or indexed arithmetic
70,stdlib_abi.c,abi_fs_metadata_text,3199,*|+,,,0,output[index * 2 + 1] = hex[digest[index] & 0x0f];,no nearby overflow or range guard | multiplication can amplify overflow | sentinel/null byte style increment | pointer or indexed arithmetic
65,bitfield.c,__kain_bitfield_get,57,+,memcpy(,,1,"memcpy(&unit, base + unit_offset, sizeof(uint64_t));",no nearby overflow or range guard | size math feeds allocation or copy sink | explicit cast in arithmetic site
65,bitfield.c,__kain_bitfield_set,110,+,memcpy(,,1,"memcpy(&unit, base + unit_offset, sizeof(uint64_t));",no nearby overflow or range guard | size math feeds allocation or copy sink | explicit cast in arithmetic site
65,bitfield.c,__kain_bitfield_set,125,+,memcpy(,,1,"memcpy(base + unit_offset, &unit, sizeof(uint64_t));",no nearby overflow or range guard | size math feeds allocation or copy sink | explicit cast in arithmetic site
65,core.c,kain_map_rebuild_tiny_dispatch,1118,*,,,1,((uint64_t)occupied_count * 0x94d049bb133111ebULL) ^,no nearby overflow or range guard | multiplication can amplify overflow | explicit cast in arithmetic site
65,core.c,kain_hash_bytes,1161,*,,,1,uint64_t hash = seed ^ ((uint64_t)length * step);,no nearby overflow or range guard | multiplication can amplify overflow | explicit cast in arithmetic site
65,core.c,kain_hash_bytes,1174,<<,,,1,hash ^= kain_mix_u64(tail ^ ((uint64_t)length << 56u));,no nearby overflow or range guard | shift-based growth math | explicit cast in arithmetic site
65,cpu.c,abi_cpu_set_current_thread_affinity,368,*,,,1,if (core_index >= (int64_t)(sizeof(DWORD_PTR) * 8u)) {,no nearby overflow or range guard | multiplication can amplify overflow | explicit cast in arithmetic site
65,cpu.c,abi_vm_map,404,*|-,,,1,"void* ptr = mmap(0, (size_t)byte_count, PROT_READ | PROT_WRITE, MAP_PRIVATE | MAP_ANON, -1, 0);",no nearby overflow or range guard | multiplication can amplify overflow | explicit cast in arithmetic site
65,cpu.c,abi_vm_map,407,*|-,,,1,"void* ptr = mmap(0, (size_t)byte_count, PROT_READ | PROT_WRITE, MAP_PRIVATE | MAP_ANONYMOUS, -1, 0);",no nearby overflow or range guard | multiplication can amplify overflow | explicit cast in arithmetic site
65,machine_stones.c,kain_machine_now_ns,139,*,,,1,return (uint64_t)((counter.QuadPart * 1000000000ull) / (uint64_t)frequency.QuadPart);,no nearby overflow or range guard | multiplication can amplify overflow | explicit cast in arithmetic site
65,machine_stones.c,kain_machine_shatter_alloc,534,*,calloc(,SIZE_MAX|overflow,1,"buffer = (KainMachineShatterBuffer*)calloc(1u, (size_t)total_bytes);",size math feeds allocation or copy sink | multiplication can amplify overflow | explicit cast in arithmetic site | sentinel/null byte style increment
65,memory.c,kain_alloc_cache_bucket,52,*,,,1,uint64_t mixed = (uint64_t)payload_size * UINT64_C(11400714819323198485);,no nearby overflow or range guard | multiplication can amplify overflow | explicit cast in arithmetic site
65,ownership.c,kain_ownership_clear_slot_unlocked,244,<<,,,1,~(UINT64_C(1) << ((uint32_t)slot % KAIN_OWNERSHIP_WORD_BITS));,no nearby overflow or range guard | shift-based growth math | explicit cast in arithmetic site
65,ownership.c,kain_ownership_upsert_unlocked,345,<<,,,1,uint64_t bit = UINT64_C(1) << ((uint32_t)slot % KAIN_OWNERSHIP_WORD_BITS);,no nearby overflow or range guard | shift-based growth math | explicit cast in arithmetic site
65,reflection.c,json_parse,1168,*,,,1,(size_hint * (uint64_t)KAIN_REFLECTION_FIELD_SIZE_HINT) |,no nearby overflow or range guard | multiplication can amplify overflow | explicit cast in arithmetic site
65,services.c,kain_service_registry_format_list,1242,+,memcpy(,,1,"memcpy(out + written, line, (size_t)line_len);",no nearby overflow or range guard | size math feeds allocation or copy sink | explicit cast in arithmetic site
65,stdlib_abi.c,abi_fs_metadata_text,2511,-,snprintf(,,1,"snprintf(buffer, buffer_size, ""%s/%s-%lu-%lld-%d"", base, prefix, (unsigned long)getpid(), (long long)time(NULL), attempt);",no nearby overflow or range guard | size math feeds allocation or copy sink | explicit cast in arithmetic site
65,stdlib_abi.c,abi_fs_metadata_text,2826,*,,,1,if (length < 0 || length > (int64_t)(16 * 1024 * 1024)) {,no nearby overflow or range guard | multiplication can amplify overflow | explicit cast in arithmetic site
60,actor.c,kain_actor_low_bit_index_u64,325,>>|*,,,0,return debruijn_index[(one_hot * 0x03f79d71b4cb0a89ULL) >> 58u];,no nearby overflow or range guard | multiplication can amplify overflow | pointer or indexed arithmetic
60,actor.c,kain_actor_thread_proc,3096,*,,,0,KainActorState_Internal* actor = g_actor_table.actors[actor_index];,no nearby overflow or range guard | multiplication can amplify overflow | pointer or indexed arithmetic
60,actor.c,kain_actor_thread_proc,3139,*,,,0,KainActorRegistryEntry* entry = g_actor_registry.buckets[actor_index];,no nearby overflow or range guard | multiplication can amplify overflow | pointer or indexed arithmetic
60,async.c,kain_async_low_bit_index_u64,296,>>|*,,,0,return debruijn_index[(one_hot * UINT64_C(0x03f79d71b4cb0a89)) >> 58u];,no nearby overflow or range guard | multiplication can amplify overflow | pointer or indexed arithmetic
60,async.c,kain_async_timer_thread_proc,1173,<<,,,0,g_async_timer_occupancy_words[slot / KAIN_ASYNC_SLOT_WORD_BITS] &= ~(UINT64_C(1) << (slot & 63u));,no nearby overflow or range guard | shift-based growth math | pointer or indexed arithmetic
60,async.c,kain_async_timer_thread_proc,1194,<<,,,0,g_async_timer_occupancy_words[slot / KAIN_ASYNC_SLOT_WORD_BITS] &= ~(UINT64_C(1) << (slot & 63u));,no nearby overflow or range guard | shift-based growth math | pointer or indexed arithmetic
60,async.c,kain_async_timer_thread_proc,1214,<<,,,0,g_async_timer_occupancy_words[slot / KAIN_ASYNC_SLOT_WORD_BITS] &= ~(UINT64_C(1) << (slot & 63u));,no nearby overflow or range guard | shift-based growth math | pointer or indexed arithmetic
60,async.c,kain_async_timer_thread_proc,1413,*,,,0,KainAsyncTaskRecord* task = &g_async_tasks[slot];,no nearby overflow or range guard | multiplication can amplify overflow | pointer or indexed arithmetic
60,async.c,kain_async_timer_thread_proc,1428,*,,,0,KainAsyncTimerRecord* timer = &g_async_timers[slot];,no nearby overflow or range guard | multiplication can amplify overflow | pointer or indexed arithmetic
60,attrition.c,kain_attrition_record_event_locked,187,*,,,0,KainAttritionEvent* event = &g_kain_attrition_state.events[g_kain_attrition_state.event_next_index];,no nearby overflow or range guard | multiplication can amplify overflow | pointer or indexed arithmetic
60,converge.c,abi_converge_select_lane_for_key,92,*|+|-,,,0,uint64_t slot_index = (base + attempt * stride) & (KAIN_CONVERGE_TUNE_CACHE_CAP - 1u);,no nearby overflow or range guard | multiplication can amplify overflow | sentinel/null byte style increment
60,converge.c,abi_converge_select_lane_for_key,93,*,,,0,KainConvergeTuneCacheSlot* slot = &g_kain_converge_cache[slot_index];,no nearby overflow or range guard | multiplication can amplify overflow | pointer or indexed arithmetic
60,converge.c,abi_converge_commit_winner,128,*|+|-,,,0,uint64_t slot_index = (base + attempt * stride) & (KAIN_CONVERGE_TUNE_CACHE_CAP - 1u);,no nearby overflow or range guard | multiplication can amplify overflow | sentinel/null byte style increment
60,converge.c,abi_converge_commit_winner,129,*,,,0,KainConvergeTuneCacheSlot* slot = &g_kain_converge_cache[slot_index];,no nearby overflow or range guard | multiplication can amplify overflow | pointer or indexed arithmetic
60,converge.c,abi_converge_commit_winner,140,*,,,0,KainConvergeTuneCacheSlot* slot = &g_kain_converge_cache[base];,no nearby overflow or range guard | multiplication can amplify overflow | pointer or indexed arithmetic
60,converge.c,abi_converge_record_telemetry,158,*,,,0,KainConvergeTelemetrySample* sample = &g_kain_converge_telemetry[slot_index];,no nearby overflow or range guard | multiplication can amplify overflow | pointer or indexed arithmetic
60,core.c,kain_string_len_rc,19,*,,,0,return get_header((void*)value)->string_length;,no nearby overflow or range guard | multiplication can amplify overflow | pointer or indexed arithmetic
60,core.c,to_string,464,*|+,,,0,"char* buf = (char*)kain_alloc_rc(text_length + 1u, 1);",no nearby overflow or range guard | multiplication can amplify overflow | sentinel/null byte style increment
60,core.c,len,1023,*,,,0,return ((KainMap*)value)->count;,no nearby overflow or range guard | multiplication can amplify overflow | pointer or indexed arithmetic
60,core.c,kain_map_rebuild_tiny_dispatch,1097,*,,,0,MapEntry* entry = &map->entries[entry_index];,no nearby overflow or range guard | multiplication can amplify overflow | pointer or indexed arithmetic
60,core.c,kain_map_probe_window,1327,*,,,0,MapEntry* entry0 = &map->entries[index0];,no nearby overflow or range guard | multiplication can amplify overflow | pointer or indexed arithmetic
60,core.c,kain_map_probe_window,1328,*,,,0,MapEntry* entry1 = &map->entries[index1];,no nearby overflow or range guard | multiplication can amplify overflow | pointer or indexed arithmetic
60,core.c,kain_map_probe_window,1329,*,,,0,MapEntry* entry2 = &map->entries[index2];,no nearby overflow or range guard | multiplication can amplify overflow | pointer or indexed arithmetic
60,core.c,kain_map_probe_window,1330,*,,,0,MapEntry* entry3 = &map->entries[index3];,no nearby overflow or range guard | multiplication can amplify overflow | pointer or indexed arithmetic
60,core.c,kain_map_probe_window,1331,*,,,0,MapEntry* entry4 = &map->entries[index4];,no nearby overflow or range guard | multiplication can amplify overflow | pointer or indexed arithmetic
60,core.c,kain_map_probe_window,1332,*,,,0,MapEntry* entry5 = &map->entries[index5];,no nearby overflow or range guard | multiplication can amplify overflow | pointer or indexed arithmetic
60,core.c,kain_map_probe_window,1333,*,,,0,MapEntry* entry6 = &map->entries[index6];,no nearby overflow or range guard | multiplication can amplify overflow | pointer or indexed arithmetic
60,core.c,kain_map_probe_window,1334,*,,,0,MapEntry* entry7 = &map->entries[index7];,no nearby overflow or range guard | multiplication can amplify overflow | pointer or indexed arithmetic
60,core.c,kain_map_insert_prehashed,1473,*,,,0,MapEntry* entry = &map->entries[slot.match_index];,no nearby overflow or range guard | multiplication can amplify overflow | pointer or indexed arithmetic
60,core.c,map_get_prehashed,1780,*|+,,,0,MapEntry* entry = &map->entries[(start_index + probe_offset) & map->mask];,no nearby overflow or range guard | multiplication can amplify overflow | pointer or indexed arithmetic
60,cpu.c,abi_cpu_set_current_thread_affinity,371,<<,,,0,DWORD_PTR mask = ((DWORD_PTR)1u) << (DWORD_PTR)core_index;,no nearby overflow or range guard | shift-based growth math | sentinel/null byte style increment
60,graphics_system.c,abi_graphics_decode_hex,360,*,,,0,int high = abi_graphics_hex_value(bytes_hex[index * 2u]);,no nearby overflow or range guard | multiplication can amplify overflow | pointer or indexed arithmetic
60,host_bridge.c,kain_host_bridge_validate_module,141,*,,,0,const char* service_key = descriptor->required_services[index];,no nearby overflow or range guard | multiplication can amplify overflow | pointer or indexed arithmetic
60,input_system.c,abi_input_name_index,136,*,,,0,"static int abi_input_name_index(char names[][ABI_INPUT_MAX_KEY], int64_t count, const char* name) {",no nearby overflow or range guard | multiplication can amplify overflow | pointer or indexed arithmetic
60,input_system.c,abi_input_name_add,149,*,,,0,"static int abi_input_name_add(char names[][ABI_INPUT_MAX_KEY], int64_t* count, int64_t capacity, const char* name) {",no nearby overflow or range guard | multiplication can amplify overflow | pointer or indexed arithmetic
60,input_system.c,abi_input_name_add,159,*,,,0,"abi_input_copy(names[*count], ABI_INPUT_MAX_KEY, name);",no nearby overflow or range guard | multiplication can amplify overflow | pointer or indexed arithmetic
60,input_system.c,abi_input_name_remove,164,*,,,0,"static int abi_input_name_remove(char names[][ABI_INPUT_MAX_KEY], int64_t* count, const char* name) {",no nearby overflow or range guard | multiplication can amplify overflow | pointer or indexed arithmetic
60,input_system.c,abi_input_name_remove,170,*|+,,,0,for (i = index; i + 1 < *count; i++) {,no nearby overflow or range guard | multiplication can amplify overflow | sentinel/null byte style increment
60,input_system.c,abi_input_name_remove,175,*,,,0,names[*count][0] = '\0';,no nearby overflow or range guard | multiplication can amplify overflow | pointer or indexed arithmetic
60,input_system.c,abi_input_split_fields,351,*|+,,,0,fields[field][offset++] = *cursor;,no nearby overflow or range guard | multiplication can amplify overflow | pointer or indexed arithmetic
60,input_system.c,abi_input_bind_action,428,*,,,0,"abi_input_copy(binding->source_kind, sizeof(binding->source_kind), source_kind ? source_kind : ""*"");",no nearby overflow or range guard | multiplication can amplify overflow | pointer or indexed arithmetic
60,input_system.c,abi_input_bind_axis,459,*,,,0,"abi_input_copy(binding->source_kind, sizeof(binding->source_kind), source_kind ? source_kind : ""*"");",no nearby overflow or range guard | multiplication can amplify overflow | pointer or indexed arithmetic
60,json.c,json_object_reserve,311,*,,,0,capacity = object->field_capacity > 0 ? object->field_capacity * 2 : 8;,no nearby overflow or range guard | multiplication can amplify overflow | pointer or indexed arithmetic
60,json.c,json_array_reserve,334,*,,,0,capacity = array->item_capacity > 0 ? array->item_capacity * 2 : 8;,no nearby overflow or range guard | multiplication can amplify overflow | pointer or indexed arithmetic
60,json.c,json_buffer_reserve,408,*,,,0,capacity = buffer->cap ? buffer->cap * 2u : 128u;,no nearby overflow or range guard | multiplication can amplify overflow | pointer or indexed arithmetic
60,json.c,json_buffer_append_n,426,+,memcpy(,,0,"memcpy(buffer->data + buffer->len, text, length);",no nearby overflow or range guard | size math feeds allocation or copy sink | pointer or indexed arithmetic
60,machine_stones.c,kain_machine_pulse_slot,241,*,,,0,KainMachinePulseSlot* slot = &g_machine_pulse_slots[index];,no nearby overflow or range guard | multiplication can amplify overflow | pointer or indexed arithmetic
60,net_system.c,abi_net_low_bit_index_u64,346,>>|*,,,0,return debruijn_index[(one_hot * UINT64_C(0x03f79d71b4cb0a89)) >> 58u];,no nearby overflow or range guard | multiplication can amplify overflow | pointer or indexed arithmetic
60,net_system.c,abi_net_string_from_bytes,546,*|+,,,0,"output = (char*)kain_alloc_rc(length + 1u, 1);",no nearby overflow or range guard | multiplication can amplify overflow | sentinel/null byte style increment
60,net_system.c,abi_net_decode_hex,703,<<,,,0,bytes[index / 2u] = (unsigned char)((high << 4) | low);,no nearby overflow or range guard | shift-based growth math | pointer or indexed arithmetic
60,net_system.c,abi_net_encode_hex,717,*|+,,,0,"output = (char*)kain_alloc_rc(length * 2u + 1u, 1);",no nearby overflow or range guard | multiplication can amplify overflow | sentinel/null byte style increment
60,net_system.c,abi_net_encode_hex,722,>>|*,,,0,output[index * 2u] = alphabet[(bytes[index] >> 4) & 0x0F];,no nearby overflow or range guard | multiplication can amplify overflow | pointer or indexed arithmetic
60,net_system.c,abi_net_encode_hex,725,*,,,0,output[length * 2u] = '\0';,no nearby overflow or range guard | multiplication can amplify overflow | pointer or indexed arithmetic
60,net_system.c,abi_net_append_bytes,762,*,,,0,(*buffer)[*length] = '\0';,no nearby overflow or range guard | multiplication can amplify overflow | pointer or indexed arithmetic
60,net_system.c,abi_net_clear_request_from_server_queue,1035,<<,,,0,server->pending_request_slots &= ~(UINT64_C(1) << slot);,no nearby overflow or range guard | shift-based growth math | pointer or indexed arithmetic
60,net_system.c,abi_net_set_header,1054,*,,,0,headers[*header_count].in_use = 1;,no nearby overflow or range guard | multiplication can amplify overflow | pointer or indexed arithmetic
60,net_system.c,abi_net_set_header,1055,*,,,0,"abi_net_copy(headers[*header_count].key, sizeof(headers[*header_count].key), key);",no nearby overflow or range guard | multiplication can amplify overflow | pointer or indexed arithmetic
60,net_system.c,abi_net_set_header,1056,*,,,0,"abi_net_copy(headers[*header_count].value, sizeof(headers[*header_count].value), value);",no nearby overflow or range guard | multiplication can amplify overflow | pointer or indexed arithmetic
60,net_system.c,abi_net_dispatch_route,1247,*,,,0,KainNativeHttpRoute* route = &server->routes[index];,no nearby overflow or range guard | multiplication can amplify overflow | pointer or indexed arithmetic
60,net_system.c,abi_net_parse_http_request,1384,+,memcpy(,,0,"memcpy(request->body, bytes + header_length, body_length);",no nearby overflow or range guard | size math feeds allocation or copy sink | pointer or indexed arithmetic
60,net_system.c,abi_net_http_concurrency_server_thread,2569,*,,,0,"if (!abi_net_send_all(socket_handle, (const unsigned char*)ctx->request, ctx->request_length)) {",no nearby overflow or range guard | multiplication can amplify overflow | pointer or indexed arithmetic
60,net_system.c,abi_net_http_concurrency_server_thread,2580,*|+|-,,,0,"int read_count = recv(socket_handle, (char*)bytes + length, (int)(ctx->response_frame_length - length), 0);",no nearby overflow or range guard | multiplication can amplify overflow | pointer or indexed arithmetic
60,net_system.c,abi_net_http_concurrency_server_thread,2830,*,,,0,KainNativeHttpRequest* request = &g_requests[slot];,no nearby overflow or range guard | multiplication can amplify overflow | pointer or indexed arithmetic
60,ownership.c,kain_ownership_low_bit_index_u64,113,>>|*,,,0,return debruijn_index[(one_hot * UINT64_C(0x03f79d71b4cb0a89)) >> 58u];,no nearby overflow or range guard | multiplication can amplify overflow | pointer or indexed arithmetic
60,ownership.c,kain_ownership_clear_slot_unlocked,231,*,,,0,KainOwnershipRegion* region = &KAIN_OWNERSHIP_REGIONS[slot];,no nearby overflow or range guard | multiplication can amplify overflow | pointer or indexed arithmetic
60,ownership.c,kain_ownership_helper_slot_from_token_unlocked,293,*,,,0,KainOwnershipRegion* region = &KAIN_OWNERSHIP_REGIONS[slot];,no nearby overflow or range guard | multiplication can amplify overflow | pointer or indexed arithmetic
60,ownership.c,kain_ownership_upsert_unlocked,336,*,,,0,KainOwnershipRegion* region = &KAIN_OWNERSHIP_REGIONS[slot];,no nearby overflow or range guard | multiplication can amplify overflow | pointer or indexed arithmetic
60,ownership.c,__kain_ownership_relocate_helper_allocation,454,*,,,0,KainOwnershipRegion* region = &KAIN_OWNERSHIP_REGIONS[slot];,no nearby overflow or range guard | multiplication can amplify overflow | pointer or indexed arithmetic
60,ownership.c,kain_ownership_update_unlocked,499,*,,,0,KainOwnershipRegion* region = &KAIN_OWNERSHIP_REGIONS[slot];,no nearby overflow or range guard | multiplication can amplify overflow | pointer or indexed arithmetic
60,ownership.c,kain_ownership_begin_observe_slot_unlocked,523,*,,,0,KainOwnershipRegion* region = &KAIN_OWNERSHIP_REGIONS[slot];,no nearby overflow or range guard | multiplication can amplify overflow | pointer or indexed arithmetic
60,ownership.c,kain_ownership_end_observe_slot_unlocked,574,*,,,0,KainOwnershipRegion* region = &KAIN_OWNERSHIP_REGIONS[slot];,no nearby overflow or range guard | multiplication can amplify overflow | pointer or indexed arithmetic
60,ownership.c,kain_ownership_begin_collapse_slot_unlocked,617,*,,,0,KainOwnershipRegion* region = &KAIN_OWNERSHIP_REGIONS[slot];,no nearby overflow or range guard | multiplication can amplify overflow | pointer or indexed arithmetic
60,ownership.c,kain_ownership_end_collapse_slot_unlocked,666,*,,,0,KainOwnershipRegion* region = &KAIN_OWNERSHIP_REGIONS[slot];,no nearby overflow or range guard | multiplication can amplify overflow | pointer or indexed arithmetic
60,ownership.c,kain_ownership_begin_share_slot_unlocked,706,*,,,0,KainOwnershipRegion* region = &KAIN_OWNERSHIP_REGIONS[slot];,no nearby overflow or range guard | multiplication can amplify overflow | pointer or indexed arithmetic
60,ownership.c,kain_ownership_end_share_slot_unlocked,756,*,,,0,KainOwnershipRegion* region = &KAIN_OWNERSHIP_REGIONS[slot];,no nearby overflow or range guard | multiplication can amplify overflow | pointer or indexed arithmetic
60,ownership.c,kain_ownership_decay_slot_unlocked,797,*,,,0,KainOwnershipRegion* region = &KAIN_OWNERSHIP_REGIONS[slot];,no nearby overflow or range guard | multiplication can amplify overflow | pointer or indexed arithmetic
60,process_system.c,abi_process_low_bit_index_u64,299,>>|*,,,0,return debruijn_index[(one_hot * UINT64_C(0x03f79d71b4cb0a89)) >> 58u];,no nearby overflow or range guard | multiplication can amplify overflow | pointer or indexed arithmetic
60,process_system.c,abi_process_decode_hex,536,*,,,0,int high = abi_process_hex_value(bytes_hex[index * 2u]);,no nearby overflow or range guard | multiplication can amplify overflow | pointer or indexed arithmetic
60,process_system.c,abi_process_decode_hex,542,<<,,,0,decoded[index] = (unsigned char)((high << 4) | low);,no nearby overflow or range guard | shift-based growth math | pointer or indexed arithmetic
60,process_system.c,abi_process_encode_hex,567,>>|*,,,0,encoded[index * 2u] = alphabet[(bytes[index] >> 4) & 0x0f];,no nearby overflow or range guard | multiplication can amplify overflow | pointer or indexed arithmetic
60,process_system.c,abi_process_encode_hex,570,*,,,0,encoded[byte_length * 2u] = '\0';,no nearby overflow or range guard | multiplication can amplify overflow | pointer or indexed arithmetic
60,process_system.c,abi_process_utf8_buffer_append_quoted_argument,894,*|+,,,0,"if (!abi_process_utf8_buffer_append_chars(buffer, '\\', backslash_count * 2u + 1u)) {",no nearby overflow or range guard | multiplication can amplify overflow | sentinel/null byte style increment
60,process_system.c,abi_process_build_environment_block_w,1108,*,,,0,const KainNativeProcessEnvironmentEntry* override = &spec->environment[index];,no nearby overflow or range guard | multiplication can amplify overflow | pointer or indexed arithmetic
60,process_system.c,kain_attrition_process_fill_snapshot,2119,*,,,0,KainNativeProcessHandle* process = &g_processes[slot];,no nearby overflow or range guard | multiplication can amplify overflow | pointer or indexed arithmetic
60,realtime.c,realtime_count_array_objects,710,*,,,0,(unsigned long long)compute->dispatch_size[0] *,no nearby overflow or range guard | multiplication can amplify overflow | pointer or indexed arithmetic
60,realtime.c,realtime_count_array_objects,711,*,,,0,(unsigned long long)compute->dispatch_size[1] *,no nearby overflow or range guard | multiplication can amplify overflow | pointer or indexed arithmetic
60,realtime.c,realtime_count_array_objects,2459,*,,,0,(unsigned long long)bundle->primary_compute.dispatch_size[0] *,no nearby overflow or range guard | multiplication can amplify overflow | pointer or indexed arithmetic
60,realtime.c,realtime_count_array_objects,2460,*,,,0,(unsigned long long)bundle->primary_compute.dispatch_size[1] *,no nearby overflow or range guard | multiplication can amplify overflow | pointer or indexed arithmetic
60,realtime.c,realtime_count_array_objects,2468,*|+,,,0,"state->phase = fmod(total_time * (1.0 + (double)bundle->primary_compute.neural_node_count), 1.0);",no nearby overflow or range guard | multiplication can amplify overflow | pointer or indexed arithmetic
60,reflection.c,json_parse,1441,*|+,,,0,KainTypeSchema* schema = &payload->types[payload->type_count++];,no nearby overflow or range guard | multiplication can amplify overflow | pointer or indexed arithmetic
60,reflection.c,json_parse,1551,*|+,,,0,KainItemMetadata* item = &payload->items[payload->item_count++];,no nearby overflow or range guard | multiplication can amplify overflow | pointer or indexed arithmetic
60,reflection.c,reflection_strdup,1776,+,memcpy(,,0,"memcpy(copy, text, length + 1);",no nearby overflow or range guard | size math feeds allocation or copy sink | sentinel/null byte style increment
60,scene.c,kain_scene_query_result_append_hit,131,*,,,0,result->hits[result->hit_count] = *hit;,no nearby overflow or range guard | multiplication can amplify overflow | pointer or indexed arithmetic
60,simd.c,kain_simd_dot_scalar_raw,48,*|+,,,0,total += (left[index] + lane_bias) * right[index];,no nearby overflow or range guard | multiplication can amplify overflow | pointer or indexed arithmetic
60,simd.c,kain_simd_affine_stats_scalar_raw,63,*|+,,,0,stats.base_dot += left[index] * right_value;,no nearby overflow or range guard | multiplication can amplify overflow | pointer or indexed arithmetic
60,simd.c,kain_simd_dot_avx2_raw,203,*|+,,,0,total += (left[index] + lane_bias) * right[index];,no nearby overflow or range guard | multiplication can amplify overflow | pointer or indexed arithmetic
60,simd.c,kain_simd_affine_stats_avx2_raw,243,*|+,,,0,stats.base_dot += left[index] * right_value;,no nearby overflow or range guard | multiplication can amplify overflow | pointer or indexed arithmetic
60,simd.c,kain_simd_dot_avx512_raw,285,*|+,,,0,total += (left[index] + lane_bias) * right[index];,no nearby overflow or range guard | multiplication can amplify overflow | pointer or indexed arithmetic
60,simd.c,kain_simd_affine_stats_avx512_raw,327,*|+,,,0,stats.base_dot += left[index] * right_value;,no nearby overflow or range guard | multiplication can amplify overflow | pointer or indexed arithmetic
60,stdlib_abi.c,abi_tagged_payload_copy,699,*|+,,,0,"(unsigned char*)out_payload + tagged->payload_size,",no nearby overflow or range guard | multiplication can amplify overflow | pointer or indexed arithmetic
60,stdlib_abi.c,abi_future_await_payload_copy,843,*|+,,,0,"(unsigned char*)out_payload + future->payload_size,",no nearby overflow or range guard | multiplication can amplify overflow | pointer or indexed arithmetic
60,stdlib_abi.c,abi_patch_commit,1214,*,,,0,KainNativePatchJournalEntry* entry = &g_kain_native_patch_journal[index];,no nearby overflow or range guard | multiplication can amplify overflow | pointer or indexed arithmetic
60,stdlib_abi.c,abi_patch_undo_last,1228,*,,,0,KainNativePatchJournalEntry* entry = &g_kain_native_patch_journal[index];,no nearby overflow or range guard | multiplication can amplify overflow | pointer or indexed arithmetic
60,stdlib_abi.c,abi_fs_string_with_len,1334,*|+,,,0,"char* result = (char*)kain_alloc_rc(length + 1, 1);",no nearby overflow or range guard | multiplication can amplify overflow | sentinel/null byte style increment
60,stdlib_abi.c,abi_fs_builder_finish,1557,*,,,0,"const char* result = abi_fs_string_with_len(builder->data, builder->length);",no nearby overflow or range guard | multiplication can amplify overflow | pointer or indexed arithmetic
60,stdlib_abi.c,abi_fs_create_parent_dirs,1671,+,memcpy(,,0,"memcpy(buffer, path, length + 1);",no nearby overflow or range guard | size math feeds allocation or copy sink | sentinel/null byte style increment
60,stdlib_abi.c,abi_fs_metadata_text,2278,+,memcpy(,,0,"memcpy(buffer, path, length + 1);",no nearby overflow or range guard | size math feeds allocation or copy sink | sentinel/null byte style increment
60,stdlib_abi.c,abi_fs_metadata_text,2745,>>|*,,,0,digest[state_index * 4] = (unsigned char)(ctx->state[state_index] >> 24);,no nearby overflow or range guard | multiplication can amplify overflow | pointer or indexed arithmetic
60,stdlib_abi.c,abi_fs_metadata_text,2747,>>|*|+,,,0,digest[state_index * 4 + 2] = (unsigned char)(ctx->state[state_index] >> 8);,no nearby overflow or range guard | multiplication can amplify overflow | pointer or indexed arithmetic
60,stdlib_abi.c,abi_fs_metadata_text,2748,*|+,,,0,digest[state_index * 4 + 3] = (unsigned char)(ctx->state[state_index]);,no nearby overflow or range guard | multiplication can amplify overflow | pointer or indexed arithmetic
60,stdlib_abi.c,abi_fs_metadata_text,2754,*,,,0,"static void abi_crypto_sha256_bytes(const unsigned char* data, size_t length, unsigned char digest[32]) {",no nearby overflow or range guard | multiplication can amplify overflow | pointer or indexed arithmetic
60,stdlib_abi.c,abi_fs_metadata_text,2778,>>|*,,,0,output[index * 2u] = ABI_CRYPTO_HEX[bytes[index] >> 4u];,no nearby overflow or range guard | multiplication can amplify overflow | pointer or indexed arithmetic
60,stdlib_abi.c,abi_fs_metadata_text,2781,*,,,0,output[length * 2u] = '\0';,no nearby overflow or range guard | multiplication can amplify overflow | pointer or indexed arithmetic
60,stdlib_abi.c,abi_fs_metadata_text,2946,*,,,0,"static void abi_blake3_block_words(const unsigned char* block, size_t block_len, uint32_t words[16]) {",no nearby overflow or range guard | multiplication can amplify overflow | pointer or indexed arithmetic
60,stdlib_abi.c,abi_fs_metadata_text,2954,*|+,,,0,words[index] = abi_blake3_load32_le(padded + (index * 4u));,no nearby overflow or range guard | multiplication can amplify overflow | pointer or indexed arithmetic
60,stdlib_abi.c,abi_fs_metadata_text,3030,*,,,0,"static void abi_blake3_output_bytes(const KainNativeBlake3Output* output, unsigned char digest[ABI_BLAKE3_OUT_LEN]) {",no nearby overflow or range guard | multiplication can amplify overflow | pointer or indexed arithmetic
60,stdlib_abi.c,abi_fs_metadata_text,3042,*|+,,,0,"abi_blake3_store32_le(digest + (index * 4u), words[index]);",no nearby overflow or range guard | multiplication can amplify overflow | pointer or indexed arithmetic
60,stdlib_abi.c,abi_fs_metadata_text,3092,*,,,0,"static void abi_crypto_blake3_bytes(const unsigned char* input, size_t length, unsigned char digest[ABI_BLAKE3_OUT_LEN]) {",no nearby overflow or range guard | multiplication can amplify overflow | pointer or indexed arithmetic
60,stdlib_abi.c,abi_fs_metadata_text,3123,*|+,,,0,"abi_blake3_parent_cv(cvs + (read_index * 8u), cvs + ((read_index + 1u) * 8u), cvs + (write_index * 8u));",no nearby overflow or range guard | multiplication can amplify overflow | sentinel/null byte style increment
60,stdlib_abi.c,abi_fs_metadata_text,3198,>>|*,,,0,output[index * 2] = hex[digest[index] >> 4];,no nearby overflow or range guard | multiplication can amplify overflow | pointer or indexed arithmetic
55,actor.c,kain_actor_thread_proc,3102,+,,,1,pending_mailbox_message_count += (uint64_t)actor->mailbox.count;,no nearby overflow or range guard | explicit cast in arithmetic site | pointer or indexed arithmetic
55,actor.c,kain_actor_thread_proc,3103,+,,,1,pending_mailbox_cached_nodes += (uint64_t)actor->mailbox.free_node_count;,no nearby overflow or range guard | explicit cast in arithmetic site | pointer or indexed arithmetic
55,actor.c,kain_actor_thread_proc,3113,+,,,1,actor_restart_attempt_count_total += (uint64_t)actor->restart_attempt_count;,no nearby overflow or range guard | explicit cast in arithmetic site | pointer or indexed arithmetic
55,actor.c,kain_actor_thread_proc,3114,+,,,1,actor_strategy_shutdown_count_total += (uint64_t)actor->strategy_shutdown_count;,no nearby overflow or range guard | explicit cast in arithmetic site | pointer or indexed arithmetic
55,actor.c,kain_actor_thread_proc,3115,+,,,1,actor_escalation_count_total += (uint64_t)actor->escalation_count;,no nearby overflow or range guard | explicit cast in arithmetic site | pointer or indexed arithmetic
55,attrition.c,kain_attrition_fragmentation_noise_locked,207,+,,,1,noise_bytes = (size_t)(1u + ((g_kain_attrition_state.allocation_count ^ g_kain_attrition_state.config.seed) % max_bytes));,no nearby overflow or range guard | explicit cast in arithmetic site | sentinel/null byte style increment
55,core.c,kain_map_rebuild_tiny_dispatch,1096,+,,,1,for (entry_index = 0u; entry_index < (uint64_t)map->capacity; ++entry_index) {,no nearby overflow or range guard | explicit cast in arithmetic site | pointer or indexed arithmetic
55,core.c,kain_map_find_slot,1439,+,,,1,for (probe_offset = 0u; probe_offset < (uint64_t)map->capacity; probe_offset += 8u) {,no nearby overflow or range guard | explicit cast in arithmetic site | pointer or indexed arithmetic
55,core.c,map_get_prehashed,1779,+,,,1,for (probe_offset = 0u; probe_offset < (uint64_t)map->capacity; ++probe_offset) {,no nearby overflow or range guard | explicit cast in arithmetic site | pointer or indexed arithmetic
55,diagnostics.c,kain_diagnostic_format,87,-,,,1,if (diag->detail[0] && written > 0 && (size_t)written < out_size - 1) {,no nearby overflow or range guard | explicit cast in arithmetic site | pointer or indexed arithmetic
55,diagnostics.c,kain_diagnostic_format,92,-,,,1,if (diag->source_path[0] && written > 0 && (size_t)written < out_size - 1) {,no nearby overflow or range guard | explicit cast in arithmetic site | pointer or indexed arithmetic
55,diagnostics.c,kain_diagnostic_format,97,-,,,1,if (diag->code != KAIN_DIAG_CODE_SUCCESS && written > 0 && (size_t)written < out_size - 1) {,no nearby overflow or range guard | explicit cast in arithmetic site | pointer or indexed arithmetic
55,diagnostics.c,kain_startup_validation_result_format,330,-,,,1,if (result->bundle_abi_version != 0 && written > 0 && (size_t)written < out_size - 1) {,no nearby overflow or range guard | explicit cast in arithmetic site | pointer or indexed arithmetic
55,diagnostics.c,kain_startup_validation_result_format,353,-,,,1,if (result->optional_services_degraded > 0 && written > 0 && (size_t)written < out_size - 1) {,no nearby overflow or range guard | explicit cast in arithmetic site | pointer or indexed arithmetic
55,diagnostics.c,kain_startup_validation_result_format,359,-,,,1,if (result->summary[0] && written > 0 && (size_t)written < out_size - 1) {,no nearby overflow or range guard | explicit cast in arithmetic site | pointer or indexed arithmetic
55,diagnostics.c,kain_startup_validation_result_format,365,-,,,1,if (result->diagnostics.count > 0 && written > 0 && (size_t)written < out_size - 1) {,no nearby overflow or range guard | explicit cast in arithmetic site | pointer or indexed arithmetic
55,memory.c,kain_alloc_cache_bucket,54,-,,,1,return (size_t)(mixed & (KAIN_ALLOC_CACHE_BUCKETS - 1u));,no nearby overflow or range guard | explicit cast in arithmetic site | sentinel/null byte style increment
55,net_system.c,abi_net_parse_url,1088,-,,,1,if ((size_t)(scheme_end - url) >= sizeof(parsed->scheme)) {,no nearby overflow or range guard | explicit cast in arithmetic site | pointer or indexed arithmetic
55,net_system.c,abi_net_http_concurrency_server_thread,2654,*,malloc(,SIZE_MAX|overflow,1,accepted_sockets = (SOCKET*)malloc((size_t)rounds * sizeof(SOCKET));,size math feeds allocation or copy sink | multiplication can amplify overflow | explicit cast in arithmetic site
55,ownership.c,kain_ownership_index_insert_unlocked,126,+,,,1,encoded_slot = (uint32_t)slot + 1u;,no nearby overflow or range guard | explicit cast in arithmetic site | sentinel/null byte style increment
55,ownership.c,kain_ownership_index_remove_unlocked,166,+,,,1,encoded_slot = (uint32_t)slot + 1u;,no nearby overflow or range guard | explicit cast in arithmetic site | sentinel/null byte style increment
55,ownership.c,kain_ownership_helper_slot_from_token_unlocked,287,-,,,1,uint32_t slot = (uint32_t)slot_token - 1u;,no nearby overflow or range guard | explicit cast in arithmetic site | sentinel/null byte style increment
55,process_system.c,abi_process_build_environment_block_w,1107,+,,,1,for (index = 0u; index < (size_t)spec->environment_count; index++) {,no nearby overflow or range guard | explicit cast in arithmetic site | pointer or indexed arithmetic
55,process_system.c,kain_attrition_process_fill_snapshot,2123,+,,,1,process_capture_live_bytes += (uint64_t)process->stdout_capture.length;,no nearby overflow or range guard | explicit cast in arithmetic site | pointer or indexed arithmetic
55,process_system.c,kain_attrition_process_fill_snapshot,2124,+,,,1,process_capture_live_bytes += (uint64_t)process->stderr_capture.length;,no nearby overflow or range guard | explicit cast in arithmetic site | pointer or indexed arithmetic
55,process_system.c,kain_attrition_process_fill_snapshot,2125,+,,,1,process_capture_live_bytes += (uint64_t)process->pty_capture.length;,no nearby overflow or range guard | explicit cast in arithmetic site | pointer or indexed arithmetic
55,reflection.c,json_parse,884,-,,,1,parser->pos = (size_t)(end - parser->json);,no nearby overflow or range guard | explicit cast in arithmetic site | pointer or indexed arithmetic
55,stdlib_abi.c,abi_tagged_payload_copy,701,-,,,1,(size_t)(out_payload_size - tagged->payload_size),no nearby overflow or range guard | explicit cast in arithmetic site | pointer or indexed arithmetic
55,stdlib_abi.c,abi_future_await_payload_copy,845,-,,,1,(size_t)(out_payload_size - future->payload_size),no nearby overflow or range guard | explicit cast in arithmetic site | pointer or indexed arithmetic
55,stdlib_abi.c,abi_fs_builder_appendf,1552,+,,,1,builder->length += (size_t)written;,no nearby overflow or range guard | explicit cast in arithmetic site | pointer or indexed arithmetic
55,stdlib_abi.c,abi_fs_metadata_text,3003,>>,,,1,state[13] = (uint32_t)(counter >> 32u);,no nearby overflow or range guard | explicit cast in arithmetic site | pointer or indexed arithmetic
55,stdlib_abi.c,abi_fs_metadata_text,3069,-,,,1,output->block_len = (uint32_t)(length - offset);,no nearby overflow or range guard | explicit cast in arithmetic site | pointer or indexed arithmetic
55,stdlib_abi.c,abi_fs_metadata_text,3106,*,malloc(,SIZE_MAX,1,cvs = (uint32_t*)malloc(chunk_count * 8u * sizeof(uint32_t));,size math feeds allocation or copy sink | multiplication can amplify overflow | explicit cast in arithmetic site
55,wire.c,abi_wire_zero_copy_binary_checksum,141,-,,,1,: (int64_t)suffix_counts[KAIN_WIRE_WORD3_MOD - shift];,no nearby overflow or range guard | explicit cast in arithmetic site | pointer or indexed arithmetic
50,actor.c,kain_attrition_actor_update_peak,155,*,,,0,"atomic_uint_least64_t* peak_counter,",no nearby overflow or range guard | multiplication can amplify overflow
50,actor.c,kain_actor_borrowed_message_release_match,439,-,,,0,if (g_actor_borrowed_message_stack[index - 1u] == message_data) {,no nearby overflow or range guard | sentinel/null byte style increment | pointer or indexed arithmetic
50,actor.c,kain_actor_borrowed_message_release_match,442,-,,,0,g_actor_borrowed_message_stack[tail_index - 1u] =,no nearby overflow or range guard | sentinel/null byte style increment | pointer or indexed arithmetic
50,actor.c,kain_actor_reply_port_state_try_copy_completed,784,*,,,0,size_t* out_reply_size,no nearby overflow or range guard | multiplication can amplify overflow
50,actor.c,kain_actor_reply_port_state_try_copy_completed_owner_inline,843,*,,,0,size_t* out_reply_size,no nearby overflow or range guard | multiplication can amplify overflow
50,actor.c,kain_actor_reply_port_state_wait,870,*,,,0,size_t* out_reply_size,no nearby overflow or range guard | multiplication can amplify overflow
50,actor.c,kain_actor_mailbox_init,1510,*,,,0,"static int kain_actor_mailbox_init(KainActorMailbox* mailbox, size_t capacity) {",no nearby overflow or range guard | multiplication can amplify overflow
50,actor.c,kain_actor_table_insert,1859,*|+,,,0,id = (KainActorId)(word_index * KAIN_ACTOR_TABLE_WORD_BITS + bit_index);,no nearby overflow or range guard | multiplication can amplify overflow
50,actor.c,kain_actor_thread_proc,2262,*,,,0,size_t* out_reply_size,no nearby overflow or range guard | multiplication can amplify overflow
50,actor.c,kain_actor_thread_proc,3485,*,,,0,"static void kain_actor_copy_name(char* dest, size_t dest_size, const char* src) {",no nearby overflow or range guard | multiplication can amplify overflow
50,actor.c,kain_actor_thread_proc,3650,*,,,0,size_t kain_actor_mailbox_count(const KainActorMailbox* mailbox) {,no nearby overflow or range guard | multiplication can amplify overflow
50,actor.c,kain_actor_thread_proc,3657,*,,,0,size_t kain_actor_mailbox_capacity(const KainActorMailbox* mailbox) {,no nearby overflow or range guard | multiplication can amplify overflow
50,actor.c,kain_actor_thread_proc,4274,+,,,0,child->restart_attempt_count = child->restart_attempt_count + 1;,no nearby overflow or range guard | sentinel/null byte style increment | pointer or indexed arithmetic
50,actor.c,kain_actor_thread_proc,4275,+,,,0,child->supervisor.restart_count = child->supervisor.restart_count + 1;,no nearby overflow or range guard | sentinel/null byte style increment | pointer or indexed arithmetic
50,async.c,kain_async_attrition_update_peak,133,*,,,0,"atomic_uint_least64_t* peak_counter,",no nearby overflow or range guard | multiplication can amplify overflow
50,async.c,kain_async_index_insert,304,*,,,0,"uint32_t* index_table,",no nearby overflow or range guard | multiplication can amplify overflow
50,async.c,kain_async_find_free_task_slot,324,*,,,0,static int kain_async_find_free_task_slot(uint32_t* out_slot) {,no nearby overflow or range guard | multiplication can amplify overflow
50,async.c,kain_async_find_free_timer_slot,341,*,,,0,static int kain_async_find_free_timer_slot(uint32_t* out_slot) {,no nearby overflow or range guard | multiplication can amplify overflow
50,async.c,kain_async_release_task_record_locked,463,<<,,,0,bit = UINT64_C(1) << (slot & 63u);,no nearby overflow or range guard | shift-based growth math
50,async.c,kain_async_release_timer_record_locked,491,<<,,,0,bit = UINT64_C(1) << (slot & 63u);,no nearby overflow or range guard | shift-based growth math
50,async.c,kain_async_allocate_task_record,556,<<,,,0,bit = UINT64_C(1) << (slot & 63u);,no nearby overflow or range guard | shift-based growth math
50,async.c,kain_async_allocate_timer_record,599,<<,,,0,bit = UINT64_C(1) << (slot & 63u);,no nearby overflow or range guard | shift-based growth math
50,attrition.c,kain_attrition_record_event_locked,188,+,,,0,event->event_index = g_kain_attrition_state.event_write_count + 1u;,no nearby overflow or range guard | sentinel/null byte style increment | pointer or indexed arithmetic
50,attrition.c,kain_attrition_runtime_copy_events,372,*,,,0,"size_t kain_attrition_runtime_copy_events(KainAttritionEvent* out_events, size_t max_events) {",no nearby overflow or range guard | multiplication can amplify overflow
50,attrition.c,kain_attrition_runtime_write_audit_json,407,*,,,0,"size_t kain_attrition_runtime_write_audit_json(char* out_text, size_t capacity) {",no nearby overflow or range guard | multiplication can amplify overflow
50,attrition.c,kain_attrition_runtime_write_audit_json,488,-,,,0,out_text[capacity - 1u] = '\0';,no nearby overflow or range guard | sentinel/null byte style increment | pointer or indexed arithmetic
50,attrition.c,kain_attrition_heap_alloc,534,*,,,0,void* kain_attrition_heap_alloc(size_t total_bytes) {,no nearby overflow or range guard | multiplication can amplify overflow
50,attrition.c,kain_attrition_heap_release,560,*,,,0,"int kain_attrition_heap_release(void* raw_header, size_t total_bytes) {",no nearby overflow or range guard | multiplication can amplify overflow
50,bitfield.c,__kain_bitfield_set,119,<<,,,0,uint64_t shifted_mask = mask << bit_offset;,no nearby overflow or range guard | shift-based growth math
50,bitfield.c,__kain_bitfield_set,122,<<,,,0,unit = (unit & ~shifted_mask) | (encoded << bit_offset);,no nearby overflow or range guard | shift-based growth math
50,compatibility.c,kain_copy_text,25,*,,,0,"static void kain_copy_text(char* out, size_t out_cap, const char* text) {",no nearby overflow or range guard | multiplication can amplify overflow
50,contract.c,contract_copy_cstr,216,*,,,0,"static void contract_copy_cstr(char* out, size_t out_cap, const char* value) {",no nearby overflow or range guard | multiplication can amplify overflow
50,contract.c,contract_append_message,280,+,memcpy(,,0,"memcpy(out + length, value, value_length);",no nearby overflow or range guard | size math feeds allocation or copy sink
50,contract.c,contract_analyze_services,445,*,,,0,"ZeroMemory(bundle, sizeof(*bundle));",no nearby overflow or range guard | multiplication can amplify overflow
50,contract.c,contract_analyze_services,664,*,,,0,"ZeroMemory(validation, sizeof(*validation));",no nearby overflow or range guard | multiplication can amplify overflow
50,converge.c,abi_converge_select_lane_for_key,96,>>,,,0,if (slot->key == key && lane < 64u && ((eligible_mask >> lane) & 1ull) != 0ull) {,no nearby overflow or range guard | sentinel/null byte style increment | pointer or indexed arithmetic
50,core.c,kain_string_len_rc,15,*,,,0,static size_t kain_string_len_rc(const char* value) {,no nearby overflow or range guard | multiplication can amplify overflow
50,core.c,kain_find_substring_bytes,22,*,,,0,static const char* kain_find_substring_bytes(,no nearby overflow or range guard | multiplication can amplify overflow
50,core.c,kain_string_new_with_len,83,*,,,0,"static char* kain_string_new_with_len(const char* src, size_t len) {",no nearby overflow or range guard | multiplication can amplify overflow
50,core.c,kain_alloc_rc,119,*,,,0,"void* kain_alloc_rc(size_t size, long long type_tag) {",no nearby overflow or range guard | multiplication can amplify overflow
50,core.c,kain_alloc_rc,121,*,,,0,RcHeader* header = (RcHeader*)kain_attrition_heap_alloc(total_size);,no nearby overflow or range guard | multiplication can amplify overflow
50,core.c,kain_alloc_rc,136,-,,,0,header->string_length = (type_tag == 1 && size > 0u) ? (size - 1u) : 0u;,no nearby overflow or range guard | sentinel/null byte style increment | pointer or indexed arithmetic
50,core.c,kain_alloc,142,*,,,0,void* kain_alloc(size_t size) {,no nearby overflow or range guard | multiplication can amplify overflow
50,core.c,KAIN_alloc,146,*,,,0,void* KAIN_alloc(long long size) {,no nearby overflow or range guard | multiplication can amplify overflow
50,core.c,kain_string_concat_parts,416,*,,,0,"static char* kain_string_concat_parts(const char* const* parts, size_t count) {",no nearby overflow or range guard | multiplication can amplify overflow
50,core.c,array_new,539,*,,,0,"KainArray* arr = (KainArray*)kain_alloc_rc(sizeof(KainArray), 2);",no nearby overflow or range guard | multiplication can amplify overflow
50,core.c,array_get,570,*,,,0,"long long array_get(KainArray* arr, long long index) {",no nearby overflow or range guard | multiplication can amplify overflow
50,core.c,array_set,586,*,,,0,"void array_set(KainArray* arr, long long index, long long val) {",no nearby overflow or range guard | multiplication can amplify overflow
50,core.c,stdin_read_exact,728,*,,,0,char* stdin_read_exact(long long length) {,no nearby overflow or range guard | multiplication can amplify overflow
50,core.c,char_at,877,*,,,0,"char* char_at(char* s, long long index) {",no nearby overflow or range guard | multiplication can amplify overflow
50,core.c,byte_at,950,*,,,0,"long long byte_at(char* s, long long index) {",no nearby overflow or range guard | multiplication can amplify overflow
50,core.c,kain_map_tiny_fingerprint,1060,*,,,0,(key_length * 0x9e3779b97f4a7c15ULL);,no nearby overflow or range guard | multiplication can amplify overflow
50,core.c,kain_hash_bytes,1158,*,,,0,"static uint64_t kain_hash_bytes(const unsigned char* bytes, size_t length) {",no nearby overflow or range guard | multiplication can amplify overflow
50,core.c,kain_map_magic_prefix_state,1193,*,,,0,uint64_t folded0 = (word0 ^ length) * magic;,no nearby overflow or range guard | multiplication can amplify overflow
50,core.c,kain_map_key_metadata,1203,*,,,0,"size_t* out_length,",no nearby overflow or range guard | multiplication can amplify overflow
50,core.c,kain_map_probe_window,1320,+,,,0,uint64_t index1 = (base_index + 1u) & map->mask;,no nearby overflow or range guard | sentinel/null byte style increment | pointer or indexed arithmetic
50,core.c,kain_map_probe_window,1395,*,,,0,(index0 * take_match0) |,no nearby overflow or range guard | multiplication can amplify overflow
50,core.c,kain_map_probe_window,1396,*,,,0,(index1 * take_match1) |,no nearby overflow or range guard | multiplication can amplify overflow
50,core.c,kain_map_probe_window,1397,*,,,0,(index2 * take_match2) |,no nearby overflow or range guard | multiplication can amplify overflow
50,core.c,kain_map_probe_window,1398,*,,,0,(index3 * take_match3) |,no nearby overflow or range guard | multiplication can amplify overflow
50,core.c,kain_map_probe_window,1399,*,,,0,(index4 * take_match4) |,no nearby overflow or range guard | multiplication can amplify overflow
50,core.c,kain_map_probe_window,1400,*,,,0,(index5 * take_match5) |,no nearby overflow or range guard | multiplication can amplify overflow
50,core.c,kain_map_probe_window,1401,*,,,0,(index6 * take_match6) |,no nearby overflow or range guard | multiplication can amplify overflow
50,core.c,kain_map_probe_window,1402,*,,,0,(index7 * take_match7);,no nearby overflow or range guard | multiplication can amplify overflow
50,core.c,kain_map_probe_window,1404,*,,,0,(index0 * take_empty0) |,no nearby overflow or range guard | multiplication can amplify overflow
50,core.c,kain_map_probe_window,1405,*,,,0,(index1 * take_empty1) |,no nearby overflow or range guard | multiplication can amplify overflow
50,core.c,kain_map_probe_window,1406,*,,,0,(index2 * take_empty2) |,no nearby overflow or range guard | multiplication can amplify overflow
50,core.c,kain_map_probe_window,1407,*,,,0,(index3 * take_empty3) |,no nearby overflow or range guard | multiplication can amplify overflow
50,core.c,kain_map_probe_window,1408,*,,,0,(index4 * take_empty4) |,no nearby overflow or range guard | multiplication can amplify overflow
50,core.c,kain_map_probe_window,1409,*,,,0,(index5 * take_empty5) |,no nearby overflow or range guard | multiplication can amplify overflow
50,core.c,kain_map_probe_window,1410,*,,,0,(index6 * take_empty6) |,no nearby overflow or range guard | multiplication can amplify overflow
50,core.c,kain_map_probe_window,1411,*,,,0,(index7 * take_empty7);,no nearby overflow or range guard | multiplication can amplify overflow
50,core.c,kain_map_resize,1502,*,,,0,"static int kain_map_resize(KainMap* map, uint64_t new_capacity) {",no nearby overflow or range guard | multiplication can amplify overflow
50,core.c,kain_map_resize,1523,-,,,0,map->mask = new_capacity - 1u;,no nearby overflow or range guard | sentinel/null byte style increment | pointer or indexed arithmetic
50,core.c,map_new,1568,*,,,0,"KainMap* map = (KainMap*)kain_alloc_rc(sizeof(KainMap), 3);",no nearby overflow or range guard | multiplication can amplify overflow
50,cpu.c,abi_vm_map,397,*,,,0,void* abi_vm_map(int64_t byte_count) {,no nearby overflow or range guard | multiplication can amplify overflow
50,cpu.c,abi_vm_unmap,414,*,,,0,"int64_t abi_vm_unmap(void* ptr, int64_t byte_count) {",no nearby overflow or range guard | multiplication can amplify overflow
50,cpu.c,abi_vm_protect,470,*,,,0,"int64_t abi_vm_protect(void* ptr, int64_t byte_count, int64_t mode) {",no nearby overflow or range guard | multiplication can amplify overflow
50,diagnostics.c,kain_copy_text,8,*,,,0,"static void kain_copy_text(char* out, size_t out_size, const char* text) {",no nearby overflow or range guard | multiplication can amplify overflow
50,diagnostics.c,kain_diagnostic_init,33,*,,,0,"ZeroMemory(diag, sizeof(*diag));",no nearby overflow or range guard | multiplication can amplify overflow
50,diagnostics.c,kain_diagnostic_format,88,+|-,snprintf(,,0,"written += snprintf(out + written, out_size - written,",no nearby overflow or range guard | size math feeds allocation or copy sink
50,diagnostics.c,kain_diagnostic_format,93,+|-,snprintf(,,0,"written += snprintf(out + written, out_size - written,",no nearby overflow or range guard | size math feeds allocation or copy sink
50,diagnostics.c,kain_diagnostic_format,98,+|-,snprintf(,,0,"written += snprintf(out + written, out_size - written,",no nearby overflow or range guard | size math feeds allocation or copy sink
50,diagnostics.c,kain_diagnostic_collector_init,155,*,,,0,"ZeroMemory(collector, sizeof(*collector));",no nearby overflow or range guard | multiplication can amplify overflow
50,diagnostics.c,kain_startup_validation_result_init,300,*,,,0,"ZeroMemory(result, sizeof(*result));",no nearby overflow or range guard | multiplication can amplify overflow
50,diagnostics.c,kain_startup_validation_result_format,321,+|-,snprintf(,,0,"written += snprintf(out + written, out_size - written,",no nearby overflow or range guard | size math feeds allocation or copy sink
50,diagnostics.c,kain_startup_validation_result_format,326,+|-,snprintf(,,0,"written += snprintf(out + written, out_size - written,",no nearby overflow or range guard | size math feeds allocation or copy sink
50,diagnostics.c,kain_startup_validation_result_format,331,+|-,snprintf(,,0,"written += snprintf(out + written, out_size - written,",no nearby overflow or range guard | size math feeds allocation or copy sink
50,diagnostics.c,kain_startup_validation_result_format,337,+|-,snprintf(,,0,"written += snprintf(out + written, out_size - written,",no nearby overflow or range guard | size math feeds allocation or copy sink
50,diagnostics.c,kain_startup_validation_result_format,344,+|-,snprintf(,,0,"written += snprintf(out + written, out_size - written,",no nearby overflow or range guard | size math feeds allocation or copy sink
50,diagnostics.c,kain_startup_validation_result_format,349,+|-,snprintf(,,0,"written += snprintf(out + written, out_size - written,",no nearby overflow or range guard | size math feeds allocation or copy sink
50,diagnostics.c,kain_startup_validation_result_format,354,+|-,snprintf(,,0,"written += snprintf(out + written, out_size - written,",no nearby overflow or range guard | size math feeds allocation or copy sink
50,diagnostics.c,kain_startup_validation_result_format,360,+|-,snprintf(,,0,"written += snprintf(out + written, out_size - written,",no nearby overflow or range guard | size math feeds allocation or copy sink
50,diagnostics.c,kain_startup_validation_result_format,366,+|-,snprintf(,,0,"written += snprintf(out + written, out_size - written, ""\n"");",no nearby overflow or range guard | size math feeds allocation or copy sink
50,entangle.c,runtime_copy_entangle_text,8,*,,,0,"static int runtime_copy_entangle_text(char* dst, size_t dst_cap, const char* src) {",no nearby overflow or range guard | multiplication can amplify overflow
50,entangle.c,entangle_registry_get,79,*,,,0,"int entangle_registry_get(size_t index, KainRuntimeEntangleBinding* out_binding) {",no nearby overflow or range guard | multiplication can amplify overflow
50,fanout.c,__kain_fanout_i64,275,*,,,0,"int __kain_fanout_i64(int64_t start, int64_t end, void* ctx, KainFanoutIndexFn fn) {",no nearby overflow or range guard | multiplication can amplify overflow
50,graphics_system.c,abi_graphics_free_bytes,134,*,,,0,static void abi_graphics_free_bytes(uint8_t** bytes) {,no nearby overflow or range guard | multiplication can amplify overflow
50,graphics_system.c,abi_graphics_free_bytes,135,*,,,0,if (!bytes || !*bytes) {,no nearby overflow or range guard | multiplication can amplify overflow
50,graphics_system.c,abi_graphics_free_bytes,138,*,,,0,free(*bytes);,no nearby overflow or range guard | multiplication can amplify overflow
50,graphics_system.c,abi_graphics_decode_hex,326,*,,,0,"const char* bytes_hex,",no nearby overflow or range guard | multiplication can amplify overflow
50,graphics_system.c,abi_graphics_decode_hex,327,*,,,0,uint8_t** out_bytes,no nearby overflow or range guard | multiplication can amplify overflow
50,graphics_system.c,abi_graphics_decode_hex,332,*,,,0,uint8_t* bytes;,no nearby overflow or range guard | multiplication can amplify overflow
50,graphics_system.c,abi_graphics_read_file_bytes,374,*,,,0,uint8_t** out_bytes,no nearby overflow or range guard | multiplication can amplify overflow
50,graphics_system.c,abi_graphics_read_file_bytes,378,*,,,0,uint8_t* bytes = NULL;,no nearby overflow or range guard | multiplication can amplify overflow
50,graphics_system.c,abi_graphics_read_file_bytes,429,+,memcpy(,,0,"memcpy(bytes + total, stack_buffer, read);",no nearby overflow or range guard | size math feeds allocation or copy sink
50,graphics_system.c,abi_graphics_buffer_create_from_hex,729,*,,,0,"const char* bytes_hex,",no nearby overflow or range guard | multiplication can amplify overflow
50,graphics_system.c,abi_graphics_buffer_create_from_hex,732,*,,,0,uint8_t* bytes = NULL;,no nearby overflow or range guard | multiplication can amplify overflow
50,graphics_system.c,abi_graphics_shader_register_bytes,808,*,,,0,"uint8_t* owned_bytes,",no nearby overflow or range guard | multiplication can amplify overflow
50,graphics_system.c,abi_graphics_shader_spirv_from_hex,885,*,,,0,const char* bytes_hex,no nearby overflow or range guard | multiplication can amplify overflow
50,graphics_system.c,abi_graphics_shader_spirv_from_hex,887,*,,,0,uint8_t* bytes = NULL;,no nearby overflow or range guard | multiplication can amplify overflow
50,graphics_system.c,abi_graphics_shader_spirv_from_file,915,*,,,0,uint8_t* bytes = NULL;,no nearby overflow or range guard | multiplication can amplify overflow
50,graphics_system.c,abi_graphics_draw_command_kind,1191,*,,,0,"const char* abi_graphics_draw_command_kind(int64_t session_id, int64_t command_index) {",no nearby overflow or range guard | multiplication can amplify overflow
50,host_bridge.c,kain_copy_text,7,*,,,0,"static void kain_copy_text(char* out, size_t out_cap, const char* text) {",no nearby overflow or range guard | multiplication can amplify overflow
50,host_bridge.c,kain_host_bridge_unregister_module,288,+,,,0,for (write_index = module_index; write_index + 1 < registry->module_count; ++write_index) {,no nearby overflow or range guard | sentinel/null byte style increment | pointer or indexed arithmetic
50,host_bridge.c,kain_host_bridge_unregister_module,289,+,,,0,registry->modules[write_index] = registry->modules[write_index + 1];,no nearby overflow or range guard | sentinel/null byte style increment | pointer or indexed arithmetic
50,input_system.c,abi_input_copy,86,*,,,0,"static void abi_input_copy(char* dest, size_t capacity, const char* source) {",no nearby overflow or range guard | multiplication can amplify overflow
50,input_system.c,abi_input_name_add,153,*,,,0,"if (abi_input_name_index(names, *count, name) >= 0) {",no nearby overflow or range guard | multiplication can amplify overflow
50,input_system.c,abi_input_name_add,156,*,,,0,if (*count >= capacity) {,no nearby overflow or range guard | multiplication can amplify overflow
50,input_system.c,abi_input_name_remove,165,*,,,0,"int index = abi_input_name_index(names, *count, name);",no nearby overflow or range guard | multiplication can amplify overflow
50,input_system.c,abi_input_name_remove,173,*,,,0,if (*count > 0) {,no nearby overflow or range guard | multiplication can amplify overflow
50,input_system.c,abi_input_trace_append,213,-,,,0,if (!session || !event || session->trace_text_length >= ABI_INPUT_MAX_TRACE_TEXT - 1u) {,no nearby overflow or range guard | sentinel/null byte style increment | pointer or indexed arithmetic
50,input_system.c,abi_input_trace_append,232,-,,,0,session->trace_text_length = ABI_INPUT_MAX_TRACE_TEXT - 1u;,no nearby overflow or range guard | sentinel/null byte style increment | pointer or indexed arithmetic
50,input_system.c,abi_input_frame_event,584,*,,,0,"static const KainNativeInputEvent* abi_input_frame_event(int64_t session_id, int64_t event_index) {",no nearby overflow or range guard | multiplication can amplify overflow
50,input_system.c,abi_input_event_kind,592,*,,,0,"const char* abi_input_event_kind(int64_t session_id, int64_t event_index) {",no nearby overflow or range guard | multiplication can amplify overflow
50,input_system.c,abi_input_event_kind,593,*,,,0,"const KainNativeInputEvent* event = abi_input_frame_event(session_id, event_index);",no nearby overflow or range guard | multiplication can amplify overflow
50,input_system.c,abi_input_event_source_kind,597,*,,,0,"const char* abi_input_event_source_kind(int64_t session_id, int64_t event_index) {",no nearby overflow or range guard | multiplication can amplify overflow
50,input_system.c,abi_input_event_source_kind,598,*,,,0,"const KainNativeInputEvent* event = abi_input_frame_event(session_id, event_index);",no nearby overflow or range guard | multiplication can amplify overflow
50,input_system.c,abi_input_event_code,602,*,,,0,"const char* abi_input_event_code(int64_t session_id, int64_t event_index) {",no nearby overflow or range guard | multiplication can amplify overflow
50,input_system.c,abi_input_event_code,603,*,,,0,"const KainNativeInputEvent* event = abi_input_frame_event(session_id, event_index);",no nearby overflow or range guard | multiplication can amplify overflow
50,input_system.c,abi_input_event_action,607,*,,,0,"const char* abi_input_event_action(int64_t session_id, int64_t event_index) {",no nearby overflow or range guard | multiplication can amplify overflow
50,input_system.c,abi_input_event_action,608,*,,,0,"const KainNativeInputEvent* event = abi_input_frame_event(session_id, event_index);",no nearby overflow or range guard | multiplication can amplify overflow
50,input_system.c,abi_input_event_text,612,*,,,0,"const char* abi_input_event_text(int64_t session_id, int64_t event_index) {",no nearby overflow or range guard | multiplication can amplify overflow
50,input_system.c,abi_input_event_text,613,*,,,0,"const KainNativeInputEvent* event = abi_input_frame_event(session_id, event_index);",no nearby overflow or range guard | multiplication can amplify overflow
50,input_system.c,abi_input_text_commit,657,*,,,0,"const char* abi_input_text_commit(int64_t session_id, int64_t index) {",no nearby overflow or range guard | multiplication can amplify overflow
50,json.c,json_dup_range,104,*,,,0,"static char* json_dup_range(const char* text, size_t length) {",no nearby overflow or range guard | multiplication can amplify overflow
50,json.c,json_value_new,128,*,,,0,"KainJsonValue* value = (KainJsonValue*)kain_alloc_rc(sizeof(KainJsonValue), 0x4a534f4eLL);",no nearby overflow or range guard | multiplication can amplify overflow
50,json.c,json_object_reserve,313,*,,,0,capacity *= 2;,no nearby overflow or range guard | multiplication can amplify overflow
50,json.c,json_array_reserve,336,*,,,0,capacity *= 2;,no nearby overflow or range guard | multiplication can amplify overflow
50,json.c,json_object_set_value,378,+,,,0,"if (!json_object_reserve(object, object->field_count + 1)) {",no nearby overflow or range guard | sentinel/null byte style increment | pointer or indexed arithmetic
50,json.c,json_buffer_reserve,397,*,,,0,"static int json_buffer_reserve(JsonBuffer* buffer, size_t extra) {",no nearby overflow or range guard | multiplication can amplify overflow
50,json.c,json_buffer_reserve,410,*,,,0,capacity *= 2u;,no nearby overflow or range guard | multiplication can amplify overflow
50,json.c,json_buffer_append_n,421,*,,,0,"static void json_buffer_append_n(JsonBuffer* buffer, const char* text, size_t length) {",no nearby overflow or range guard | multiplication can amplify overflow
50,json.c,json_parse_array,697,+,,,0,"if (json_array_reserve(array, array->item_count + 1)) {",no nearby overflow or range guard | sentinel/null byte style increment | pointer or indexed arithmetic
50,json.c,json_parse_value_inner,918,+,,,0,"if (!json_array_reserve(json_array, json_array->item_count + 1)) {",no nearby overflow or range guard | sentinel/null byte style increment | pointer or indexed arithmetic
50,machine_stones.c,kain_machine_token_signature,159,-,,,0,length > 0u ? key[length - 1u] : 0,no nearby overflow or range guard | sentinel/null byte style increment | pointer or indexed arithmetic
50,machine_stones.c,kain_machine_pulse_slot,236,*,,,0,static KainMachinePulseSlot* kain_machine_pulse_slot(uint64_t token) {,no nearby overflow or range guard | multiplication can amplify overflow
50,machine_stones.c,kain_machine_pulse_snapshot,363,*,,,0,KainMachinePulseSlot* slot;,no nearby overflow or range guard | multiplication can amplify overflow
50,machine_stones.c,kain_machine_pulse_start,406,*,,,0,KainMachinePulseSlot* slot;,no nearby overflow or range guard | multiplication can amplify overflow
50,machine_stones.c,kain_machine_shatter_alloc,518,*,,,0,"void* kain_machine_shatter_alloc(uint64_t lane_count, uint64_t element_count) {",no nearby overflow or range guard | multiplication can amplify overflow
50,machine_stones.c,kain_machine_shatter_lane_ptr,545,*,,,0,"void* kain_machine_shatter_lane_ptr(void* handle, uint64_t lane_index, uint64_t element_index) {",no nearby overflow or range guard | multiplication can amplify overflow
50,machine_stones.c,kain_machine_shatter_lane_base,565,*,,,0,"void* kain_machine_shatter_lane_base(void* handle, uint64_t lane_index) {",no nearby overflow or range guard | multiplication can amplify overflow
50,memory.c,kain_alloc_cache_eligible,48,*,,,0,payload_size >= sizeof(KainAllocHeader*);,no nearby overflow or range guard | multiplication can amplify overflow
50,memory.c,kain_alloc_cache_take,61,*,,,0,static KainAllocHeader* kain_alloc_cache_take(size_t payload_size) {,no nearby overflow or range guard | multiplication can amplify overflow
50,memory.c,__kain_addr_of,215,*,,,0,"void* __kain_addr_of(void* ptr, size_t size) {",no nearby overflow or range guard | multiplication can amplify overflow
50,memory.c,__kain_field_ptr,248,*,,,0,"void* __kain_field_ptr(void* ptr, const char* field, size_t offset) {",no nearby overflow or range guard | multiplication can amplify overflow
50,memory.c,__kain_mem_load,290,*,,,0,"void __kain_mem_load(const void* ptr, void* out, size_t size) {",no nearby overflow or range guard | multiplication can amplify overflow
50,memory.c,__kain_mem_store,301,*,,,0,"void __kain_mem_store(void* ptr, const void* value, size_t size) {",no nearby overflow or range guard | multiplication can amplify overflow
50,memory.c,__kain_volatile_load,306,*,,,0,"void __kain_volatile_load(const void* ptr, void* out, size_t size) {",no nearby overflow or range guard | multiplication can amplify overflow
50,memory.c,__kain_volatile_store,314,*,,,0,"void __kain_volatile_store(void* ptr, const void* value, size_t size) {",no nearby overflow or range guard | multiplication can amplify overflow
50,memory.c,__kain_alloc,520,*,,,0,"void* __kain_alloc(size_t size, size_t stride, int zeroed) {",no nearby overflow or range guard | multiplication can amplify overflow
50,memory.c,__kain_realloc,638,*|+,,,0,"((char*)payload) + old_payload_size,",no nearby overflow or range guard | multiplication can amplify overflow
50,net_system.c,abi_net_parse_content_length_header,178,*,,,0,"static int abi_net_parse_content_length_header(const char* text, size_t* out_length) {",no nearby overflow or range guard | multiplication can amplify overflow
50,net_system.c,abi_net_header_key_eq_ci,213,*,,,0,"static int abi_net_header_key_eq_ci(const unsigned char* text, size_t length, const char* expected) {",no nearby overflow or range guard | multiplication can amplify overflow
50,net_system.c,abi_net_find_http_header_end,229,*,,,0,"static const unsigned char* abi_net_find_http_header_end(const unsigned char* bytes, size_t length) {",no nearby overflow or range guard | multiplication can amplify overflow
50,net_system.c,abi_net_find_http_header_end,235,+,,,0,if (bytes[index] == '\r' && bytes[index + 1u] == '\n' && bytes[index + 2u] == '\r' && bytes[index + 3u] == '\n') {,no nearby overflow or range guard | sentinel/null byte style increment | pointer or indexed arithmetic
50,net_system.c,abi_net_parse_content_length_slice,242,*,,,0,"static int abi_net_parse_content_length_slice(const unsigned char* text, size_t length, size_t* out_length) {",no nearby overflow or range guard | multiplication can amplify overflow
50,net_system.c,abi_net_http_request_complete,274,*,,,0,"static int abi_net_http_request_complete(const unsigned char* bytes, size_t length, size_t* out_required_length) {",no nearby overflow or range guard | multiplication can amplify overflow
50,net_system.c,abi_net_http_request_complete,275,*,,,0,"const unsigned char* header_end = abi_net_find_http_header_end(bytes, length);",no nearby overflow or range guard | multiplication can amplify overflow
50,net_system.c,abi_net_http_request_complete,291,+,,,0,while (line_end < header_body_offset && !(bytes[line_end] == '\r' && line_end + 1u < header_body_offset && bytes[line_end + 1u] == '\n')) {,no nearby overflow or range guard | sentinel/null byte style increment | pointer or indexed arithmetic
50,net_system.c,abi_net_index_insert,354,*,,,0,"uint32_t* index_table,",no nearby overflow or range guard | multiplication can amplify overflow
50,net_system.c,abi_net_find_free_slot_u64,374,*,,,0,"static int abi_net_find_free_slot_u64(uint64_t occupancy_bits, uint64_t valid_mask, uint32_t* out_slot) {",no nearby overflow or range guard | multiplication can amplify overflow
50,net_system.c,abi_net_copy,476,*,,,0,"static void abi_net_copy(char* destination, size_t capacity, const char* source) {",no nearby overflow or range guard | multiplication can amplify overflow
50,net_system.c,abi_net_string_from_bytes,541,*,,,0,"static const char* abi_net_string_from_bytes(const unsigned char* bytes, size_t length) {",no nearby overflow or range guard | multiplication can amplify overflow
50,net_system.c,abi_net_string_from_bytes,552,*,,,0,"kain_rc_set_string_length(output, kain_bounded_text_length((const char*)bytes, length));",no nearby overflow or range guard | multiplication can amplify overflow
50,net_system.c,abi_net_set_socket_timeout_ms,645,*,,,0,"(void)setsockopt(socket_handle, SOL_SOCKET, SO_RCVTIMEO, (const char*)&timeout, sizeof(timeout));",no nearby overflow or range guard | multiplication can amplify overflow
50,net_system.c,abi_net_set_socket_timeout_ms,646,*,,,0,"(void)setsockopt(socket_handle, SOL_SOCKET, SO_SNDTIMEO, (const char*)&timeout, sizeof(timeout));",no nearby overflow or range guard | multiplication can amplify overflow
50,net_system.c,abi_net_send_all,659,*,,,0,"static int abi_net_send_all(SOCKET socket_handle, const unsigned char* bytes, size_t length) {",no nearby overflow or range guard | multiplication can amplify overflow
50,net_system.c,abi_net_send_all,663,*|+,,,0,"int written = send(socket_handle, (const char*)bytes + sent, chunk, 0);",no nearby overflow or range guard | multiplication can amplify overflow
50,net_system.c,abi_net_decode_hex,679,*,,,0,"static int abi_net_decode_hex(const char* hex, unsigned char** out_bytes, size_t* out_length) {",no nearby overflow or range guard | multiplication can amplify overflow
50,net_system.c,abi_net_decode_hex,682,*,,,0,unsigned char* bytes;,no nearby overflow or range guard | multiplication can amplify overflow
50,net_system.c,abi_net_decode_hex,683,*,,,0,if (out_bytes) *out_bytes = 0;,no nearby overflow or range guard | multiplication can amplify overflow
50,net_system.c,abi_net_decode_hex,684,*,,,0,if (out_length) *out_length = 0u;,no nearby overflow or range guard | multiplication can amplify overflow
50,net_system.c,abi_net_decode_hex,698,+,,,0,int low = abi_net_hex_value(hex[index + 1u]);,no nearby overflow or range guard | sentinel/null byte style increment | pointer or indexed arithmetic
50,net_system.c,abi_net_decode_hex,705,*,,,0,if (out_bytes) *out_bytes = bytes;,no nearby overflow or range guard | multiplication can amplify overflow
50,net_system.c,abi_net_decode_hex,706,*,,,0,if (out_length) *out_length = length / 2u;,no nearby overflow or range guard | multiplication can amplify overflow
50,net_system.c,abi_net_encode_hex,710,*,,,0,"static const char* abi_net_encode_hex(const unsigned char* bytes, size_t length) {",no nearby overflow or range guard | multiplication can amplify overflow
50,net_system.c,abi_net_append_bytes,729,*,,,0,"static int abi_net_append_bytes(unsigned char** buffer, size_t* length, size_t* capacity, const unsigned char* bytes, size_t byte_count) {",no nearby overflow or range guard | multiplication can amplify overflow
50,net_system.c,abi_net_append_bytes,730,*,,,0,unsigned char* resized;,no nearby overflow or range guard | multiplication can amplify overflow
50,net_system.c,abi_net_alloc_connection,803,<<,,,0,bit = UINT64_C(1) << slot;,no nearby overflow or range guard | shift-based growth math
50,net_system.c,abi_net_alloc_listener,856,<<,,,0,bit = UINT64_C(1) << slot;,no nearby overflow or range guard | shift-based growth math
50,net_system.c,abi_net_alloc_request,911,<<,,,0,bit = UINT64_C(1) << slot;,no nearby overflow or range guard | shift-based growth math
50,net_system.c,abi_net_alloc_response,963,<<,,,0,bit = UINT64_C(1) << slot;,no nearby overflow or range guard | shift-based growth math
50,net_system.c,abi_net_alloc_server,1015,<<,,,0,bit = UINT64_C(1) << slot;,no nearby overflow or range guard | shift-based growth math
50,net_system.c,abi_net_set_header,1040,*,,,0,"static void abi_net_set_header(KainNativeNetHeader* headers, int64_t* header_count, const char* key, const char* value) {",no nearby overflow or range guard | multiplication can amplify overflow
50,net_system.c,abi_net_set_header,1045,*|+,,,0,for (index = 0; index < *header_count; ++index) {,no nearby overflow or range guard | multiplication can amplify overflow
50,net_system.c,abi_net_set_header,1051,*,,,0,if (*header_count >= ABI_NET_MAX_HEADERS) {,no nearby overflow or range guard | multiplication can amplify overflow
50,net_system.c,abi_net_find_header,1060,*,,,0,"static const char* abi_net_find_header(const KainNativeNetHeader* headers, int64_t header_count, const char* key) {",no nearby overflow or range guard | multiplication can amplify overflow
50,net_system.c,abi_net_bind_listener,1177,*,,,0,"setsockopt(socket_handle, SOL_SOCKET, SO_REUSEADDR, (const char*)&yes, sizeof(yes));",no nearby overflow or range guard | multiplication can amplify overflow
50,net_system.c,abi_net_socket_local_port,1193,*,,,0,"if (getsockname(socket_handle, (struct sockaddr*)&address, &address_length) != 0) {",no nearby overflow or range guard | multiplication can amplify overflow
50,net_system.c,abi_net_connect_loopback_socket,1216,*,,,0,"if (connect(socket_handle, (struct sockaddr*)&address, sizeof(address)) != 0) {",no nearby overflow or range guard | multiplication can amplify overflow
50,net_system.c,abi_net_dispatch_route,1267,+,,,0,message.data_size = strlen(request->actor_payload) + 1u;,no nearby overflow or range guard | sentinel/null byte style increment | pointer or indexed arithmetic
50,net_system.c,abi_net_parse_http_request,1290,*,,,0,"static int abi_net_parse_http_request(KainNativeHttpRequest* request, unsigned char* bytes, size_t length) {",no nearby overflow or range guard | multiplication can amplify overflow
50,net_system.c,abi_net_parse_http_request,1300,*,,,0,const char* content_length_text;,no nearby overflow or range guard | multiplication can amplify overflow
50,net_system.c,abi_net_parse_http_request,1379,*,malloc(,abi_net_size_add_overflow|overflow,0,request->body = (unsigned char*)malloc(required_length);,size math feeds allocation or copy sink | multiplication can amplify overflow | pointer or indexed arithmetic
50,net_system.c,abi_net_store_http_response,1425,*,malloc(,abi_net_size_add_overflow|overflow,0,response->body = (unsigned char*)malloc(allocation_size);,size math feeds allocation or copy sink | multiplication can amplify overflow | pointer or indexed arithmetic
50,net_system.c,abi_net_send_raw_http_client,1439,*,,,0,unsigned char* response_bytes = 0;,no nearby overflow or range guard | multiplication can amplify overflow
50,net_system.c,abi_net_send_raw_http_client,1496,*,,,0,"int read_count = recv(socket_handle, (char*)buffer, sizeof(buffer), 0);",no nearby overflow or range guard | multiplication can amplify overflow
50,net_system.c,abi_net_send_raw_http_client,1512,*,,,0,"char* header_end = strstr((char*)response_bytes, ""\r\n\r\n"");",no nearby overflow or range guard | multiplication can amplify overflow
50,net_system.c,abi_net_send_raw_http_client,1517,*,,,0,unsigned char* body = response_bytes;,no nearby overflow or range guard | multiplication can amplify overflow
50,net_system.c,abi_net_send_raw_http_client,1526,*,,,0,"line = strstr((char*)response_bytes, ""\r\n"");",no nearby overflow or range guard | multiplication can amplify overflow
50,net_system.c,abi_net_send_raw_http_client,1530,*,,,0,"status_code_text = strchr((char*)response_bytes, ' ');",no nearby overflow or range guard | multiplication can amplify overflow
50,net_system.c,abi_net_send_raw_http_client,1539,*,,,0,abi_net_protocol_from_http_version_token((char*)response_bytes);,no nearby overflow or range guard | multiplication can amplify overflow
50,net_system.c,abi_tcp_write_hex,1992,*,,,0,unsigned char* bytes = 0;,no nearby overflow or range guard | multiplication can amplify overflow
50,net_system.c,abi_tcp_close,2017,<<,,,0,g_connection_occupancy_bits &= ~(UINT64_C(1) << slot);,no nearby overflow or range guard | shift-based growth math
50,net_system.c,abi_tcp_listener_close,2031,<<,,,0,g_listener_occupancy_bits &= ~(UINT64_C(1) << slot);,no nearby overflow or range guard | shift-based growth math
50,net_system.c,abi_http_request_set_body_hex,2082,*,,,0,unsigned char* bytes = 0;,no nearby overflow or range guard | multiplication can amplify overflow
50,net_system.c,abi_http_request_destroy,2230,<<,,,0,g_request_occupancy_bits &= ~(UINT64_C(1) << slot);,no nearby overflow or range guard | shift-based growth math
50,net_system.c,abi_http_response_destroy,2244,<<,,,0,g_response_occupancy_bits &= ~(UINT64_C(1) << slot);,no nearby overflow or range guard | shift-based growth math
50,net_system.c,abi_net_http_server_pump_one,2308,*,,,0,unsigned char* request_bytes = 0;,no nearby overflow or range guard | multiplication can amplify overflow
50,net_system.c,abi_net_http_server_pump_one,2322,*,,,0,"int read_count = recv(accepted, (char*)buffer, sizeof(buffer), 0);",no nearby overflow or range guard | multiplication can amplify overflow
50,net_system.c,abi_net_http_concurrency_request_ok,2437,*|+|-,,,0,"read_count = recv(accepted, (char*)bytes + length, (int)(expected_request_length - length), 0);",no nearby overflow or range guard | multiplication can amplify overflow
50,net_system.c,abi_net_http_concurrency_server_thread,2475,+,,,0,"abi_net_atomic_store_u64(&ctx->accepted_ready_count, accepted_count + 1u);",no nearby overflow or range guard | sentinel/null byte style increment | pointer or indexed arithmetic
50,net_system.c,abi_net_http_concurrency_server_thread,2915,*,,,0,"static int64_t abi_net_respond_bytes(KainNativeHttpRequest* request, int64_t status_code, const unsigned char* payload, size_t payload_length) {",no nearby overflow or range guard | multiplication can amplify overflow
50,net_system.c,abi_net_http_concurrency_server_thread,2959,*,,,0,"return abi_net_respond_bytes(request, status_code, (const unsigned char*)text, strlen(text));",no nearby overflow or range guard | multiplication can amplify overflow
50,net_system.c,abi_net_http_concurrency_server_thread,2964,*,,,0,unsigned char* bytes = 0;,no nearby overflow or range guard | multiplication can amplify overflow
50,net_system.c,abi_net_http_concurrency_server_thread,2986,<<,,,0,g_server_occupancy_bits &= ~(UINT64_C(1) << slot);,no nearby overflow or range guard | shift-based growth math
50,ownership.c,kain_ownership_pointer_index_slot,94,*,,,0,static uint32_t kain_ownership_pointer_index_slot(const void* ptr) {,no nearby overflow or range guard | multiplication can amplify overflow
50,ownership.c,kain_ownership_index_insert_unlocked,116,*,,,0,"static int kain_ownership_index_insert_unlocked(const void* ptr, int slot) {",no nearby overflow or range guard | multiplication can amplify overflow
50,ownership.c,kain_ownership_index_remove_unlocked,157,*,,,0,"static int kain_ownership_index_remove_unlocked(const void* ptr, int slot) {",no nearby overflow or range guard | multiplication can amplify overflow
50,ownership.c,kain_ownership_find_slot,197,*,,,0,static int kain_ownership_find_slot(const void* ptr) {,no nearby overflow or range guard | multiplication can amplify overflow
50,ownership.c,kain_ownership_find_free_slot,253,*|+,,,0,uint32_t slot = word_index * KAIN_OWNERSHIP_WORD_BITS + bit_index;,no nearby overflow or range guard | multiplication can amplify overflow
50,ownership.c,kain_ownership_helper_slot_from_token_unlocked,282,*,,,0,"static int kain_ownership_helper_slot_from_token_unlocked(const void* ptr, uint16_t slot_token) {",no nearby overflow or range guard | multiplication can amplify overflow
50,ownership.c,kain_ownership_find_helper_slot_unlocked,302,*,,,0,static int kain_ownership_find_helper_slot_unlocked(const void* ptr) {,no nearby overflow or range guard | multiplication can amplify overflow
50,ownership.c,kain_ownership_upsert_unlocked,320,*,,,0,int* out_slot,no nearby overflow or range guard | multiplication can amplify overflow
50,ownership.c,__kain_ownership_register,361,*,,,0,"int __kain_ownership_register(void* ptr, int64_t region_kind, size_t size) {",no nearby overflow or range guard | multiplication can amplify overflow
50,ownership.c,__kain_ownership_register_imported,375,*,,,0,"int __kain_ownership_register_imported(void* ptr, size_t size) {",no nearby overflow or range guard | multiplication can amplify overflow
50,ownership.c,__kain_ownership_register_helper_allocation,389,*,,,0,"int __kain_ownership_register_helper_allocation(void* ptr, size_t size, uint16_t* out_slot_token) {",no nearby overflow or range guard | multiplication can amplify overflow
50,ownership.c,__kain_ownership_helper_allocation_state,429,*,,,0,"int __kain_ownership_helper_allocation_state(const void* ptr, uint16_t slot_token) {",no nearby overflow or range guard | multiplication can amplify overflow
50,ownership.c,kain_ownership_update_unlocked,472,*,,,0,"static int kain_ownership_update_unlocked(void* old_ptr, void* new_ptr, size_t size) {",no nearby overflow or range guard | multiplication can amplify overflow
50,ownership.c,__kain_ownership_update,511,*,,,0,"int __kain_ownership_update(void* old_ptr, void* new_ptr, size_t size) {",no nearby overflow or range guard | multiplication can amplify overflow
50,ownership.c,kain_ownership_decay_slot_unlocked,791,*,,,0,"static int kain_ownership_decay_slot_unlocked(void* ptr, int slot, int reclaim_helper_slot) {",no nearby overflow or range guard | multiplication can amplify overflow
50,process_system.c,abi_process_attrition_update_peak,112,*,,,0,"atomic_uint_least64_t* peak_counter,",no nearby overflow or range guard | multiplication can amplify overflow
50,process_system.c,abi_process_copy,149,*,,,0,"static void abi_process_copy(char* destination, size_t destination_capacity, const char* source) {",no nearby overflow or range guard | multiplication can amplify overflow
50,process_system.c,abi_process_string_from_bytes,195,*,,,0,"kain_rc_set_string_length(output, kain_bounded_text_length((const char*)bytes, length));",no nearby overflow or range guard | multiplication can amplify overflow
50,process_system.c,abi_process_index_insert,307,*,,,0,"uint32_t* index_table,",no nearby overflow or range guard | multiplication can amplify overflow
50,process_system.c,abi_process_capture_reserve,427,*,,,0,"static int abi_process_capture_reserve(KainNativeProcessCapture* capture, size_t required) {",no nearby overflow or range guard | multiplication can amplify overflow
50,process_system.c,abi_process_capture_reserve,428,*,,,0,unsigned char* resized;,no nearby overflow or range guard | multiplication can amplify overflow
50,process_system.c,abi_process_capture_reserve,445,*,,,0,next_capacity *= 2u;,no nearby overflow or range guard | multiplication can amplify overflow
50,process_system.c,abi_process_capture_append,464,*,,,0,"const unsigned char* bytes,",no nearby overflow or range guard | multiplication can amplify overflow
50,process_system.c,abi_process_decode_hex,512,*,,,0,"const char* bytes_hex,",no nearby overflow or range guard | multiplication can amplify overflow
50,process_system.c,abi_process_decode_hex,513,*,,,0,"unsigned char** out_bytes,",no nearby overflow or range guard | multiplication can amplify overflow
50,process_system.c,abi_process_decode_hex,514,*,,,0,size_t* out_length,no nearby overflow or range guard | multiplication can amplify overflow
50,process_system.c,abi_process_encode_hex,549,*,,,0,"static const char* abi_process_encode_hex(const unsigned char* bytes, size_t byte_length) {",no nearby overflow or range guard | multiplication can amplify overflow
50,process_system.c,abi_process_release_handle,631,<<,,,0,g_process_occupancy_bits &= ~(UINT64_C(1) << slot);,no nearby overflow or range guard | shift-based growth math
50,process_system.c,abi_process_wide_buffer_reserve,695,*,,,0,wchar_t* resized;,no nearby overflow or range guard | multiplication can amplify overflow
50,process_system.c,abi_process_wide_buffer_reserve,714,*,realloc(,overflow,0,"resized = (wchar_t*)realloc(buffer->text, allocation_size);",size math feeds allocation or copy sink | multiplication can amplify overflow | pointer or indexed arithmetic
50,process_system.c,abi_process_wide_buffer_append_text,754,*|+,memcpy(,overflow,0,"memcpy(buffer->text + buffer->length, text, text_length * sizeof(wchar_t));",size math feeds allocation or copy sink | multiplication can amplify overflow | pointer or indexed arithmetic
50,process_system.c,abi_process_utf8_buffer_reserve,774,*,,,0,char* resized;,no nearby overflow or range guard | multiplication can amplify overflow
50,process_system.c,abi_process_utf8_buffer_reserve,790,*,realloc(,SIZE_MAX,0,"resized = (char*)realloc(buffer->text, next_capacity);",size math feeds allocation or copy sink | multiplication can amplify overflow | pointer or indexed arithmetic
50,process_system.c,abi_process_utf8_buffer_append_quoted_argument,914,*,,,0,"if (!abi_process_utf8_buffer_append_chars(buffer, '\\', backslash_count * 2u)) {",no nearby overflow or range guard | multiplication can amplify overflow
50,process_system.c,abi_process_wide_entry_list_push,975,*,,,0,wchar_t** resized;,no nearby overflow or range guard | multiplication can amplify overflow
50,process_system.c,abi_process_wide_entry_list_push,992,*,realloc(,overflow,0,"resized = (wchar_t**)realloc(list->entries, allocation_size);",size math feeds allocation or copy sink | multiplication can amplify overflow | pointer or indexed arithmetic
50,process_system.c,abi_process_wide_entry_list_push,1001,+,,,0,list->count += 1u;,no nearby overflow or range guard | sentinel/null byte style increment | pointer or indexed arithmetic
50,process_system.c,abi_process_wide_entry_key_length,1019,*,,,0,static size_t abi_process_wide_entry_key_length(const wchar_t* entry) {,no nearby overflow or range guard | multiplication can amplify overflow
50,process_system.c,abi_process_windows_cache_init,1264,*,,,0,9u * sizeof(wchar_t),no nearby overflow or range guard | multiplication can amplify overflow
50,process_system.c,abi_process_drain_stream_handle,1375,*,,,0,size_t* out_chunk_length,no nearby overflow or range guard | multiplication can amplify overflow
50,process_system.c,abi_process_drain_stream_handle,1422,*,,,0,next_capacity *= 2u;,no nearby overflow or range guard | multiplication can amplify overflow
50,process_system.c,abi_process_drain_stream_handle,1430,+,memcpy(,,0,"memcpy(chunk + chunk_length, buffer, bytes_read);",no nearby overflow or range guard | size math feeds allocation or copy sink
50,process_system.c,abi_process_pump_output,1447,*,,,0,"size_t* out_primary_chunk_length,",no nearby overflow or range guard | multiplication can amplify overflow
50,process_system.c,abi_process_pump_output,1449,*,,,0,size_t* out_secondary_chunk_length,no nearby overflow or range guard | multiplication can amplify overflow
50,process_system.c,abi_process_write_handle_bytes,1639,*,,,0,"const unsigned char* bytes,",no nearby overflow or range guard | multiplication can amplify overflow
50,process_system.c,abi_process_spec_create,2202,<<,,,0,bit = UINT64_C(1) << slot;,no nearby overflow or range guard | shift-based growth math
50,process_system.c,abi_process_spec_destroy,2233,<<,,,0,g_spec_occupancy_bits &= ~(UINT64_C(1) << slot);,no nearby overflow or range guard | shift-based growth math
50,process_system.c,abi_process_allocate_slot,2419,*,,,0,static KainNativeProcessHandle* abi_process_allocate_slot(void) {,no nearby overflow or range guard | multiplication can amplify overflow
50,process_system.c,abi_process_allocate_slot,2428,<<,,,0,bit = UINT64_C(1) << slot;,no nearby overflow or range guard | shift-based growth math
50,process_system.c,abi_process_write_hex,2833,*,,,0,"const char* bytes_hex,",no nearby overflow or range guard | multiplication can amplify overflow
50,process_system.c,abi_process_stdin_write_hex,2889,*,,,0,"int64_t abi_process_stdin_write_hex(int64_t process_id, const char* bytes_hex) {",no nearby overflow or range guard | multiplication can amplify overflow
50,process_system.c,abi_process_pty_write_hex,3174,*,,,0,"int64_t abi_process_pty_write_hex(int64_t process_id, const char* bytes_hex) {",no nearby overflow or range guard | multiplication can amplify overflow
50,realtime.c,realtime_copy_cstr,76,*,,,0,"static void realtime_copy_cstr(char* out, size_t out_cap, const char* value) {",no nearby overflow or range guard | multiplication can amplify overflow
50,realtime.c,realtime_count_array_objects,439,*,,,0,"ZeroMemory(binding, sizeof(*binding));",no nearby overflow or range guard | multiplication can amplify overflow
50,realtime.c,realtime_count_array_objects,715,*,,,0,base_bytes = dispatch_product * 16ull;,no nearby overflow or range guard | multiplication can amplify overflow
50,realtime.c,realtime_count_array_objects,719,*,,,0,base_bytes = dispatch_product * 8ull;,no nearby overflow or range guard | multiplication can amplify overflow
50,realtime.c,realtime_count_array_objects,724,*,,,0,base_bytes *= 2ull;,no nearby overflow or range guard | multiplication can amplify overflow
50,realtime.c,realtime_count_array_objects,726,*,,,0,base_bytes *= 3ull;,no nearby overflow or range guard | multiplication can amplify overflow
50,realtime.c,realtime_count_array_objects,848,*,,,0,"ZeroMemory(material, sizeof(*material));",no nearby overflow or range guard | multiplication can amplify overflow
50,realtime.c,realtime_count_array_objects,906,*,,,0,"ZeroMemory(compute, sizeof(*compute));",no nearby overflow or range guard | multiplication can amplify overflow
50,realtime.c,realtime_count_array_objects,992,*,,,0,"int* shader_ref_count,",no nearby overflow or range guard | multiplication can amplify overflow
50,realtime.c,realtime_count_array_objects,993,*,,,0,"int* vertex_ref_count,",no nearby overflow or range guard | multiplication can amplify overflow
50,realtime.c,realtime_count_array_objects,994,*,,,0,"int* fragment_ref_count,",no nearby overflow or range guard | multiplication can amplify overflow
50,realtime.c,realtime_count_array_objects,995,*,,,0,int* compute_ref_count,no nearby overflow or range guard | multiplication can amplify overflow
50,realtime.c,realtime_count_array_objects,1054,*,,,0,"ZeroMemory(bundle, sizeof(*bundle));",no nearby overflow or range guard | multiplication can amplify overflow
50,realtime.c,realtime_count_array_objects,1576,*,,,0,"ZeroMemory(resource, sizeof(*resource));",no nearby overflow or range guard | multiplication can amplify overflow
50,realtime.c,realtime_count_array_objects,1648,*,,,0,"ZeroMemory(contract, sizeof(*contract));",no nearby overflow or range guard | multiplication can amplify overflow
50,realtime.c,realtime_count_array_objects,1655,*,,,0,"ZeroMemory(contract, sizeof(*contract));",no nearby overflow or range guard | multiplication can amplify overflow
50,realtime.c,realtime_count_array_objects,1662,*,,,0,"ZeroMemory(schedule, sizeof(*schedule));",no nearby overflow or range guard | multiplication can amplify overflow
50,realtime.c,realtime_count_array_objects,1811,*,,,0,"ZeroMemory(pass, sizeof(*pass));",no nearby overflow or range guard | multiplication can amplify overflow
50,realtime.c,realtime_count_array_objects,1851,*,,,0,"ZeroMemory(pass, sizeof(*pass));",no nearby overflow or range guard | multiplication can amplify overflow
50,realtime.c,realtime_count_array_objects,1891,*,,,0,"ZeroMemory(pass, sizeof(*pass));",no nearby overflow or range guard | multiplication can amplify overflow
50,realtime.c,realtime_count_array_objects,1914,*,,,0,"ZeroMemory(attachment, sizeof(*attachment));",no nearby overflow or range guard | multiplication can amplify overflow
50,realtime.c,realtime_count_array_objects,1934,*,,,0,"ZeroMemory(attachment, sizeof(*attachment));",no nearby overflow or range guard | multiplication can amplify overflow
50,realtime.c,realtime_count_array_objects,1954,*,,,0,"ZeroMemory(attachment, sizeof(*attachment));",no nearby overflow or range guard | multiplication can amplify overflow
50,realtime.c,realtime_count_array_objects,1989,*,,,0,"ZeroMemory(attachment, sizeof(*attachment));",no nearby overflow or range guard | multiplication can amplify overflow
50,realtime.c,realtime_count_array_objects,2020,*,,,0,"ZeroMemory(dependency, sizeof(*dependency));",no nearby overflow or range guard | multiplication can amplify overflow
50,realtime.c,realtime_count_array_objects,2044,*,,,0,"ZeroMemory(dependency, sizeof(*dependency));",no nearby overflow or range guard | multiplication can amplify overflow
50,realtime.c,realtime_count_array_objects,2151,*,,,0,"ZeroMemory(step, sizeof(*step));",no nearby overflow or range guard | multiplication can amplify overflow
50,realtime.c,realtime_count_array_objects,2173,*,,,0,"ZeroMemory(step, sizeof(*step));",no nearby overflow or range guard | multiplication can amplify overflow
50,realtime.c,realtime_count_array_objects,2215,*,,,0,"ZeroMemory(step, sizeof(*step));",no nearby overflow or range guard | multiplication can amplify overflow
50,realtime.c,realtime_count_array_objects,2242,*,,,0,"ZeroMemory(barrier, sizeof(*barrier));",no nearby overflow or range guard | multiplication can amplify overflow
50,realtime.c,realtime_count_array_objects,2276,*,,,0,"ZeroMemory(barrier, sizeof(*barrier));",no nearby overflow or range guard | multiplication can amplify overflow
50,realtime.c,realtime_count_array_objects,2331,*,,,0,"ZeroMemory(bundle, sizeof(*bundle));",no nearby overflow or range guard | multiplication can amplify overflow
50,realtime.c,realtime_count_array_objects,2341,*,,,0,"ZeroMemory(validation, sizeof(*validation));",no nearby overflow or range guard | multiplication can amplify overflow
50,realtime.c,realtime_count_array_objects,2428,*,,,0,"ZeroMemory(state, sizeof(*state));",no nearby overflow or range guard | multiplication can amplify overflow
50,reflection.c,kain_reflection_load_from_path,229,*,,,0,if (file_size <= 0 || file_size > 10 * 1024 * 1024) {,no nearby overflow or range guard | multiplication can amplify overflow
50,reflection.c,kain_reflection_get_type_count,456,*,,,0,int kain_reflection_get_type_count(const KainReflectionPayload* payload) {,no nearby overflow or range guard | multiplication can amplify overflow
50,reflection.c,kain_reflection_get_item_count,460,*,,,0,int kain_reflection_get_item_count(const KainReflectionPayload* payload) {,no nearby overflow or range guard | multiplication can amplify overflow
50,reflection.c,reflection_query_init,570,*,,,0,"ZeroMemory(query, sizeof(*query));",no nearby overflow or range guard | multiplication can amplify overflow
50,reflection.c,reflection_record_init,577,*,,,0,"ZeroMemory(record, sizeof(*record));",no nearby overflow or range guard | multiplication can amplify overflow
50,reflection.c,json_parse,803,*,,,0,"static int json_parse_string(JsonParser* parser, char* out, size_t out_size) {",no nearby overflow or range guard | multiplication can amplify overflow
50,reflection.c,json_parse,968,*,,,0,"static int reflection_ensure_type_capacity(KainReflectionPayload* payload, int min_capacity) {",no nearby overflow or range guard | multiplication can amplify overflow
50,reflection.c,json_parse,978,*,,,0,new_capacity *= 2;,no nearby overflow or range guard | multiplication can amplify overflow
50,reflection.c,json_parse,991,*,,,0,"static int reflection_ensure_item_capacity(KainReflectionPayload* payload, int min_capacity) {",no nearby overflow or range guard | multiplication can amplify overflow
50,reflection.c,json_parse,1001,*,,,0,new_capacity *= 2;,no nearby overflow or range guard | multiplication can amplify overflow
50,reflection.c,json_parse,1050,*,,,0,static uint64_t reflection_token_load_le64(const unsigned char* bytes) {,no nearby overflow or range guard | multiplication can amplify overflow
50,reflection.c,json_parse,1063,*,,,0,uint64_t folded0 = (lo ^ length) * magic;,no nearby overflow or range guard | multiplication can amplify overflow
50,reflection.c,json_parse,1430,+,,,0,"if (reflection_ensure_type_capacity(payload, payload->type_count + 1) != 0) {",no nearby overflow or range guard | sentinel/null byte style increment | pointer or indexed arithmetic
50,reflection.c,json_parse,1442,*,,,0,"ZeroMemory(schema, sizeof(*schema));",no nearby overflow or range guard | multiplication can amplify overflow
50,reflection.c,json_parse,1540,+,,,0,"if (reflection_ensure_item_capacity(payload, payload->item_count + 1) != 0) {",no nearby overflow or range guard | sentinel/null byte style increment | pointer or indexed arithmetic
50,reflection.c,json_parse,1552,*,,,0,"ZeroMemory(item, sizeof(*item));",no nearby overflow or range guard | multiplication can amplify overflow
50,reflection.c,reflection_copy_text,1780,*,,,0,"static void reflection_copy_text(char* out, size_t out_size, const char* text) {",no nearby overflow or range guard | multiplication can amplify overflow
50,renderer_backend.c,kain_renderer_backend_at,48,*,,,0,const KainRendererBackendDescriptor* kain_renderer_backend_at(size_t index) {,no nearby overflow or range guard | multiplication can amplify overflow
50,scene.c,runtime_append_text,13,*,,,0,"static int runtime_append_text(char* out, size_t out_cap, const char* text) {",no nearby overflow or range guard | multiplication can amplify overflow
50,scene.c,runtime_append_text,34,+,memcpy(,,0,"memcpy(out + offset, text, text_len);",no nearby overflow or range guard | size math feeds allocation or copy sink
50,scene.c,kain_scene_mutation_request_init,96,*,,,0,"ZeroMemory(request, sizeof(*request));",no nearby overflow or range guard | multiplication can amplify overflow
50,scene.c,kain_scene_mutation_receipt_init,103,*,,,0,"ZeroMemory(receipt, sizeof(*receipt));",no nearby overflow or range guard | multiplication can amplify overflow
50,scene.c,kain_scene_query_request_init,110,*,,,0,"ZeroMemory(request, sizeof(*request));",no nearby overflow or range guard | multiplication can amplify overflow
50,scene.c,kain_scene_query_result_init,118,*,,,0,"ZeroMemory(result, sizeof(*result));",no nearby overflow or range guard | multiplication can amplify overflow
50,scene.c,backend_descriptor_init,143,*,,,0,"ZeroMemory(descriptor, sizeof(*descriptor));",no nearby overflow or range guard | multiplication can amplify overflow
50,scene.c,display_descriptor_init,150,*,,,0,"ZeroMemory(descriptor, sizeof(*descriptor));",no nearby overflow or range guard | multiplication can amplify overflow
50,scene.c,device_descriptor_init,157,*,,,0,"ZeroMemory(descriptor, sizeof(*descriptor));",no nearby overflow or range guard | multiplication can amplify overflow
50,services.c,kain_copy_text,26,*,,,0,"static void kain_copy_text(char* out, size_t out_size, const char* text) {",no nearby overflow or range guard | multiplication can amplify overflow
50,services.c,kain_service_magic_prefix_state,75,*,,,0,uint64_t folded0 = (word0 ^ length) * magic;,no nearby overflow or range guard | multiplication can amplify overflow
50,services.c,kain_service_key_metadata_ascii_lower,85,*,,,0,"size_t* out_length,",no nearby overflow or range guard | multiplication can amplify overflow
50,services.c,kain_service_descriptor_copy,160,*,,,0,"ZeroMemory(destination, sizeof(*destination));",no nearby overflow or range guard | multiplication can amplify overflow
50,services.c,kain_service_registry_init,762,*,,,0,"ZeroMemory(registry, sizeof(*registry));",no nearby overflow or range guard | multiplication can amplify overflow
50,services.c,kain_service_registry_probe_native_net_service,898,*,,,0,int* out_probe_passed,no nearby overflow or range guard | multiplication can amplify overflow
50,services.c,kain_service_registry_probe_native_process_service,920,*,,,0,int* out_probe_passed,no nearby overflow or range guard | multiplication can amplify overflow
50,services.c,kain_service_registry_validate_required,1083,*,,,0,int* diagnostic_count,no nearby overflow or range guard | multiplication can amplify overflow
50,simd.c,kain_simd_dot_avx2_raw,189,+,memcpy(,,0,"__builtin_memcpy(&left_values, left + index, sizeof(left_values));",no nearby overflow or range guard | size math feeds allocation or copy sink
50,simd.c,kain_simd_dot_avx2_raw,190,+,memcpy(,,0,"__builtin_memcpy(&right_values, right + index, sizeof(right_values));",no nearby overflow or range guard | size math feeds allocation or copy sink
50,simd.c,kain_simd_affine_stats_avx2_raw,226,+,memcpy(,,0,"__builtin_memcpy(&left_values, left + index, sizeof(left_values));",no nearby overflow or range guard | size math feeds allocation or copy sink
50,simd.c,kain_simd_affine_stats_avx2_raw,227,+,memcpy(,,0,"__builtin_memcpy(&right_values, right + index, sizeof(right_values));",no nearby overflow or range guard | size math feeds allocation or copy sink
50,simd.c,kain_simd_dot_avx512_raw,271,+,memcpy(,,0,"__builtin_memcpy(&left_values, left + index, sizeof(left_values));",no nearby overflow or range guard | size math feeds allocation or copy sink
50,simd.c,kain_simd_dot_avx512_raw,272,+,memcpy(,,0,"__builtin_memcpy(&right_values, right + index, sizeof(right_values));",no nearby overflow or range guard | size math feeds allocation or copy sink
50,simd.c,kain_simd_affine_stats_avx512_raw,308,+,memcpy(,,0,"__builtin_memcpy(&left_values, left + index, sizeof(left_values));",no nearby overflow or range guard | size math feeds allocation or copy sink
50,simd.c,kain_simd_affine_stats_avx512_raw,309,+,memcpy(,,0,"__builtin_memcpy(&right_values, right + index, sizeof(right_values));",no nearby overflow or range guard | size math feeds allocation or copy sink
50,stdlib_abi.c,abi_copy_text,102,*,,,0,"static void abi_copy_text(char* destination, size_t capacity, const char* source) {",no nearby overflow or range guard | multiplication can amplify overflow
50,stdlib_abi.c,abi_copy_text,108,+,,,0,while (source[index] != '\0' && index + 1u < capacity) {,no nearby overflow or range guard | sentinel/null byte style increment | pointer or indexed arithmetic
50,stdlib_abi.c,abi_attrition_json_write_events,397,*,,,0,"static void abi_attrition_json_write_events(FILE* stream, const KainAttritionEvent* events, size_t count) {",no nearby overflow or range guard | multiplication can amplify overflow
50,stdlib_abi.c,abi_copy_payload_allocation,618,*,,,0,"static void* abi_copy_payload_allocation(const void* payload, int64_t payload_size) {",no nearby overflow or range guard | multiplication can amplify overflow
50,stdlib_abi.c,abi_copy_payload_allocation,627,*,,,0,"value = (KainNativeTaggedValue*)kain_alloc_rc(allocation_size, 4);",no nearby overflow or range guard | multiplication can amplify overflow
50,stdlib_abi.c,abi_tagged_new,641,*,,,0,"static void* abi_tagged_new(int64_t tag, const void* payload, int64_t payload_size) {",no nearby overflow or range guard | multiplication can amplify overflow
50,stdlib_abi.c,abi_tagged_new,642,*,,,0,"KainNativeTaggedValue* value = (KainNativeTaggedValue*)abi_copy_payload_allocation(payload, payload_size);",no nearby overflow or range guard | multiplication can amplify overflow
50,stdlib_abi.c,abi_option_some,661,*,,,0,"void* abi_option_some(const void* payload, int64_t payload_size) {",no nearby overflow or range guard | multiplication can amplify overflow
50,stdlib_abi.c,abi_tagged_payload_copy,686,*,,,0,"int64_t abi_tagged_payload_copy(const void* value, void* out_payload, int64_t out_payload_size) {",no nearby overflow or range guard | multiplication can amplify overflow
50,stdlib_abi.c,abi_option_payload_copy,707,*,,,0,"int64_t abi_option_payload_copy(const void* value, void* out_payload, int64_t out_payload_size) {",no nearby overflow or range guard | multiplication can amplify overflow
50,stdlib_abi.c,abi_result_ok,714,*,,,0,"void* abi_result_ok(const void* payload, int64_t payload_size) {",no nearby overflow or range guard | multiplication can amplify overflow
50,stdlib_abi.c,abi_result_err,718,*,,,0,"void* abi_result_err(const void* payload, int64_t payload_size) {",no nearby overflow or range guard | multiplication can amplify overflow
50,stdlib_abi.c,abi_result_payload_copy,732,*,,,0,"int64_t abi_result_payload_copy(const void* value, void* out_payload, int64_t out_payload_size) {",no nearby overflow or range guard | multiplication can amplify overflow
50,stdlib_abi.c,abi_future_ready_from_value,769,*,,,0,"void* abi_future_ready_from_value(const void* payload, int64_t payload_size) {",no nearby overflow or range guard | multiplication can amplify overflow
50,stdlib_abi.c,abi_future_ready_from_value,777,*,,,0,"future_value = (KainNativeFutureValue*)kain_alloc_rc(allocation_size, 4);",no nearby overflow or range guard | multiplication can amplify overflow
50,stdlib_abi.c,abi_future_await_payload_copy,813,*,,,0,"int64_t abi_future_await_payload_copy(const void* future_value, void* out_payload, int64_t out_payload_size) {",no nearby overflow or range guard | multiplication can amplify overflow
50,stdlib_abi.c,abi_async_sleep_future,857,*,,,0,"future_value = (KainNativeFutureValue*)kain_alloc_rc(sizeof(KainNativeFutureValue), 4);",no nearby overflow or range guard | multiplication can amplify overflow
50,stdlib_abi.c,abi_copy_actor_name,916,*,,,0,"static void abi_copy_actor_name(char* destination, size_t destination_size, const char* source) {",no nearby overflow or range guard | multiplication can amplify overflow
50,stdlib_abi.c,abi_copy_actor_name,922,+,,,0,while (source[index] != '\0' && index + 1 < destination_size) {,no nearby overflow or range guard | sentinel/null byte style increment | pointer or indexed arithmetic
50,stdlib_abi.c,abi_entangle_binding_at,1134,*,,,0,static const KainRuntimeEntangleBinding* abi_entangle_binding_at(int64_t index) {,no nearby overflow or range guard | multiplication can amplify overflow
50,stdlib_abi.c,abi_entangle_get_authority,1145,*,,,0,const char* abi_entangle_get_authority(int64_t index) {,no nearby overflow or range guard | multiplication can amplify overflow
50,stdlib_abi.c,abi_entangle_get_authority,1146,*,,,0,const KainRuntimeEntangleBinding* binding = abi_entangle_binding_at(index);,no nearby overflow or range guard | multiplication can amplify overflow
50,stdlib_abi.c,abi_entangle_get_mirror,1150,*,,,0,const char* abi_entangle_get_mirror(int64_t index) {,no nearby overflow or range guard | multiplication can amplify overflow
50,stdlib_abi.c,abi_entangle_get_mirror,1151,*,,,0,const KainRuntimeEntangleBinding* binding = abi_entangle_binding_at(index);,no nearby overflow or range guard | multiplication can amplify overflow
50,stdlib_abi.c,abi_entangle_get_policy,1155,*,,,0,const char* abi_entangle_get_policy(int64_t index) {,no nearby overflow or range guard | multiplication can amplify overflow
50,stdlib_abi.c,abi_entangle_get_policy,1156,*,,,0,const KainRuntimeEntangleBinding* binding = abi_entangle_binding_at(index);,no nearby overflow or range guard | multiplication can amplify overflow
50,stdlib_abi.c,abi_entangle_get_type_name,1160,*,,,0,const char* abi_entangle_get_type_name(int64_t index) {,no nearby overflow or range guard | multiplication can amplify overflow
50,stdlib_abi.c,abi_entangle_get_type_name,1161,*,,,0,const KainRuntimeEntangleBinding* binding = abi_entangle_binding_at(index);,no nearby overflow or range guard | multiplication can amplify overflow
50,stdlib_abi.c,abi_fs_string_with_len,1333,*,,,0,"static char* abi_fs_string_with_len(const char* source, size_t length) {",no nearby overflow or range guard | multiplication can amplify overflow
50,stdlib_abi.c,abi_fs_copy_message,1348,*,,,0,"static void abi_fs_copy_message(char* destination, size_t destination_size, const char* source) {",no nearby overflow or range guard | multiplication can amplify overflow
50,stdlib_abi.c,abi_fs_builder_reserve,1473,*,,,0,"static int abi_fs_builder_reserve(KainNativeFsTextBuilder* builder, size_t additional) {",no nearby overflow or range guard | multiplication can amplify overflow
50,stdlib_abi.c,abi_fs_builder_reserve,1504,*,realloc(,SIZE_MAX,0,"grown = (char*)realloc(builder->data, next_capacity);",size math feeds allocation or copy sink | multiplication can amplify overflow | pointer or indexed arithmetic
50,stdlib_abi.c,abi_fs_creation_root_span,1580,*,,,0,static size_t abi_fs_creation_root_span(const char* path) {,no nearby overflow or range guard | multiplication can amplify overflow
50,stdlib_abi.c,abi_fs_creation_root_span,1595,+,,,0,&& abi_fs_is_separator(path[index + 1])) {,no nearby overflow or range guard | sentinel/null byte style increment | pointer or indexed arithmetic
50,stdlib_abi.c,abi_fs_creation_root_span,1599,+,,,0,&& (path[index + 1] == 'N' || path[index + 1] == 'n'),no nearby overflow or range guard | sentinel/null byte style increment | pointer or indexed arithmetic
50,stdlib_abi.c,abi_fs_creation_root_span,1605,+,,,0,&& path[index + 1] == ':',no nearby overflow or range guard | sentinel/null byte style increment | pointer or indexed arithmetic
50,stdlib_abi.c,abi_fs_write_mode_len,1722,*,,,0,"static int64_t abi_fs_write_mode_len(const char* path, const char* content, size_t length, const char* mode) {",no nearby overflow or range guard | multiplication can amplify overflow
50,stdlib_abi.c,abi_fs_read_text_range,1800,*,,,0,"const char* abi_fs_read_text_range(const char* path, int64_t offset, int64_t length) {",no nearby overflow or range guard | multiplication can amplify overflow
50,stdlib_abi.c,abi_fs_write_text_len,1842,*,,,0,"int64_t abi_fs_write_text_len(const char* path, const char* content, int64_t content_length) {",no nearby overflow or range guard | multiplication can amplify overflow
50,stdlib_abi.c,abi_fs_append_text_len,1854,*,,,0,"int64_t abi_fs_append_text_len(const char* path, const char* content, int64_t content_length) {",no nearby overflow or range guard | multiplication can amplify overflow
50,stdlib_abi.c,abi_fs_read_byte_range_hex,1869,*,,,0,"const char* abi_fs_read_byte_range_hex(const char* path, int64_t offset, int64_t length) {",no nearby overflow or range guard | multiplication can amplify overflow
50,stdlib_abi.c,abi_fs_read_byte_range_hex,1907,*,,,0,"if (abi_fs_builder_reserve(&builder, read_count * 2) != 0) {",no nearby overflow or range guard | multiplication can amplify overflow
50,stdlib_abi.c,abi_fs_read_bytes_hex,1925,*,,,0,const char* abi_fs_read_bytes_hex(const char* path) {,no nearby overflow or range guard | multiplication can amplify overflow
50,stdlib_abi.c,abi_fs_write_bytes_hex,1956,*,,,0,"int64_t abi_fs_write_bytes_hex(const char* path, const char* hex) {",no nearby overflow or range guard | multiplication can amplify overflow
50,stdlib_abi.c,abi_fs_write_bytes_hex,1979,+,,,0,int lo = abi_fs_hex_value(hex[index + 1]);,no nearby overflow or range guard | sentinel/null byte style increment | pointer or indexed arithmetic
50,stdlib_abi.c,abi_fs_metadata_text,2110,*,,,0,"if (_snprintf_s(pattern, sizeof(pattern), _TRUNCATE, ""%s\\*"", path) < 0) {",no nearby overflow or range guard | multiplication can amplify overflow
50,stdlib_abi.c,abi_fs_metadata_text,2142,*,,,0,"if (_snprintf_s(pattern, sizeof(pattern), _TRUNCATE, ""%s\\*"", path) < 0) {",no nearby overflow or range guard | multiplication can amplify overflow
50,stdlib_abi.c,abi_fs_metadata_text,2330,*,,,0,"int64_t abi_fs_copy_file_streaming(const char* src, const char* dest, int64_t chunk_size) {",no nearby overflow or range guard | multiplication can amplify overflow
50,stdlib_abi.c,abi_fs_metadata_text,2344,*,,,0,if (buffer_size > 1024 * 1024) {,no nearby overflow or range guard | multiplication can amplify overflow
50,stdlib_abi.c,abi_fs_metadata_text,2345,*,,,0,buffer_size = 1024 * 1024;,no nearby overflow or range guard | multiplication can amplify overflow
50,stdlib_abi.c,abi_fs_metadata_text,2494,*,,,0,"static void abi_fs_temp_base(char* buffer, size_t buffer_size) {",no nearby overflow or range guard | multiplication can amplify overflow
50,stdlib_abi.c,abi_fs_metadata_text,2502,*,,,0,"static void abi_fs_temp_path(char* buffer, size_t buffer_size, const char* prefix, int attempt) {",no nearby overflow or range guard | multiplication can amplify overflow
50,stdlib_abi.c,abi_fs_metadata_text,2559,*,,,0,"int64_t abi_fs_atomic_write_text_len(const char* path, const char* content, int64_t content_length) {",no nearby overflow or range guard | multiplication can amplify overflow
50,stdlib_abi.c,abi_fs_metadata_text,2630,*,,,0,size_t base = index * 4;,no nearby overflow or range guard | multiplication can amplify overflow
50,stdlib_abi.c,abi_fs_metadata_text,2703,*,,,0,"static void abi_sha256_update(KainNativeSha256* ctx, const unsigned char* data, size_t length) {",no nearby overflow or range guard | multiplication can amplify overflow
50,stdlib_abi.c,abi_fs_metadata_text,2763,*,,,0,"static const char* abi_crypto_hex_string_from_bytes(const unsigned char* bytes, size_t length) {",no nearby overflow or range guard | multiplication can amplify overflow
50,stdlib_abi.c,abi_fs_metadata_text,2773,*|+,malloc(,SIZE_MAX,0,output = (char*)malloc((length * 2u) + 1u);,size math feeds allocation or copy sink | multiplication can amplify overflow | sentinel/null byte style increment
50,stdlib_abi.c,abi_fs_metadata_text,2787,*,,,0,"static int abi_crypto_fill_random(unsigned char* buffer, size_t length) {",no nearby overflow or range guard | multiplication can amplify overflow
50,stdlib_abi.c,abi_fs_metadata_text,2800,+,memcpy(,,0,"memcpy(buffer + offset, &word, take);",no nearby overflow or range guard | size math feeds allocation or copy sink
50,stdlib_abi.c,abi_fs_metadata_text,2823,*,,,0,const char* abi_crypto_random_bytes_hex(int64_t length) {,no nearby overflow or range guard | multiplication can amplify overflow
50,stdlib_abi.c,abi_fs_metadata_text,2845,*,,,0,"const char* abi_crypto_sha256_text(const char* text, int64_t text_length) {",no nearby overflow or range guard | multiplication can amplify overflow
50,stdlib_abi.c,abi_fs_metadata_text,2855,*,,,0,"abi_crypto_sha256_bytes((const unsigned char*)text, length, digest);",no nearby overflow or range guard | multiplication can amplify overflow
50,stdlib_abi.c,abi_fs_metadata_text,2859,*,,,0,"const char* abi_crypto_hmac_sha256_text(const char* key, int64_t key_length, const char* message, int64_t message_length) {",no nearby overflow or range guard | multiplication can amplify overflow
50,stdlib_abi.c,abi_fs_metadata_text,2879,*,,,0,"abi_crypto_sha256_bytes((const unsigned char*)key, key_len, key_block);",no nearby overflow or range guard | multiplication can amplify overflow
50,stdlib_abi.c,abi_fs_metadata_text,2929,<<|>>|-,,,0,return (value >> count) | (value << (32u - count));,no nearby overflow or range guard | shift-based growth math
50,stdlib_abi.c,abi_fs_metadata_text,2932,*,,,0,static uint32_t abi_blake3_load32_le(const unsigned char* bytes) {,no nearby overflow or range guard | multiplication can amplify overflow
50,stdlib_abi.c,abi_fs_metadata_text,2939,*,,,0,"static void abi_blake3_store32_le(unsigned char* bytes, uint32_t word) {",no nearby overflow or range guard | multiplication can amplify overflow
50,stdlib_abi.c,abi_fs_metadata_text,3113,*,,,0,size_t offset = chunk_index * ABI_BLAKE3_CHUNK_LEN;,no nearby overflow or range guard | multiplication can amplify overflow
50,stdlib_abi.c,abi_fs_metadata_text,3117,*|+,,,0,"abi_blake3_output_chaining_value(&output, cvs + (chunk_index * 8u));",no nearby overflow or range guard | multiplication can amplify overflow
50,stdlib_abi.c,abi_fs_metadata_text,3141,*,,,0,"const char* abi_crypto_blake3_text(const char* text, int64_t text_length) {",no nearby overflow or range guard | multiplication can amplify overflow
50,stdlib_abi.c,abi_fs_metadata_text,3151,*,,,0,"abi_crypto_blake3_bytes((const unsigned char*)text, length, digest);",no nearby overflow or range guard | multiplication can amplify overflow
50,wire.c,abi_wire_zero_copy_binary_checksum,120,*,,,0,int32_t* suffix_counts =,no nearby overflow or range guard | multiplication can amplify overflow
50,wire.c,abi_wire_zero_copy_binary_checksum,133,+,,,0,suffix_counts[period_index] += suffix_counts[period_index + 1];,no nearby overflow or range guard | sentinel/null byte style increment | pointer or indexed arithmetic
50,wire.c,abi_wire_zero_copy_binary_checksum,145,*,,,0,(KAIN_WIRE_WORD3_MOD * wrap_count);,no nearby overflow or range guard | multiplication can amplify overflow
45,async.c,kain_async_release_task_record_locked,462,-,,,1,slot = (uint32_t)(task - g_async_tasks);,no nearby overflow or range guard | explicit cast in arithmetic site
45,async.c,kain_async_release_timer_record_locked,490,-,,,1,slot = (uint32_t)(timer - g_async_timers);,no nearby overflow or range guard | explicit cast in arithmetic site
45,async.c,kain_async_timer_thread_proc,1171,-,,,1,uint32_t slot = (uint32_t)(timer - g_async_timers);,no nearby overflow or range guard | explicit cast in arithmetic site
45,async.c,kain_async_timer_thread_proc,1192,-,,,1,uint32_t slot = (uint32_t)(timer - g_async_timers);,no nearby overflow or range guard | explicit cast in arithmetic site
45,async.c,kain_async_timer_thread_proc,1212,-,,,1,uint32_t slot = (uint32_t)(timer - g_async_timers);,no nearby overflow or range guard | explicit cast in arithmetic site
45,contract.c,contract_find_substring,85,-,,,1,if (needle_len == 0 || start >= end || (size_t)(end - start) < needle_len) {,no nearby overflow or range guard | explicit cast in arithmetic site
45,core.c,kain_find_substring_bytes,56,-,,,1,remaining = haystack_len - (size_t)(cursor - haystack);,no nearby overflow or range guard | explicit cast in arithmetic site
45,core.c,trim,812,-,,,1,"return kain_string_new_with_len(start, (size_t)(end - start));",no nearby overflow or range guard | explicit cast in arithmetic site
45,core.c,find_substring_from,916,-,,,1,if ((size_t)start > s_len) return -1;,no nearby overflow or range guard | explicit cast in arithmetic site
45,core.c,find_substring_from,921,-,,,1,offset = (size_t)(match - s);,no nearby overflow or range guard | explicit cast in arithmetic site
45,core.c,find_substring_from,922,-,,,1,if (offset > (size_t)LLONG_MAX) return -1;,no nearby overflow or range guard | explicit cast in arithmetic site
45,core.c,find_substring_from_known_lengths,940,-,,,1,if ((size_t)start > haystack_len) return -1;,no nearby overflow or range guard | explicit cast in arithmetic site
45,core.c,find_substring_from_known_lengths,945,-,,,1,offset = (size_t)(match - s);,no nearby overflow or range guard | explicit cast in arithmetic site
45,core.c,find_substring_from_known_lengths,946,-,,,1,if (offset > (size_t)LLONG_MAX) return -1;,no nearby overflow or range guard | explicit cast in arithmetic site
45,core.c,byte_at,954,-,,,1,if ((size_t)index >= s_len) return -1;,no nearby overflow or range guard | explicit cast in arithmetic site
45,core.c,replace,977,+|-,,,1,final_len += (size_t)(match - cursor);,no nearby overflow or range guard | explicit cast in arithmetic site
45,core.c,replace,991,-,,,1,size_t prefix_len = (size_t)(match - cursor);,no nearby overflow or range guard | explicit cast in arithmetic site
45,core.c,kain_hash_bytes,1163,-,,,1,for (; length >= sizeof(uint64_t); length -= sizeof(uint64_t)) {,no nearby overflow or range guard | explicit cast in arithmetic site
45,core.c,kain_hash_bytes,1168,+,,,1,bytes += sizeof(uint64_t);,no nearby overflow or range guard | explicit cast in arithmetic site
45,cpu.c,abi_vm_unmap,425,-,,,1,"return munmap(ptr, (size_t)byte_count) == 0 ? 0 : -1;",no nearby overflow or range guard | explicit cast in arithmetic site
45,cpu.c,abi_vm_protect,478,-,,,1,"return mprotect(ptr, (size_t)byte_count, abi_vm_protection_mode(mode)) == 0 ? 0 : -1;",no nearby overflow or range guard | explicit cast in arithmetic site
45,diagnostics.c,kain_startup_validation_result_format,320,-,,,1,if (written > 0 && (size_t)written < out_size - 1) {,no nearby overflow or range guard | explicit cast in arithmetic site
45,diagnostics.c,kain_startup_validation_result_format,325,-,,,1,if (written > 0 && (size_t)written < out_size - 1) {,no nearby overflow or range guard | explicit cast in arithmetic site
45,diagnostics.c,kain_startup_validation_result_format,336,-,,,1,if (written > 0 && (size_t)written < out_size - 1) {,no nearby overflow or range guard | explicit cast in arithmetic site
45,diagnostics.c,kain_startup_validation_result_format,343,-,,,1,if (written > 0 && (size_t)written < out_size - 1) {,no nearby overflow or range guard | explicit cast in arithmetic site
45,diagnostics.c,kain_startup_validation_result_format,348,-,,,1,if (written > 0 && (size_t)written < out_size - 1) {,no nearby overflow or range guard | explicit cast in arithmetic site
45,net_system.c,abi_net_http_request_complete,285,+|-,,,1,header_length = (size_t)((header_end + 4) - bytes);,no nearby overflow or range guard | explicit cast in arithmetic site
45,net_system.c,abi_net_http_request_complete,286,-,,,1,header_body_offset = (size_t)(header_end - bytes);,no nearby overflow or range guard | explicit cast in arithmetic site
45,net_system.c,abi_net_send_all,667,+,,,1,sent += (size_t)written;,no nearby overflow or range guard | explicit cast in arithmetic site
45,net_system.c,abi_net_clear_request_from_server_queue,1034,-,,,1,uint32_t slot = (uint32_t)(request - g_requests);,no nearby overflow or range guard | explicit cast in arithmetic site
45,net_system.c,abi_net_parse_url,1107,-,,,1,host_length = (size_t)(port_start - host_start);,no nearby overflow or range guard | explicit cast in arithmetic site
45,net_system.c,abi_net_parse_url,1110,-,,,1,host_length = (size_t)(path_start - host_start);,no nearby overflow or range guard | explicit cast in arithmetic site
45,net_system.c,abi_net_parse_http_request,1315,+|-,,,1,header_length = (size_t)(headers_end + 4 - text);,no nearby overflow or range guard | explicit cast in arithmetic site
45,net_system.c,abi_net_send_raw_http_client,1525,-,,,1,body_length = response_length - (size_t)(body - response_bytes);,no nearby overflow or range guard | explicit cast in arithmetic site
45,net_system.c,abi_tcp_close,2015,-,,,1,slot = (uint32_t)(connection - g_connections);,no nearby overflow or range guard | explicit cast in arithmetic site
45,net_system.c,abi_tcp_listener_close,2029,-,,,1,slot = (uint32_t)(listener - g_listeners);,no nearby overflow or range guard | explicit cast in arithmetic site
45,net_system.c,abi_http_request_destroy,2224,-,,,1,slot = (uint32_t)(request - g_requests);,no nearby overflow or range guard | explicit cast in arithmetic site
45,net_system.c,abi_http_response_destroy,2242,-,,,1,slot = (uint32_t)(response - g_responses);,no nearby overflow or range guard | explicit cast in arithmetic site
45,net_system.c,abi_net_http_concurrency_request_ok,2441,+,,,1,length += (size_t)read_count;,no nearby overflow or range guard | explicit cast in arithmetic site
45,net_system.c,abi_net_http_concurrency_server_thread,2584,+,,,1,length += (size_t)read_count;,no nearby overflow or range guard | explicit cast in arithmetic site
45,net_system.c,abi_net_http_concurrency_server_thread,2768,+,,,1,acc = (acc + (int64_t)body_length + (index % 23)) % modulus;,no nearby overflow or range guard | explicit cast in arithmetic site
45,net_system.c,abi_net_http_concurrency_server_thread,2981,-,,,1,slot = (uint32_t)(server - g_servers);,no nearby overflow or range guard | explicit cast in arithmetic site
45,process_system.c,abi_process_release_handle,580,-,,,1,slot = (uint32_t)(process - g_processes);,no nearby overflow or range guard | explicit cast in arithmetic site
45,process_system.c,abi_process_windows_cache_init,1260,+,,,1,((size_t)command_shell_length + 9u) <= command_shell_path_capacity) {,no nearby overflow or range guard | explicit cast in arithmetic site
45,process_system.c,abi_process_spec_destroy,2232,-,,,1,slot = (uint32_t)(spec - g_specs);,no nearby overflow or range guard | explicit cast in arithmetic site
45,realtime.c,graphics_bundle_inline_list_contains,112,-,,,1,token_length = (size_t)(token_end - token_start);,no nearby overflow or range guard | explicit cast in arithmetic site
45,realtime.c,realtime_copy_string_value,174,-,,,1,length = (size_t)(end_quote - value_start);,no nearby overflow or range guard | explicit cast in arithmetic site
45,services.c,kain_service_registry_format_list,1243,+,,,1,written += (size_t)line_len;,no nearby overflow or range guard | explicit cast in arithmetic site
45,stdlib_abi.c,abi_copy_payload_allocation,626,+,,,1,allocation_size = sizeof(KainNativeTaggedValue) + (size_t)payload_size;,no nearby overflow or range guard | explicit cast in arithmetic site
45,stdlib_abi.c,abi_fs_read_byte_range_hex,1918,-,,,1,remaining -= (int64_t)read_count;,no nearby overflow or range guard | explicit cast in arithmetic site
45,stdlib_abi.c,abi_fs_metadata_text,2376,+,,,1,copied += (int64_t)read_count;,no nearby overflow or range guard | explicit cast in arithmetic site
45,stdlib_abi.c,abi_fs_metadata_text,2509,-,,,1,"_snprintf_s(buffer, buffer_size, _TRUNCATE, ""%s\\%s-%lu-%lld-%d"", base, prefix, (unsigned long)GetCurrentProcessId(), (long long)time(NULL), attempt);",no nearby overflow or range guard | explicit cast in arithmetic site
45,stdlib_abi.c,abi_fs_metadata_text,3116,+,,,1,"abi_blake3_chunk_output(input + offset, chunk_len, (uint64_t)chunk_index, &output);",no nearby overflow or range guard | explicit cast in arithmetic site
40,actor.c,kain_actor_reply_port_state_bind_synthetic_actor,1068,-,,,0,"kain_actor_copy_name(actor->name, sizeof(actor->name), ""kain-reply-port"");",no nearby overflow or range guard | pointer or indexed arithmetic
40,actor.c,kain_actor_mailbox_take_cached_node,1589,-,,,0,mailbox->free_node_count--;,no nearby overflow or range guard | pointer or indexed arithmetic
40,actor.c,kain_actor_mailbox_cache_or_free_node,1606,+,,,0,mailbox->free_node_count++;,no nearby overflow or range guard | pointer or indexed arithmetic
40,actor.c,kain_actor_mailbox_append_copied_locked,1661,+,,,0,mailbox->count++;,no nearby overflow or range guard | pointer or indexed arithmetic
40,actor.c,kain_actor_thread_proc,3093,+,,,0,actor_occupancy_popcount += kain_attrition_actor_popcount_u64(g_actor_table.occupancy_words[word_index]);,no nearby overflow or range guard | pointer or indexed arithmetic
40,actor.c,kain_actor_thread_proc,3105,+,,,0,actor_supervised_count += 1u;,no nearby overflow or range guard | sentinel/null byte style increment
40,actor.c,kain_actor_thread_proc,3108,+,,,0,actor_in_scheduler_turn_count += 1u;,no nearby overflow or range guard | sentinel/null byte style increment
40,actor.c,kain_actor_thread_proc,3111,+,,,0,actor_supervision_limit_hit_count += 1u;,no nearby overflow or range guard | sentinel/null byte style increment
40,actor.c,kain_actor_thread_proc,3118,+,,,0,actor_monitor_edge_count += 1u;,no nearby overflow or range guard | sentinel/null byte style increment
40,actor.c,kain_actor_thread_proc,3123,+,,,0,actor_link_edge_count += 1u;,no nearby overflow or range guard | sentinel/null byte style increment
40,actor.c,kain_actor_thread_proc,4306,+,,,0,supervisor->escalation_count++;,no nearby overflow or range guard | pointer or indexed arithmetic
40,actor.c,kain_actor_thread_proc,4349,+,,,0,supervisor->strategy_shutdown_count++;,no nearby overflow or range guard | pointer or indexed arithmetic
40,actor.c,kain_actor_thread_proc,4363,+,,,0,supervisor->strategy_shutdown_count++;,no nearby overflow or range guard | pointer or indexed arithmetic
40,actor.c,kain_actor_thread_proc,4395,+,,,0,supervisor->observed_child_exit_count++;,no nearby overflow or range guard | pointer or indexed arithmetic
40,async.c,kain_async_index_insert,311,+,,,0,uint32_t encoded_slot = slot + 1u;,no nearby overflow or range guard | sentinel/null byte style increment
40,async.c,kain_async_find_task_locked,406,-,,,0,slot = encoded_slot - 1u;,no nearby overflow or range guard | sentinel/null byte style increment
40,async.c,kain_async_find_timer_locked,433,-,,,0,slot = encoded_slot - 1u;,no nearby overflow or range guard | sentinel/null byte style increment
40,async.c,kain_async_timer_thread_proc,1407,+,,,0,async_task_occupancy_popcount += kain_async_popcount_u64(g_async_task_occupancy_words[word_index]);,no nearby overflow or range guard | pointer or indexed arithmetic
40,async.c,kain_async_timer_thread_proc,1410,+,,,0,async_timer_occupancy_popcount += kain_async_popcount_u64(g_async_timer_occupancy_words[word_index]);,no nearby overflow or range guard | pointer or indexed arithmetic
40,async.c,kain_async_timer_thread_proc,1418,+,,,0,async_task_cancel_requested_count += 1u;,no nearby overflow or range guard | sentinel/null byte style increment
40,async.c,kain_async_timer_thread_proc,1421,+,,,0,async_task_sleeping_count += 1u;,no nearby overflow or range guard | sentinel/null byte style increment
40,async.c,kain_async_timer_thread_proc,1424,+,,,0,async_task_ready_count += 1u;,no nearby overflow or range guard | sentinel/null byte style increment
40,async.c,kain_async_timer_thread_proc,1433,+,,,0,async_timer_cancelled_count += 1u;,no nearby overflow or range guard | sentinel/null byte style increment
40,async.c,kain_async_timer_thread_proc,1436,+,,,0,async_timer_fired_count += 1u;,no nearby overflow or range guard | sentinel/null byte style increment
40,async.c,kain_async_timer_thread_proc,1439,+,,,0,async_timer_started_count += 1u;,no nearby overflow or range guard | sentinel/null byte style increment
40,attrition.c,kain_attrition_record_event_locked,195,+,,,0,(g_kain_attrition_state.event_next_index + 1u) % KAIN_ATTRITION_EVENT_RING_CAPACITY;,no nearby overflow or range guard | sentinel/null byte style increment
40,attrition.c,kain_attrition_record_event_locked,196,+,,,0,g_kain_attrition_state.event_write_count += 1u;,no nearby overflow or range guard | sentinel/null byte style increment
40,attrition.c,kain_attrition_fragmentation_noise_locked,224,+,,,0,g_kain_attrition_state.fragmentation_count += 1u;,no nearby overflow or range guard | sentinel/null byte style increment
40,attrition.c,kain_attrition_fragmentation_noise_locked,238,+,,,0,(g_kain_attrition_state.fragmentation_head + 1u) % KAIN_ATTRITION_FRAGMENTATION_RING_CAPACITY;,no nearby overflow or range guard | sentinel/null byte style increment
40,attrition.c,kain_attrition_runtime_write_audit_json,489,-,,,0,return capacity - 1u;,no nearby overflow or range guard | sentinel/null byte style increment
40,attrition.c,kain_attrition_heap_release,585,-,,,0,g_kain_attrition_state.quarantine_live_bytes -= entry->bytes;,no nearby overflow or range guard | pointer or indexed arithmetic
40,attrition.c,kain_attrition_heap_release,591,+,,,0,g_kain_attrition_state.quarantine_count += 1u;,no nearby overflow or range guard | sentinel/null byte style increment
40,attrition.c,kain_attrition_heap_release,604,+,,,0,(g_kain_attrition_state.quarantine_head + 1u) % g_kain_attrition_state.config.quarantine_capacity;,no nearby overflow or range guard | sentinel/null byte style increment
40,contract.c,contract_append_message,276,+,,,0,if (length + value_length + 1 >= out_cap) {,no nearby overflow or range guard | sentinel/null byte style increment
40,contract.c,contract_append_message,281,+,,,0,out[length + value_length] = '\0';,no nearby overflow or range guard | pointer or indexed arithmetic
40,contract.c,contract_add_warning,300,+,,,0,validation->warning_count += 1;,no nearby overflow or range guard | pointer or indexed arithmetic
40,contract.c,contract_analyze_services,432,-,,,0,expected_core_service_count - bundle->core_service_count;,no nearby overflow or range guard | pointer or indexed arithmetic
40,converge.c,kain_converge_lowbit_lane,64,>>,,,0,while (((eligible_mask >> index) & 1ull) == 0ull) {,no nearby overflow or range guard | sentinel/null byte style increment
40,converge.c,abi_converge_select_lane_for_key,89,>>|-,,,0,stride = ((key >> 6) | 1ull) & (KAIN_CONVERGE_TUNE_CACHE_CAP - 1u);,no nearby overflow or range guard | sentinel/null byte style increment
40,converge.c,abi_converge_commit_winner,119,>>,,,0,if (lane_index >= 64u || ((eligible_mask >> lane_index) & 1ull) == 0ull) {,no nearby overflow or range guard | sentinel/null byte style increment
40,converge.c,abi_converge_commit_winner,125,>>|-,,,0,stride = ((key >> 6) | 1ull) & (KAIN_CONVERGE_TUNE_CACHE_CAP - 1u);,no nearby overflow or range guard | sentinel/null byte style increment
40,converge.c,abi_converge_commit_winner,134,+,,,0,slot->generation += 1;,no nearby overflow or range guard | pointer or indexed arithmetic
40,converge.c,abi_converge_commit_winner,144,+,,,0,slot->generation += 1;,no nearby overflow or range guard | pointer or indexed arithmetic
40,converge.c,abi_converge_record_telemetry,157,-,,,0,uint64_t slot_index = cursor & (KAIN_CONVERGE_TELEMETRY_CAP - 1u);,no nearby overflow or range guard | sentinel/null byte style increment
40,core.c,rc_weak_retain,171,+,,,0,get_header(ptr)->weak_count++;,no nearby overflow or range guard | pointer or indexed arithmetic
40,core.c,rc_release,205,+,,,0,total_size = sizeof(RcHeader) + header->payload_size;,no nearby overflow or range guard | pointer or indexed arithmetic
40,core.c,rc_weak_release,218,-,,,0,header->weak_count--;,no nearby overflow or range guard | pointer or indexed arithmetic
40,core.c,kain_string_concat_parts,453,+,,,0,cursor += lengths[index];,no nearby overflow or range guard | pointer or indexed arithmetic
40,core.c,to_string,463,+,,,0,size_t text_length = digit_count + (n < 0 ? 1u : 0u);,no nearby overflow or range guard | sentinel/null byte style increment
40,core.c,kain_map_rebuild_tiny_dispatch,1108,+,,,0,occupied_count += 1u;,no nearby overflow or range guard | sentinel/null byte style increment
40,core.c,kain_map_probe_window,1319,+,,,0,uint64_t index0 = (base_index + 0u) & map->mask;,no nearby overflow or range guard | pointer or indexed arithmetic
40,core.c,kain_map_probe_window,1321,+,,,0,uint64_t index2 = (base_index + 2u) & map->mask;,no nearby overflow or range guard | pointer or indexed arithmetic
40,core.c,kain_map_probe_window,1322,+,,,0,uint64_t index3 = (base_index + 3u) & map->mask;,no nearby overflow or range guard | pointer or indexed arithmetic
40,core.c,kain_map_probe_window,1323,+,,,0,uint64_t index4 = (base_index + 4u) & map->mask;,no nearby overflow or range guard | pointer or indexed arithmetic
40,core.c,kain_map_probe_window,1324,+,,,0,uint64_t index5 = (base_index + 5u) & map->mask;,no nearby overflow or range guard | pointer or indexed arithmetic
40,core.c,kain_map_probe_window,1325,+,,,0,uint64_t index6 = (base_index + 6u) & map->mask;,no nearby overflow or range guard | pointer or indexed arithmetic
40,core.c,kain_map_probe_window,1326,+,,,0,uint64_t index7 = (base_index + 7u) & map->mask;,no nearby overflow or range guard | pointer or indexed arithmetic
40,core.c,kain_map_find_slot,1440,+,,,0,uint64_t base_index = (start_index + probe_offset) & map->mask;,no nearby overflow or range guard | pointer or indexed arithmetic
40,core.c,kain_map_insert_prehashed,1495,+,,,0,map->count += 1;,no nearby overflow or range guard | pointer or indexed arithmetic
40,core.c,map_free_elems,1559,+,,,0,for (i = 0; i < map->capacity; ++i) {,no nearby overflow or range guard | pointer or indexed arithmetic
40,diagnostics.c,kain_diagnostic_collector_add,172,+,,,0,collector->count++;,no nearby overflow or range guard | pointer or indexed arithmetic
40,diagnostics.c,kain_diagnostic_collector_add,177,+,,,0,collector->error_count++;,no nearby overflow or range guard | pointer or indexed arithmetic
40,diagnostics.c,kain_diagnostic_collector_add,180,+,,,0,collector->warning_count++;,no nearby overflow or range guard | pointer or indexed arithmetic
40,diagnostics.c,kain_diagnostic_collector_add,183,+,,,0,collector->fatal_count++;,no nearby overflow or range guard | pointer or indexed arithmetic
40,diagnostics.c,kain_diagnostic_collector_count_by_severity,241,-,,,0,return collector->count - collector->error_count -,no nearby overflow or range guard | pointer or indexed arithmetic
40,diagnostics.c,kain_diagnostic_collector_count_by_severity,242,-,,,0,collector->warning_count - collector->fatal_count;,no nearby overflow or range guard | pointer or indexed arithmetic
40,diagnostics.c,kain_diagnostic_collector_print_all,264,+,,,0,for (i = 0; i < collector->count; i++) {,no nearby overflow or range guard | pointer or indexed arithmetic
40,fanout.c,kain_fanout_runtime_init,207,-,,,0,runtime->thread_count = kain_fanout_detect_cpu_count() - 1;,no nearby overflow or range guard | pointer or indexed arithmetic
40,fanout.c,kain_fanout_runtime_init,221,+,,,0,for (int index = 0; index < runtime->thread_count; ++index) {,no nearby overflow or range guard | pointer or indexed arithmetic
40,fanout.c,kain_fanout_runtime_init,227,+,,,0,for (int join_index = 0; join_index < runtime->thread_count; ++join_index) {,no nearby overflow or range guard | pointer or indexed arithmetic
40,fanout.c,kain_fanout_runtime_init,254,+,,,0,for (int index = 0; index < runtime->thread_count; ++index) {,no nearby overflow or range guard | pointer or indexed arithmetic
40,fanout.c,kain_fanout_runtime_init,259,+,,,0,for (int join_index = 0; join_index < runtime->thread_count; ++join_index) {,no nearby overflow or range guard | pointer or indexed arithmetic
40,fanout.c,kain_fanout_runtime_shutdown,352,+,,,0,for (int index = 0; index < runtime->thread_count; ++index) {,no nearby overflow or range guard | pointer or indexed arithmetic
40,fanout.c,kain_fanout_runtime_shutdown,359,+,,,0,for (int index = 0; index < runtime->thread_count; ++index) {,no nearby overflow or range guard | pointer or indexed arithmetic
40,graphics_system.c,abi_graphics_find_backend,222,+,,,0,for (index = 0; index < sizeof(g_backends) / sizeof(g_backends[0]); index += 1) {,no nearby overflow or range guard | pointer or indexed arithmetic
40,graphics_system.c,abi_graphics_read_file_bytes,420,*,realloc(,SIZE_MAX,0,"resized = (uint8_t*)realloc(bytes, next_capacity);",size math feeds allocation or copy sink | multiplication can amplify overflow
40,graphics_system.c,abi_graphics_session_create,482,+,,,0,g_sessions[index].id = g_next_session_id++;,no nearby overflow or range guard | pointer or indexed arithmetic
40,graphics_system.c,abi_graphics_begin_frame,621,+,,,0,session->frame_index += 1;,no nearby overflow or range guard | pointer or indexed arithmetic
40,graphics_system.c,abi_graphics_buffer_create,699,+,,,0,session->buffers[index].id = session->next_buffer_id++;,no nearby overflow or range guard | pointer or indexed arithmetic
40,graphics_system.c,abi_graphics_buffer_create,712,+,,,0,session->buffer_count += 1;,no nearby overflow or range guard | pointer or indexed arithmetic
40,graphics_system.c,abi_graphics_shader_register_bytes,843,+,,,0,session->shaders[index].id = session->next_shader_id++;,no nearby overflow or range guard | pointer or indexed arithmetic
40,graphics_system.c,abi_graphics_shader_register_bytes,866,+,,,0,session->shader_count += 1;,no nearby overflow or range guard | pointer or indexed arithmetic
40,graphics_system.c,abi_graphics_mesh_create,1009,+,,,0,session->meshes[index].id = session->next_mesh_id++;,no nearby overflow or range guard | pointer or indexed arithmetic
40,graphics_system.c,abi_graphics_mesh_create,1019,+,,,0,session->mesh_count += 1;,no nearby overflow or range guard | pointer or indexed arithmetic
40,graphics_system.c,abi_graphics_pipeline_create,1096,+,,,0,session->pipelines[index].id = session->next_pipeline_id++;,no nearby overflow or range guard | pointer or indexed arithmetic
40,graphics_system.c,abi_graphics_pipeline_create,1109,+,,,0,session->pipeline_count += 1;,no nearby overflow or range guard | pointer or indexed arithmetic
40,graphics_system.c,abi_graphics_draw_mesh,1182,+,,,0,session->draw_command_count += 1;,no nearby overflow or range guard | pointer or indexed arithmetic
40,host_bridge.c,kain_host_bridge_module_add_required_service,98,+,,,0,descriptor->required_service_count += 1;,no nearby overflow or range guard | pointer or indexed arithmetic
40,host_bridge.c,kain_host_bridge_validate_module,140,+,,,0,for (index = 0; index < descriptor->required_service_count; ++index) {,no nearby overflow or range guard | pointer or indexed arithmetic
40,host_bridge.c,kain_host_bridge_install_module,215,+,,,0,registry->module_count += 1;,no nearby overflow or range guard | pointer or indexed arithmetic
40,host_bridge.c,kain_host_bridge_activate_module,236,+,,,0,for (index = 0; index < registry->module_count; ++index) {,no nearby overflow or range guard | pointer or indexed arithmetic
40,host_bridge.c,kain_host_bridge_unregister_module,272,+,,,0,for (write_index = 0; write_index < registry->module_count; ++write_index) {,no nearby overflow or range guard | pointer or indexed arithmetic
40,host_bridge.c,kain_host_bridge_unregister_module,291,-,,,0,registry->module_count -= 1;,no nearby overflow or range guard | pointer or indexed arithmetic
40,host_bridge.c,kain_host_bridge_unregister_module,294,+,,,0,for (service_index = 0; service_index < registry->service_count; ++service_index) {,no nearby overflow or range guard | pointer or indexed arithmetic
40,host_bridge.c,kain_host_bridge_register_service,366,+,,,0,registry->service_count += 1;,no nearby overflow or range guard | pointer or indexed arithmetic
40,host_bridge.c,kain_host_bridge_lookup_module,378,+,,,0,for (index = 0; index < registry->module_count; ++index) {,no nearby overflow or range guard | pointer or indexed arithmetic
40,host_bridge.c,kain_host_bridge_lookup_service,394,+,,,0,for (index = 0; index < registry->service_count; ++index) {,no nearby overflow or range guard | pointer or indexed arithmetic
40,host_bridge.c,kain_host_bridge_count_services_for_module,411,+,,,0,for (index = 0; index < registry->service_count; ++index) {,no nearby overflow or range guard | pointer or indexed arithmetic
40,host_bridge.c,kain_host_bridge_contract_for_lane,423,+,,,0,for (index = 0; index < sizeof(KAIN_FOREIGN_CONTRACTS) / sizeof(KAIN_FOREIGN_CONTRACTS[0]); ++index) {,no nearby overflow or range guard | pointer or indexed arithmetic
40,input_system.c,abi_input_find_binding,202,+,,,0,for (i = 0; i < session->binding_count; i++) {,no nearby overflow or range guard | pointer or indexed arithmetic
40,input_system.c,abi_input_trace_append,217,+,,,0,"session->trace_text + session->trace_text_length,",no nearby overflow or range guard | pointer or indexed arithmetic
40,input_system.c,abi_input_trace_append,218,-,,,0,"ABI_INPUT_MAX_TRACE_TEXT - session->trace_text_length,",no nearby overflow or range guard | pointer or indexed arithmetic
40,input_system.c,abi_input_trace_append,231,-,,,0,if (used >= ABI_INPUT_MAX_TRACE_TEXT - session->trace_text_length) {,no nearby overflow or range guard | pointer or indexed arithmetic
40,input_system.c,abi_input_trace_append,235,+,,,0,session->trace_text_length += used;,no nearby overflow or range guard | pointer or indexed arithmetic
40,input_system.c,abi_input_axis_add,245,+,,,0,for (i = 0; i < session->axis_count; i++) {,no nearby overflow or range guard | pointer or indexed arithmetic
40,input_system.c,abi_input_axis_add,256,+,,,0,session->axis_count += 1;,no nearby overflow or range guard | pointer or indexed arithmetic
40,input_system.c,abi_input_reduce_event,313,+,,,0,session->text_commit_count += 1;,no nearby overflow or range guard | pointer or indexed arithmetic
40,input_system.c,abi_input_split_fields,350,+,,,0,} else if (offset + 1u < ABI_INPUT_MAX_TEXT) {,no nearby overflow or range guard | sentinel/null byte style increment
40,input_system.c,abi_input_session_create,376,-,,,0,"abi_input_copy(g_sessions[i].name, sizeof(g_sessions[i].name), name ? name : ""input-session"");",no nearby overflow or range guard | pointer or indexed arithmetic
40,input_system.c,abi_input_bind_action,423,+,,,0,binding = &session->bindings[session->binding_count++];,no nearby overflow or range guard | pointer or indexed arithmetic
40,input_system.c,abi_input_bind_axis,454,+,,,0,binding = &session->bindings[session->binding_count++];,no nearby overflow or range guard | pointer or indexed arithmetic
40,input_system.c,abi_input_push_event,487,+,,,0,event = &session->pending_events[session->pending_event_count++];,no nearby overflow or range guard | pointer or indexed arithmetic
40,input_system.c,abi_input_push_agent_intent,525,+,,,0,event = &session->pending_events[session->pending_event_count++];,no nearby overflow or range guard | pointer or indexed arithmetic
40,input_system.c,abi_input_begin_frame,547,+,,,0,session->frame_index += 1;,no nearby overflow or range guard | pointer or indexed arithmetic
40,input_system.c,abi_input_begin_frame,559,+,,,0,for (i = 0; i < session->frame_event_count; i++) {,no nearby overflow or range guard | pointer or indexed arithmetic
40,input_system.c,abi_input_axis_value,641,+,,,0,for (i = 0; i < session->axis_count; i++) {,no nearby overflow or range guard | pointer or indexed arithmetic
40,input_system.c,abi_input_replay_trace,698,+,,,0,event = &session->pending_events[session->pending_event_count++];,no nearby overflow or range guard | pointer or indexed arithmetic
40,json.c,json_clone_value,244,+,,,0,for (i = 0; i < value->field_count; ++i) {,no nearby overflow or range guard | pointer or indexed arithmetic
40,json.c,json_clone_value,256,+,,,0,for (i = 0; i < value->item_count; ++i) {,no nearby overflow or range guard | pointer or indexed arithmetic
40,json.c,json_value_destructor,275,+,,,0,for (i = 0; i < value->field_count; ++i) {,no nearby overflow or range guard | pointer or indexed arithmetic
40,json.c,json_value_destructor,289,+,,,0,for (i = 0; i < value->item_count; ++i) {,no nearby overflow or range guard | pointer or indexed arithmetic
40,json.c,json_object_get_value,353,+,,,0,for (i = 0; i < object->field_count; ++i) {,no nearby overflow or range guard | pointer or indexed arithmetic
40,json.c,json_object_set_value,369,+,,,0,for (i = 0; i < object->field_count; ++i) {,no nearby overflow or range guard | pointer or indexed arithmetic
40,json.c,json_object_set_value,388,+,,,0,object->field_count++;,no nearby overflow or range guard | pointer or indexed arithmetic
40,json.c,json_buffer_append_n,428,+,,,0,buffer->len += length;,no nearby overflow or range guard | pointer or indexed arithmetic
40,json.c,json_buffer_append_utf8,451,>>,,,0,bytes[0] = (char)(0xc0u | (codepoint >> 6));,no nearby overflow or range guard | pointer or indexed arithmetic
40,json.c,json_buffer_append_utf8,457,>>,,,0,bytes[0] = (char)(0xe0u | (codepoint >> 12));,no nearby overflow or range guard | pointer or indexed arithmetic
40,json.c,json_buffer_append_utf8,458,>>,,,0,bytes[1] = (char)(0x80u | ((codepoint >> 6) & 0x3fu));,no nearby overflow or range guard | pointer or indexed arithmetic
40,json.c,json_buffer_append_utf8,463,>>,,,0,bytes[0] = (char)(0xf0u | (codepoint >> 18));,no nearby overflow or range guard | pointer or indexed arithmetic
40,json.c,json_buffer_append_utf8,464,>>,,,0,bytes[1] = (char)(0x80u | ((codepoint >> 12) & 0x3fu));,no nearby overflow or range guard | pointer or indexed arithmetic
40,json.c,json_buffer_append_utf8,465,>>,,,0,bytes[2] = (char)(0x80u | ((codepoint >> 6) & 0x3fu));,no nearby overflow or range guard | pointer or indexed arithmetic
40,json.c,json_write_value,552,+,,,0,for (i = 0; i < value->field_count; ++i) {,no nearby overflow or range guard | pointer or indexed arithmetic
40,json.c,json_write_value,564,+,,,0,for (i = 0; i < value->item_count; ++i) {,no nearby overflow or range guard | pointer or indexed arithmetic
40,json.c,json_parse_array,698,+,,,0,array->items[array->item_count++] = value ? value : json_value_new(KAIN_JSON_NULL);,no nearby overflow or range guard | pointer or indexed arithmetic
40,json.c,json_parse_value_inner,921,+,,,0,json_array->items[json_array->item_count++] = json_value_from_any(value);,no nearby overflow or range guard | pointer or indexed arithmetic
40,json_benchmark.c,kain_json_mod_mul_nonnegative,20,>>,,,0,count >>= 1u;,no nearby overflow or range guard | sentinel/null byte style increment
40,machine_stones.c,kain_machine_pulse_snapshot,376,-,,,0,elapsed_ns = now_ns >= slot->last_ns ? now_ns - slot->last_ns : 0u;,no nearby overflow or range guard | pointer or indexed arithmetic
40,machine_stones.c,kain_machine_pulse_snapshot,379,+,,,0,slot->tick += advanced;,no nearby overflow or range guard | pointer or indexed arithmetic
40,machine_stones.c,kain_machine_pulse_start,424,+,,,0,++slot->fire_count;,no nearby overflow or range guard | pointer or indexed arithmetic
40,net_system.c,abi_net_index_insert,361,+,,,0,uint32_t encoded_slot = slot + 1u;,no nearby overflow or range guard | sentinel/null byte style increment
40,net_system.c,abi_net_append_bytes,753,*,realloc(,SIZE_MAX,0,"resized = (unsigned char*)realloc(*buffer, next_capacity);",size math feeds allocation or copy sink | multiplication can amplify overflow
40,net_system.c,abi_net_connection,780,-,,,0,slot = encoded_slot - 1u;,no nearby overflow or range guard | sentinel/null byte style increment
40,net_system.c,abi_net_alloc_connection,801,+,,,0,g_connections[slot].id = g_next_connection_id++;,no nearby overflow or range guard | pointer or indexed arithmetic
40,net_system.c,abi_net_listener,832,-,,,0,slot = encoded_slot - 1u;,no nearby overflow or range guard | sentinel/null byte style increment
40,net_system.c,abi_net_alloc_listener,853,+,,,0,g_listeners[slot].id = g_next_listener_id++;,no nearby overflow or range guard | pointer or indexed arithmetic
40,net_system.c,abi_net_request,885,-,,,0,slot = encoded_slot - 1u;,no nearby overflow or range guard | sentinel/null byte style increment
40,net_system.c,abi_net_alloc_request,907,+,,,0,g_requests[slot].id = g_next_request_id++;,no nearby overflow or range guard | pointer or indexed arithmetic
40,net_system.c,abi_net_response,940,-,,,0,slot = encoded_slot - 1u;,no nearby overflow or range guard | sentinel/null byte style increment
40,net_system.c,abi_net_alloc_response,961,+,,,0,g_responses[slot].id = g_next_response_id++;,no nearby overflow or range guard | pointer or indexed arithmetic
40,net_system.c,abi_net_server,992,-,,,0,slot = encoded_slot - 1u;,no nearby overflow or range guard | sentinel/null byte style increment
40,net_system.c,abi_net_alloc_server,1013,+,,,0,g_servers[slot].id = g_next_server_id++;,no nearby overflow or range guard | pointer or indexed arithmetic
40,net_system.c,abi_net_dispatch_route,1246,+,,,0,for (index = 0; index < server->route_count; ++index) {,no nearby overflow or range guard | pointer or indexed arithmetic
40,net_system.c,abi_net_parse_http_request,1361,-,,,0,"content_length_text = abi_net_find_header(request->headers, request->header_count, ""Content-Length"");",no nearby overflow or range guard | pointer or indexed arithmetic
40,net_system.c,abi_net_send_raw_http_client,1478,+,,,0,for (header_index = 0; header_index < request->header_count; ++header_index) {,no nearby overflow or range guard | pointer or indexed arithmetic
40,net_system.c,abi_net_send_winhttp_client,1673,+,,,0,for (index = 0; index < request->header_count; ++index) {,no nearby overflow or range guard | pointer or indexed arithmetic
40,net_system.c,abi_tcp_read_text,1964,-,,,0,"read_count = recv(connection->socket_handle, buffer, sizeof(buffer) - 1, 0);",no nearby overflow or range guard | pointer or indexed arithmetic
40,net_system.c,abi_http_server_route_actor,2296,+,,,0,route = &server->routes[server->route_count++];,no nearby overflow or range guard | pointer or indexed arithmetic
40,net_system.c,abi_net_http_concurrency_server_thread,2556,+,,,0,for (request_index = ctx->slot; request_index < ctx->rounds; request_index += ctx->batch_size) {,no nearby overflow or range guard | pointer or indexed arithmetic
40,net_system.c,abi_net_http_concurrency_server_thread,2931,+,,,0,for (header_index = 0; header_index < request->response_header_count; ++header_index) {,no nearby overflow or range guard | pointer or indexed arithmetic
40,ownership.c,kain_ownership_find_slot,215,-,,,0,slot = encoded_slot - 1u;,no nearby overflow or range guard | sentinel/null byte style increment
40,process_system.c,abi_process_index_insert,314,+,,,0,uint32_t encoded_slot = slot + 1u;,no nearby overflow or range guard | sentinel/null byte style increment
40,process_system.c,abi_process_spec_lookup,393,-,,,0,slot = encoded_slot - 1u;,no nearby overflow or range guard | sentinel/null byte style increment
40,process_system.c,abi_process_lookup,417,-,,,0,slot = encoded_slot - 1u;,no nearby overflow or range guard | sentinel/null byte style increment
40,process_system.c,abi_process_utf8_to_wide,679,*,malloc(,overflow,0,wide_text = (wchar_t*)malloc(allocation_size);,size math feeds allocation or copy sink | multiplication can amplify overflow
40,process_system.c,abi_process_utf8_buffer_append_quoted_argument,873,+,,,0,for (index = 0u; argument[index] != '\0'; index++) {,no nearby overflow or range guard | pointer or indexed arithmetic
40,process_system.c,abi_process_utf8_buffer_append_quoted_argument,887,+,,,0,for (index = 0u; argument[index] != '\0'; index++) {,no nearby overflow or range guard | pointer or indexed arithmetic
40,process_system.c,abi_process_utf8_buffer_append_quoted_argument,890,+,,,0,backslash_count += 1u;,no nearby overflow or range guard | sentinel/null byte style increment
40,process_system.c,abi_process_build_command_line_w,931,+,,,0,for (index = 0; index < spec->argument_count; index++) {,no nearby overflow or range guard | pointer or indexed arithmetic
40,process_system.c,abi_process_wide_duplicate,962,*,malloc(,overflow,0,copy = (wchar_t*)malloc(allocation_size);,size math feeds allocation or copy sink | multiplication can amplify overflow
40,process_system.c,abi_process_wide_entry_list_free,1010,+,,,0,for (index = 0u; index < list->count; index++) {,no nearby overflow or range guard | pointer or indexed arithmetic
40,process_system.c,abi_process_wide_entry_key_length,1025,+,,,0,index += 1u;,no nearby overflow or range guard | sentinel/null byte style increment
40,process_system.c,abi_process_build_environment_block_w,1152,*,malloc(,overflow,0,flattened = (wchar_t*)malloc(allocation_size);,size math feeds allocation or copy sink | multiplication can amplify overflow
40,process_system.c,abi_process_text_has_path_separator,1327,+,,,0,for (index = 0u; text[index] != '\0'; index++) {,no nearby overflow or range guard | pointer or indexed arithmetic
40,process_system.c,abi_process_spec_append_direct_arg,1577,+,,,0,spec->argument_count += 1;,no nearby overflow or range guard | pointer or indexed arithmetic
40,process_system.c,kain_attrition_process_fill_snapshot,2127,+,,,0,process_pty_live_count += 1u;,no nearby overflow or range guard | sentinel/null byte style increment
40,process_system.c,kain_attrition_process_fill_snapshot,2131,+,,,0,process_os_handle_live_count += 1u;,no nearby overflow or range guard | sentinel/null byte style increment
40,process_system.c,kain_attrition_process_fill_snapshot,2134,+,,,0,process_os_handle_live_count += 1u;,no nearby overflow or range guard | sentinel/null byte style increment
40,process_system.c,kain_attrition_process_fill_snapshot,2137,+,,,0,process_pipe_handle_live_count += 1u;,no nearby overflow or range guard | sentinel/null byte style increment
40,process_system.c,kain_attrition_process_fill_snapshot,2138,+,,,0,process_os_handle_live_count += 1u;,no nearby overflow or range guard | sentinel/null byte style increment
40,process_system.c,kain_attrition_process_fill_snapshot,2141,+,,,0,process_pipe_handle_live_count += 1u;,no nearby overflow or range guard | sentinel/null byte style increment
40,process_system.c,kain_attrition_process_fill_snapshot,2142,+,,,0,process_os_handle_live_count += 1u;,no nearby overflow or range guard | sentinel/null byte style increment
40,process_system.c,kain_attrition_process_fill_snapshot,2145,+,,,0,process_pipe_handle_live_count += 1u;,no nearby overflow or range guard | sentinel/null byte style increment
40,process_system.c,kain_attrition_process_fill_snapshot,2146,+,,,0,process_os_handle_live_count += 1u;,no nearby overflow or range guard | sentinel/null byte style increment
40,process_system.c,kain_attrition_process_fill_snapshot,2149,+,,,0,process_os_handle_live_count += 1u;,no nearby overflow or range guard | sentinel/null byte style increment
40,process_system.c,kain_attrition_process_fill_snapshot,2152,+,,,0,process_pipe_handle_live_count += 1u;,no nearby overflow or range guard | sentinel/null byte style increment
40,process_system.c,kain_attrition_process_fill_snapshot,2153,+,,,0,process_os_handle_live_count += 1u;,no nearby overflow or range guard | sentinel/null byte style increment
40,process_system.c,kain_attrition_process_fill_snapshot,2156,+,,,0,process_pipe_handle_live_count += 1u;,no nearby overflow or range guard | sentinel/null byte style increment
40,process_system.c,kain_attrition_process_fill_snapshot,2157,+,,,0,process_os_handle_live_count += 1u;,no nearby overflow or range guard | sentinel/null byte style increment
40,process_system.c,abi_process_spec_add_arg,2276,+,,,0,spec->argument_count += 1;,no nearby overflow or range guard | pointer or indexed arithmetic
40,process_system.c,abi_process_spec_set_env,2314,+,,,0,for (index = 0; index < spec->environment_count; index++) {,no nearby overflow or range guard | pointer or indexed arithmetic
40,process_system.c,abi_process_spec_set_env,2340,+,,,0,spec->environment_count += 1;,no nearby overflow or range guard | pointer or indexed arithmetic
40,process_system.c,abi_process_allocate_slot,2427,+,,,0,g_processes[slot].id = g_next_process_id++;,no nearby overflow or range guard | pointer or indexed arithmetic
40,ray_sphere_benchmark.c,kain_ray_sphere_mod_mul_nonnegative,27,>>,,,0,count >>= 1u;,no nearby overflow or range guard | sentinel/null byte style increment
40,realtime.c,realtime_copy_string_value,176,-,,,0,length = out_cap - 1u;,no nearby overflow or range guard | sentinel/null byte style increment
40,realtime.c,realtime_count_array_objects,314,+,,,0,values[count++] = value;,no nearby overflow or range guard | pointer or indexed arithmetic
40,realtime.c,realtime_count_array_objects,426,+,,,0,values[count++] = (int)value;,no nearby overflow or range guard | pointer or indexed arithmetic
40,realtime.c,realtime_count_array_objects,1449,+,,,0,for (i = 0; i < contract->pass_count; ++i) {,no nearby overflow or range guard | pointer or indexed arithmetic
40,realtime.c,realtime_count_array_objects,1467,+,,,0,for (i = 0; i < contract->resource_count; ++i) {,no nearby overflow or range guard | pointer or indexed arithmetic
40,realtime.c,realtime_count_array_objects,1549,+,,,0,for (i = 0; i < contract->resource_count; ++i) {,no nearby overflow or range guard | pointer or indexed arithmetic
40,realtime.c,realtime_count_array_objects,1575,+,,,0,resource = &contract->resources[contract->resource_count++];,no nearby overflow or range guard | pointer or indexed arithmetic
40,realtime.c,realtime_count_array_objects,1627,+,,,0,for (i = 0; i < schedule->step_count; ++i) {,no nearby overflow or range guard | pointer or indexed arithmetic
40,realtime.c,realtime_count_array_objects,1681,+,,,0,for (i = 0; i < contract->pass_count; ++i) {,no nearby overflow or range guard | pointer or indexed arithmetic
40,realtime.c,realtime_count_array_objects,1696,+,,,0,for (i = 0; i < contract->attachment_count; ++i) {,no nearby overflow or range guard | pointer or indexed arithmetic
40,realtime.c,realtime_count_array_objects,1709,+,,,0,for (i = 0; i < contract->dependency_count; ++i) {,no nearby overflow or range guard | pointer or indexed arithmetic
40,realtime.c,realtime_count_array_objects,1733,+,,,0,for (i = 0; i < contract->resource_count; ++i) {,no nearby overflow or range guard | pointer or indexed arithmetic
40,realtime.c,realtime_count_array_objects,1761,+,,,0,for (i = 0; i < schedule->step_count; ++i) {,no nearby overflow or range guard | pointer or indexed arithmetic
40,realtime.c,realtime_count_array_objects,1776,+,,,0,for (i = 0; i < schedule->barrier_count; ++i) {,no nearby overflow or range guard | pointer or indexed arithmetic
40,realtime.c,realtime_count_array_objects,1810,+,,,0,&contract->passes[contract->pass_count++];,no nearby overflow or range guard | pointer or indexed arithmetic
40,realtime.c,realtime_count_array_objects,1845,+,,,0,contract->capture_hook_count += 1;,no nearby overflow or range guard | pointer or indexed arithmetic
40,realtime.c,realtime_count_array_objects,1850,+,,,0,&contract->passes[contract->pass_count++];,no nearby overflow or range guard | pointer or indexed arithmetic
40,realtime.c,realtime_count_array_objects,1885,+,,,0,contract->capture_hook_count += 1;,no nearby overflow or range guard | pointer or indexed arithmetic
40,realtime.c,realtime_count_array_objects,1890,+,,,0,&contract->passes[contract->pass_count++];,no nearby overflow or range guard | pointer or indexed arithmetic
40,realtime.c,realtime_count_array_objects,1906,+,,,0,contract->capture_hook_count += 1;,no nearby overflow or range guard | pointer or indexed arithmetic
40,realtime.c,realtime_count_array_objects,1909,+,,,0,if (has_render_scene && contract->attachment_count + 3 <=,no nearby overflow or range guard | pointer or indexed arithmetic
40,realtime.c,realtime_count_array_objects,1913,+,,,0,attachment = &contract->attachments[contract->attachment_count++];,no nearby overflow or range guard | pointer or indexed arithmetic
40,realtime.c,realtime_count_array_objects,1933,+,,,0,attachment = &contract->attachments[contract->attachment_count++];,no nearby overflow or range guard | pointer or indexed arithmetic
40,realtime.c,realtime_count_array_objects,1953,+,,,0,attachment = &contract->attachments[contract->attachment_count++];,no nearby overflow or range guard | pointer or indexed arithmetic
40,realtime.c,realtime_count_array_objects,1988,+,,,0,&contract->attachments[contract->attachment_count++];,no nearby overflow or range guard | pointer or indexed arithmetic
40,realtime.c,realtime_count_array_objects,2019,+,,,0,&contract->dependencies[contract->dependency_count++];,no nearby overflow or range guard | pointer or indexed arithmetic
40,realtime.c,realtime_count_array_objects,2043,+,,,0,&contract->dependencies[contract->dependency_count++];,no nearby overflow or range guard | pointer or indexed arithmetic
40,realtime.c,realtime_count_array_objects,2092,+,,,0,for (i = 0; i < bundle->primary_material.resource_binding_count; ++i) {,no nearby overflow or range guard | pointer or indexed arithmetic
40,realtime.c,realtime_count_array_objects,2099,+,,,0,for (i = 0; i < bundle->primary_compute.resource_binding_count; ++i) {,no nearby overflow or range guard | pointer or indexed arithmetic
40,realtime.c,realtime_count_array_objects,2111,+,,,0,for (i = 0; i < contract->resource_count; ++i) {,no nearby overflow or range guard | pointer or indexed arithmetic
40,realtime.c,realtime_count_array_objects,2112,+,,,0,contract->estimated_bytes += contract->resources[i].byte_length;,no nearby overflow or range guard | pointer or indexed arithmetic
40,realtime.c,realtime_count_array_objects,2116,+,,,0,contract->transient_pool_count += 1;,no nearby overflow or range guard | pointer or indexed arithmetic
40,realtime.c,realtime_count_array_objects,2117,+,,,0,contract->transient_pool_bytes += contract->resources[i].byte_length;,no nearby overflow or range guard | pointer or indexed arithmetic
40,realtime.c,realtime_count_array_objects,2150,+,,,0,&schedule->steps[schedule->step_count++];,no nearby overflow or range guard | pointer or indexed arithmetic
40,realtime.c,realtime_count_array_objects,2172,+,,,0,&schedule->steps[schedule->step_count++];,no nearby overflow or range guard | pointer or indexed arithmetic
40,realtime.c,realtime_count_array_objects,2214,+,,,0,&schedule->steps[schedule->step_count++];,no nearby overflow or range guard | pointer or indexed arithmetic
40,realtime.c,realtime_count_array_objects,2241,+,,,0,&schedule->barriers[schedule->barrier_count++];,no nearby overflow or range guard | pointer or indexed arithmetic
40,realtime.c,realtime_count_array_objects,2275,+,,,0,&schedule->barriers[schedule->barrier_count++];,no nearby overflow or range guard | pointer or indexed arithmetic
40,realtime.c,realtime_count_array_objects,2319,+,,,0,for (i = 0; i < schedule->step_count; ++i) {,no nearby overflow or range guard | pointer or indexed arithmetic
40,realtime.c,realtime_count_array_objects,2321,+,,,0,schedule->async_step_count += 1;,no nearby overflow or range guard | pointer or indexed arithmetic
40,reflection.c,kain_reflection_lookup_type_by_id,396,+,,,0,for (int i = 0; i < payload->type_count; i++) {,no nearby overflow or range guard | pointer or indexed arithmetic
40,reflection.c,kain_reflection_lookup_type_by_name,413,+,,,0,for (int i = 0; i < payload->type_count; i++) {,no nearby overflow or range guard | pointer or indexed arithmetic
40,reflection.c,kain_reflection_lookup_item_by_id,430,+,,,0,for (int i = 0; i < payload->item_count; i++) {,no nearby overflow or range guard | pointer or indexed arithmetic
40,reflection.c,kain_reflection_lookup_item_by_name,447,+,,,0,for (int i = 0; i < payload->item_count; i++) {,no nearby overflow or range guard | pointer or indexed arithmetic
40,reflection.c,kain_reflection_get_items_by_kind,475,+,,,0,for (int i = 0; i < payload->item_count && count < max_items; i++) {,no nearby overflow or range guard | pointer or indexed arithmetic
40,reflection.c,kain_reflection_print_summary,539,+,,,0,for (int i = 0; i < payload->type_count && i < 10; i++) {,no nearby overflow or range guard | pointer or indexed arithmetic
40,reflection.c,kain_reflection_print_summary,547,-,,,0,"printf(""    ... and %d more\n"", payload->type_count - 10);",no nearby overflow or range guard | pointer or indexed arithmetic
40,reflection.c,kain_reflection_print_summary,553,+,,,0,for (int i = 0; i < payload->item_count && i < 10; i++) {,no nearby overflow or range guard | pointer or indexed arithmetic
40,reflection.c,kain_reflection_print_summary,561,-,,,0,"printf(""    ... and %d more\n"", payload->item_count - 10);",no nearby overflow or range guard | pointer or indexed arithmetic
40,reflection.c,json_parse,778,+,,,0,if (parser->pos + length > parser->length) {,no nearby overflow or range guard | pointer or indexed arithmetic
40,reflection.c,json_parse,781,+,,,0,"if (strncmp(parser->json + parser->pos, literal, length) != 0) {",no nearby overflow or range guard | pointer or indexed arithmetic
40,reflection.c,json_parse,785,+,,,0,parser->pos += length;,no nearby overflow or range guard | pointer or indexed arithmetic
40,reflection.c,json_parse,823,-,,,0,out[out_pos < out_size ? out_pos : out_size - 1] = '\0';,no nearby overflow or range guard | pointer or indexed arithmetic
40,reflection.c,json_parse,844,+,,,0,if (parser->pos + 4 > parser->length) {,no nearby overflow or range guard | pointer or indexed arithmetic
40,reflection.c,json_parse,855,+,,,0,if (out && out_size > 0 && out_pos + 1 < out_size) {,no nearby overflow or range guard | sentinel/null byte style increment
40,scene.c,runtime_append_text,27,+,,,0,if (offset + text_len + 1 > out_cap) {,no nearby overflow or range guard | sentinel/null byte style increment
40,scene.c,runtime_append_text,35,+,,,0,out[offset + text_len] = '\0';,no nearby overflow or range guard | pointer or indexed arithmetic
40,scene.c,kain_scene_query_result_append_hit,132,+,,,0,result->hit_count += 1;,no nearby overflow or range guard | pointer or indexed arithmetic
40,services.c,kain_service_registry_commit_descriptor_unlocked,321,+,,,0,"service_count + 1,",no nearby overflow or range guard | sentinel/null byte style increment
40,services.c,kain_service_registry_register_native_runtime_services,995,+,,,0,for (i = 0; i < sizeof(g_kain_native_runtime_service_catalog) / sizeof(g_kain_native_runtime_service_catalog[0]); ++i) {,no nearby overflow or range guard | pointer or indexed arithmetic
40,stdlib_abi.c,abi_copy_text,110,+,,,0,index += 1u;,no nearby overflow or range guard | sentinel/null byte style increment
40,stdlib_abi.c,abi_actor_send,969,+,,,0,message.data_size = data_payload == 0 ? 0 : strlen(data_payload) + 1;,no nearby overflow or range guard | sentinel/null byte style increment
40,stdlib_abi.c,abi_patch_last_path,1245,-,,,0,return string_new(g_kain_native_patch_journal[g_kain_native_patch_journal_count - 1].path);,no nearby overflow or range guard | pointer or indexed arithmetic
40,stdlib_abi.c,abi_fs_copy_message,1359,-,,,0,destination[destination_size - 1] = '\0';,no nearby overflow or range guard | pointer or indexed arithmetic
40,stdlib_abi.c,abi_fs_builder_append,1524,+,,,0,builder->length += length;,no nearby overflow or range guard | pointer or indexed arithmetic
40,stdlib_abi.c,abi_fs_creation_root_span,1593,+,,,0,if (length > index + 1u,no nearby overflow or range guard | sentinel/null byte style increment
40,stdlib_abi.c,abi_fs_creation_root_span,1600,+,,,0,&& (path[index + 2] == 'C' || path[index + 2] == 'c'),no nearby overflow or range guard | pointer or indexed arithmetic
40,stdlib_abi.c,abi_fs_creation_root_span,1601,+,,,0,&& abi_fs_is_separator(path[index + 3])) {,no nearby overflow or range guard | pointer or indexed arithmetic
40,stdlib_abi.c,abi_fs_creation_root_span,1606,+,,,0,&& abi_fs_is_separator(path[index + 2])) {,no nearby overflow or range guard | pointer or indexed arithmetic
40,stdlib_abi.c,abi_fs_creation_root_span,1614,+,,,0,index += 1u;,no nearby overflow or range guard | sentinel/null byte style increment
40,stdlib_abi.c,abi_fs_creation_root_span,1620,+,,,0,index += 1u;,no nearby overflow or range guard | sentinel/null byte style increment
40,stdlib_abi.c,abi_fs_creation_root_span,1624,+,,,0,index += 1u;,no nearby overflow or range guard | sentinel/null byte style increment
40,stdlib_abi.c,abi_fs_creation_root_span,1629,+,,,0,index += 1u;,no nearby overflow or range guard | sentinel/null byte style increment
40,stdlib_abi.c,abi_fs_create_parent_dirs,1676,-,,,0,if (index <= root_span || abi_fs_is_separator(buffer[index - 1])) {,no nearby overflow or range guard | pointer or indexed arithmetic
40,stdlib_abi.c,abi_fs_read_byte_range_hex,1914,>>|+,,,0,builder.data[builder.length++] = digits[(buffer[index] >> 4) & 0xF];,no nearby overflow or range guard | pointer or indexed arithmetic
40,stdlib_abi.c,abi_fs_read_byte_range_hex,1915,+,,,0,builder.data[builder.length++] = digits[buffer[index] & 0xF];,no nearby overflow or range guard | pointer or indexed arithmetic
40,stdlib_abi.c,abi_fs_metadata_text,2283,-,,,0,if (index <= root_span || abi_fs_is_separator(buffer[index - 1])) {,no nearby overflow or range guard | pointer or indexed arithmetic
40,stdlib_abi.c,abi_fs_metadata_text,2639,-,,,0,"abi_sha256_rotr(words[index - 15], 7) ^",no nearby overflow or range guard | pointer or indexed arithmetic
40,stdlib_abi.c,abi_fs_metadata_text,2640,-,,,0,"abi_sha256_rotr(words[index - 15], 18) ^",no nearby overflow or range guard | pointer or indexed arithmetic
40,stdlib_abi.c,abi_fs_metadata_text,2641,>>|-,,,0,(words[index - 15] >> 3);,no nearby overflow or range guard | pointer or indexed arithmetic
40,stdlib_abi.c,abi_fs_metadata_text,2643,-,,,0,"abi_sha256_rotr(words[index - 2], 17) ^",no nearby overflow or range guard | pointer or indexed arithmetic
40,stdlib_abi.c,abi_fs_metadata_text,2644,-,,,0,"abi_sha256_rotr(words[index - 2], 19) ^",no nearby overflow or range guard | pointer or indexed arithmetic
40,stdlib_abi.c,abi_fs_metadata_text,2645,>>|-,,,0,(words[index - 2] >> 10);,no nearby overflow or range guard | pointer or indexed arithmetic
40,stdlib_abi.c,abi_fs_metadata_text,2646,+|-,,,0,words[index] = words[index - 16] + s0 + words[index - 7] + s1;,no nearby overflow or range guard | pointer or indexed arithmetic
40,stdlib_abi.c,abi_fs_metadata_text,2663,+,,,0,uint32_t temp1 = h + s1 + ch + ABI_SHA256_K[index] + words[index];,no nearby overflow or range guard | pointer or indexed arithmetic
40,stdlib_abi.c,abi_fs_metadata_text,2720,+,,,0,ctx->data[index++] = 0x80;,no nearby overflow or range guard | pointer or indexed arithmetic
40,stdlib_abi.c,abi_fs_metadata_text,2723,+,,,0,ctx->data[index++] = 0;,no nearby overflow or range guard | pointer or indexed arithmetic
40,stdlib_abi.c,abi_fs_metadata_text,2729,+,,,0,ctx->data[index++] = 0;,no nearby overflow or range guard | pointer or indexed arithmetic
40,stdlib_abi.c,abi_fs_metadata_text,2941,>>,,,0,bytes[1] = (unsigned char)(word >> 8u);,no nearby overflow or range guard | pointer or indexed arithmetic
40,stdlib_abi.c,abi_fs_metadata_text,2942,>>,,,0,bytes[2] = (unsigned char)(word >> 16u);,no nearby overflow or range guard | pointer or indexed arithmetic
40,stdlib_abi.c,abi_fs_metadata_text,2943,>>,,,0,bytes[3] = (unsigned char)(word >> 24u);,no nearby overflow or range guard | pointer or indexed arithmetic
40,stdlib_abi.c,abi_fs_metadata_text,3012,+,,,0,out[index] = state[index] ^ state[index + 8u];,no nearby overflow or range guard | pointer or indexed arithmetic
40,stdlib_abi.c,abi_fs_metadata_text,3013,+,,,0,out[index + 8u] = state[index + 8u] ^ cv[index];,no nearby overflow or range guard | pointer or indexed arithmetic
40,stdlib_abi.c,abi_fs_metadata_text,3067,+|-,,,0,"abi_blake3_block_words(input == 0 ? 0 : input + offset, length - offset, output->block_words);",no nearby overflow or range guard | pointer or indexed arithmetic
40,stdlib_abi.c,abi_fs_metadata_text,3093,+|-,,,0,size_t chunk_count = length == 0 ? 1u : ((length + ABI_BLAKE3_CHUNK_LEN - 1u) / ABI_BLAKE3_CHUNK_LEN);,no nearby overflow or range guard | sentinel/null byte style increment
40,stdlib_abi.c,abi_fs_metadata_text,3122,+,,,0,while ((read_index + 1u) < chunk_count) {,no nearby overflow or range guard | sentinel/null byte style increment
40,wire.c,abi_wire_zero_copy_binary_checksum,130,+,,,0,suffix_counts[fold.word3_base] += 1;,no nearby overflow or range guard | pointer or indexed arithmetic
35,stdlib_abi.c,abi_fs_metadata_text,3102,*,,SIZE_MAX,1,if (chunk_count > (SIZE_MAX / (8u * sizeof(uint32_t)))) {,multiplication can amplify overflow | explicit cast in arithmetic site
30,actor.c,kain_actor_borrowed_message_release_match,438,-,,,0,for (index = g_actor_borrowed_message_depth; index > 0u; --index) {,no nearby overflow or range guard
30,actor.c,kain_actor_borrowed_message_release_match,441,+,,,0,for (tail_index = index; tail_index < g_actor_borrowed_message_depth; ++tail_index) {,no nearby overflow or range guard
30,actor.c,kain_actor_reply_port_state_wait,893,+,,,0,for (spin_index = 0u; spin_index < KAIN_ACTOR_REPLY_PORT_WAIT_SPINS; ++spin_index) {,no nearby overflow or range guard
30,actor.c,kain_actor_runtime_init,1278,+,,,0,kain_actor_reply_port_spin_pause(spin_index++);,no nearby overflow or range guard
30,actor.c,kain_actor_runtime_shutdown,1435,+,,,0,for (int i = 0; i < KAIN_ACTOR_TABLE_SIZE; i++) {,no nearby overflow or range guard
30,actor.c,kain_actor_runtime_shutdown,1455,+,,,0,for (int i = 0; i < KAIN_ACTOR_TABLE_SIZE; i++) {,no nearby overflow or range guard
30,actor.c,kain_actor_runtime_shutdown,1481,+,,,0,for (int i = 0; i < KAIN_ACTOR_TABLE_SIZE; i++) {,no nearby overflow or range guard
30,actor.c,kain_actor_mailbox_append_copied_locked,1625,-,,,0,/* Proof: runtime/native/src/core/z3/proofs/actor-mailbox-bounded-send-count-stays-within-capacity.yaml */,no nearby overflow or range guard
30,actor.c,kain_actor_table_insert,1850,-,,,0,/* Find first free slot with a reserved-invalid-slot bitset. */,no nearby overflow or range guard
30,actor.c,kain_actor_table_insert,1851,+,,,0,for (word_index = 0u; word_index < KAIN_ACTOR_TABLE_WORD_COUNT; ++word_index) {,no nearby overflow or range guard
30,actor.c,kain_actor_thread_proc,2464,-,,,0,/* The compiler-owned actor state is reference-counted user data.,no nearby overflow or range guard
30,actor.c,kain_actor_thread_proc,3092,+,,,0,for (word_index = 0u; word_index < KAIN_ACTOR_TABLE_WORD_COUNT; ++word_index) {,no nearby overflow or range guard
30,actor.c,kain_actor_thread_proc,3095,+,,,0,for (actor_index = 0u; actor_index < KAIN_ACTOR_TABLE_SIZE; ++actor_index) {,no nearby overflow or range guard
30,actor.c,kain_actor_thread_proc,3138,+,,,0,for (actor_index = 0u; actor_index < KAIN_ACTOR_REGISTRY_SIZE; ++actor_index) {,no nearby overflow or range guard
30,actor.c,kain_actor_thread_proc,3273,+,,,0,for (int i = 0; i < KAIN_ACTOR_TABLE_SIZE; i++) {,no nearby overflow or range guard
30,actor.c,kain_actor_thread_proc,3468,+,,,0,for (int i = 0; i < KAIN_ACTOR_REGISTRY_SIZE; i++) {,no nearby overflow or range guard
30,actor.c,kain_actor_thread_proc,3926,+,,,0,for (int i = 0; i < KAIN_SCHEDULER_WORKER_COUNT; i++) {,no nearby overflow or range guard
30,actor.c,kain_actor_thread_proc,3935,+,,,0,for (int i = 0; i < KAIN_SCHEDULER_WORKER_COUNT; i++) {,no nearby overflow or range guard
30,actor.c,kain_actor_thread_proc,3947,+,,,0,for (int i = 0; i < KAIN_SCHEDULER_WORKER_COUNT; i++) {,no nearby overflow or range guard
30,actor.c,kain_actor_thread_proc,4234,-,,,0,/* Proof: runtime/native/src/core/z3/proofs/actor-supervision-restart-count-stays-within-window-limit.yaml */,no nearby overflow or range guard
30,actor.c,kain_actor_thread_proc,4343,+,,,0,for (int i = 0; i < KAIN_ACTOR_TABLE_SIZE; i++) {,no nearby overflow or range guard
30,actor.c,kain_actor_thread_proc,4357,+,,,0,for (int i = 0; i < KAIN_ACTOR_TABLE_SIZE; i++) {,no nearby overflow or range guard
30,async.c,kain_async_index_insert,313,+,,,0,for (probe = 0u; probe < index_capacity; ++probe) {,no nearby overflow or range guard
30,async.c,kain_async_index_insert,314,+,,,0,uint32_t candidate_index = (start_index + probe) & index_mask;,no nearby overflow or range guard
30,async.c,kain_async_find_free_task_slot,329,+,,,0,for (word_index = 0u; word_index < KAIN_ASYNC_TASK_WORD_COUNT; ++word_index) {,no nearby overflow or range guard
30,async.c,kain_async_find_free_timer_slot,346,+,,,0,for (word_index = 0u; word_index < KAIN_ASYNC_TIMER_WORD_COUNT; ++word_index) {,no nearby overflow or range guard
30,async.c,kain_async_rebuild_task_index,361,+,,,0,for (slot = 0u; slot < KAIN_ASYNC_MAX_TASKS; ++slot) {,no nearby overflow or range guard
30,async.c,kain_async_rebuild_timer_index,377,+,,,0,for (slot = 0u; slot < KAIN_ASYNC_MAX_TIMERS; ++slot) {,no nearby overflow or range guard
30,async.c,kain_async_find_task_locked,399,+,,,0,for (probe = 0u; probe < KAIN_ASYNC_TASK_INDEX_CAPACITY; ++probe) {,no nearby overflow or range guard
30,async.c,kain_async_find_task_locked,400,+,,,0,uint32_t candidate_index = (start_index + probe) & KAIN_ASYNC_TASK_INDEX_MASK;,no nearby overflow or range guard
30,async.c,kain_async_find_timer_locked,426,+,,,0,for (probe = 0u; probe < KAIN_ASYNC_TIMER_INDEX_CAPACITY; ++probe) {,no nearby overflow or range guard
30,async.c,kain_async_find_timer_locked,427,+,,,0,uint32_t candidate_index = (start_index + probe) & KAIN_ASYNC_TIMER_INDEX_MASK;,no nearby overflow or range guard
30,async.c,kain_async_timer_thread_proc,1406,+,,,0,for (word_index = 0u; word_index < KAIN_ASYNC_TASK_WORD_COUNT; ++word_index) {,no nearby overflow or range guard
30,async.c,kain_async_timer_thread_proc,1409,+,,,0,for (word_index = 0u; word_index < KAIN_ASYNC_TIMER_WORD_COUNT; ++word_index) {,no nearby overflow or range guard
30,async.c,kain_async_timer_thread_proc,1412,+,,,0,for (slot = 0u; slot < KAIN_ASYNC_MAX_TASKS; ++slot) {,no nearby overflow or range guard
30,async.c,kain_async_timer_thread_proc,1427,+,,,0,for (slot = 0u; slot < KAIN_ASYNC_MAX_TIMERS; ++slot) {,no nearby overflow or range guard
30,attrition.c,kain_attrition_state_reset_locked,130,+,,,0,for (index = 0u; index < KAIN_ATTRITION_QUARANTINE_CAPACITY_MAX; ++index) {,no nearby overflow or range guard
30,attrition.c,kain_attrition_state_reset_locked,137,+,,,0,for (index = 0u; index < KAIN_ATTRITION_FRAGMENTATION_RING_CAPACITY; ++index) {,no nearby overflow or range guard
30,attrition.c,kain_attrition_fragmentation_noise_locked,217,-,,,0,g_kain_attrition_state.fragmentation_noise_live_bytes -=,no nearby overflow or range guard
30,attrition.c,kain_attrition_runtime_copy_events,396,+|-,,,0,start_index = (g_kain_attrition_state.event_next_index + KAIN_ATTRITION_EVENT_RING_CAPACITY - count),no nearby overflow or range guard
30,attrition.c,kain_attrition_runtime_copy_events,398,+,,,0,for (i = 0u; i < count; ++i) {,no nearby overflow or range guard
30,attrition.c,kain_attrition_runtime_copy_events,400,+,,,0,(start_index + i) % KAIN_ATTRITION_EVENT_RING_CAPACITY,no nearby overflow or range guard
30,attrition.c,kain_attrition_note_rc_free,745,-,,,0,g_kain_attrition_state.live_runtime_bytes -= total_bytes;,no nearby overflow or range guard
30,bitfield.c,__kain_bitfield_get,63,>>,,,0,uint64_t shifted = unit >> bit_offset;,no nearby overflow or range guard
30,compatibility.c,kain_copy_text,38,-,,,0,length = out_cap - 1;,no nearby overflow or range guard
30,contract.c,contract_copy_cstr,227,-,,,0,length = out_cap - 1;,no nearby overflow or range guard
30,contract.c,contract_count_bits,236,+,,,0,count += (value & UINT64_C(1)) != 0 ? 1 : 0;,no nearby overflow or range guard
30,contract.c,contract_find_service_spec,253,+,,,0,for (i = 0; i < g_kain_runtime_service_spec_count; ++i) {,no nearby overflow or range guard
30,contract.c,contract_append_message,277,-,,,0,value_length = out_cap - length - 1;,no nearby overflow or range guard
30,contract.c,contract_count_array_objects,349,+,,,0,count += 1;,no nearby overflow or range guard
30,contract.c,contract_analyze_services,678,+,,,0,for (i = 0; i < g_kain_runtime_service_spec_count; ++i) {,no nearby overflow or range guard
30,contract.c,contract_analyze_services,956,+,,,0,for (i = 0; i < legacy_validation.warning_count; i++) {,no nearby overflow or range guard
30,converge.c,kain_converge_lowbit_lane,65,+,,,0,index += 1;,no nearby overflow or range guard
30,core.c,kain_alloc_rc,120,+,,,0,size_t total_size = sizeof(RcHeader) + size;,no nearby overflow or range guard
30,core.c,kain_string_concat_parts,423,+,,,0,for (index = 0u; index < count; ++index) {,no nearby overflow or range guard
30,core.c,kain_string_concat_parts,450,+,,,0,for (index = 0u; index < count; ++index) {,no nearby overflow or range guard
30,core.c,to_string,467,+,,,0,cursor = buf + text_length;,no nearby overflow or range guard
30,core.c,stdin_read_exact,741,+,,,0,"size_t read_count = fread(buffer + offset, 1, remaining, stdin);",no nearby overflow or range guard
30,core.c,stdin_read_exact,745,+,,,0,offset += read_count;,no nearby overflow or range guard
30,core.c,stdin_read_exact,746,-,,,0,remaining -= read_count;,no nearby overflow or range guard
30,core.c,byte_at,952,-,,,0,if (!s || index < 0) return -1;,no nearby overflow or range guard
30,core.c,kain_map_rebuild_tiny_dispatch,1127,+,,,0,for (probe_index = 0u; probe_index < occupied_count; ++probe_index) {,no nearby overflow or range guard
30,core.c,kain_map_growth_threshold,1235,-,,,0,/* Proof: runtime/native/src/core/z3/proofs/native-map-growth-threshold-stays-below-capacity.yaml */,no nearby overflow or range guard
30,core.c,kain_map_growth_threshold,1236,>>|-,,,0,return capacity - (capacity >> 2u);,no nearby overflow or range guard
30,core.c,kain_map_resize,1525,+,,,0,for (i = 0; i < old_capacity; ++i) {,no nearby overflow or range guard
30,core.c,map_set,1601,<<,,SIZE_MAX,0,uint64_t new_capacity = current_capacity << 1u;,shift-based growth math | sentinel/null byte style increment
30,core.c,map_set,1629,<<,,SIZE_MAX,0,uint64_t new_capacity = current_capacity << 1u;,shift-based growth math | sentinel/null byte style increment
30,core.c,map_set_static_prehashed,1680,<<,,SIZE_MAX,0,uint64_t new_capacity = current_capacity << 1u;,shift-based growth math | sentinel/null byte style increment
30,core.c,map_set_static_prehashed,1708,<<,,SIZE_MAX,0,uint64_t new_capacity = current_capacity << 1u;,shift-based growth math | sentinel/null byte style increment
30,core.c,map_get_prehashed,1781,-,,,0,/* Proof: runtime/native/src/core/z3/proofs/native-map-linear-probe-empty-slot-precludes-later-match.yaml */,no nearby overflow or range guard
30,core.c,socket_recv,1981,-,,,0,"len = recv((SOCKET)sock, buf, sizeof(buf) - 1, 0);",no nearby overflow or range guard
30,cpu.c,abi_cpu_set_current_thread_affinity,377,-,,,0,"return pthread_setaffinity_np(pthread_self(), sizeof(set), &set) == 0 ? 0 : -1;",no nearby overflow or range guard
30,cpu.c,abi_vm_protect,476,-,,,0,"return VirtualProtect(ptr, (SIZE_T)byte_count, (DWORD)abi_vm_protection_mode(mode), &old_protect) != 0 ? 0 : -1;",no nearby overflow or range guard
30,diagnostics.c,kain_copy_text,22,-,,,0,length = out_size - 1;,no nearby overflow or range guard
30,diagnostics.c,kain_startup_validation_result_format,368,+|-,,,0,"out + written, out_size - written);",no nearby overflow or range guard
30,entangle.c,entangle_registry_register,38,-,,,0,/* Proof: runtime/native/src/core/z3/proofs/native-entangle-register-count-stays-within-capacity.yaml */,no nearby overflow or range guard
30,entangle.c,entangle_registry_register,75,+,,,0,g_kain_entangle_binding_count += 1;,no nearby overflow or range guard
30,fanout.c,__kain_fanout_i64,283,-,,,0,int worker_count = kain_fanout_cpu_worker_count(end - start);,no nearby overflow or range guard
30,fanout.c,__kain_fanout_i64,285,+,,,0,for (int64_t index = start; index < end; ++index) {,no nearby overflow or range guard
30,fanout.c,__kain_fanout_i64,302,-,,,0,int helper_count = worker_count - 1;,no nearby overflow or range guard
30,graphics_system.c,abi_graphics_release_session_resources,157,+,,,0,for (index = 0; index < ABI_GRAPHICS_MAX_BUFFERS; index += 1) {,no nearby overflow or range guard
30,graphics_system.c,abi_graphics_release_session_resources,160,+,,,0,for (index = 0; index < ABI_GRAPHICS_MAX_SHADERS; index += 1) {,no nearby overflow or range guard
30,graphics_system.c,abi_graphics_find_session,240,+,,,0,for (index = 0; index < ABI_GRAPHICS_MAX_SESSIONS; index += 1) {,no nearby overflow or range guard
30,graphics_system.c,abi_graphics_find_buffer,256,+,,,0,for (index = 0; index < ABI_GRAPHICS_MAX_BUFFERS; index += 1) {,no nearby overflow or range guard
30,graphics_system.c,abi_graphics_find_shader,272,+,,,0,for (index = 0; index < ABI_GRAPHICS_MAX_SHADERS; index += 1) {,no nearby overflow or range guard
30,graphics_system.c,abi_graphics_find_mesh,288,+,,,0,for (index = 0; index < ABI_GRAPHICS_MAX_MESHES; index += 1) {,no nearby overflow or range guard
30,graphics_system.c,abi_graphics_find_pipeline,304,+,,,0,for (index = 0; index < ABI_GRAPHICS_MAX_PIPELINES; index += 1) {,no nearby overflow or range guard
30,graphics_system.c,abi_graphics_decode_hex,343,+,,,0,for (index = 0; index < length; index += 1) {,no nearby overflow or range guard
30,graphics_system.c,abi_graphics_decode_hex,359,+,,,0,for (index = 0; index < byte_count; index += 1) {,no nearby overflow or range guard
30,graphics_system.c,abi_graphics_reset,457,+,,,0,for (index = 0; index < ABI_GRAPHICS_MAX_SESSIONS; index += 1) {,no nearby overflow or range guard
30,graphics_system.c,abi_graphics_session_create,478,+,,,0,for (index = 0; index < ABI_GRAPHICS_MAX_SESSIONS; index += 1) {,no nearby overflow or range guard
30,graphics_system.c,abi_graphics_session_create,505,-,,,0,"""capacity-exceeded"",",no nearby overflow or range guard
30,graphics_system.c,abi_graphics_session_count,527,+,,,0,for (index = 0; index < ABI_GRAPHICS_MAX_SESSIONS; index += 1) {,no nearby overflow or range guard
30,graphics_system.c,abi_graphics_session_count,529,+,,,0,count += 1;,no nearby overflow or range guard
30,graphics_system.c,abi_graphics_buffer_create,686,-,,,0,/* Proof: runtime/native/src/core/z3/proofs/native-graphics-buffer-count-stays-within-capacity.yaml */,no nearby overflow or range guard
30,graphics_system.c,abi_graphics_buffer_create,690,-,,,0,"""capacity-exceeded"",",no nearby overflow or range guard
30,graphics_system.c,abi_graphics_buffer_create,695,+,,,0,for (index = 0; index < ABI_GRAPHICS_MAX_BUFFERS; index += 1) {,no nearby overflow or range guard
30,graphics_system.c,abi_graphics_buffer_create,720,-,,,0,"""capacity-exceeded"",",no nearby overflow or range guard
30,graphics_system.c,abi_graphics_shader_register_bytes,834,-,,,0,"""capacity-exceeded"",",no nearby overflow or range guard
30,graphics_system.c,abi_graphics_shader_register_bytes,839,+,,,0,for (index = 0; index < ABI_GRAPHICS_MAX_SHADERS; index += 1) {,no nearby overflow or range guard
30,graphics_system.c,abi_graphics_shader_register_bytes,875,-,,,0,"""capacity-exceeded"",",no nearby overflow or range guard
30,graphics_system.c,abi_graphics_mesh_create,1000,-,,,0,"""capacity-exceeded"",",no nearby overflow or range guard
30,graphics_system.c,abi_graphics_mesh_create,1005,+,,,0,for (index = 0; index < ABI_GRAPHICS_MAX_MESHES; index += 1) {,no nearby overflow or range guard
30,graphics_system.c,abi_graphics_mesh_create,1027,-,,,0,"""capacity-exceeded"",",no nearby overflow or range guard
30,graphics_system.c,abi_graphics_pipeline_create,1087,-,,,0,"""capacity-exceeded"",",no nearby overflow or range guard
30,graphics_system.c,abi_graphics_pipeline_create,1092,+,,,0,for (index = 0; index < ABI_GRAPHICS_MAX_PIPELINES; index += 1) {,no nearby overflow or range guard
30,graphics_system.c,abi_graphics_pipeline_create,1125,-,,,0,"""capacity-exceeded"",",no nearby overflow or range guard
30,graphics_system.c,abi_graphics_draw_mesh,1167,-,,,0,/* Proof: runtime/native/src/core/z3/proofs/native-graphics-draw-command-count-stays-within-capacity.yaml */,no nearby overflow or range guard
30,graphics_system.c,abi_graphics_draw_mesh,1171,-,,,0,"""capacity-exceeded"",",no nearby overflow or range guard
30,host_bridge.c,kain_copy_text,21,-,,,0,length = out_cap - 1;,no nearby overflow or range guard
30,host_bridge.c,kain_host_bridge_unregister_module,271,-,,,0,module_index = -1;,no nearby overflow or range guard
30,host_bridge.c,kain_host_bridge_unregister_module,301,+,,,0,write_index += 1;,no nearby overflow or range guard
30,host_bridge.c,kain_host_bridge_count_services_for_module,413,+,,,0,count += 1;,no nearby overflow or range guard
30,input_system.c,abi_input_name_index,141,+,,,0,for (i = 0; i < count; i++) {,no nearby overflow or range guard
30,input_system.c,abi_input_session_count,398,+,,,0,count += 1;,no nearby overflow or range guard
30,json_benchmark.c,abi_json_manual_roundtrip_literal_checksum,55,+,,,0,for (index = 0; index < remainder; index += 1) {,no nearby overflow or range guard
30,json_benchmark.c,abi_json_manual_roundtrip_literal_checksum,59,+,,,0,"acc = kain_json_mod_add_small(acc, payload_base + (index % 7LL), modulus);",no nearby overflow or range guard
30,machine_stones.c,kain_machine_pulse_slot,239,+,,,0,for (probe = 0u; probe < KAIN_MACHINE_PULSE_SLOT_COUNT; ++probe) {,no nearby overflow or range guard
30,machine_stones.c,kain_machine_pulse_slot,240,+,,,0,uint32_t index = (start + probe) & KAIN_MACHINE_PULSE_SLOT_MASK;,no nearby overflow or range guard
30,machine_stones.c,kain_machine_pulse_stop_all,457,+,,,0,for (i = 0u; i < KAIN_MACHINE_PULSE_SLOT_COUNT; ++i) {,no nearby overflow or range guard
30,machine_stones.c,kain_machine_shatter_lane_ptr,562,*|+,,overflow,0,return (void*)(buffer->data + byte_offset);,multiplication can amplify overflow | pointer or indexed arithmetic
30,machine_stones.c,kain_machine_shatter_lane_base,580,*|+,,overflow,0,return (void*)(buffer->data + byte_offset);,multiplication can amplify overflow | pointer or indexed arithmetic
30,memory.c,kain_alloc_cache_take,76,+|-,,,0,KAIN_ALLOC_CACHE_BYTES -= sizeof(KainAllocHeader) + payload_size;,no nearby overflow or range guard
30,memory.c,kain_alloc_cache_release,97,-,,,0,KAIN_ALLOC_CACHE_BYTES > KAIN_ALLOC_CACHE_MAX_BYTES - allocation_size) {,no nearby overflow or range guard
30,memory.c,kain_alloc_cache_release,107,+,,,0,KAIN_ALLOC_CACHE_BYTES += allocation_size;,no nearby overflow or range guard
30,memory.c,__kain_volatile_load,309,+,,,0,for (size_t index = 0; index < size; ++index) {,no nearby overflow or range guard
30,memory.c,__kain_volatile_store,317,+,,,0,for (size_t index = 0; index < size; ++index) {,no nearby overflow or range guard
30,memory.c,__kain_realloc,640,-,,,0,new_payload_size - old_payload_size,no nearby overflow or range guard
30,net_system.c,abi_net_parse_content_length_header,190,-,,,0,/* Proof: runtime/native/src/core/z3/proofs/native-net-content-length-requires-nonnegative-parse.yaml */,no nearby overflow or range guard
30,net_system.c,abi_net_header_key_eq_ci,224,+,,,0,++index;,no nearby overflow or range guard
30,net_system.c,abi_net_find_http_header_end,234,+,,,0,for (index = 0u; index + 3u < length; ++index) {,no nearby overflow or range guard
30,net_system.c,abi_net_find_http_header_end,236,+,,,0,return bytes + index;,no nearby overflow or range guard
30,net_system.c,abi_net_parse_content_length_slice,250,+,,,0,++index;,no nearby overflow or range guard
30,net_system.c,abi_net_parse_content_length_slice,265,+,,,0,++index;,no nearby overflow or range guard
30,net_system.c,abi_net_index_insert,363,+,,,0,for (probe = 0u; probe < index_capacity; ++probe) {,no nearby overflow or range guard
30,net_system.c,abi_net_index_insert,364,+,,,0,uint32_t candidate_index = (start_index + probe) & index_mask;,no nearby overflow or range guard
30,net_system.c,abi_net_rebuild_connection_index,388,+,,,0,for (slot = 0u; slot < ABI_NET_MAX_CONNECTIONS; ++slot) {,no nearby overflow or range guard
30,net_system.c,abi_net_rebuild_listener_index,404,+,,,0,for (slot = 0u; slot < ABI_NET_MAX_LISTENERS; ++slot) {,no nearby overflow or range guard
30,net_system.c,abi_net_rebuild_request_index,420,+,,,0,for (slot = 0u; slot < ABI_NET_MAX_HTTP_REQUESTS; ++slot) {,no nearby overflow or range guard
30,net_system.c,abi_net_rebuild_response_index,436,+,,,0,for (slot = 0u; slot < ABI_NET_MAX_HTTP_RESPONSES; ++slot) {,no nearby overflow or range guard
30,net_system.c,abi_net_rebuild_server_index,452,+,,,0,for (slot = 0u; slot < ABI_NET_MAX_HTTP_SERVERS; ++slot) {,no nearby overflow or range guard
30,net_system.c,abi_net_send_all,662,-,,,0,int chunk = (int)((length - sent) > 32768u ? 32768u : (length - sent));,no nearby overflow or range guard
30,net_system.c,abi_net_decode_hex,696,+,,,0,for (index = 0; index < length; index += 2u) {,no nearby overflow or range guard
30,net_system.c,abi_net_encode_hex,721,+,,,0,for (index = 0u; index < length; ++index) {,no nearby overflow or range guard
30,net_system.c,abi_net_connection,773,+,,,0,for (probe = 0u; probe < ABI_NET_CONNECTION_INDEX_CAPACITY; ++probe) {,no nearby overflow or range guard
30,net_system.c,abi_net_connection,774,+,,,0,uint32_t candidate_index = (start_index + probe) & ABI_NET_CONNECTION_INDEX_MASK;,no nearby overflow or range guard
30,net_system.c,abi_net_listener,825,+,,,0,for (probe = 0u; probe < ABI_NET_LISTENER_INDEX_CAPACITY; ++probe) {,no nearby overflow or range guard
30,net_system.c,abi_net_listener,826,+,,,0,uint32_t candidate_index = (start_index + probe) & ABI_NET_LISTENER_INDEX_MASK;,no nearby overflow or range guard
30,net_system.c,abi_net_request,878,+,,,0,for (probe = 0u; probe < ABI_NET_REQUEST_INDEX_CAPACITY; ++probe) {,no nearby overflow or range guard
30,net_system.c,abi_net_request,879,+,,,0,uint32_t candidate_index = (start_index + probe) & ABI_NET_REQUEST_INDEX_MASK;,no nearby overflow or range guard
30,net_system.c,abi_net_response,933,+,,,0,for (probe = 0u; probe < ABI_NET_RESPONSE_INDEX_CAPACITY; ++probe) {,no nearby overflow or range guard
30,net_system.c,abi_net_response,934,+,,,0,uint32_t candidate_index = (start_index + probe) & ABI_NET_RESPONSE_INDEX_MASK;,no nearby overflow or range guard
30,net_system.c,abi_net_server,985,+,,,0,for (probe = 0u; probe < ABI_NET_SERVER_INDEX_CAPACITY; ++probe) {,no nearby overflow or range guard
30,net_system.c,abi_net_server,986,+,,,0,uint32_t candidate_index = (start_index + probe) & ABI_NET_SERVER_INDEX_MASK;,no nearby overflow or range guard
30,net_system.c,abi_net_find_header,1065,+,,,0,for (index = 0; index < header_count; ++index) {,no nearby overflow or range guard
30,net_system.c,abi_net_store_http_response,1415,+,,,0,for (index = 0; index < header_count && index < ABI_NET_MAX_HEADERS; ++index) {,no nearby overflow or range guard
30,net_system.c,abi_net_send_raw_http_client,1467,-,,,0,"""%s %s %s\r\nHost: %s\r\nConnection: close\r\nContent-Length: %llu\r\n"",",no nearby overflow or range guard
30,net_system.c,abi_net_reset,1764,+,,,0,for (index = 0u; index < ABI_NET_MAX_CONNECTIONS; ++index) {,no nearby overflow or range guard
30,net_system.c,abi_net_reset,1769,+,,,0,for (index = 0u; index < ABI_NET_MAX_LISTENERS; ++index) {,no nearby overflow or range guard
30,net_system.c,abi_net_reset,1774,+,,,0,for (index = 0u; index < ABI_NET_MAX_HTTP_REQUESTS; ++index) {,no nearby overflow or range guard
30,net_system.c,abi_net_reset,1782,+,,,0,for (index = 0u; index < ABI_NET_MAX_HTTP_RESPONSES; ++index) {,no nearby overflow or range guard
30,net_system.c,abi_net_reset,1787,+,,,0,for (index = 0u; index < ABI_NET_MAX_HTTP_SERVERS; ++index) {,no nearby overflow or range guard
30,net_system.c,abi_http_server_pump_batch,2380,-,,,0,"return abi_net_fail(ABI_NET_INVALID_ARGUMENT, ""invalid-batch"", ""HTTP batch request count must be positive"");",no nearby overflow or range guard
30,net_system.c,abi_net_http_concurrency_server_thread,2476,+,,,0,++accepted_count;,no nearby overflow or range guard
30,net_system.c,abi_net_http_concurrency_server_thread,2658,+,,,0,for (slot = 0; slot < rounds; ++slot) {,no nearby overflow or range guard
30,net_system.c,abi_net_http_concurrency_server_thread,2682,-,,,0,"""HTTP/1.1 200 OK\r\nContent-Length: %llu\r\nConnection: close\r\n\r\n%s"",",no nearby overflow or range guard
30,net_system.c,abi_net_http_concurrency_server_thread,2711,+,,,0,for (slot = 0; slot < active_workers; ++slot) {,no nearby overflow or range guard
30,net_system.c,abi_net_http_concurrency_server_thread,2722,+,,,0,for (slot = 0; slot < active_workers; ++slot) {,no nearby overflow or range guard
30,net_system.c,abi_net_http_concurrency_server_thread,2750,+,,,0,for (slot = 0; slot < active_workers; ++slot) {,no nearby overflow or range guard
30,net_system.c,abi_net_http_concurrency_server_thread,2754,+,,,0,for (slot = 0; slot < active_workers; ++slot) {,no nearby overflow or range guard
30,net_system.c,abi_net_http_concurrency_server_thread,2769,+,,,0,++index;,no nearby overflow or range guard
30,net_system.c,abi_net_http_concurrency_server_thread,2774,+,,,0,for (slot = 0; slot < active_workers; ++slot) {,no nearby overflow or range guard
30,net_system.c,abi_net_http_concurrency_server_thread,2783,+,,,0,for (slot = 0; slot < active_workers; ++slot) {,no nearby overflow or range guard
30,net_system.c,abi_net_http_concurrency_server_thread,2788,+,,,0,for (slot = 0; slot < rounds; ++slot) {,no nearby overflow or range guard
30,net_system.c,abi_net_http_concurrency_server_thread,2812,+,,,0,++pending_count;,no nearby overflow or range guard
30,net_system.c,abi_net_http_concurrency_server_thread,2924,-,,,0,"""HTTP/1.1 %lld OK\r\nContent-Length: %llu\r\nConnection: close\r\n"",",no nearby overflow or range guard
30,ownership.c,kain_ownership_index_insert_unlocked,127,+,,,0,for (uint32_t probe = 0u; probe < KAIN_OWNERSHIP_INDEX_CAPACITY; ++probe) {,no nearby overflow or range guard
30,ownership.c,kain_ownership_index_insert_unlocked,128,+,,,0,uint32_t candidate_index = (index + probe) & KAIN_OWNERSHIP_INDEX_MASK;,no nearby overflow or range guard
30,ownership.c,kain_ownership_index_remove_unlocked,167,+,,,0,for (uint32_t probe = 0u; probe < KAIN_OWNERSHIP_INDEX_CAPACITY; ++probe) {,no nearby overflow or range guard
30,ownership.c,kain_ownership_index_remove_unlocked,168,+,,,0,uint32_t candidate_index = (index + probe) & KAIN_OWNERSHIP_INDEX_MASK;,no nearby overflow or range guard
30,ownership.c,kain_ownership_rebuild_pointer_index_unlocked,187,+,,,0,for (uint32_t slot = 0u; slot < KAIN_OWNERSHIP_MAX_REGIONS; ++slot) {,no nearby overflow or range guard
30,ownership.c,kain_ownership_find_slot,205,+,,,0,for (uint32_t probe = 0u; probe < KAIN_OWNERSHIP_INDEX_CAPACITY; ++probe) {,no nearby overflow or range guard
30,ownership.c,kain_ownership_find_slot,206,+,,,0,uint32_t candidate_index = (index + probe) & KAIN_OWNERSHIP_INDEX_MASK;,no nearby overflow or range guard
30,ownership.c,kain_ownership_find_free_slot,248,+,,,0,for (uint32_t word_index = 0u; word_index < KAIN_OWNERSHIP_WORD_COUNT; ++word_index) {,no nearby overflow or range guard
30,ownership.c,kain_ownership_helper_slot_from_token_unlocked,288,-,,,0,/* Proof: runtime/native/src/core/z3/proofs/native-ownership-helper-slot-token-stays-within-registry-capacity.yaml */,no nearby overflow or range guard
30,ownership.c,kain_ownership_helper_slot_from_token_unlocked,294,-,,,0,/* Proof: runtime/native/src/core/z3/proofs/native-ownership-helper-fast-path-requires-heap-slot-match.yaml */,no nearby overflow or range guard
30,ownership.c,__kain_ownership_register_helper_allocation,390,-,,,0,int slot = -1;,no nearby overflow or range guard
30,ownership.c,__kain_ownership_relocate_helper_allocation,455,-,,,0,/* Proof: runtime/native/src/core/z3/proofs/native-ownership-helper-realloc-slot-fast-path-rejects-non-idle-region.yaml */,no nearby overflow or range guard
30,process_system.c,abi_process_index_insert,316,+,,,0,for (probe = 0u; probe < index_capacity; ++probe) {,no nearby overflow or range guard
30,process_system.c,abi_process_index_insert,317,+,,,0,uint32_t candidate_index = (start_index + probe) & index_mask;,no nearby overflow or range guard
30,process_system.c,abi_process_rebuild_spec_index,350,+,,,0,for (slot = 0u; slot < ABI_PROCESS_MAX_SPECS; ++slot) {,no nearby overflow or range guard
30,process_system.c,abi_process_rebuild_process_index,366,+,,,0,for (slot = 0u; slot < ABI_PROCESS_MAX_PROCESSES; ++slot) {,no nearby overflow or range guard
30,process_system.c,abi_process_spec_lookup,386,+,,,0,for (probe = 0u; probe < ABI_PROCESS_SPEC_INDEX_CAPACITY; ++probe) {,no nearby overflow or range guard
30,process_system.c,abi_process_spec_lookup,387,+,,,0,uint32_t candidate_index = (start_index + probe) & ABI_PROCESS_SPEC_INDEX_MASK;,no nearby overflow or range guard
30,process_system.c,abi_process_lookup,410,+,,,0,for (probe = 0u; probe < ABI_PROCESS_PROCESS_INDEX_CAPACITY; ++probe) {,no nearby overflow or range guard
30,process_system.c,abi_process_lookup,411,+,,,0,uint32_t candidate_index = (start_index + probe) & ABI_PROCESS_PROCESS_INDEX_MASK;,no nearby overflow or range guard
30,process_system.c,abi_process_capture_append,483,+,memcpy(,overflow,0,"memcpy(capture->bytes + capture->length, bytes, to_copy);",size math feeds allocation or copy sink | pointer or indexed arithmetic
30,process_system.c,abi_process_decode_hex,535,+,,,0,for (index = 0u; index < hex_length / 2u; index++) {,no nearby overflow or range guard
30,process_system.c,abi_process_encode_hex,566,+,,,0,for (index = 0u; index < byte_length; index++) {,no nearby overflow or range guard
30,process_system.c,abi_process_utf8_to_wide,683,-,,,0,"if (MultiByteToWideChar(CP_UTF8, 0, utf8_text, -1, wide_text, required_length) <= 0) {",no nearby overflow or range guard
30,process_system.c,abi_process_utf8_buffer_append_chars,820,+,,,0,for (index = 0u; index < count; index++) {,no nearby overflow or range guard
30,process_system.c,abi_process_utf8_buffer_append_text,844,+,memcpy(,overflow,0,"memcpy(buffer->text + buffer->length, text, text_length);",size math feeds allocation or copy sink | pointer or indexed arithmetic
30,process_system.c,abi_process_build_environment_block_w,1123,+,,,0,for (entry_index = 0u; entry_index < entries.count; entry_index++) {,no nearby overflow or range guard
30,process_system.c,abi_process_build_environment_block_w,1159,+,,,0,for (index = 0u; index < entries.count; index++) {,no nearby overflow or range guard
30,process_system.c,abi_process_build_environment_block_w,1162,+,,,0,output_cursor += entry_length;,no nearby overflow or range guard
30,process_system.c,abi_process_windows_cache_init,1262,+,,,0,"command_shell_path_buffer + command_shell_length,",no nearby overflow or range guard
30,process_system.c,abi_process_drain_stream_handle,1419,+,,,0,if (chunk_length + bytes_read > chunk_capacity) {,no nearby overflow or range guard
30,process_system.c,abi_process_drain_stream_handle,1421,+,,,0,while (next_capacity < chunk_length + bytes_read) {,no nearby overflow or range guard
30,process_system.c,abi_process_drain_stream_handle,1431,+,,,0,chunk_length += bytes_read;,no nearby overflow or range guard
30,process_system.c,abi_process_write_handle_bytes,1645,-,,,0,DWORD request = (DWORD)((byte_length - total_written) > 32768u ? 32768u : (byte_length - total_written));,no nearby overflow or range guard
30,process_system.c,abi_process_write_handle_bytes,1646,+,,,0,"if (!WriteFile(write_handle, bytes + total_written, request, &bytes_written, 0)) {",no nearby overflow or range guard
30,process_system.c,abi_process_write_handle_bytes,1652,+,,,0,total_written += bytes_written;,no nearby overflow or range guard
30,process_system.c,abi_process_reset,2075,+,,,0,for (index = 0; index < ABI_PROCESS_MAX_PROCESSES; index++) {,no nearby overflow or range guard
30,process_system.c,kain_attrition_process_fill_snapshot,2118,+,,,0,for (slot = 0u; slot < ABI_PROCESS_MAX_PROCESSES; ++slot) {,no nearby overflow or range guard
30,process_system.c,abi_process_spec_add_arg,2263,-,,,0,/* Proof: runtime/native/src/core/z3/proofs/native-process-argument-count-stays-within-capacity.yaml */,no nearby overflow or range guard
30,process_system.c,abi_process_spec_set_env,2321,-,,,0,/* Proof: runtime/native/src/core/z3/proofs/native-process-environment-count-stays-within-capacity.yaml */,no nearby overflow or range guard
30,realtime.c,realtime_count_array_objects,252,+,,,0,++count;,no nearby overflow or range guard
30,realtime.c,realtime_count_array_objects,336,+,,,0,++count;,no nearby overflow or range guard
30,realtime.c,realtime_count_array_objects,395,+,,,0,"total += graphics_bundle_count_string_array(refs_value, refs_end);",no nearby overflow or range guard
30,realtime.c,realtime_count_array_objects,464,-,,,0,/* Proof: runtime/native/src/core/z3/proofs/native-realtime-binding-count-stays-within-capacity.yaml */,no nearby overflow or range guard
30,realtime.c,realtime_count_array_objects,472,+,,,0,++count;,no nearby overflow or range guard
30,realtime.c,realtime_count_array_objects,526,+,,,0,for (i = 0; i < binding_count; ++i) {,no nearby overflow or range guard
30,realtime.c,realtime_count_array_objects,769,+,,,0,for (i = 0; i < binding_count; ++i) {,no nearby overflow or range guard
30,realtime.c,realtime_count_array_objects,777,+,,,0,++count;,no nearby overflow or range guard
30,realtime.c,realtime_count_array_objects,791,+,,,0,for (i = 0; i < binding_count; ++i) {,no nearby overflow or range guard
30,reflection.c,kain_reflection_get_items_by_kind,480,+,,,0,count++;,no nearby overflow or range guard
30,reflection.c,json_parse,1086,+,,,0,token.hi = reflection_token_load_le64(bytes + 8);,no nearby overflow or range guard
30,reflection.c,json_parse,1392,+,,,0,field_count++;,no nearby overflow or range guard
30,reflection.c,reflection_copy_text,1794,-,,,0,length = out_size - 1;,no nearby overflow or range guard
30,renderer_backend.c,kain_renderer_backend_lookup,62,+,,,0,for (index = 0; index < kain_renderer_backend_count(); ++index) {,no nearby overflow or range guard
30,renderer_backend.c,kain_renderer_backend_default,76,+,,,0,for (index = 0; index < kain_renderer_backend_count(); ++index) {,no nearby overflow or range guard
30,scene.c,runtime_append_text,28,-,,,0,text_len = out_cap - offset - 1;,no nearby overflow or range guard
30,services.c,kain_copy_text,41,-,,,0,length = out_size - 1;,no nearby overflow or range guard
30,services.c,kain_service_key_metadata_ascii_lower,97,+,,,0,for (i = 0u; i < prefix_length; ++i) {,no nearby overflow or range guard
30,services.c,kain_service_registry_lock,228,+,,,0,kain_service_registry_spin_pause(spin_index++);,no nearby overflow or range guard
30,services.c,kain_service_registry_find_mutable_unlocked,275,+,,,0,for (i = 0; i < service_count; ++i) {,no nearby overflow or range guard
30,services.c,kain_service_registry_commit_descriptor_unlocked,289,-,,,0,/* Proof: runtime/native/src/core/z3/proofs/native-services-commit-gate-prevents-slot-overwrite.yaml */,no nearby overflow or range guard
30,services.c,kain_service_registry_canonicalize_key,667,-,,,0,"if (key_length == 15u && kain_text_equals_ci(key, ""native.app-host"")) {",no nearby overflow or range guard
30,services.c,kain_service_registry_canonicalize_key,722,-,,,0,"if (key_length == 26u && kain_text_equals_ci(key, ""native.ui.compiled-bundle"")) {",no nearby overflow or range guard
30,services.c,kain_service_registry_lookup,871,+,,,0,for (i = 0; i < service_count; i++) {,no nearby overflow or range guard
30,services.c,kain_service_registry_refresh_runtime_probe_statuses,952,+,,,0,for (i = 0; i < service_count; ++i) {,no nearby overflow or range guard
30,services.c,kain_service_registry_count_by_status,1048,+,,,0,for (i = 0; i < service_count; i++) {,no nearby overflow or range guard
30,services.c,kain_service_registry_count_by_status,1050,+,,,0,count++;,no nearby overflow or range guard
30,services.c,kain_service_registry_count_by_requirement,1070,+,,,0,for (i = 0; i < service_count; i++) {,no nearby overflow or range guard
30,services.c,kain_service_registry_count_by_requirement,1072,+,,,0,count++;,no nearby overflow or range guard
30,services.c,kain_service_registry_validate_required,1099,+,,,0,for (i = 0; i < service_count; i++) {,no nearby overflow or range guard
30,services.c,kain_service_registry_validate_required_collector,1164,+,,,0,for (i = 0; i < service_count; i++) {,no nearby overflow or range guard
30,services.c,kain_service_registry_format_list,1224,+,,,0,for (i = 0; i < service_count; i++) {,no nearby overflow or range guard
30,services.c,kain_service_registry_format_list,1238,+|-,,,0,if (written + line_len >= out_size - 1) {,no nearby overflow or range guard
30,services.c,kain_service_registry_print,1264,+,,,0,for (i = 0; i < service_count; i++) {,no nearby overflow or range guard
30,simd.c,kain_simd_dot_scalar_raw,49,+,,,0,index += 1;,no nearby overflow or range guard
30,simd.c,kain_simd_affine_stats_scalar_raw,65,+,,,0,index += 1;,no nearby overflow or range guard
30,simd.c,kain_simd_dot_avx2_raw,184,+,,,0,while (index + 4 <= cells) {,no nearby overflow or range guard
30,simd.c,kain_simd_dot_avx2_raw,197,+,,,0,index += 4;,no nearby overflow or range guard
30,simd.c,kain_simd_dot_avx2_raw,204,+,,,0,index += 1;,no nearby overflow or range guard
30,simd.c,kain_simd_affine_stats_avx2_raw,222,+,,,0,while (index + 4 <= cells) {,no nearby overflow or range guard
30,simd.c,kain_simd_affine_stats_avx2_raw,234,+,,,0,index += 4;,no nearby overflow or range guard
30,simd.c,kain_simd_affine_stats_avx2_raw,245,+,,,0,index += 1;,no nearby overflow or range guard
30,simd.c,kain_simd_dot_avx512_raw,266,+,,,0,while (index + 8 <= cells) {,no nearby overflow or range guard
30,simd.c,kain_simd_dot_avx512_raw,279,+,,,0,index += 8;,no nearby overflow or range guard
30,simd.c,kain_simd_dot_avx512_raw,286,+,,,0,index += 1;,no nearby overflow or range guard
30,simd.c,kain_simd_affine_stats_avx512_raw,304,+,,,0,while (index + 8 <= cells) {,no nearby overflow or range guard
30,simd.c,kain_simd_affine_stats_avx512_raw,316,+,,,0,index += 8;,no nearby overflow or range guard
30,simd.c,kain_simd_affine_stats_avx512_raw,329,+,,,0,index += 1;,no nearby overflow or range guard
30,stdlib_abi.c,abi_attrition_json_write_events,400,+,,,0,for (index = 0u; index < count; ++index) {,no nearby overflow or range guard
30,stdlib_abi.c,abi_copy_actor_name,924,+,,,0,index++;,no nearby overflow or range guard
30,stdlib_abi.c,abi_patch_record_i64,1193,-,,,0,/* Proof: runtime/native/src/core/z3/proofs/native-stdlib-patch-journal-count-stays-within-capacity.yaml */,no nearby overflow or range guard
30,stdlib_abi.c,abi_patch_record_i64,1206,+,,,0,g_kain_native_patch_journal_count += 1;,no nearby overflow or range guard
30,stdlib_abi.c,abi_patch_commit,1213,+,,,0,for (index = 0; index < g_kain_native_patch_journal_count; index++) {,no nearby overflow or range guard
30,stdlib_abi.c,abi_patch_undo_last,1227,-,,,0,for (index = g_kain_native_patch_journal_count - 1; index >= 0; index--) {,no nearby overflow or range guard
30,stdlib_abi.c,abi_entangle_record_i64,1260,+,,,0,g_kain_native_entangle_propagation_count += 1;,no nearby overflow or range guard
30,stdlib_abi.c,abi_converge_record_i64,1280,+,,,0,g_kain_native_converge_mismatch_count += 1;,no nearby overflow or range guard
30,stdlib_abi.c,abi_converge_record_bool,1290,+,,,0,g_kain_native_converge_mismatch_count += 1;,no nearby overflow or range guard
30,stdlib_abi.c,abi_orchestrate_stage_begin,1303,+,,,0,g_kain_native_orchestrate_stage_count += 1;,no nearby overflow or range guard
30,stdlib_abi.c,abi_fs_copy_message,1358,-,,,0,"strncpy(destination, source, destination_size - 1);",no nearby overflow or range guard
30,stdlib_abi.c,abi_fs_creation_root_span,1596,+,,,0,index += 2u;,no nearby overflow or range guard
30,stdlib_abi.c,abi_fs_creation_root_span,1597,+,,,0,if (length > index + 3u,no nearby overflow or range guard
30,stdlib_abi.c,abi_fs_creation_root_span,1602,+,,,0,index += 4u;,no nearby overflow or range guard
30,stdlib_abi.c,abi_fs_creation_root_span,1603,+,,,0,} else if (length > index + 2u,no nearby overflow or range guard
30,stdlib_abi.c,abi_fs_creation_root_span,1607,+,,,0,return index + 3u;,no nearby overflow or range guard
30,stdlib_abi.c,abi_fs_creation_root_span,1618,+,,,0,for (; index < length; ++segment) {,no nearby overflow or range guard
30,stdlib_abi.c,abi_fs_create_parent_dirs,1673,+,,,0,for (index = root_span; index < length; index++) {,no nearby overflow or range guard
30,stdlib_abi.c,abi_fs_read_byte_range_hex,1913,+,,,0,for (index = 0; index < read_count; index++) {,no nearby overflow or range guard
30,stdlib_abi.c,abi_fs_write_bytes_hex,1977,+,,,0,for (index = 0; index < length; index += 2) {,no nearby overflow or range guard
30,stdlib_abi.c,abi_fs_metadata_text,2280,+,,,0,for (index = root_span; index <= length; index++) {,no nearby overflow or range guard
30,stdlib_abi.c,abi_fs_metadata_text,2629,+,,,0,for (index = 0; index < 16; index++) {,no nearby overflow or range guard
30,stdlib_abi.c,abi_fs_metadata_text,2637,+,,,0,for (index = 16; index < 64; index++) {,no nearby overflow or range guard
30,stdlib_abi.c,abi_fs_metadata_text,2658,+,,,0,for (index = 0; index < 64; index++) {,no nearby overflow or range guard
30,stdlib_abi.c,abi_fs_metadata_text,2705,+,,,0,for (index = 0; index < length; index++) {,no nearby overflow or range guard
30,stdlib_abi.c,abi_fs_metadata_text,2744,+,,,0,for (state_index = 0; state_index < 8; state_index++) {,no nearby overflow or range guard
30,stdlib_abi.c,abi_fs_metadata_text,2777,+,,,0,for (index = 0; index < length; index++) {,no nearby overflow or range guard
30,stdlib_abi.c,abi_fs_metadata_text,2795,-,,,0,size_t remaining = length - offset;,no nearby overflow or range guard
30,stdlib_abi.c,abi_fs_metadata_text,2801,+,,,0,offset += take;,no nearby overflow or range guard
30,stdlib_abi.c,abi_fs_metadata_text,2810,+|-,,,0,"size_t read_count = fread(buffer + offset, 1, length - offset, random_file);",no nearby overflow or range guard
30,stdlib_abi.c,abi_fs_metadata_text,2816,+,,,0,offset += read_count;,no nearby overflow or range guard
30,stdlib_abi.c,abi_fs_metadata_text,2884,+,,,0,for (index = 0; index < sizeof(key_block); index++) {,no nearby overflow or range guard
30,stdlib_abi.c,abi_fs_metadata_text,2953,+,,,0,for (index = 0; index < 16; index++) {,no nearby overflow or range guard
30,stdlib_abi.c,abi_fs_metadata_text,2983,+,,,0,for (index = 0; index < 16; index++) {,no nearby overflow or range guard
30,stdlib_abi.c,abi_fs_metadata_text,3007,+,,,0,for (index = 0; index < 7; index++) {,no nearby overflow or range guard
30,stdlib_abi.c,abi_fs_metadata_text,3011,+,,,0,for (index = 0; index < 8; index++) {,no nearby overflow or range guard
30,stdlib_abi.c,abi_fs_metadata_text,3041,+,,,0,for (index = 0; index < 8; index++) {,no nearby overflow or range guard
30,stdlib_abi.c,abi_fs_metadata_text,3058,-,,,0,while ((length - offset) > ABI_BLAKE3_BLOCK_LEN) {,no nearby overflow or range guard
30,stdlib_abi.c,abi_fs_metadata_text,3060,+,,,0,"abi_blake3_block_words(input + offset, ABI_BLAKE3_BLOCK_LEN, words);",no nearby overflow or range guard
30,stdlib_abi.c,abi_fs_metadata_text,3063,+,,,0,offset += ABI_BLAKE3_BLOCK_LEN;,no nearby overflow or range guard
30,stdlib_abi.c,abi_fs_metadata_text,3111,+,,,0,for (chunk_index = 0; chunk_index < chunk_count; chunk_index++) {,no nearby overflow or range guard
30,stdlib_abi.c,abi_fs_metadata_text,3114,-,,,0,size_t remaining = length - offset;,no nearby overflow or range guard
30,stdlib_abi.c,abi_fs_metadata_text,3124,+,,,0,read_index += 2u;,no nearby overflow or range guard
30,stdlib_abi.c,abi_fs_metadata_text,3125,+,,,0,write_index++;,no nearby overflow or range guard
30,stdlib_abi.c,abi_fs_metadata_text,3129,+,,,0,write_index++;,no nearby overflow or range guard
30,stdlib_abi.c,abi_fs_metadata_text,3197,+,,,0,for (index = 0; index < 32; index++) {,no nearby overflow or range guard
30,wire.c,abi_wire_zero_copy_binary_checksum,126,+,,,0,for (period_index = 0; period_index < KAIN_WIRE_PERIOD; period_index += 1) {,no nearby overflow or range guard
30,wire.c,abi_wire_zero_copy_binary_checksum,132,-,,,0,for (period_index = KAIN_WIRE_WORD3_MOD - 1; period_index >= 0; period_index -= 1) {,no nearby overflow or range guard
30,wire.c,abi_wire_zero_copy_binary_checksum,153,+,,,0,for (period_index = 0; period_index < remainder; period_index += 1) {,no nearby overflow or range guard
