risk_score,file,function,start_line,end_line,body_lines,size_terms,guard_hits,lock_hits,once_hits,atomic_hits,alloc_hits,destroy_hits,arithmetic_lines,pointer_lines,global_write_lines,init_flag_lines,count_like_writes,token_density,reasons,signature,excerpt
145,fanout.c,kain_fanout_runtime_shutdown,338,368,31,count|index|size,,,,,memset(,CloseHandle(|DeleteCriticalSection(|pthread_cond_destroy(|pthread_mutex_destroy(,16,14,2,1,2,13,touches size/count/capacity vocabulary | multiple arithmetic sites in one function | dense pointer or indexing traffic | allocation or copy sink with no explicit overflow guard | lazy init flag with no obvious synchronization | writes global state without obvious synchronization | count-like increment with no lock or atomic | destructive teardown after lock release,void kain_fanout_runtime_shutdown(void) {,void kain_fanout_runtime_shutdown(void) { || KainFanoutRuntime* runtime = &g_kain_fanout_runtime; || if (!runtime->initialized) {
135,contract.c,contract_analyze_services,361,1016,656,bytes|count|cursor|mask|path|size,,,,,malloc(|snprintf(,free(,185,133,7,2,2,148,touches size/count/capacity vocabulary | multiple arithmetic sites in one function | dense pointer or indexing traffic | allocation or copy sink with no explicit overflow guard | lazy init flag with no obvious synchronization | writes global state without obvious synchronization | count-like increment with no lock or atomic,"static void contract_analyze_services( const char* array_start, const char* array_end, KainRuntimeContractBundle* bundle ) {","static void contract_analyze_services( || const char* array_start, || const char* array_end,"
135,fanout.c,kain_fanout_runtime_init,200,273,74,count|generation|index|size,,,,,memset(,CloseHandle(|DeleteCriticalSection(|pthread_cond_destroy(|pthread_mutex_destroy(,50,39,4,2,4,36,touches size/count/capacity vocabulary | multiple arithmetic sites in one function | dense pointer or indexing traffic | allocation or copy sink with no explicit overflow guard | lazy init flag with no obvious synchronization | writes global state without obvious synchronization | count-like increment with no lock or atomic,static int kain_fanout_runtime_init(void) {,static int kain_fanout_runtime_init(void) { || KainFanoutRuntime* runtime = &g_kain_fanout_runtime; || if (runtime->initialized) {
115,host_bridge.c,kain_host_bridge_install_module,163,217,55,count|mask|size,,,,,memset(,,17,7,0,1,1,6,touches size/count/capacity vocabulary | multiple arithmetic sites in one function | dense pointer or indexing traffic | allocation or copy sink with no explicit overflow guard | lazy init flag with no obvious synchronization | count-like increment with no lock or atomic,"int kain_host_bridge_install_module( KainHostBridgeRegistry* registry, const KainServiceRegistry* runtime_services, const KainHostBridgeModuleDescriptor* descriptor, unsigned int available_capability_mask, KainDiagnostic* diag ) {","int kain_host_bridge_install_module( || KainHostBridgeRegistry* registry, || const KainServiceRegistry* runtime_services,"
110,attrition.c,kain_attrition_heap_release,559,607,49,bytes|capacity|count|header|size|slot,,,,,memset(,free(,10,7,11,0,1,32,touches size/count/capacity vocabulary | multiple arithmetic sites in one function | dense pointer or indexing traffic | allocation or copy sink with no explicit overflow guard | writes global state without obvious synchronization | count-like increment with no lock or atomic | destructive teardown after lock release,"int kain_attrition_heap_release(void* raw_header, size_t total_bytes) {","int kain_attrition_heap_release(void* raw_header, size_t total_bytes) { || size_t slot; || KainAttritionQuarantineEntry* entry;"
100,attrition.c,kain_attrition_fragmentation_noise_locked,198,239,42,allocation|bytes|capacity|count|size|slot,,,,,malloc(|memset(,free(,5,6,14,0,1,42,touches size/count/capacity vocabulary | multiple arithmetic sites in one function | dense pointer or indexing traffic | allocation or copy sink with no explicit overflow guard | writes global state without obvious synchronization | count-like increment with no lock or atomic,static void kain_attrition_fragmentation_noise_locked(void) {,static void kain_attrition_fragmentation_noise_locked(void) { || uint64_t max_bytes = g_kain_attrition_state.config.fragmentation_noise_max_bytes; || void* noise_block;
100,input_system.c,abi_input_bind_action,404,433,30,capacity|count|size,,,,,memset(,,16,9,2,0,1,10,touches size/count/capacity vocabulary | multiple arithmetic sites in one function | dense pointer or indexing traffic | allocation or copy sink with no explicit overflow guard | writes global state without obvious synchronization | count-like increment with no lock or atomic,"int64_t abi_input_bind_action( int64_t session_id, const char* source_kind, const char* event_kind, const char* code, const char* action ) {","int64_t abi_input_bind_action( || int64_t session_id, || const char* source_kind,"
100,input_system.c,abi_input_bind_axis,434,464,31,capacity|count|size,,,,,memset(,,16,9,2,0,1,10,touches size/count/capacity vocabulary | multiple arithmetic sites in one function | dense pointer or indexing traffic | allocation or copy sink with no explicit overflow guard | writes global state without obvious synchronization | count-like increment with no lock or atomic,"int64_t abi_input_bind_axis( int64_t session_id, const char* source_kind, const char* event_kind, const char* code, const char* axis, double scale ) {","int64_t abi_input_bind_axis( || int64_t session_id, || const char* source_kind,"
100,input_system.c,abi_input_push_event,465,505,41,capacity|count|size,,,,,memset(,,20,12,2,0,1,12,touches size/count/capacity vocabulary | multiple arithmetic sites in one function | dense pointer or indexing traffic | allocation or copy sink with no explicit overflow guard | writes global state without obvious synchronization | count-like increment with no lock or atomic,"int64_t abi_input_push_event( int64_t session_id, const char* source_kind, const char* source_id, const char* event_kind, const char* code, double value, const char* text, double confidence ) {","int64_t abi_input_push_event( || int64_t session_id, || const char* source_kind,"
100,input_system.c,abi_input_push_agent_intent,506,539,34,capacity|count|size,,,,,memset(,,18,12,2,0,1,12,touches size/count/capacity vocabulary | multiple arithmetic sites in one function | dense pointer or indexing traffic | allocation or copy sink with no explicit overflow guard | writes global state without obvious synchronization | count-like increment with no lock or atomic,"int64_t abi_input_push_agent_intent( int64_t session_id, const char* source_id, const char* action, const char* command_text, double confidence ) {","int64_t abi_input_push_agent_intent( || int64_t session_id, || const char* source_id,"
100,input_system.c,abi_input_begin_frame,540,564,25,count|index|size,,,,,memcpy(,,14,13,2,0,1,14,touches size/count/capacity vocabulary | multiple arithmetic sites in one function | dense pointer or indexing traffic | allocation or copy sink with no explicit overflow guard | writes global state without obvious synchronization | count-like increment with no lock or atomic,"int64_t abi_input_begin_frame(int64_t session_id, double delta_ms) {","int64_t abi_input_begin_frame(int64_t session_id, double delta_ms) { || KainNativeInputSession* session = abi_input_session(session_id); || int64_t i;"
100,input_system.c,abi_input_replay_trace,672,719,48,allocation|capacity|count|size,,,,,malloc(|memset(,free(,21,16,2,0,1,13,touches size/count/capacity vocabulary | multiple arithmetic sites in one function | dense pointer or indexing traffic | allocation or copy sink with no explicit overflow guard | writes global state without obvious synchronization | count-like increment with no lock or atomic,"int64_t abi_input_replay_trace(int64_t session_id, const char* trace_text) {","int64_t abi_input_replay_trace(int64_t session_id, const char* trace_text) { || char* buffer; || char* line;"
100,json.c,json_clone_value,216,261,46,capacity|count|size,,,,,calloc(,,24,22,1,0,2,18,touches size/count/capacity vocabulary | multiple arithmetic sites in one function | dense pointer or indexing traffic | allocation or copy sink with no explicit overflow guard | writes global state without obvious synchronization | count-like increment with no lock or atomic,static KainJsonValue* json_clone_value(const KainJsonValue* value) {,static KainJsonValue* json_clone_value(const KainJsonValue* value) { || KainJsonValue* out; || int64_t i;
100,net_system.c,abi_net_send_raw_http_client,1436,1571,136,allocation|body|bytes|capacity|count|header|index|length|path|size,,,,,memset(|snprintf(,free(,37,13,2,0,1,98,touches size/count/capacity vocabulary | multiple arithmetic sites in one function | dense pointer or indexing traffic | allocation or copy sink with no explicit overflow guard | writes global state without obvious synchronization | count-like increment with no lock or atomic,"static int64_t abi_net_send_raw_http_client(KainNativeHttpRequest* request, const KainNativeParsedUrl* url) {","static int64_t abi_net_send_raw_http_client(KainNativeHttpRequest* request, const KainNativeParsedUrl* url) { || SOCKET socket_handle; || unsigned char* response_bytes = 0;"
100,net_system.c,abi_net_send_winhttp_client,1591,1759,169,allocation|body|bytes|capacity|count|header|index|length|path|size|word,,,,,malloc(|snprintf(,CloseHandle(|free(,24,12,3,0,1,77,touches size/count/capacity vocabulary | multiple arithmetic sites in one function | dense pointer or indexing traffic | allocation or copy sink with no explicit overflow guard | writes global state without obvious synchronization | count-like increment with no lock or atomic,"static int64_t abi_net_send_winhttp_client(KainNativeHttpRequest* request, const KainNativeParsedUrl* url) {","static int64_t abi_net_send_winhttp_client(KainNativeHttpRequest* request, const KainNativeParsedUrl* url) { || HINTERNET session = 0; || HINTERNET connection = 0;"
100,realtime.c,realtime_count_array_objects,235,3102,2868,bytes|capacity|count|cursor|length|path|size|slot,,,,,malloc(|memcpy(|snprintf(,free(,1045,820,34,0,44,617,touches size/count/capacity vocabulary | multiple arithmetic sites in one function | dense pointer or indexing traffic | allocation or copy sink with no explicit overflow guard | writes global state without obvious synchronization | count-like increment with no lock or atomic,"static int realtime_count_array_objects( const char* array_start, const char* array_end ) {","static int realtime_count_array_objects( || const char* array_start, || const char* array_end"
100,stdlib_abi.c,abi_patch_record_i64,1190,1208,19,capacity|count|path|size,,,,,memset(,,13,8,3,0,1,12,touches size/count/capacity vocabulary | multiple arithmetic sites in one function | dense pointer or indexing traffic | allocation or copy sink with no explicit overflow guard | writes global state without obvious synchronization | count-like increment with no lock or atomic,"int64_t abi_patch_record_i64(const char* patch_name, const char* path, int64_t old_value, int64_t new_value) {","int64_t abi_patch_record_i64(const char* patch_name, const char* path, int64_t old_value, int64_t new_value) { || KainNativePatchJournalEntry* entry; || /* Proof: runtime/native/src/core/z3/proofs/native-stdlib-patch-journal-count-stays-within-capacity.yaml */"
90,entangle.c,entangle_registry_register,31,77,47,capacity|count|size,,,,,memset(,,7,1,3,0,1,10,touches size/count/capacity vocabulary | multiple arithmetic sites in one function | allocation or copy sink with no explicit overflow guard | writes global state without obvious synchronization | count-like increment with no lock or atomic,"int entangle_registry_register( const char* authority, const char* mirror, const char* policy, const char* type_name ) {","int entangle_registry_register( || const char* authority, || const char* mirror,"
80,actor.c,kain_actor_reply_port_state_try_copy_completed_owner_inline,838,863,26,bytes|capacity|size,,,,,memcpy(,,10,7,1,0,0,17,touches size/count/capacity vocabulary | multiple arithmetic sites in one function | dense pointer or indexing traffic | allocation or copy sink with no explicit overflow guard | writes global state without obvious synchronization,"static int kain_actor_reply_port_state_try_copy_completed_owner_inline( KainActorReplyPortState* state, void* out_reply_data, size_t out_reply_capacity, size_t* out_reply_size ) {","static int kain_actor_reply_port_state_try_copy_completed_owner_inline( || KainActorReplyPortState* state, || void* out_reply_data,"
80,actor.c,kain_actor_mailbox_append_copied_locked,1612,1663,52,bound|capacity|count|size,,,,,malloc(|memcpy(,,27,17,0,0,1,13,touches size/count/capacity vocabulary | multiple arithmetic sites in one function | dense pointer or indexing traffic | allocation or copy sink with no explicit overflow guard | count-like increment with no lock or atomic,"static int kain_actor_mailbox_append_copied_locked( KainActorMailbox* mailbox, const KainActorMessage* message ) {","static int kain_actor_mailbox_append_copied_locked( || KainActorMailbox* mailbox, || const KainActorMessage* message"
80,attrition.c,kain_attrition_record_event_locked,185,197,13,capacity|count|index,,,,,,,9,7,4,0,1,7,touches size/count/capacity vocabulary | multiple arithmetic sites in one function | dense pointer or indexing traffic | writes global state without obvious synchronization | count-like increment with no lock or atomic,"static void kain_attrition_record_event_locked(uint32_t kind, uint32_t aux, uint64_t arg0, uint64_t arg1, uint64_t arg2) {","static void kain_attrition_record_event_locked(uint32_t kind, uint32_t aux, uint64_t arg0, uint64_t arg1, uint64_t arg2) { || KainAttritionEvent* event = &g_kain_attrition_state.events[g_kain_attrition_state.event_next_index]; || event->event_index = g_kain_attrition_state.event_write_count + 1u;"
80,contract.c,contract_add_warning,284,301,18,count|size,,,,,,,6,5,2,0,1,5,touches size/count/capacity vocabulary | multiple arithmetic sites in one function | dense pointer or indexing traffic | writes global state without obvious synchronization | count-like increment with no lock or atomic,"static void contract_add_warning( KainRuntimeContractValidation* validation, const char* warning ) {","static void contract_add_warning( || KainRuntimeContractValidation* validation, || const char* warning"
80,core.c,kain_string_concat_parts,415,458,44,count|cursor|index|length|size,overflow,,,,memcpy(,,7,6,1,0,2,48,touches size/count/capacity vocabulary | multiple arithmetic sites in one function | dense pointer or indexing traffic | writes global state without obvious synchronization | count-like increment with no lock or atomic,"static char* kain_string_concat_parts(const char* const* parts, size_t count) {","static char* kain_string_concat_parts(const char* const* parts, size_t count) { || size_t lengths[10]; || size_t total_length = 0u;"
80,core.c,kain_map_rebuild_tiny_dispatch,1075,1142,68,capacity|count|index|length|mask|probe|size|slot,,,,,memcpy(|memset(,,20,23,0,0,2,46,touches size/count/capacity vocabulary | multiple arithmetic sites in one function | dense pointer or indexing traffic | allocation or copy sink with no explicit overflow guard | count-like increment with no lock or atomic,static void kain_map_rebuild_tiny_dispatch(KainMap* map) {,static void kain_map_rebuild_tiny_dispatch(KainMap* map) { || uint64_t fingerprints[KAIN_MAP_TINY_MAX_COUNT]; || uint8_t entry_indices[KAIN_MAP_TINY_MAX_COUNT];
80,diagnostics.c,kain_diagnostic_collector_add,157,190,34,count|size,,,,,memcpy(,,13,7,0,0,4,8,touches size/count/capacity vocabulary | multiple arithmetic sites in one function | dense pointer or indexing traffic | allocation or copy sink with no explicit overflow guard | count-like increment with no lock or atomic,"int kain_diagnostic_collector_add( KainDiagnosticCollector* collector, const KainDiagnostic* diag ) {","int kain_diagnostic_collector_add( || KainDiagnosticCollector* collector, || const KainDiagnostic* diag"
80,graphics_system.c,abi_graphics_decode_hex,324,370,47,bytes|count|index|length|size,,,,,malloc(,free(,14,4,0,0,1,44,touches size/count/capacity vocabulary | multiple arithmetic sites in one function | dense pointer or indexing traffic | allocation or copy sink with no explicit overflow guard | count-like increment with no lock or atomic,"static int64_t abi_graphics_decode_hex( const char* bytes_hex, uint8_t** out_bytes ) {","static int64_t abi_graphics_decode_hex( || const char* bytes_hex, || uint8_t** out_bytes"
80,graphics_system.c,abi_graphics_session_create,464,508,45,capacity|index|size,,,,,memset(,,5,15,8,0,0,26,touches size/count/capacity vocabulary | multiple arithmetic sites in one function | dense pointer or indexing traffic | allocation or copy sink with no explicit overflow guard | writes global state without obvious synchronization,"int64_t abi_graphics_session_create( const char* app_name, int64_t width, int64_t height ) {","int64_t abi_graphics_session_create( || const char* app_name, || int64_t width,"
80,graphics_system.c,abi_graphics_buffer_create,661,723,63,capacity|count|index|length|size|stride,,,,,memset(,,23,14,0,0,1,37,touches size/count/capacity vocabulary | multiple arithmetic sites in one function | dense pointer or indexing traffic | allocation or copy sink with no explicit overflow guard | count-like increment with no lock or atomic,"int64_t abi_graphics_buffer_create( int64_t session_id, const char* kind, const char* label, int64_t byte_length, int64_t element_stride ) {","int64_t abi_graphics_buffer_create( || int64_t session_id, || const char* kind,"
80,graphics_system.c,abi_graphics_shader_register_bytes,801,878,78,bytes|capacity|count|index|length|payload|size,,,,,memset(,free(,29,19,0,0,1,47,touches size/count/capacity vocabulary | multiple arithmetic sites in one function | dense pointer or indexing traffic | allocation or copy sink with no explicit overflow guard | count-like increment with no lock or atomic,"static int64_t abi_graphics_shader_register_bytes( int64_t session_id, const char* key, const char* stage, const char* entry_point, const char* source, uint8_t* owned_bytes, int64_t byte_length ) {","static int64_t abi_graphics_shader_register_bytes( || int64_t session_id, || const char* key,"
80,graphics_system.c,abi_graphics_mesh_create,968,1030,63,capacity|count|index|size,,,,,memset(,,20,13,0,0,1,44,touches size/count/capacity vocabulary | multiple arithmetic sites in one function | dense pointer or indexing traffic | allocation or copy sink with no explicit overflow guard | count-like increment with no lock or atomic,"int64_t abi_graphics_mesh_create( int64_t session_id, const char* label, int64_t vertex_buffer_id, int64_t index_buffer_id, int64_t vertex_count, int64_t index_count ) {","int64_t abi_graphics_mesh_create( || int64_t session_id, || const char* label,"
80,graphics_system.c,abi_graphics_pipeline_create,1049,1128,80,capacity|count|index|size,,,,,memset(,,27,16,0,0,1,27,touches size/count/capacity vocabulary | multiple arithmetic sites in one function | dense pointer or indexing traffic | allocation or copy sink with no explicit overflow guard | count-like increment with no lock or atomic,"int64_t abi_graphics_pipeline_create( int64_t session_id, const char* label, int64_t vertex_shader_id, int64_t fragment_shader_id, const char* backend_id ) {","int64_t abi_graphics_pipeline_create( || int64_t session_id, || const char* label,"
80,graphics_system.c,abi_graphics_draw_mesh,1141,1184,44,capacity|count|size,,,,,memset(,,15,8,0,0,1,16,touches size/count/capacity vocabulary | multiple arithmetic sites in one function | dense pointer or indexing traffic | allocation or copy sink with no explicit overflow guard | count-like increment with no lock or atomic,"int64_t abi_graphics_draw_mesh( int64_t session_id, int64_t pipeline_id, int64_t mesh_id, int64_t instance_count ) {","int64_t abi_graphics_draw_mesh( || int64_t session_id, || int64_t pipeline_id,"
80,host_bridge.c,kain_host_bridge_validate_module,101,162,62,count|index|mask|size,,,,,snprintf(,,13,7,0,0,1,11,touches size/count/capacity vocabulary | multiple arithmetic sites in one function | dense pointer or indexing traffic | allocation or copy sink with no explicit overflow guard | count-like increment with no lock or atomic,"static int kain_host_bridge_validate_module( const KainServiceRegistry* runtime_services, const KainHostBridgeModuleDescriptor* descriptor, unsigned int available_capability_mask, KainDiagnostic* diag ) {","static int kain_host_bridge_validate_module( || const KainServiceRegistry* runtime_services, || const KainHostBridgeModuleDescriptor* descriptor,"
80,input_system.c,abi_input_session_create,367,382,16,capacity|size,,,,,memset(,,4,7,3,0,0,5,touches size/count/capacity vocabulary | multiple arithmetic sites in one function | dense pointer or indexing traffic | allocation or copy sink with no explicit overflow guard | writes global state without obvious synchronization,int64_t abi_input_session_create(const char* name) {,int64_t abi_input_session_create(const char* name) { || int i; || for (i = 0; i < ABI_INPUT_MAX_SESSIONS; i++) {
80,json.c,json_value_destructor,262,300,39,capacity|count,,,,,,free(,25,25,1,0,2,6,touches size/count/capacity vocabulary | multiple arithmetic sites in one function | dense pointer or indexing traffic | writes global state without obvious synchronization | count-like increment with no lock or atomic,static void json_value_destructor(void* ptr) {,static void json_value_destructor(void* ptr) { || KainJsonValue* value = (KainJsonValue*)ptr; || int64_t i;
80,json.c,json_write_value,523,577,55,count|size,,,,,snprintf(,,12,13,0,0,2,4,touches size/count/capacity vocabulary | multiple arithmetic sites in one function | dense pointer or indexing traffic | allocation or copy sink with no explicit overflow guard | count-like increment with no lock or atomic,"static void json_write_value(JsonBuffer* buffer, const KainJsonValue* value) {","static void json_write_value(JsonBuffer* buffer, const KainJsonValue* value) { || int64_t i; || char number[64];"
80,json.c,json_parse_value_inner,750,943,194,count|cursor|index|mask,,,,,,free(,60,36,3,0,1,19,touches size/count/capacity vocabulary | multiple arithmetic sites in one function | dense pointer or indexing traffic | writes global state without obvious synchronization | count-like increment with no lock or atomic,static KainJsonValue* json_parse_value_inner(KainJsonParser* parser) {,static KainJsonValue* json_parse_value_inner(KainJsonParser* parser) { || char* text; || json_skip_ws(parser);
80,machine_stones.c,kain_machine_pulse_start,398,439,42,count|slot,,,,,,,9,8,1,0,1,15,touches size/count/capacity vocabulary | multiple arithmetic sites in one function | dense pointer or indexing traffic | writes global state without obvious synchronization | count-like increment with no lock or atomic,"int64_t kain_machine_pulse_start( uint64_t pulse_token, uint64_t interval_ns, uint64_t jitter_ns, KainMachinePulseFireFn fire ) {","int64_t kain_machine_pulse_start( || uint64_t pulse_token, || uint64_t interval_ns,"
80,net_system.c,abi_net_dispatch_route,1240,1273,34,count|index|path|payload|size,,,,,memset(|snprintf(,,17,16,0,0,1,18,touches size/count/capacity vocabulary | multiple arithmetic sites in one function | dense pointer or indexing traffic | allocation or copy sink with no explicit overflow guard | count-like increment with no lock or atomic,"static void abi_net_dispatch_route(KainNativeHttpServer* server, KainNativeHttpRequest* request) {","static void abi_net_dispatch_route(KainNativeHttpServer* server, KainNativeHttpRequest* request) { || int64_t index; || if (server == 0 || request == 0) {"
80,net_system.c,abi_net_store_http_response,1391,1435,45,allocation|body|capacity|count|header|index|length|size,abi_net_size_add_overflow|overflow,,,,malloc(|memcpy(,,18,11,1,0,2,58,touches size/count/capacity vocabulary | multiple arithmetic sites in one function | dense pointer or indexing traffic | writes global state without obvious synchronization | count-like increment with no lock or atomic,"static int64_t abi_net_store_http_response( int64_t status_code, const char* protocol_name, const KainNativeNetHeader* headers, int64_t header_count, const unsigned char* body, size_t body_length ) {","static int64_t abi_net_store_http_response( || int64_t status_code, || const char* protocol_name,"
80,net_system.c,abi_net_reset,1761,1813,53,body|index|size,,,,,memset(,free(,5,12,12,0,0,52,touches size/count/capacity vocabulary | multiple arithmetic sites in one function | dense pointer or indexing traffic | allocation or copy sink with no explicit overflow guard | writes global state without obvious synchronization,int64_t abi_net_reset(void) {,int64_t abi_net_reset(void) { || size_t index; || for (index = 0u; index < ABI_NET_MAX_CONNECTIONS; ++index) {
80,net_system.c,abi_http_server_route_actor,2286,2304,19,capacity|count|path|size,,,,,memset(,,12,7,0,0,1,15,touches size/count/capacity vocabulary | multiple arithmetic sites in one function | dense pointer or indexing traffic | allocation or copy sink with no explicit overflow guard | count-like increment with no lock or atomic,"int64_t abi_http_server_route_actor(int64_t server_id, const char* method, const char* path, int64_t actor_id, const char* message_kind) {","int64_t abi_http_server_route_actor(int64_t server_id, const char* method, const char* path, int64_t actor_id, const char* message_kind) { || KainNativeHttpServer* server = abi_net_server(server_id); || KainNativeHttpRoute* route;"
80,process_system.c,abi_process_launch_standard_process,1656,1862,207,count|size|word,,,,,memset(,CloseHandle(|free(,23,16,2,0,0,5,touches size/count/capacity vocabulary | multiple arithmetic sites in one function | dense pointer or indexing traffic | allocation or copy sink with no explicit overflow guard | writes global state without obvious synchronization,"static int64_t abi_process_launch_standard_process( const KainNativeProcessSpec* spec, KainNativeProcessHandle* process ) {","static int64_t abi_process_launch_standard_process( || const KainNativeProcessSpec* spec, || KainNativeProcessHandle* process"
80,process_system.c,abi_process_launch_pty_process,1863,2070,208,bytes|count|size,,,,,malloc(|memset(,CloseHandle(|free(,16,10,2,0,0,16,touches size/count/capacity vocabulary | multiple arithmetic sites in one function | dense pointer or indexing traffic | allocation or copy sink with no explicit overflow guard | writes global state without obvious synchronization,"static int64_t abi_process_launch_pty_process( const KainNativeProcessSpec* spec, KainNativeProcessHandle* process, int64_t columns, int64_t rows ) {","static int64_t abi_process_launch_pty_process( || const KainNativeProcessSpec* spec, || KainNativeProcessHandle* process,"
80,process_system.c,abi_process_spec_create,2174,2220,47,capacity|index|mask|size|slot,,,,,memset(,,15,10,4,0,0,19,touches size/count/capacity vocabulary | multiple arithmetic sites in one function | dense pointer or indexing traffic | allocation or copy sink with no explicit overflow guard | writes global state without obvious synchronization,int64_t abi_process_spec_create(const char* executable) {,int64_t abi_process_spec_create(const char* executable) { || KainNativeProcessSpec* spec = 0; || uint32_t slot;
80,reflection.c,json_parse,682,1760,1079,bytes|capacity|count|length|path|payload|size,,,,,memcpy(|realloc(,,212,122,0,0,3,231,touches size/count/capacity vocabulary | multiple arithmetic sites in one function | dense pointer or indexing traffic | allocation or copy sink with no explicit overflow guard | count-like increment with no lock or atomic,"/* Minimal JSON parser implementation */ static int json_parse(JsonParser* parser, const char* json) {","/* Minimal JSON parser implementation */ || static int json_parse(JsonParser* parser, const char* json) { || parser->json = json;"
80,stdlib_abi.c,abi_patch_commit,1209,1223,15,count|index,,,,,,,7,5,3,0,1,6,touches size/count/capacity vocabulary | multiple arithmetic sites in one function | dense pointer or indexing traffic | writes global state without obvious synchronization | count-like increment with no lock or atomic,int64_t abi_patch_commit(const char* patch_name) {,int64_t abi_patch_commit(const char* patch_name) { || int64_t committed = 0; || int64_t index;
70,actor.c,kain_actor_reply_port_state_complete_copied,638,731,94,capacity|count|generation|payload|size,,EnterCriticalSection(|LeaveCriticalSection(|pthread_mutex_lock(|pthread_mutex_unlock(,,atomic_,malloc(|memcpy(,free(,38,30,2,0,0,24,touches size/count/capacity vocabulary | multiple arithmetic sites in one function | dense pointer or indexing traffic | allocation or copy sink with no explicit overflow guard | destructive teardown after lock release,"static int kain_actor_reply_port_state_complete_copied( KainActorReplyPortState* state, const KainActorRef* expected_actor_ref, const void* reply_data, size_t reply_size ) {","static int kain_actor_reply_port_state_complete_copied( || KainActorReplyPortState* state, || const KainActorRef* expected_actor_ref,"
70,actor.c,kain_actor_reply_port_state_reset_with_actor_ref,732,774,43,payload|size,,EnterCriticalSection(|LeaveCriticalSection(|pthread_mutex_lock(|pthread_mutex_unlock(,,,memset(,free(,22,19,0,0,0,5,touches size/count/capacity vocabulary | multiple arithmetic sites in one function | dense pointer or indexing traffic | allocation or copy sink with no explicit overflow guard | destructive teardown after lock release,"static void kain_actor_reply_port_state_reset_with_actor_ref( KainActorReplyPortState* state, const KainActorRef* actor_ref ) {","static void kain_actor_reply_port_state_reset_with_actor_ref( || KainActorReplyPortState* state, || const KainActorRef* actor_ref"
70,actor.c,kain_actor_reply_port_state_prepare_direct_token,1162,1225,64,generation|payload|size,,EnterCriticalSection(|LeaveCriticalSection(|pthread_mutex_lock(|pthread_mutex_unlock(,,,memset(,free(,28,23,0,0,0,21,touches size/count/capacity vocabulary | multiple arithmetic sites in one function | dense pointer or indexing traffic | allocation or copy sink with no explicit overflow guard | destructive teardown after lock release,"static int kain_actor_reply_port_state_prepare_direct_token( KainActorReplyPortState* state, KainActorRef* out_actor_ref ) {","static int kain_actor_reply_port_state_prepare_direct_token( || KainActorReplyPortState* state, || KainActorRef* out_actor_ref"
70,async.c,kain_async_release_timer_record_locked,483,495,13,index|size|slot|word,,,,,memset(,,5,2,2,0,0,9,touches size/count/capacity vocabulary | multiple arithmetic sites in one function | allocation or copy sink with no explicit overflow guard | writes global state without obvious synchronization,static void kain_async_release_timer_record_locked(KainAsyncTimerRecord* timer) {,static void kain_async_release_timer_record_locked(KainAsyncTimerRecord* timer) { || uint32_t slot; || uint64_t bit;
70,async.c,kain_async_timer_thread_proc,857,1457,601,allocation|capacity|count|index|mask|size|slot|word,,kain_async_mutex_lock(|kain_async_mutex_unlock(,,atomic_,memset(,CloseHandle(|free(,167,109,24,0,8,159,touches size/count/capacity vocabulary | multiple arithmetic sites in one function | dense pointer or indexing traffic | allocation or copy sink with no explicit overflow guard | destructive teardown after lock release,static DWORD WINAPI kain_async_timer_thread_proc(LPVOID parameter) {,static DWORD WINAPI kain_async_timer_thread_proc(LPVOID parameter) { || KainAsyncTimerRecord* timer = (KainAsyncTimerRecord*)parameter; || #else
70,attrition.c,kain_attrition_runtime_copy_events,371,405,35,bound|capacity|count|index|size|slot,,,,,,,5,1,2,0,1,27,touches size/count/capacity vocabulary | multiple arithmetic sites in one function | writes global state without obvious synchronization | count-like increment with no lock or atomic,"size_t kain_attrition_runtime_copy_events(KainAttritionEvent* out_events, size_t max_events) {","size_t kain_attrition_runtime_copy_events(KainAttritionEvent* out_events, size_t max_events) { || size_t available; || size_t count;"
70,host_bridge.c,kain_host_bridge_registry_init,55,62,8,size,,,,,memset(,,3,1,0,1,0,1,touches size/count/capacity vocabulary | allocation or copy sink with no explicit overflow guard | lazy init flag with no obvious synchronization,void kain_host_bridge_registry_init(KainHostBridgeRegistry* registry) {,void kain_host_bridge_registry_init(KainHostBridgeRegistry* registry) { || if (!registry) { || return;
70,input_system.c,abi_input_find_binding,192,209,18,count,,,,,,,6,3,2,0,1,1,touches size/count/capacity vocabulary | multiple arithmetic sites in one function | writes global state without obvious synchronization | count-like increment with no lock or atomic,"static const KainNativeInputBinding* abi_input_find_binding( const KainNativeInputSession* session, const KainNativeInputEvent* event, int is_axis ) {","static const KainNativeInputBinding* abi_input_find_binding( || const KainNativeInputSession* session, || const KainNativeInputEvent* event,"
70,json.c,json_register_value,61,74,14,size,,,,,malloc(,,5,2,2,0,0,1,touches size/count/capacity vocabulary | multiple arithmetic sites in one function | allocation or copy sink with no explicit overflow guard | writes global state without obvious synchronization,static void json_register_value(KainJsonValue* value) {,static void json_register_value(KainJsonValue* value) { || KainJsonRegistryNode* node; || if (!value) {
70,net_system.c,abi_tcp_close,2008,2021,14,index|size|slot,,,,,memset(,,6,1,2,0,0,5,touches size/count/capacity vocabulary | multiple arithmetic sites in one function | allocation or copy sink with no explicit overflow guard | writes global state without obvious synchronization,int64_t abi_tcp_close(int64_t connection_id) {,int64_t abi_tcp_close(int64_t connection_id) { || KainNativeTcpConnection* connection = abi_net_connection(connection_id); || uint32_t slot;
70,net_system.c,abi_tcp_listener_close,2022,2035,14,index|size|slot,,,,,memset(,,6,1,2,0,0,5,touches size/count/capacity vocabulary | multiple arithmetic sites in one function | allocation or copy sink with no explicit overflow guard | writes global state without obvious synchronization,int64_t abi_tcp_listener_close(int64_t listener_id) {,int64_t abi_tcp_listener_close(int64_t listener_id) { || KainNativeTcpListener* listener = abi_net_listener(listener_id); || uint32_t slot;
70,net_system.c,abi_http_request_destroy,2217,2234,18,body|index|size|slot,,,,,memset(,free(,8,3,2,0,0,6,touches size/count/capacity vocabulary | multiple arithmetic sites in one function | allocation or copy sink with no explicit overflow guard | writes global state without obvious synchronization,int64_t abi_http_request_destroy(int64_t request_id) {,int64_t abi_http_request_destroy(int64_t request_id) { || KainNativeHttpRequest* request = abi_net_request(request_id); || uint32_t slot;
70,net_system.c,abi_http_response_destroy,2235,2248,14,body|index|size|slot,,,,,memset(,free(,6,1,2,0,0,6,touches size/count/capacity vocabulary | multiple arithmetic sites in one function | allocation or copy sink with no explicit overflow guard | writes global state without obvious synchronization,int64_t abi_http_response_destroy(int64_t response_id) {,int64_t abi_http_response_destroy(int64_t response_id) { || KainNativeHttpResponse* response = abi_net_response(response_id); || uint32_t slot;
70,process_system.c,abi_process_windows_cache_init,1228,1274,47,capacity|length|path|size|word,,,,,memcpy(,,5,2,3,0,0,40,touches size/count/capacity vocabulary | multiple arithmetic sites in one function | allocation or copy sink with no explicit overflow guard | writes global state without obvious synchronization,"static BOOL CALLBACK abi_process_windows_cache_init( PINIT_ONCE init_once, PVOID parameter, PVOID* context ) {","static BOOL CALLBACK abi_process_windows_cache_init( || PINIT_ONCE init_once, || PVOID parameter,"
70,process_system.c,abi_process_spec_destroy,2221,2237,17,index|size|slot,,,,,memset(,,5,0,2,0,0,5,touches size/count/capacity vocabulary | multiple arithmetic sites in one function | allocation or copy sink with no explicit overflow guard | writes global state without obvious synchronization,int64_t abi_process_spec_destroy(int64_t spec_id) {,int64_t abi_process_spec_destroy(int64_t spec_id) { || KainNativeProcessSpec* spec = abi_process_spec_lookup(spec_id); || uint32_t slot;
65,net_system.c,abi_net_alloc_connection,789,816,28,capacity|index|mask|size|slot,,,,,memset(,,3,7,5,0,0,23,touches size/count/capacity vocabulary | dense pointer or indexing traffic | allocation or copy sink with no explicit overflow guard | writes global state without obvious synchronization,static KainNativeTcpConnection* abi_net_alloc_connection(SOCKET socket_handle) {,static KainNativeTcpConnection* abi_net_alloc_connection(SOCKET socket_handle) { || uint32_t slot; || uint64_t bit;
65,net_system.c,abi_net_alloc_listener,841,869,29,capacity|index|mask|size|slot,,,,,memset(,,3,8,6,0,0,24,touches size/count/capacity vocabulary | dense pointer or indexing traffic | allocation or copy sink with no explicit overflow guard | writes global state without obvious synchronization,"static KainNativeTcpListener* abi_net_alloc_listener(SOCKET socket_handle, int64_t local_port) {","static KainNativeTcpListener* abi_net_alloc_listener(SOCKET socket_handle, int64_t local_port) { || uint32_t slot; || uint64_t bit;"
65,net_system.c,abi_net_alloc_request,894,924,31,capacity|index|mask|size|slot,,,,,memset(,,3,10,7,0,0,28,touches size/count/capacity vocabulary | dense pointer or indexing traffic | allocation or copy sink with no explicit overflow guard | writes global state without obvious synchronization,static KainNativeHttpRequest* abi_net_alloc_request(int incoming) {,static KainNativeHttpRequest* abi_net_alloc_request(int incoming) { || uint32_t slot; || uint64_t bit;
65,net_system.c,abi_net_alloc_response,949,976,28,capacity|index|mask|size|slot,,,,,memset(,,3,7,4,0,0,25,touches size/count/capacity vocabulary | dense pointer or indexing traffic | allocation or copy sink with no explicit overflow guard | writes global state without obvious synchronization,static KainNativeHttpResponse* abi_net_alloc_response(void) {,static KainNativeHttpResponse* abi_net_alloc_response(void) { || uint32_t slot; || uint64_t bit;
65,net_system.c,abi_net_alloc_server,1001,1028,28,capacity|index|mask|size|slot,,,,,memset(,,3,7,5,0,0,23,touches size/count/capacity vocabulary | dense pointer or indexing traffic | allocation or copy sink with no explicit overflow guard | writes global state without obvious synchronization,static KainNativeHttpServer* abi_net_alloc_server(void) {,static KainNativeHttpServer* abi_net_alloc_server(void) { || uint32_t slot; || uint64_t bit;
60,actor.c,kain_actor_borrowed_message_release_match,431,451,21,index,,,,,,,7,4,6,0,0,12,touches size/count/capacity vocabulary | multiple arithmetic sites in one function | dense pointer or indexing traffic | writes global state without obvious synchronization,static int kain_actor_borrowed_message_release_match(const void* message_data) {,static int kain_actor_borrowed_message_release_match(const void* message_data) { || unsigned int index; || if (message_data == NULL || g_actor_borrowed_message_depth == 0u) {
60,actor.c,kain_actor_ref_matches_live_snapshot,486,502,17,generation|size,,,,,,,9,7,1,0,0,5,touches size/count/capacity vocabulary | multiple arithmetic sites in one function | dense pointer or indexing traffic | writes global state without obvious synchronization,"static int kain_actor_ref_matches_live_snapshot( const KainActorRef* actor_ref, const KainActorState_Internal* actor ) {","static int kain_actor_ref_matches_live_snapshot( || const KainActorRef* actor_ref, || const KainActorState_Internal* actor"
60,actor.c,kain_actor_reply_port_state_try_copy_completed,779,837,59,bytes|capacity|size,,EnterCriticalSection(|LeaveCriticalSection(|pthread_mutex_lock(|pthread_mutex_unlock(,,,memcpy(,,17,14,0,0,0,30,touches size/count/capacity vocabulary | multiple arithmetic sites in one function | dense pointer or indexing traffic | allocation or copy sink with no explicit overflow guard,"static int kain_actor_reply_port_state_try_copy_completed( KainActorReplyPortState* state, void* out_reply_data, size_t out_reply_capacity, size_t* out_reply_size ) {","static int kain_actor_reply_port_state_try_copy_completed( || KainActorReplyPortState* state, || void* out_reply_data,"
60,actor.c,kain_actor_reply_port_state_wait,864,966,103,bytes|capacity|index|size|word,,pthread_mutex_lock(|pthread_mutex_unlock(,,,memcpy(,,21,12,0,0,0,32,touches size/count/capacity vocabulary | multiple arithmetic sites in one function | dense pointer or indexing traffic | allocation or copy sink with no explicit overflow guard,"static int kain_actor_reply_port_state_wait( KainActorReplyPortState* state, long long timeout_ms, void* out_reply_data, size_t out_reply_capacity, size_t* out_reply_size ) {","static int kain_actor_reply_port_state_wait( || KainActorReplyPortState* state, || long long timeout_ms,"
60,actor.c,kain_actor_reply_port_state_bind_synthetic_actor,1039,1106,68,capacity|size,,,,,calloc(,free(,30,22,0,0,0,5,touches size/count/capacity vocabulary | multiple arithmetic sites in one function | dense pointer or indexing traffic | allocation or copy sink with no explicit overflow guard,static int kain_actor_reply_port_state_bind_synthetic_actor(KainActorReplyPortState* state) {,static int kain_actor_reply_port_state_bind_synthetic_actor(KainActorReplyPortState* state) { || KainActorState_Internal* actor; || KainActorRef actor_ref;
60,actor.c,kain_actor_abi_descriptor_is_compatible,1348,1379,32,bound|capacity|count|generation,,,,,,,21,20,1,0,0,14,touches size/count/capacity vocabulary | multiple arithmetic sites in one function | dense pointer or indexing traffic | writes global state without obvious synchronization,int kain_actor_abi_descriptor_is_compatible(const KainActorAbiDescriptor* expected) {,int kain_actor_abi_descriptor_is_compatible(const KainActorAbiDescriptor* expected) { || KainActorAbiDescriptor current; || if (expected == NULL) {
60,actor.c,kain_actor_mailbox_cache_or_free_node,1593,1611,19,bound|count|limit|size,,,,,,free(,11,9,0,0,1,5,touches size/count/capacity vocabulary | multiple arithmetic sites in one function | dense pointer or indexing traffic | count-like increment with no lock or atomic,"static void kain_actor_mailbox_cache_or_free_node(KainActorMailbox* mailbox, MessageNode* node) {","static void kain_actor_mailbox_cache_or_free_node(KainActorMailbox* mailbox, MessageNode* node) { || if (node == NULL) { || return;"
60,actor.c,kain_actor_table_ref_matches_locked,1805,1837,33,generation|size,,,,,,,11,7,2,0,0,6,touches size/count/capacity vocabulary | multiple arithmetic sites in one function | dense pointer or indexing traffic | writes global state without obvious synchronization,"static int kain_actor_table_ref_matches_locked( const KainActorRef* actor_ref, KainActorState_Internal** out_actor ) {","static int kain_actor_table_ref_matches_locked( || const KainActorRef* actor_ref, || KainActorState_Internal** out_actor"
60,async.c,kain_async_find_task_locked,389,415,27,capacity|index|mask|probe|slot,,,,,,,4,4,2,0,0,28,touches size/count/capacity vocabulary | multiple arithmetic sites in one function | dense pointer or indexing traffic | writes global state without obvious synchronization,static KainAsyncTaskRecord* kain_async_find_task_locked(KainTaskId task_id) {,static KainAsyncTaskRecord* kain_async_find_task_locked(KainTaskId task_id) { || uint32_t start_index; || uint32_t probe;
60,async.c,kain_async_find_timer_locked,416,442,27,capacity|index|mask|probe|slot,,,,,,,4,4,2,0,0,28,touches size/count/capacity vocabulary | multiple arithmetic sites in one function | dense pointer or indexing traffic | writes global state without obvious synchronization,static KainAsyncTimerRecord* kain_async_find_timer_locked(KainTimerId timer_id) {,static KainAsyncTimerRecord* kain_async_find_timer_locked(KainTimerId timer_id) { || uint32_t start_index; || uint32_t probe;
60,async.c,kain_async_release_task_record_locked,455,482,28,index|size|slot|word,,,,atomic_,memset(,,16,13,2,0,0,9,touches size/count/capacity vocabulary | multiple arithmetic sites in one function | dense pointer or indexing traffic | allocation or copy sink with no explicit overflow guard,static void kain_async_release_task_record_locked(KainAsyncTaskRecord* task) {,static void kain_async_release_task_record_locked(KainAsyncTaskRecord* task) { || uint32_t slot; || uint64_t bit;
60,async.c,kain_async_allocate_task_record,526,582,57,capacity|count|index|mask|size|slot|word,,kain_async_mutex_lock(|kain_async_mutex_unlock(,,atomic_,memset(,,25,22,4,0,0,30,touches size/count/capacity vocabulary | multiple arithmetic sites in one function | dense pointer or indexing traffic | allocation or copy sink with no explicit overflow guard,static KainAsyncTaskRecord* kain_async_allocate_task_record(void) {,static KainAsyncTaskRecord* kain_async_allocate_task_record(void) { || uint32_t slot; || uint64_t bit;
60,async.c,kain_async_allocate_timer_record,583,615,33,count|size|slot|word,,kain_async_mutex_lock(|kain_async_mutex_unlock(,,atomic_,memset(,,11,8,3,0,0,15,touches size/count/capacity vocabulary | multiple arithmetic sites in one function | dense pointer or indexing traffic | allocation or copy sink with no explicit overflow guard,static KainAsyncTimerRecord* kain_async_allocate_timer_record(void) {,static KainAsyncTimerRecord* kain_async_allocate_timer_record(void) { || uint32_t slot; || uint64_t bit;
60,attrition.c,kain_attrition_runtime_snapshot,318,370,53,allocation|bytes|count|size,overflow|underflow,,,,memset(,,42,40,39,0,0,54,touches size/count/capacity vocabulary | multiple arithmetic sites in one function | dense pointer or indexing traffic | writes global state without obvious synchronization,void kain_attrition_runtime_snapshot(KainAttritionSnapshot* out_snapshot) {,void kain_attrition_runtime_snapshot(KainAttritionSnapshot* out_snapshot) { || if (out_snapshot == NULL) { || return;
60,compatibility.c,kain_bundle_compat_metadata_init,87,97,11,size,,,,,memset(,,6,4,0,0,0,1,touches size/count/capacity vocabulary | multiple arithmetic sites in one function | dense pointer or indexing traffic | allocation or copy sink with no explicit overflow guard,void kain_bundle_compat_metadata_init(KainBundleCompatibilityMetadata* metadata) {,void kain_bundle_compat_metadata_init(KainBundleCompatibilityMetadata* metadata) { || if (!metadata) { || return;
60,compatibility.c,kain_bundle_validate_compatibility,109,177,69,size,,,,,memset(,,37,33,0,0,0,5,touches size/count/capacity vocabulary | multiple arithmetic sites in one function | dense pointer or indexing traffic | allocation or copy sink with no explicit overflow guard,"int kain_bundle_validate_compatibility( const KainBundleCompatibilityMetadata* metadata, KainCompatibilityValidationResult* result ) {","int kain_bundle_validate_compatibility( || const KainBundleCompatibilityMetadata* metadata, || KainCompatibilityValidationResult* result"
60,compatibility.c,kain_bundle_install,178,223,46,generation|path|size,,,,,calloc(,,10,4,0,0,0,9,touches size/count/capacity vocabulary | multiple arithmetic sites in one function | dense pointer or indexing traffic | allocation or copy sink with no explicit overflow guard,"KainBundleHandle* kain_bundle_install( const char* bundle_path, const KainBundleCompatibilityMetadata* metadata, KainDiagnostic* diag ) {","KainBundleHandle* kain_bundle_install( || const char* bundle_path, || const KainBundleCompatibilityMetadata* metadata,"
60,compatibility.c,kain_bundle_update,271,341,71,generation|path|size,,,,,memset(,,17,8,0,0,0,9,touches size/count/capacity vocabulary | multiple arithmetic sites in one function | dense pointer or indexing traffic | allocation or copy sink with no explicit overflow guard,"int kain_bundle_update( KainBundleHandle* handle, const char* new_bundle_path, const KainBundleCompatibilityMetadata* new_metadata, KainMigrationHookFn migration_hook, KainDiagnostic* diag ) {","int kain_bundle_update( || KainBundleHandle* handle, || const char* new_bundle_path,"
60,compatibility.c,kain_bundle_snapshot_state,373,403,31,generation|size,,,,,calloc(,,7,4,0,0,0,3,touches size/count/capacity vocabulary | multiple arithmetic sites in one function | dense pointer or indexing traffic | allocation or copy sink with no explicit overflow guard,"void* kain_bundle_snapshot_state(KainBundleHandle* handle, KainDiagnostic* diag) {","void* kain_bundle_snapshot_state(KainBundleHandle* handle, KainDiagnostic* diag) { || KainBundleStateSnapshot* snapshot; || if (!handle) {"
60,compatibility.c,kain_compat_format_validation_result,431,452,22,size,,,,,snprintf(,,9,6,0,0,0,4,touches size/count/capacity vocabulary | multiple arithmetic sites in one function | dense pointer or indexing traffic | allocation or copy sink with no explicit overflow guard,"int kain_compat_format_validation_result( const KainCompatibilityValidationResult* result, char* out, size_t out_size ) {","int kain_compat_format_validation_result( || const KainCompatibilityValidationResult* result, || char* out,"
60,converge.c,abi_converge_commit_winner,107,147,41,generation|index|mask|slot|stride,,,,,,,17,11,2,0,0,36,touches size/count/capacity vocabulary | multiple arithmetic sites in one function | dense pointer or indexing traffic | writes global state without obvious synchronization,"int64_t abi_converge_commit_winner( uint64_t converge_key, uint64_t shape_key, uint64_t lane_index, uint64_t eligible_mask ) {","int64_t abi_converge_commit_winner( || uint64_t converge_key, || uint64_t shape_key,"
60,core.c,kain_alloc_rc,118,140,23,allocation|count|header|length|payload|size,,,,,,,10,6,1,0,0,31,touches size/count/capacity vocabulary | multiple arithmetic sites in one function | dense pointer or indexing traffic | writes global state without obvious synchronization,"void* kain_alloc_rc(size_t size, long long type_tag) {","void* kain_alloc_rc(size_t size, long long type_tag) { || size_t total_size = sizeof(RcHeader) + size; || RcHeader* header = (RcHeader*)kain_attrition_heap_alloc(total_size);"
60,core.c,rc_retain,149,167,19,count|header,overflow,,,,,,4,5,0,0,1,9,touches size/count/capacity vocabulary | multiple arithmetic sites in one function | dense pointer or indexing traffic | count-like increment with no lock or atomic,void rc_retain(void* ptr) {,void rc_retain(void* ptr) { || RcHeader* header; || if (!ptr || kain_rc_is_immediate_handle(ptr)) return;
60,core.c,weak_upgrade,224,247,24,count|header,overflow,,,,,,5,8,0,0,1,11,touches size/count/capacity vocabulary | multiple arithmetic sites in one function | dense pointer or indexing traffic | count-like increment with no lock or atomic,void* weak_upgrade(void* ptr) {,void* weak_upgrade(void* ptr) { || RcHeader* header; || if (!ptr) return NULL;
60,core.c,array_new,537,556,20,allocation|size,,,,,malloc(,,7,4,0,0,0,4,touches size/count/capacity vocabulary | multiple arithmetic sites in one function | dense pointer or indexing traffic | allocation or copy sink with no explicit overflow guard,KainArray* array_new(long long cap) {,"KainArray* array_new(long long cap) { || KainArray* arr = (KainArray*)kain_alloc_rc(sizeof(KainArray), 2); || if (!arr) return NULL;"
60,core.c,array_push,557,564,8,size,,,,,realloc(,,5,4,0,0,0,2,touches size/count/capacity vocabulary | multiple arithmetic sites in one function | dense pointer or indexing traffic | allocation or copy sink with no explicit overflow guard,"void array_push(KainArray* arr, long long val) {","void array_push(KainArray* arr, long long val) { || if (arr->len >= arr->cap) { || arr->cap *= 2;"
60,core.c,array_get,569,584,16,bound|index|length|size,,,,,snprintf(,,4,4,0,0,0,11,touches size/count/capacity vocabulary | multiple arithmetic sites in one function | dense pointer or indexing traffic | allocation or copy sink with no explicit overflow guard,"long long array_get(KainArray* arr, long long index) {","long long array_get(KainArray* arr, long long index) { || if (index < 0 || index >= arr->len) { || char detail[128];"
60,core.c,array_set,585,600,16,bound|index|length|size,,,,,snprintf(,,4,4,0,0,0,11,touches size/count/capacity vocabulary | multiple arithmetic sites in one function | dense pointer or indexing traffic | allocation or copy sink with no explicit overflow guard,"void array_set(KainArray* arr, long long index, long long val) {","void array_set(KainArray* arr, long long index, long long val) { || if (index < 0 || index >= arr->len) { || char detail[128];"
60,core.c,kain_map_key_metadata,1200,1232,33,bytes|length|size|word,,,,,memcpy(,,4,5,0,0,0,22,touches size/count/capacity vocabulary | multiple arithmetic sites in one function | dense pointer or indexing traffic | allocation or copy sink with no explicit overflow guard,"static void kain_map_key_metadata( const char* key, size_t* out_length, uint64_t* out_hash, uint64_t* out_prefix ) {","static void kain_map_key_metadata( || const char* key, || size_t* out_length,"
60,core.c,kain_map_insert_prehashed,1459,1500,42,count|index|length|size|slot,,,,,,,16,13,0,0,1,25,touches size/count/capacity vocabulary | multiple arithmetic sites in one function | dense pointer or indexing traffic | count-like increment with no lock or atomic,"static int kain_map_insert_prehashed( KainMap* map, char* key, size_t key_length, uint64_t key_hash, uint64_t key_prefix, long long value, int key_state, int rebuild_tiny_dispatch ) {","static int kain_map_insert_prehashed( || KainMap* map, || char* key,"
60,core.c,kain_map_resize,1501,1554,54,capacity|count|length|mask|size,,,,,calloc(,free(,18,14,0,0,0,18,touches size/count/capacity vocabulary | multiple arithmetic sites in one function | dense pointer or indexing traffic | allocation or copy sink with no explicit overflow guard,"static int kain_map_resize(KainMap* map, uint64_t new_capacity) {","static int kain_map_resize(KainMap* map, uint64_t new_capacity) { || MapEntry* old_entries = map->entries; || long long old_capacity = map->capacity;"
60,core.c,map_new,1566,1587,22,allocation|capacity|count|mask|size,,,,,calloc(,,8,5,0,0,0,6,touches size/count/capacity vocabulary | multiple arithmetic sites in one function | dense pointer or indexing traffic | allocation or copy sink with no explicit overflow guard,KainMap* map_new() {,"KainMap* map_new() { || KainMap* map = (KainMap*)kain_alloc_rc(sizeof(KainMap), 3); || if (!map) return NULL;"
60,core.c,mq_new,1791,1812,22,allocation|size,,,,,malloc(,,6,4,0,0,0,2,touches size/count/capacity vocabulary | multiple arithmetic sites in one function | dense pointer or indexing traffic | allocation or copy sink with no explicit overflow guard,void* mq_new() {,void* mq_new() { || MessageQueue* mq = (MessageQueue*)malloc(sizeof(MessageQueue)); || if (!mq) {
60,core.c,mq_push,1813,1843,31,size,,EnterCriticalSection(|LeaveCriticalSection(|pthread_mutex_lock(|pthread_mutex_unlock(,,,malloc(,,17,16,0,0,0,2,touches size/count/capacity vocabulary | multiple arithmetic sites in one function | dense pointer or indexing traffic | allocation or copy sink with no explicit overflow guard,"void mq_push(void* mq_ptr, long long type_tag, void* data) {","void mq_push(void* mq_ptr, long long type_tag, void* data) { || MessageQueue* mq = (MessageQueue*)mq_ptr; || MessageNode* node = (MessageNode*)malloc(sizeof(MessageNode));"
60,core.c,socket_connect,1900,1970,71,size,,,,,snprintf(,,9,7,0,0,0,4,touches size/count/capacity vocabulary | multiple arithmetic sites in one function | dense pointer or indexing traffic | allocation or copy sink with no explicit overflow guard,"long long socket_connect(char* host, long long port) {","long long socket_connect(char* host, long long port) { || SOCKET sock = INVALID_SOCKET; || struct addrinfo hints;"
60,core.c,deep_eq,1988,2017,30,header|length|size,,,,,,,14,8,2,0,0,8,touches size/count/capacity vocabulary | multiple arithmetic sites in one function | dense pointer or indexing traffic | writes global state without obvious synchronization,"int deep_eq(void* a, void* b) {","int deep_eq(void* a, void* b) { || RcHeader* ha; || RcHeader* hb;"
60,diagnostics.c,kain_diagnostic_format,69,103,35,path|size,,,,,snprintf(,,14,10,0,0,0,15,touches size/count/capacity vocabulary | multiple arithmetic sites in one function | dense pointer or indexing traffic | allocation or copy sink with no explicit overflow guard,"int kain_diagnostic_format( const KainDiagnostic* diag, char* out, size_t out_size ) {","int kain_diagnostic_format( || const KainDiagnostic* diag, || char* out,"
60,diagnostics.c,kain_diagnostic_collector_print_all,247,268,22,count,,,,,,,6,5,0,0,1,6,touches size/count/capacity vocabulary | multiple arithmetic sites in one function | dense pointer or indexing traffic | count-like increment with no lock or atomic,void kain_diagnostic_collector_print_all(const KainDiagnosticCollector* collector) {,void kain_diagnostic_collector_print_all(const KainDiagnosticCollector* collector) { || int i; || if (!collector) {
60,diagnostics.c,kain_diagnostic_collector_format_summary,269,285,17,count|size,,,,,snprintf(,,6,4,0,0,0,8,touches size/count/capacity vocabulary | multiple arithmetic sites in one function | dense pointer or indexing traffic | allocation or copy sink with no explicit overflow guard,"int kain_diagnostic_collector_format_summary( const KainDiagnosticCollector* collector, char* out, size_t out_size ) {","int kain_diagnostic_collector_format_summary( || const KainDiagnosticCollector* collector, || char* out,"
60,diagnostics.c,kain_startup_validation_result_format,303,373,71,count|header|size,,,,,snprintf(,,36,13,0,0,0,34,touches size/count/capacity vocabulary | multiple arithmetic sites in one function | dense pointer or indexing traffic | allocation or copy sink with no explicit overflow guard,"int kain_startup_validation_result_format( const KainStartupValidationResult* result, char* out, size_t out_size ) {","int kain_startup_validation_result_format( || const KainStartupValidationResult* result, || char* out,"
60,graphics_system.c,abi_graphics_find_backend,213,233,21,index|size,,,,,,,4,5,2,0,0,9,touches size/count/capacity vocabulary | multiple arithmetic sites in one function | dense pointer or indexing traffic | writes global state without obvious synchronization,static const KainNativeGraphicsBackendDescriptor* abi_graphics_find_backend( const char* backend_id ) {,static const KainNativeGraphicsBackendDescriptor* abi_graphics_find_backend( || const char* backend_id || ) {
60,host_bridge.c,kain_host_bridge_module_add_required_service,82,100,19,count|size,,,,,,,8,4,0,0,1,5,touches size/count/capacity vocabulary | multiple arithmetic sites in one function | dense pointer or indexing traffic | count-like increment with no lock or atomic,"int kain_host_bridge_module_add_required_service( KainHostBridgeModuleDescriptor* descriptor, const char* service_key ) {","int kain_host_bridge_module_add_required_service( || KainHostBridgeModuleDescriptor* descriptor, || const char* service_key"
60,host_bridge.c,kain_host_bridge_unregister_module,251,305,55,count|index,,,,,,,16,9,0,0,3,33,touches size/count/capacity vocabulary | multiple arithmetic sites in one function | dense pointer or indexing traffic | count-like increment with no lock or atomic,"int kain_host_bridge_unregister_module( KainHostBridgeRegistry* registry, const char* module_id, KainDiagnostic* diag ) {","int kain_host_bridge_unregister_module( || KainHostBridgeRegistry* registry, || const char* module_id,"
60,host_bridge.c,kain_host_bridge_register_service,306,368,63,count,,,,,,,16,7,0,0,1,3,touches size/count/capacity vocabulary | multiple arithmetic sites in one function | dense pointer or indexing traffic | count-like increment with no lock or atomic,"int kain_host_bridge_register_service( KainHostBridgeRegistry* registry, const KainHostBridgeServiceDescriptor* descriptor, KainDiagnostic* diag ) {","int kain_host_bridge_register_service( || KainHostBridgeRegistry* registry, || const KainHostBridgeServiceDescriptor* descriptor,"
60,input_system.c,abi_input_trace_append,210,238,29,length|size,,,,,snprintf(,,16,15,0,0,0,9,touches size/count/capacity vocabulary | multiple arithmetic sites in one function | dense pointer or indexing traffic | allocation or copy sink with no explicit overflow guard,"static void abi_input_trace_append(KainNativeInputSession* session, const KainNativeInputEvent* event) {","static void abi_input_trace_append(KainNativeInputSession* session, const KainNativeInputEvent* event) { || int written; || if (!session || !event || session->trace_text_length >= ABI_INPUT_MAX_TRACE_TEXT - 1u) {"
60,input_system.c,abi_input_axis_add,239,258,20,count,,,,,,,8,7,0,0,2,5,touches size/count/capacity vocabulary | multiple arithmetic sites in one function | dense pointer or indexing traffic | count-like increment with no lock or atomic,"static int abi_input_axis_add(KainNativeInputSession* session, const char* axis, double value) {","static int abi_input_axis_add(KainNativeInputSession* session, const char* axis, double value) { || int64_t i; || if (!session || abi_input_text_empty(axis)) {"
60,input_system.c,abi_input_reduce_event,298,332,35,count,,,,,,,14,11,0,0,1,3,touches size/count/capacity vocabulary | multiple arithmetic sites in one function | dense pointer or indexing traffic | count-like increment with no lock or atomic,"static void abi_input_reduce_event(KainNativeInputSession* session, const KainNativeInputEvent* event) {","static void abi_input_reduce_event(KainNativeInputSession* session, const KainNativeInputEvent* event) { || const KainNativeInputBinding* action_binding; || const KainNativeInputBinding* axis_binding;"
60,json.c,json_object_reserve,301,323,23,capacity|size,,,,,memset(|realloc(,,10,7,0,0,0,17,touches size/count/capacity vocabulary | multiple arithmetic sites in one function | dense pointer or indexing traffic | allocation or copy sink with no explicit overflow guard,"static int json_object_reserve(KainJsonValue* object, int64_t needed) {","static int json_object_reserve(KainJsonValue* object, int64_t needed) { || int64_t capacity; || KainJsonEntry* fields;"
60,json.c,json_array_reserve,324,346,23,capacity|size,,,,,memset(|realloc(,,10,7,0,0,0,17,touches size/count/capacity vocabulary | multiple arithmetic sites in one function | dense pointer or indexing traffic | allocation or copy sink with no explicit overflow guard,"static int json_array_reserve(KainJsonValue* array, int64_t needed) {","static int json_array_reserve(KainJsonValue* array, int64_t needed) { || int64_t capacity; || KainJsonValue** items;"
60,json.c,json_object_get_value,347,359,13,count,,,,,,,5,4,0,0,1,1,touches size/count/capacity vocabulary | multiple arithmetic sites in one function | dense pointer or indexing traffic | count-like increment with no lock or atomic,"static KainJsonValue* json_object_get_value(KainJsonValue* object, const char* key) {","static KainJsonValue* json_object_get_value(KainJsonValue* object, const char* key) { || int64_t i; || if (!object || object->kind != KAIN_JSON_OBJECT || !key) {"
60,json.c,json_object_set_value,360,389,30,count,,,,,,,12,11,0,0,2,6,touches size/count/capacity vocabulary | multiple arithmetic sites in one function | dense pointer or indexing traffic | count-like increment with no lock or atomic,"static void json_object_set_value(KainJsonValue* object, const char* key, KainJsonValue* value) {","static void json_object_set_value(KainJsonValue* object, const char* key, KainJsonValue* value) { || int64_t i; || if (!object || object->kind != KAIN_JSON_OBJECT || !key || !value) {"
60,json.c,json_buffer_reserve,396,419,24,capacity|size,,,,,realloc(,,9,6,0,0,0,9,touches size/count/capacity vocabulary | multiple arithmetic sites in one function | dense pointer or indexing traffic | allocation or copy sink with no explicit overflow guard,"static int json_buffer_reserve(JsonBuffer* buffer, size_t extra) {","static int json_buffer_reserve(JsonBuffer* buffer, size_t extra) { || size_t needed; || size_t capacity;"
60,json.c,json_parse_object,653,681,29,cursor,,,,,,free(,9,5,1,0,0,5,touches size/count/capacity vocabulary | multiple arithmetic sites in one function | dense pointer or indexing traffic | writes global state without obvious synchronization,static KainJsonValue* json_parse_object(KainJsonParser* parser) {,"static KainJsonValue* json_parse_object(KainJsonParser* parser) { || KainJsonValue* object = json_value_new(KAIN_JSON_OBJECT); || if (!object || !json_consume(parser, '{')) {"
60,json.c,json_parse_array,683,712,30,count|cursor,,,,,,,10,8,0,0,1,7,touches size/count/capacity vocabulary | multiple arithmetic sites in one function | dense pointer or indexing traffic | count-like increment with no lock or atomic,} static KainJsonValue* json_parse_array(KainJsonParser* parser) {,} || static KainJsonValue* json_parse_array(KainJsonParser* parser) { || KainJsonValue* array = json_value_new(KAIN_JSON_ARRAY);
60,machine_stones.c,kain_machine_pulse_slot,235,259,25,count|index|mask|probe|slot,,,,,,,16,14,1,0,0,33,touches size/count/capacity vocabulary | multiple arithmetic sites in one function | dense pointer or indexing traffic | writes global state without obvious synchronization,static KainMachinePulseSlot* kain_machine_pulse_slot(uint64_t token) {,static KainMachinePulseSlot* kain_machine_pulse_slot(uint64_t token) { || uint32_t start = kain_machine_pulse_slot_start(token); || uint32_t probe;
60,net_system.c,abi_net_connection,765,788,24,capacity|index|mask|probe|slot,,,,,,,4,4,2,0,0,28,touches size/count/capacity vocabulary | multiple arithmetic sites in one function | dense pointer or indexing traffic | writes global state without obvious synchronization,static KainNativeTcpConnection* abi_net_connection(int64_t id) {,static KainNativeTcpConnection* abi_net_connection(int64_t id) { || uint32_t start_index; || uint32_t probe;
60,net_system.c,abi_net_listener,817,840,24,capacity|index|mask|probe|slot,,,,,,,4,4,2,0,0,28,touches size/count/capacity vocabulary | multiple arithmetic sites in one function | dense pointer or indexing traffic | writes global state without obvious synchronization,static KainNativeTcpListener* abi_net_listener(int64_t id) {,static KainNativeTcpListener* abi_net_listener(int64_t id) { || uint32_t start_index; || uint32_t probe;
60,net_system.c,abi_net_request,870,893,24,capacity|index|mask|probe|slot,,,,,,,4,4,2,0,0,28,touches size/count/capacity vocabulary | multiple arithmetic sites in one function | dense pointer or indexing traffic | writes global state without obvious synchronization,static KainNativeHttpRequest* abi_net_request(int64_t id) {,static KainNativeHttpRequest* abi_net_request(int64_t id) { || uint32_t start_index; || uint32_t probe;
60,net_system.c,abi_net_response,925,948,24,capacity|index|mask|probe|slot,,,,,,,4,4,2,0,0,28,touches size/count/capacity vocabulary | multiple arithmetic sites in one function | dense pointer or indexing traffic | writes global state without obvious synchronization,static KainNativeHttpResponse* abi_net_response(int64_t id) {,static KainNativeHttpResponse* abi_net_response(int64_t id) { || uint32_t start_index; || uint32_t probe;
60,net_system.c,abi_net_server,977,1000,24,capacity|index|mask|probe|slot,,,,,,,4,4,2,0,0,28,touches size/count/capacity vocabulary | multiple arithmetic sites in one function | dense pointer or indexing traffic | writes global state without obvious synchronization,static KainNativeHttpServer* abi_net_server(int64_t id) {,static KainNativeHttpServer* abi_net_server(int64_t id) { || uint32_t start_index; || uint32_t probe;
60,net_system.c,abi_net_set_header,1039,1058,20,count|header|index|size,,,,,,,6,6,0,0,1,45,touches size/count/capacity vocabulary | multiple arithmetic sites in one function | dense pointer or indexing traffic | count-like increment with no lock or atomic,"static void abi_net_set_header(KainNativeNetHeader* headers, int64_t* header_count, const char* key, const char* value) {","static void abi_net_set_header(KainNativeNetHeader* headers, int64_t* header_count, const char* key, const char* value) { || int64_t index; || if (headers == 0 || header_count == 0 || key == 0 || key[0] == '\0') {"
60,net_system.c,abi_net_parse_url,1072,1118,47,length|path|size,,,,,memcpy(|memset(,,22,12,0,0,0,28,touches size/count/capacity vocabulary | multiple arithmetic sites in one function | dense pointer or indexing traffic | allocation or copy sink with no explicit overflow guard,"static int abi_net_parse_url(const char* url, KainNativeParsedUrl* parsed) {","static int abi_net_parse_url(const char* url, KainNativeParsedUrl* parsed) { || const char* scheme_end; || const char* host_start;"
60,net_system.c,abi_net_connect_socket,1119,1151,33,size,,,,,memset(|snprintf(,,6,4,0,0,0,2,touches size/count/capacity vocabulary | multiple arithmetic sites in one function | dense pointer or indexing traffic | allocation or copy sink with no explicit overflow guard,"static SOCKET abi_net_connect_socket(const char* host, int64_t port) {","static SOCKET abi_net_connect_socket(const char* host, int64_t port) { || SOCKET socket_handle = INVALID_SOCKET; || struct addrinfo hints;"
60,net_system.c,abi_net_bind_listener,1152,1187,36,size,,,,,memset(|snprintf(,,7,5,0,0,0,3,touches size/count/capacity vocabulary | multiple arithmetic sites in one function | dense pointer or indexing traffic | allocation or copy sink with no explicit overflow guard,"static int64_t abi_net_bind_listener(const char* host, int64_t port) {","static int64_t abi_net_bind_listener(const char* host, int64_t port) { || SOCKET socket_handle = INVALID_SOCKET; || struct addrinfo hints;"
60,net_system.c,abi_http_request_set_body_text,2063,2078,16,allocation|body|length|payload,,,,,malloc(|memcpy(,free(,9,5,0,0,0,16,touches size/count/capacity vocabulary | multiple arithmetic sites in one function | dense pointer or indexing traffic | allocation or copy sink with no explicit overflow guard,"int64_t abi_http_request_set_body_text(int64_t request_id, const char* payload) {","int64_t abi_http_request_set_body_text(int64_t request_id, const char* payload) { || KainNativeHttpRequest* request = abi_net_request(request_id); || const char* text = payload ? payload : """";"
60,net_system.c,abi_net_http_server_pump_one,2305,2362,58,allocation|bytes|capacity|count|header|length|size|slot,overflow,,,,,free(,12,8,1,0,0,35,touches size/count/capacity vocabulary | multiple arithmetic sites in one function | dense pointer or indexing traffic | writes global state without obvious synchronization,"static int64_t abi_net_http_server_pump_one(KainNativeHttpServer* server, int64_t server_id, int64_t timeout_ms) {","static int64_t abi_net_http_server_pump_one(KainNativeHttpServer* server, int64_t server_id, int64_t timeout_ms) { || SOCKET accepted; || unsigned char* request_bytes = 0;"
60,process_system.c,abi_process_spec_lookup,378,401,24,capacity|index|mask|probe|slot,,,,,,,4,4,2,0,0,28,touches size/count/capacity vocabulary | multiple arithmetic sites in one function | dense pointer or indexing traffic | writes global state without obvious synchronization,static KainNativeProcessSpec* abi_process_spec_lookup(int64_t spec_id) {,static KainNativeProcessSpec* abi_process_spec_lookup(int64_t spec_id) { || uint32_t start_index; || uint32_t probe;
60,process_system.c,abi_process_lookup,402,425,24,capacity|index|mask|probe|slot,,,,,,,4,4,2,0,0,28,touches size/count/capacity vocabulary | multiple arithmetic sites in one function | dense pointer or indexing traffic | writes global state without obvious synchronization,static KainNativeProcessHandle* abi_process_lookup(int64_t process_id) {,static KainNativeProcessHandle* abi_process_lookup(int64_t process_id) { || uint32_t start_index; || uint32_t probe;
60,process_system.c,abi_process_capture_reserve,426,460,35,bytes|capacity|size,,,,,realloc(,,8,5,0,0,0,27,touches size/count/capacity vocabulary | multiple arithmetic sites in one function | dense pointer or indexing traffic | allocation or copy sink with no explicit overflow guard,"static int abi_process_capture_reserve(KainNativeProcessCapture* capture, size_t required) {","static int abi_process_capture_reserve(KainNativeProcessCapture* capture, size_t required) { || unsigned char* resized; || size_t next_capacity;"
60,process_system.c,abi_process_capture_append,461,486,26,bytes|capacity|length|limit|size,overflow,,,,memcpy(,,8,5,2,0,0,29,touches size/count/capacity vocabulary | multiple arithmetic sites in one function | dense pointer or indexing traffic | writes global state without obvious synchronization,"static int abi_process_capture_append( KainNativeProcessCapture* capture, const unsigned char* bytes, size_t byte_length ) {","static int abi_process_capture_append( || KainNativeProcessCapture* capture, || const unsigned char* bytes,"
60,process_system.c,abi_process_decode_hex,510,547,38,bytes|index|length|size,,,,,malloc(,free(,9,4,0,0,0,30,touches size/count/capacity vocabulary | multiple arithmetic sites in one function | dense pointer or indexing traffic | allocation or copy sink with no explicit overflow guard,"static int abi_process_decode_hex( const char* bytes_hex, unsigned char** out_bytes, size_t* out_length ) {","static int abi_process_decode_hex( || const char* bytes_hex, || unsigned char** out_bytes,"
60,process_system.c,abi_process_release_handle,573,640,68,count|index|size|slot,,,,atomic_,memset(,CloseHandle(|free(,37,33,3,0,0,7,touches size/count/capacity vocabulary | multiple arithmetic sites in one function | dense pointer or indexing traffic | allocation or copy sink with no explicit overflow guard,"static void abi_process_release_handle(KainNativeProcessHandle* process, int terminate_running_process) {","static void abi_process_release_handle(KainNativeProcessHandle* process, int terminate_running_process) { || uint32_t slot; || int64_t process_id;"
60,process_system.c,abi_process_utf8_buffer_append_quoted_argument,859,919,61,count|index|size,,,,,,,7,5,0,0,1,20,touches size/count/capacity vocabulary | multiple arithmetic sites in one function | dense pointer or indexing traffic | count-like increment with no lock or atomic,"static int abi_process_utf8_buffer_append_quoted_argument( KainNativeProcessUtf8Buffer* buffer, const char* argument ) {","static int abi_process_utf8_buffer_append_quoted_argument( || KainNativeProcessUtf8Buffer* buffer, || const char* argument"
60,process_system.c,abi_process_wide_entry_list_push,969,1003,35,allocation|capacity|count|size,SIZE_MAX|overflow,,,,realloc(,free(,12,7,0,0,1,28,touches size/count/capacity vocabulary | multiple arithmetic sites in one function | dense pointer or indexing traffic | count-like increment with no lock or atomic,"static int abi_process_wide_entry_list_push( KainNativeProcessWideEntryList* list, wchar_t* entry ) {","static int abi_process_wide_entry_list_push( || KainNativeProcessWideEntryList* list, || wchar_t* entry"
60,process_system.c,abi_process_wide_entry_list_free,1004,1017,14,capacity|count|index|size,,,,,,free(,7,6,0,0,1,9,touches size/count/capacity vocabulary | multiple arithmetic sites in one function | dense pointer or indexing traffic | count-like increment with no lock or atomic,static void abi_process_wide_entry_list_free(KainNativeProcessWideEntryList* list) {,static void abi_process_wide_entry_list_free(KainNativeProcessWideEntryList* list) { || size_t index; || if (list == 0) {
60,process_system.c,abi_process_build_environment_block_w,1077,1170,94,allocation|count|cursor|index|length|size,overflow,,,,malloc(|memcpy(,free(,22,12,0,0,4,65,touches size/count/capacity vocabulary | multiple arithmetic sites in one function | dense pointer or indexing traffic | count-like increment with no lock or atomic,static wchar_t* abi_process_build_environment_block_w(const KainNativeProcessSpec* spec) {,static wchar_t* abi_process_build_environment_block_w(const KainNativeProcessSpec* spec) { || KainNativeProcessWideEntryList entries = {0}; || LPWCH environment_block = 0;
60,process_system.c,abi_process_spec_append_direct_arg,1561,1579,19,count|size,,,,,,,6,4,0,0,1,5,touches size/count/capacity vocabulary | multiple arithmetic sites in one function | dense pointer or indexing traffic | count-like increment with no lock or atomic,"static int abi_process_spec_append_direct_arg( KainNativeProcessSpec* spec, const char* argument ) {","static int abi_process_spec_append_direct_arg( || KainNativeProcessSpec* spec, || const char* argument"
60,process_system.c,abi_process_spec_add_arg,2246,2278,33,capacity|count|size,,,,,,,9,4,0,0,1,10,touches size/count/capacity vocabulary | multiple arithmetic sites in one function | dense pointer or indexing traffic | count-like increment with no lock or atomic,"int64_t abi_process_spec_add_arg(int64_t spec_id, const char* argument) {","int64_t abi_process_spec_add_arg(int64_t spec_id, const char* argument) { || KainNativeProcessSpec* spec = abi_process_spec_lookup(spec_id); || if (spec == 0) {"
60,process_system.c,abi_process_spec_set_env,2296,2342,47,capacity|count|index|size,,,,,,,16,11,0,0,2,24,touches size/count/capacity vocabulary | multiple arithmetic sites in one function | dense pointer or indexing traffic | count-like increment with no lock or atomic,"int64_t abi_process_spec_set_env(int64_t spec_id, const char* key, const char* value) {","int64_t abi_process_spec_set_env(int64_t spec_id, const char* key, const char* value) { || KainNativeProcessSpec* spec = abi_process_spec_lookup(spec_id); || int64_t index;"
60,process_system.c,abi_process_allocate_slot,2418,2450,33,capacity|count|index|mask|size|slot,,,,atomic_,memset(,,4,7,4,0,0,28,touches size/count/capacity vocabulary | multiple arithmetic sites in one function | dense pointer or indexing traffic | allocation or copy sink with no explicit overflow guard,static KainNativeProcessHandle* abi_process_allocate_slot(void) {,static KainNativeProcessHandle* abi_process_allocate_slot(void) { || uint32_t slot; || uint64_t bit;
60,reflection.c,kain_reflection_lookup_type_by_id,387,403,17,count|payload,,,,,,,6,4,0,0,1,8,touches size/count/capacity vocabulary | multiple arithmetic sites in one function | dense pointer or indexing traffic | count-like increment with no lock or atomic,"const KainTypeSchema* kain_reflection_lookup_type_by_id( const KainReflectionPayload* payload, unsigned long long type_id ) {","const KainTypeSchema* kain_reflection_lookup_type_by_id( || const KainReflectionPayload* payload, || unsigned long long type_id"
60,reflection.c,kain_reflection_lookup_type_by_name,404,420,17,count|payload,,,,,,,7,4,0,0,1,8,touches size/count/capacity vocabulary | multiple arithmetic sites in one function | dense pointer or indexing traffic | count-like increment with no lock or atomic,"const KainTypeSchema* kain_reflection_lookup_type_by_name( const KainReflectionPayload* payload, const char* name ) {","const KainTypeSchema* kain_reflection_lookup_type_by_name( || const KainReflectionPayload* payload, || const char* name"
60,reflection.c,kain_reflection_lookup_item_by_id,421,437,17,count|payload,,,,,,,6,4,0,0,1,8,touches size/count/capacity vocabulary | multiple arithmetic sites in one function | dense pointer or indexing traffic | count-like increment with no lock or atomic,"const KainItemMetadata* kain_reflection_lookup_item_by_id( const KainReflectionPayload* payload, unsigned long long item_id ) {","const KainItemMetadata* kain_reflection_lookup_item_by_id( || const KainReflectionPayload* payload, || unsigned long long item_id"
60,reflection.c,kain_reflection_lookup_item_by_name,438,454,17,count|payload,,,,,,,7,4,0,0,1,8,touches size/count/capacity vocabulary | multiple arithmetic sites in one function | dense pointer or indexing traffic | count-like increment with no lock or atomic,"const KainItemMetadata* kain_reflection_lookup_item_by_name( const KainReflectionPayload* payload, const char* name ) {","const KainItemMetadata* kain_reflection_lookup_item_by_name( || const KainReflectionPayload* payload, || const char* name"
60,reflection.c,kain_reflection_get_items_by_kind,463,485,23,count|payload,,,,,,,7,4,0,0,2,13,touches size/count/capacity vocabulary | multiple arithmetic sites in one function | dense pointer or indexing traffic | count-like increment with no lock or atomic,"int kain_reflection_get_items_by_kind( const KainReflectionPayload* payload, KainItemKind kind, const KainItemMetadata** items, int max_items ) {","int kain_reflection_get_items_by_kind( || const KainReflectionPayload* payload, || KainItemKind kind,"
60,reflection.c,kain_reflection_format_type_schema,486,505,20,bytes|count|size,,,,,snprintf(,,8,6,0,0,0,9,touches size/count/capacity vocabulary | multiple arithmetic sites in one function | dense pointer or indexing traffic | allocation or copy sink with no explicit overflow guard,"int kain_reflection_format_type_schema( const KainTypeSchema* schema, char* out, size_t out_size ) {","int kain_reflection_format_type_schema( || const KainTypeSchema* schema, || char* out,"
60,reflection.c,kain_reflection_format_item_metadata,506,524,19,path|size,,,,,snprintf(,,7,5,0,0,0,5,touches size/count/capacity vocabulary | multiple arithmetic sites in one function | dense pointer or indexing traffic | allocation or copy sink with no explicit overflow guard,"int kain_reflection_format_item_metadata( const KainItemMetadata* metadata, char* out, size_t out_size ) {","int kain_reflection_format_item_metadata( || const KainItemMetadata* metadata, || char* out,"
60,reflection.c,kain_reflection_print_summary,525,564,40,count|payload,,,,,,,20,17,0,0,2,33,touches size/count/capacity vocabulary | multiple arithmetic sites in one function | dense pointer or indexing traffic | count-like increment with no lock or atomic,void kain_reflection_print_summary(const KainReflectionPayload* payload) {,"void kain_reflection_print_summary(const KainReflectionPayload* payload) { || if (!payload) { || printf(""Reflection payload: NULL\n"");"
60,reflection.c,reflection_record_from_item,620,659,40,path|size,,,,,snprintf(,,22,19,0,0,0,9,touches size/count/capacity vocabulary | multiple arithmetic sites in one function | dense pointer or indexing traffic | allocation or copy sink with no explicit overflow guard,"void reflection_record_from_item( const KainRuntimeReflectionQuery* query, const KainItemMetadata* metadata, KainRuntimeReflectionRecord* record ) {","void reflection_record_from_item( || const KainRuntimeReflectionQuery* query, || const KainItemMetadata* metadata,"
60,reflection.c,reflection_format_record,660,681,22,path|size,,,,,snprintf(,,8,6,0,0,0,5,touches size/count/capacity vocabulary | multiple arithmetic sites in one function | dense pointer or indexing traffic | allocation or copy sink with no explicit overflow guard,"int reflection_format_record( const KainRuntimeReflectionRecord* record, char* out, size_t out_size ) {","int reflection_format_record( || const KainRuntimeReflectionRecord* record, || char* out,"
60,renderer_session.c,renderer_session_init,73,85,13,size,,,,,memset(,,7,5,0,0,0,1,touches size/count/capacity vocabulary | multiple arithmetic sites in one function | dense pointer or indexing traffic | allocation or copy sink with no explicit overflow guard,void renderer_session_init(KainRuntimeRendererSession* session) {,void renderer_session_init(KainRuntimeRendererSession* session) { || if (!session) { || return;
60,renderer_session.c,renderer_session_boot,86,239,154,probe|size,,,,,snprintf(,,77,70,0,0,0,14,touches size/count/capacity vocabulary | multiple arithmetic sites in one function | dense pointer or indexing traffic | allocation or copy sink with no explicit overflow guard,"int renderer_session_boot( const KainRuntimeGraphicsBundle* graphics_bundle, const KainRuntimeGraphicsValidation* graphics_validation, KainPlatformKind platform_kind, const char* requested_backend_id, KainRuntimeRendererSession* session ) {","int renderer_session_boot( || const KainRuntimeGraphicsBundle* graphics_bundle, || const KainRuntimeGraphicsValidation* graphics_validation,"
60,renderer_session.c,renderer_session_format_summary,280,304,25,size,,,,,snprintf(,,7,6,0,0,0,1,touches size/count/capacity vocabulary | multiple arithmetic sites in one function | dense pointer or indexing traffic | allocation or copy sink with no explicit overflow guard,"void renderer_session_format_summary( const KainRuntimeRendererSession* session, char* out, size_t out_cap ) {","void renderer_session_format_summary( || const KainRuntimeRendererSession* session, || char* out,"
60,scene.c,kain_scene_query_result_append_hit,120,137,18,count,,,,,,,7,5,0,0,1,5,touches size/count/capacity vocabulary | multiple arithmetic sites in one function | dense pointer or indexing traffic | count-like increment with no lock or atomic,"int kain_scene_query_result_append_hit( KainSceneQueryResult* result, const KainSceneQueryHit* hit ) {","int kain_scene_query_result_append_hit( || KainSceneQueryResult* result, || const KainSceneQueryHit* hit"
60,services.c,kain_service_key_metadata_ascii_lower,82,121,40,length|size|word,,,,,memcpy(,,5,8,0,0,0,24,touches size/count/capacity vocabulary | multiple arithmetic sites in one function | dense pointer or indexing traffic | allocation or copy sink with no explicit overflow guard,"static void kain_service_key_metadata_ascii_lower( const char* key, size_t* out_length, uint64_t* out_state ) {","static void kain_service_key_metadata_ascii_lower( || const char* key, || size_t* out_length,"
60,services.c,kain_service_registry_validate_required,1078,1149,72,count|size,,,,_count_load(,snprintf(,,19,11,1,0,1,11,touches size/count/capacity vocabulary | multiple arithmetic sites in one function | dense pointer or indexing traffic | allocation or copy sink with no explicit overflow guard,"int kain_service_registry_validate_required( const KainServiceRegistry* registry, KainDiagnostic* diagnostics, int max_diagnostics, int* diagnostic_count ) {","int kain_service_registry_validate_required( || const KainServiceRegistry* registry, || KainDiagnostic* diagnostics,"
60,services.c,kain_service_registry_validate_required_collector,1150,1206,57,count|size,,,,_count_load(,snprintf(,,17,10,0,0,1,6,touches size/count/capacity vocabulary | multiple arithmetic sites in one function | dense pointer or indexing traffic | allocation or copy sink with no explicit overflow guard,"int kain_service_registry_validate_required_collector( const KainServiceRegistry* registry, KainDiagnosticCollector* collector ) {","int kain_service_registry_validate_required_collector( || const KainServiceRegistry* registry, || KainDiagnosticCollector* collector"
60,services.c,kain_service_registry_format_list,1207,1248,42,count|size,,,,_count_load(,memcpy(|snprintf(,,13,9,0,0,1,12,touches size/count/capacity vocabulary | multiple arithmetic sites in one function | dense pointer or indexing traffic | allocation or copy sink with no explicit overflow guard,"int kain_service_registry_format_list( const KainServiceRegistry* registry, char* out, size_t out_size ) {","int kain_service_registry_format_list( || const KainServiceRegistry* registry, || char* out,"
60,simd.c,kain_simd_affine_stats_avx2_raw,208,248,41,index|size,,,,,memcpy(,,14,6,0,0,0,13,touches size/count/capacity vocabulary | multiple arithmetic sites in one function | dense pointer or indexing traffic | allocation or copy sink with no explicit overflow guard,"static KAIN_SIMD_TARGET_AVX2 KainSimdAffineStats kain_simd_affine_stats_avx2_raw( const int64_t* left, const int64_t* right, int64_t cells ) {","static KAIN_SIMD_TARGET_AVX2 KainSimdAffineStats kain_simd_affine_stats_avx2_raw( || const int64_t* left, || const int64_t* right,"
60,simd.c,kain_simd_affine_stats_avx512_raw,290,332,43,index|size,,,,,memcpy(,,16,8,0,0,0,13,touches size/count/capacity vocabulary | multiple arithmetic sites in one function | dense pointer or indexing traffic | allocation or copy sink with no explicit overflow guard,"static KAIN_SIMD_TARGET_AVX512F KainSimdAffineStats kain_simd_affine_stats_avx512_raw( const int64_t* left, const int64_t* right, int64_t cells ) {","static KAIN_SIMD_TARGET_AVX512F KainSimdAffineStats kain_simd_affine_stats_avx512_raw( || const int64_t* left, || const int64_t* right,"
60,stdlib_abi.c,abi_copy_payload_allocation,617,639,23,allocation|payload|size,,,,,memcpy(|memset(,,8,4,0,0,0,36,touches size/count/capacity vocabulary | multiple arithmetic sites in one function | dense pointer or indexing traffic | allocation or copy sink with no explicit overflow guard,"static void* abi_copy_payload_allocation(const void* payload, int64_t payload_size) {","static void* abi_copy_payload_allocation(const void* payload, int64_t payload_size) { || size_t allocation_size; || KainNativeTaggedValue* value;"
60,stdlib_abi.c,abi_tagged_payload_copy,685,705,21,payload|size,,,,,memcpy(|memset(,,11,7,0,0,0,32,touches size/count/capacity vocabulary | multiple arithmetic sites in one function | dense pointer or indexing traffic | allocation or copy sink with no explicit overflow guard,"int64_t abi_tagged_payload_copy(const void* value, void* out_payload, int64_t out_payload_size) {","int64_t abi_tagged_payload_copy(const void* value, void* out_payload, int64_t out_payload_size) { || const KainNativeTaggedValue* tagged = abi_as_tagged(value); || if (tagged == 0 || out_payload == 0 || out_payload_size < 0) {"
60,stdlib_abi.c,abi_future_ready_from_value,768,792,25,allocation|payload|size,,,,,memcpy(|memset(,,9,6,0,0,0,35,touches size/count/capacity vocabulary | multiple arithmetic sites in one function | dense pointer or indexing traffic | allocation or copy sink with no explicit overflow guard,"void* abi_future_ready_from_value(const void* payload, int64_t payload_size) {","void* abi_future_ready_from_value(const void* payload, int64_t payload_size) { || KainNativeFutureValue* future_value; || size_t allocation_size;"
60,stdlib_abi.c,abi_future_await_payload_copy,812,849,38,payload|size,,,,,memcpy(|memset(,,20,13,0,0,0,33,touches size/count/capacity vocabulary | multiple arithmetic sites in one function | dense pointer or indexing traffic | allocation or copy sink with no explicit overflow guard,"int64_t abi_future_await_payload_copy(const void* future_value, void* out_payload, int64_t out_payload_size) {","int64_t abi_future_await_payload_copy(const void* future_value, void* out_payload, int64_t out_payload_size) { || KainDiagnostic diag = abi_diag(); || KainNativeFutureValue* future = abi_as_future(future_value);"
60,stdlib_abi.c,abi_patch_undo_last,1224,1235,12,count|index,,,,,,,5,4,2,0,0,6,touches size/count/capacity vocabulary | multiple arithmetic sites in one function | dense pointer or indexing traffic | writes global state without obvious synchronization,int64_t abi_patch_undo_last(void) {,int64_t abi_patch_undo_last(void) { || int64_t index; || for (index = g_kain_native_patch_journal_count - 1; index >= 0; index--) {
60,stdlib_abi.c,abi_fs_builder_init,1437,1448,12,capacity|length,,,,,malloc(,,7,5,0,0,0,3,touches size/count/capacity vocabulary | multiple arithmetic sites in one function | dense pointer or indexing traffic | allocation or copy sink with no explicit overflow guard,static int abi_fs_builder_init(KainNativeFsTextBuilder* builder) {,static int abi_fs_builder_init(KainNativeFsTextBuilder* builder) { || builder->capacity = 1024; || builder->length = 0;
60,stdlib_abi.c,abi_fs_create_parent_dirs,1656,1688,33,index|length|path|size,,,,,memcpy(,,7,9,0,0,0,25,touches size/count/capacity vocabulary | multiple arithmetic sites in one function | dense pointer or indexing traffic | allocation or copy sink with no explicit overflow guard,static int64_t abi_fs_create_parent_dirs(const char* path) {,static int64_t abi_fs_create_parent_dirs(const char* path) { || char buffer[4096]; || size_t length;
60,stdlib_abi.c,abi_fs_read_byte_range_hex,1868,1923,56,count|index|length|offset|path|size,,,,,,free(,8,5,0,0,1,36,touches size/count/capacity vocabulary | multiple arithmetic sites in one function | dense pointer or indexing traffic | count-like increment with no lock or atomic,"const char* abi_fs_read_byte_range_hex(const char* path, int64_t offset, int64_t length) {","const char* abi_fs_read_byte_range_hex(const char* path, int64_t offset, int64_t length) { || FILE* file = 0; || unsigned char buffer[4096];"
60,version.c,version_get_info,4,59,56,size,,,,,memset(|snprintf(,,33,24,0,0,0,6,touches size/count/capacity vocabulary | multiple arithmetic sites in one function | dense pointer or indexing traffic | allocation or copy sink with no explicit overflow guard,int version_get_info(KainRuntimeVersionInfo* info) {,int version_get_info(KainRuntimeVersionInfo* info) { || if (!info) { || return -1;
60,wire.c,abi_wire_zero_copy_binary_checksum,75,164,90,count|index|limit|size|word,INT64_MAX,,,,calloc(,free(,30,4,0,0,2,66,touches size/count/capacity vocabulary | multiple arithmetic sites in one function | dense pointer or indexing traffic | count-like increment with no lock or atomic,"int64_t abi_wire_zero_copy_binary_checksum( int64_t iterations, int64_t packet_count, int64_t words_per_packet, int64_t modulus ) {","int64_t abi_wire_zero_copy_binary_checksum( || int64_t iterations, || int64_t packet_count,"
55,async.c,kain_async_runtime_init_impl,227,238,12,index|size|word,,,,,memset(,,0,0,2,0,0,14,touches size/count/capacity vocabulary | allocation or copy sink with no explicit overflow guard | writes global state without obvious synchronization,static void kain_async_runtime_init_impl(void) {,"static void kain_async_runtime_init_impl(void) { || memset(g_async_tasks, 0, sizeof(g_async_tasks)); || memset(g_async_timers, 0, sizeof(g_async_timers));"
55,attrition.c,kain_attrition_heap_alloc,533,558,26,allocation|bytes|count|size,,,,,malloc(,,2,0,4,0,0,20,touches size/count/capacity vocabulary | allocation or copy sink with no explicit overflow guard | writes global state without obvious synchronization,void* kain_attrition_heap_alloc(size_t total_bytes) {,void* kain_attrition_heap_alloc(size_t total_bytes) { || void* allocation = NULL; || if (!kain_attrition_enabled_fast()) {
55,contract.c,contract_find_service_spec,245,262,18,count|size,,,,,,,3,3,1,0,1,2,touches size/count/capacity vocabulary | writes global state without obvious synchronization | count-like increment with no lock or atomic,static const KainRuntimeServiceSpec* contract_find_service_spec(const char* key) {,static const KainRuntimeServiceSpec* contract_find_service_spec(const char* key) { || size_t i; || const char* canonical_key;
55,entangle.c,entangle_registry_reset,22,26,5,count|size,,,,,memset(,,0,0,1,0,0,2,touches size/count/capacity vocabulary | allocation or copy sink with no explicit overflow guard | writes global state without obvious synchronization,void entangle_registry_reset(void) {,"void entangle_registry_reset(void) { || memset(g_kain_entangle_bindings, 0, sizeof(g_kain_entangle_bindings)); || g_kain_entangle_binding_count = 0;"
55,graphics_system.c,abi_graphics_reset,454,463,10,index|size,,,,,memset(,,1,1,1,0,0,6,touches size/count/capacity vocabulary | allocation or copy sink with no explicit overflow guard | writes global state without obvious synchronization,int64_t abi_graphics_reset(void) {,int64_t abi_graphics_reset(void) { || int64_t index; || for (index = 0; index < ABI_GRAPHICS_MAX_SESSIONS; index += 1) {
55,input_system.c,abi_input_reset,361,366,6,size,,,,,memset(,,0,0,1,0,0,1,touches size/count/capacity vocabulary | allocation or copy sink with no explicit overflow guard | writes global state without obvious synchronization,int64_t abi_input_reset(void) {,"int64_t abi_input_reset(void) { || memset(g_sessions, 0, sizeof(g_sessions)); || g_next_session_id = 1;"
55,process_system.c,abi_process_reset,2072,2089,18,index|size,,,,,memset(,,1,2,4,0,0,14,touches size/count/capacity vocabulary | allocation or copy sink with no explicit overflow guard | writes global state without obvious synchronization,int64_t abi_process_reset(void) {,int64_t abi_process_reset(void) { || int index; || for (index = 0; index < ABI_PROCESS_MAX_PROCESSES; index++) {
55,stdlib_abi.c,abi_attrition_capture_write_report,424,474,51,capacity|count|length|path|size,,,,,memset(,,1,2,3,0,0,16,touches size/count/capacity vocabulary | allocation or copy sink with no explicit overflow guard | writes global state without obvious synchronization,static void abi_attrition_capture_write_report(void) {,static void abi_attrition_capture_write_report(void) { || KainAttritionSnapshot final_snapshot; || KainAttritionEvent events[KAIN_ATTRITION_EVENT_RING_CAPACITY];
55,stdlib_abi.c,abi_entangle_record_i64,1247,1262,16,count|size,,,,,,,2,0,1,0,1,4,touches size/count/capacity vocabulary | writes global state without obvious synchronization | count-like increment with no lock or atomic,"int64_t abi_entangle_record_i64(const char* authority, const char* mirror, int64_t value) {","int64_t abi_entangle_record_i64(const char* authority, const char* mirror, int64_t value) { || (void)value; || abi_copy_text("
55,stdlib_abi.c,abi_converge_record_i64,1275,1284,10,count,,,,,,,2,0,1,0,1,1,touches size/count/capacity vocabulary | writes global state without obvious synchronization | count-like increment with no lock or atomic,"int64_t abi_converge_record_i64(const char* converge_name, const char* lane_name, int64_t spec_value, int64_t fast_value) {","int64_t abi_converge_record_i64(const char* converge_name, const char* lane_name, int64_t spec_value, int64_t fast_value) { || (void)converge_name; || (void)lane_name;"
55,stdlib_abi.c,abi_converge_record_bool,1285,1294,10,count,,,,,,,2,0,1,0,1,1,touches size/count/capacity vocabulary | writes global state without obvious synchronization | count-like increment with no lock or atomic,"int64_t abi_converge_record_bool(const char* converge_name, const char* lane_name, int fast_matches) {","int64_t abi_converge_record_bool(const char* converge_name, const char* lane_name, int fast_matches) { || (void)converge_name; || (void)lane_name;"
55,stdlib_abi.c,abi_orchestrate_stage_begin,1299,1305,7,count,,,,,,,2,0,1,0,1,2,touches size/count/capacity vocabulary | writes global state without obvious synchronization | count-like increment with no lock or atomic,"int64_t abi_orchestrate_stage_begin(const char* runtime_name, const char* function_name) {","int64_t abi_orchestrate_stage_begin(const char* runtime_name, const char* function_name) { || (void)runtime_name; || (void)function_name;"
55,stdlib_abi.c,abi_fs_fail,1395,1423,29,path|size,,,,,snprintf(,,3,2,1,0,0,11,touches size/count/capacity vocabulary | allocation or copy sink with no explicit overflow guard | writes global state without obvious synchronization,"static int64_t abi_fs_fail(const char* operation, const char* path) {","static int64_t abi_fs_fail(const char* operation, const char* path) { || int error_code = errno; || char message[512];"
50,actor.c,kain_actor_reply_port_state_release,967,1038,72,payload|size,,EnterCriticalSection(|LeaveCriticalSection(|pthread_mutex_lock(|pthread_mutex_unlock(,,,,CloseHandle(|DeleteCriticalSection(|free(|pthread_cond_destroy(|pthread_mutex_destroy(,31,28,0,0,0,4,touches size/count/capacity vocabulary | multiple arithmetic sites in one function | dense pointer or indexing traffic | destructive teardown after lock release,static void kain_actor_reply_port_state_release(KainActorReplyPortState* state) {,static void kain_actor_reply_port_state_release(KainActorReplyPortState* state) { || int should_destroy = 0; || void* reply_data_to_free = NULL;
50,actor.c,kain_actor_runtime_shutdown,1408,1504,97,size,,EnterCriticalSection(|LeaveCriticalSection(|pthread_mutex_lock(|pthread_mutex_unlock(,,atomic_,,DeleteCriticalSection(|free(|pthread_mutex_destroy(,11,10,10,0,0,3,touches size/count/capacity vocabulary | multiple arithmetic sites in one function | dense pointer or indexing traffic | destructive teardown after lock release,/* * Shutdown Actor Runtime * * Terminates all actors and cleans up resources. */ void kain_actor_runtime_shutdown(void) {,/* || * Shutdown Actor Runtime || *
50,actor.c,kain_actor_thread_proc,1936,4426,2491,allocation|bound|bucket|capacity|count|cursor|generation|index|limit|mask|path|payload|size|slot|word,overflow|underflow,EnterCriticalSection(|LeaveCriticalSection(|pthread_mutex_lock(|pthread_mutex_unlock(,,atomic_,calloc(|malloc(|memset(|snprintf(,CloseHandle(|DeleteCriticalSection(|free(|pthread_cond_destroy(|pthread_mutex_destroy(,872,589,72,0,15,366,touches size/count/capacity vocabulary | multiple arithmetic sites in one function | dense pointer or indexing traffic | destructive teardown after lock release,static DWORD WINAPI kain_actor_thread_proc(LPVOID param) {,static DWORD WINAPI kain_actor_thread_proc(LPVOID param) { || #else || static void* kain_actor_thread_proc(void* param) {
50,attrition.c,kain_attrition_session_config_init,264,273,10,size,,,,,memset(,,5,3,0,0,0,1,touches size/count/capacity vocabulary | multiple arithmetic sites in one function | allocation or copy sink with no explicit overflow guard,void kain_attrition_session_config_init(KainAttritionSessionConfig* config) {,void kain_attrition_session_config_init(KainAttritionSessionConfig* config) { || if (config == NULL) { || return;
50,attrition.c,kain_attrition_runtime_write_audit_json,406,492,87,allocation|bytes|capacity|count|length|size|word,,,,,snprintf(,,4,2,0,0,0,56,touches size/count/capacity vocabulary | multiple arithmetic sites in one function | allocation or copy sink with no explicit overflow guard,"size_t kain_attrition_runtime_write_audit_json(char* out_text, size_t capacity) {","size_t kain_attrition_runtime_write_audit_json(char* out_text, size_t capacity) { || KainAttritionSnapshot snapshot; || int written;"
50,attrition.c,kain_attrition_runtime_checkpoint,493,515,23,count|cursor,,,,,,,5,0,3,0,0,6,touches size/count/capacity vocabulary | multiple arithmetic sites in one function | writes global state without obvious synchronization,"void kain_attrition_runtime_checkpoint(const char* label, uint64_t subject_id) {","void kain_attrition_runtime_checkpoint(const char* label, uint64_t subject_id) { || uint64_t label_hash = 1469598103934665603ULL; || const unsigned char* cursor = (const unsigned char*)(label != NULL ? label : """");"
50,bitfield.c,__kain_bitfield_get,37,79,43,bytes|mask|offset|size,,,,,memcpy(,,16,0,0,0,0,15,touches size/count/capacity vocabulary | multiple arithmetic sites in one function | allocation or copy sink with no explicit overflow guard,"* 2. Extract bits [bit_offset, bit_offset + width) * 3. If is_signed, sign-extend to promoted_bits * 4. Return as int64_t */ int64_t __kain_bitfield_get( const void* value, const char* field, int64_t unit_offset, int64_t bit_offset, int64_t width, int is_signed, int64_t promoted_bits ) {","* 2. Extract bits [bit_offset, bit_offset + width) || * 3. If is_signed, sign-extend to promoted_bits || * 4. Return as int64_t"
50,bitfield.c,__kain_bitfield_set,89,126,38,bytes|mask|offset|size,,,,,memcpy(,,15,0,0,0,0,18,touches size/count/capacity vocabulary | multiple arithmetic sites in one function | allocation or copy sink with no explicit overflow guard,"* 3. Insert new value (masked to width bits) * 4. Store unit back to value */ void __kain_bitfield_set( void* value, const char* field, int64_t unit_offset, int64_t bit_offset, int64_t width, int is_signed, int64_t promoted_bits, int64_t next ) {",* 3. Insert new value (masked to width bits) || * 4. Store unit back to value || */
50,contract.c,contract_append_message,263,283,21,length|size,,,,,memcpy(,,6,2,0,0,0,16,touches size/count/capacity vocabulary | multiple arithmetic sites in one function | allocation or copy sink with no explicit overflow guard,"static void contract_append_message( char* out, size_t out_cap, const char* value ) {","static void contract_append_message( || char* out, || size_t out_cap,"
50,contract.c,contract_count_array_objects,314,360,47,count|cursor,,,,,,,9,1,0,0,1,9,touches size/count/capacity vocabulary | multiple arithmetic sites in one function | count-like increment with no lock or atomic,"static int contract_count_array_objects( const char* array_start, const char* array_end ) {","static int contract_count_array_objects( || const char* array_start, || const char* array_end"
50,core.c,void,275,326,52,size,,,,,malloc(,free(,5,2,0,0,0,1,touches size/count/capacity vocabulary | multiple arithmetic sites in one function | allocation or copy sink with no explicit overflow guard,"void kain_spawn(void (*func)(void*), void* arg) {","void kain_spawn(void (*func)(void*), void* arg) { || ThreadArgs* args = (ThreadArgs*)malloc(sizeof(ThreadArgs)); || if (!args) {"
50,core.c,string_new,352,362,11,size,,,,,memcpy(,,4,0,0,0,0,1,touches size/count/capacity vocabulary | multiple arithmetic sites in one function | allocation or copy sink with no explicit overflow guard,char* string_new(char* src) {,char* string_new(char* src) { || char* buf; || size_t len;
50,core.c,file_read,612,662,51,bound|length|path|size,,,,,snprintf(,,4,2,0,0,0,19,touches size/count/capacity vocabulary | multiple arithmetic sites in one function | allocation or copy sink with no explicit overflow guard,char* file_read(char* path) {,char* file_read(char* path) { || FILE* f; || long size;
50,core.c,stdin_read_exact,727,751,25,bound|count|length|offset|size,,,,,,,6,1,0,0,1,19,touches size/count/capacity vocabulary | multiple arithmetic sites in one function | count-like increment with no lock or atomic,char* stdin_read_exact(long long length) {,char* stdin_read_exact(long long length) { || size_t remaining; || size_t offset = 0;
50,core.c,env,764,796,33,length|size,,,,,,free(,5,3,1,0,0,3,touches size/count/capacity vocabulary | multiple arithmetic sites in one function | writes global state without obvious synchronization,char* env(char* name) {,"char* env(char* name) { || if (!name || !name[0]) { || return string_new("""");"
50,core.c,to_upper,814,830,17,size,,,,,,,4,2,1,0,0,2,touches size/count/capacity vocabulary | multiple arithmetic sites in one function | writes global state without obvious synchronization,char* to_upper(char* s) {,char* to_upper(char* s) { || size_t i; || size_t len;
50,core.c,to_lower,831,847,17,size,,,,,,,4,2,1,0,0,2,touches size/count/capacity vocabulary | multiple arithmetic sites in one function | writes global state without obvious synchronization,char* to_lower(char* s) {,char* to_lower(char* s) { || size_t i; || size_t len;
50,core.c,find_substring_from,907,924,18,bytes|offset|size,,,,,,,7,0,3,0,0,12,touches size/count/capacity vocabulary | multiple arithmetic sites in one function | writes global state without obvious synchronization,"long long find_substring_from(char* s, char* needle, long long start) {","long long find_substring_from(char* s, char* needle, long long start) { || const char* match; || size_t s_len;"
50,core.c,find_substring_from_known_lengths,925,948,24,bytes|length|offset|size,,,,,,,8,0,1,0,0,19,touches size/count/capacity vocabulary | multiple arithmetic sites in one function | writes global state without obvious synchronization,"long long find_substring_from_known_lengths( char* s, long long s_len, char* needle, long long needle_len, long long start ) {","long long find_substring_from_known_lengths( || char* s, || long long s_len,"
50,core.c,replace,957,1010,54,cursor|size,,,,,memcpy(,,17,1,0,0,0,32,touches size/count/capacity vocabulary | multiple arithmetic sites in one function | allocation or copy sink with no explicit overflow guard,"char* replace(char* s, char* from, char* to) {","char* replace(char* s, char* from, char* to) { || const char* cursor; || const char* match;"
50,core.c,kain_map_disable_tiny_dispatch,1066,1074,9,size,,,,,memset(,,4,3,0,0,0,1,touches size/count/capacity vocabulary | multiple arithmetic sites in one function | allocation or copy sink with no explicit overflow guard,static void kain_map_disable_tiny_dispatch(KainMap* map) {,static void kain_map_disable_tiny_dispatch(KainMap* map) { || if (!map) { || return;
50,core.c,kain_hash_bytes,1157,1179,23,bytes|length|size,,,,,memcpy(,,8,0,0,0,0,17,touches size/count/capacity vocabulary | multiple arithmetic sites in one function | allocation or copy sink with no explicit overflow guard,"static uint64_t kain_hash_bytes(const unsigned char* bytes, size_t length) {","static uint64_t kain_hash_bytes(const unsigned char* bytes, size_t length) { || const uint64_t seed = 0x9e3779b97f4a7c15ULL; || const uint64_t step = 0x94d049bb133111ebULL;"
50,core.c,init_winsock,1883,1890,8,word,,,,,,,0,0,0,3,0,1,touches size/count/capacity vocabulary | lazy init flag with no obvious synchronization,static void init_winsock(void) {,static void init_winsock(void) { || static int initialized = 0; || if (!initialized) {
50,entangle.c,runtime_copy_entangle_text,7,21,15,size,,,,,memcpy(,,5,1,0,0,0,2,touches size/count/capacity vocabulary | multiple arithmetic sites in one function | allocation or copy sink with no explicit overflow guard,"static int runtime_copy_entangle_text(char* dst, size_t dst_cap, const char* src) {","static int runtime_copy_entangle_text(char* dst, size_t dst_cap, const char* src) { || if (dst == 0 || dst_cap == 0 || src == 0 || src[0] == '\0') { || return -1;"
50,host_bridge.c,kain_host_bridge_module_descriptor_init,63,72,10,size,,,,,memset(,,5,3,0,0,0,1,touches size/count/capacity vocabulary | multiple arithmetic sites in one function | allocation or copy sink with no explicit overflow guard,void kain_host_bridge_module_descriptor_init(KainHostBridgeModuleDescriptor* descriptor) {,void kain_host_bridge_module_descriptor_init(KainHostBridgeModuleDescriptor* descriptor) { || if (!descriptor) { || return;
50,host_bridge.c,kain_host_bridge_service_descriptor_init,73,81,9,size,,,,,memset(,,4,2,0,0,0,1,touches size/count/capacity vocabulary | multiple arithmetic sites in one function | allocation or copy sink with no explicit overflow guard,void kain_host_bridge_service_descriptor_init(KainHostBridgeServiceDescriptor* descriptor) {,void kain_host_bridge_service_descriptor_init(KainHostBridgeServiceDescriptor* descriptor) { || if (!descriptor) { || return;
50,host_bridge.c,kain_host_bridge_activate_module,218,250,33,count|index,,,,,,,8,3,0,0,1,7,touches size/count/capacity vocabulary | multiple arithmetic sites in one function | count-like increment with no lock or atomic,"int kain_host_bridge_activate_module( KainHostBridgeRegistry* registry, const char* module_id, KainDiagnostic* diag ) {","int kain_host_bridge_activate_module( || KainHostBridgeRegistry* registry, || const char* module_id,"
50,host_bridge.c,kain_host_bridge_lookup_module,369,384,16,count|index,,,,,,,6,3,0,0,1,7,touches size/count/capacity vocabulary | multiple arithmetic sites in one function | count-like increment with no lock or atomic,"const KainHostBridgeInstalledModule* kain_host_bridge_lookup_module( const KainHostBridgeRegistry* registry, const char* module_id ) {","const KainHostBridgeInstalledModule* kain_host_bridge_lookup_module( || const KainHostBridgeRegistry* registry, || const char* module_id"
50,host_bridge.c,kain_host_bridge_lookup_service,385,400,16,count|index,,,,,,,6,3,0,0,1,7,touches size/count/capacity vocabulary | multiple arithmetic sites in one function | count-like increment with no lock or atomic,"const KainHostBridgeServiceDescriptor* kain_host_bridge_lookup_service( const KainHostBridgeRegistry* registry, const char* service_key ) {","const KainHostBridgeServiceDescriptor* kain_host_bridge_lookup_service( || const KainHostBridgeRegistry* registry, || const char* service_key"
50,host_bridge.c,kain_host_bridge_count_services_for_module,401,417,17,count|index,,,,,,,5,2,0,0,2,10,touches size/count/capacity vocabulary | multiple arithmetic sites in one function | count-like increment with no lock or atomic,"int kain_host_bridge_count_services_for_module( const KainHostBridgeRegistry* registry, const char* module_id ) {","int kain_host_bridge_count_services_for_module( || const KainHostBridgeRegistry* registry, || const char* module_id"
50,input_system.c,abi_input_name_index,135,147,13,count|index,,,,,,,4,2,0,0,1,3,touches size/count/capacity vocabulary | multiple arithmetic sites in one function | count-like increment with no lock or atomic,"static int abi_input_name_index(char names[][ABI_INPUT_MAX_KEY], int64_t count, const char* name) {","static int abi_input_name_index(char names[][ABI_INPUT_MAX_KEY], int64_t count, const char* name) { || int64_t i; || if (abi_input_text_empty(name)) {"
50,input_system.c,abi_input_name_remove,163,178,16,count|index,,,,,,,6,3,0,0,1,10,touches size/count/capacity vocabulary | multiple arithmetic sites in one function | count-like increment with no lock or atomic,"static int abi_input_name_remove(char names[][ABI_INPUT_MAX_KEY], int64_t* count, const char* name) {","static int abi_input_name_remove(char names[][ABI_INPUT_MAX_KEY], int64_t* count, const char* name) { || int index = abi_input_name_index(names, *count, name); || int64_t i;"
50,input_system.c,abi_input_axis_value,634,647,14,count,,,,,,,5,3,0,0,1,1,touches size/count/capacity vocabulary | multiple arithmetic sites in one function | count-like increment with no lock or atomic,"double abi_input_axis_value(int64_t session_id, const char* axis) {","double abi_input_axis_value(int64_t session_id, const char* axis) { || KainNativeInputSession* session = abi_input_session(session_id); || int64_t i;"
50,json.c,json_registered_handle,88,102,15,mask,,,,,,,6,3,1,0,0,1,touches size/count/capacity vocabulary | multiple arithmetic sites in one function | writes global state without obvious synchronization,static KainJsonValue* json_registered_handle(int64_t handle) {,static KainJsonValue* json_registered_handle(int64_t handle) { || KainJsonValue* candidate; || KainJsonRegistryNode* node;
50,json.c,json_buffer_append_n,420,430,11,length|size,,,,,memcpy(,,4,3,0,0,0,6,touches size/count/capacity vocabulary | multiple arithmetic sites in one function | allocation or copy sink with no explicit overflow guard,"static void json_buffer_append_n(JsonBuffer* buffer, const char* text, size_t length) {","static void json_buffer_append_n(JsonBuffer* buffer, const char* text, size_t length) { || if (!json_buffer_reserve(buffer, length)) { || return;"
50,json.c,json_write_escaped,496,522,27,size,,,,,snprintf(,,8,1,0,0,0,1,touches size/count/capacity vocabulary | multiple arithmetic sites in one function | allocation or copy sink with no explicit overflow guard,"static void json_write_escaped(JsonBuffer* buffer, const char* text) {","static void json_write_escaped(JsonBuffer* buffer, const char* text) { || const unsigned char* p = (const unsigned char*)(text ? text : """"); || json_buffer_append_char(buffer, '""');"
50,memory.c,__kain_mem_load,279,293,15,bytes|size,,,,,memcpy(,,4,2,0,0,0,5,touches size/count/capacity vocabulary | multiple arithmetic sites in one function | allocation or copy sink with no explicit overflow guard,"/* ============================================================================ * Category 2: Memory Load/Store Operations * ============================================================================ */ /* * __kain_mem_load * * Load value from pointer (raw memory read). * Reads 'size' bytes from ptr into out. */ void __kain_mem_load(const void* ptr, void* out, size_t size) {",/* ============================================================================ || * Category 2: Memory Load/Store Operations || * ============================================================================ */
50,net_system.c,abi_net_init_winsock,466,473,8,word,,,,,,,0,0,0,3,0,1,touches size/count/capacity vocabulary | lazy init flag with no obvious synchronization,static void abi_net_init_winsock(void) {,static void abi_net_init_winsock(void) { || static int initialized = 0; || if (!initialized) {
50,net_system.c,abi_net_string_from_bytes,540,554,15,bound|bytes|length|size,,,,,memcpy(,,4,1,0,0,0,15,touches size/count/capacity vocabulary | multiple arithmetic sites in one function | allocation or copy sink with no explicit overflow guard,"static const char* abi_net_string_from_bytes(const unsigned char* bytes, size_t length) {","static const char* abi_net_string_from_bytes(const unsigned char* bytes, size_t length) { || char* output; || if (bytes == 0 || length == 0u) {"
50,net_system.c,abi_net_decode_hex,678,708,31,bytes|index|length|size,,,,,malloc(,free(,10,3,0,0,0,32,touches size/count/capacity vocabulary | multiple arithmetic sites in one function | allocation or copy sink with no explicit overflow guard,"static int abi_net_decode_hex(const char* hex, unsigned char** out_bytes, size_t* out_length) {","static int abi_net_decode_hex(const char* hex, unsigned char** out_bytes, size_t* out_length) { || size_t length; || size_t index;"
50,net_system.c,abi_net_clear_request_from_server_queue,1029,1038,10,slot,,,,,,,5,3,2,0,0,3,touches size/count/capacity vocabulary | multiple arithmetic sites in one function | writes global state without obvious synchronization,static void abi_net_clear_request_from_server_queue(KainNativeHttpRequest* request) {,static void abi_net_clear_request_from_server_queue(KainNativeHttpRequest* request) { || if (request != 0 && request->server_id > 0) { || KainNativeHttpServer* server = abi_net_server(request->server_id);
50,net_system.c,abi_net_wide_from_utf8,1574,1590,17,size,,,,,malloc(,,5,0,0,0,0,2,touches size/count/capacity vocabulary | multiple arithmetic sites in one function | allocation or copy sink with no explicit overflow guard,static wchar_t* abi_net_wide_from_utf8(const char* text) {,static wchar_t* abi_net_wide_from_utf8(const char* text) { || int needed; || wchar_t* wide;
50,ownership.c,kain_ownership_decay_slot_unlocked,790,826,37,allocation|region|slot,,,,,,free(,10,9,0,0,0,22,touches size/count/capacity vocabulary | multiple arithmetic sites in one function | dense pointer or indexing traffic | destructive teardown after lock release,"static int kain_ownership_decay_slot_unlocked(void* ptr, int slot, int reclaim_helper_slot) {","static int kain_ownership_decay_slot_unlocked(void* ptr, int slot, int reclaim_helper_slot) { || (void)reclaim_helper_slot; || if (slot < 0) {"
50,process_system.c,abi_process_build_command_line_w,920,948,29,count|index,,,,,,free(,5,3,0,0,1,6,touches size/count/capacity vocabulary | multiple arithmetic sites in one function | count-like increment with no lock or atomic,static wchar_t* abi_process_build_command_line_w(const KainNativeProcessSpec* spec) {,static wchar_t* abi_process_build_command_line_w(const KainNativeProcessSpec* spec) { || KainNativeProcessUtf8Buffer utf8_command_line = {0}; || wchar_t* wide_command_line = 0;
50,process_system.c,abi_process_drain_stream_handle,1370,1442,73,bytes|capacity|length|size|word,,,,,memcpy(|realloc(,free(,10,1,0,0,0,38,touches size/count/capacity vocabulary | multiple arithmetic sites in one function | allocation or copy sink with no explicit overflow guard,"static int abi_process_drain_stream_handle( HANDLE stream_handle, KainNativeProcessCapture* capture, unsigned char** out_chunk, size_t* out_chunk_length ) {","static int abi_process_drain_stream_handle( || HANDLE stream_handle, || KainNativeProcessCapture* capture,"
50,process_system.c,abi_process_spec_count,2238,2245,8,count,,,,,,,4,0,1,0,0,1,touches size/count/capacity vocabulary | multiple arithmetic sites in one function | writes global state without obvious synchronization,int64_t abi_process_spec_count(void) {,int64_t abi_process_spec_count(void) { || uint64_t value = g_spec_occupancy_bits; || value = value - ((value >> 1u) & UINT64_C(0x5555555555555555));
50,process_system.c,abi_process_count,2526,2533,8,count,,,,,,,4,0,1,0,0,1,touches size/count/capacity vocabulary | multiple arithmetic sites in one function | writes global state without obvious synchronization,int64_t abi_process_count(void) {,int64_t abi_process_count(void) { || uint64_t value = g_process_occupancy_bits; || value = value - ((value >> 1u) & UINT64_C(0x5555555555555555));
50,process_system.c,abi_process_read_stream_hex,2978,3030,53,bytes|length|size,,,,,,free(,8,1,1,0,0,11,touches size/count/capacity vocabulary | multiple arithmetic sites in one function | writes global state without obvious synchronization,"static const char* abi_process_read_stream_hex( int64_t process_id, int stream_kind ) {","static const char* abi_process_read_stream_hex( || int64_t process_id, || int stream_kind"
50,process_system.c,abi_process_output_text,3322,3474,153,bytes|count|length|path|size,,,,atomic_,memset(,free(,16,0,9,0,0,22,touches size/count/capacity vocabulary | multiple arithmetic sites in one function | allocation or copy sink with no explicit overflow guard,"const char* abi_process_output_text( const char* executable, const char* arg0, const char* arg1, const char* arg2, int64_t timeout_ms ) {","const char* abi_process_output_text( || const char* executable, || const char* arg0,"
50,realtime.c,realtime_copy_string_value,153,180,28,length|size,,,,,memcpy(,,10,2,0,0,0,9,touches size/count/capacity vocabulary | multiple arithmetic sites in one function | allocation or copy sink with no explicit overflow guard,"static void realtime_copy_string_value( const char* value_start, const char* scope_end, char* out, size_t out_cap ) {","static void realtime_copy_string_value( || const char* value_start, || const char* scope_end,"
50,reflection.c,kain_reflection_load_from_json,100,185,86,payload|size,,,,,calloc(,free(,16,3,0,0,0,20,touches size/count/capacity vocabulary | multiple arithmetic sites in one function | allocation or copy sink with no explicit overflow guard,"int kain_reflection_load_from_json( const char* json, KainReflectionPayload** payload, KainDiagnostic* diag ) {","int kain_reflection_load_from_json( || const char* json, || KainReflectionPayload** payload,"
50,reflection.c,kain_reflection_load_from_path,186,289,104,path|payload|size,,,,,malloc(,free(,11,1,0,0,0,29,touches size/count/capacity vocabulary | multiple arithmetic sites in one function | allocation or copy sink with no explicit overflow guard,"int kain_reflection_load_from_path( const char* path, KainReflectionPayload** payload, KainDiagnostic* diag ) {","int kain_reflection_load_from_path( || const char* path, || KainReflectionPayload** payload,"
50,reflection.c,reflection_strdup,1761,1778,18,length|size,,,,,malloc(|memcpy(,,4,0,0,0,0,5,touches size/count/capacity vocabulary | multiple arithmetic sites in one function | allocation or copy sink with no explicit overflow guard,static char* reflection_strdup(const char* text) {,static char* reflection_strdup(const char* text) { || size_t length; || char* copy;
50,renderer_backend.c,kain_renderer_backend_lookup,54,71,18,count|index|size,,,,,,,4,3,0,0,1,7,touches size/count/capacity vocabulary | multiple arithmetic sites in one function | count-like increment with no lock or atomic,const KainRendererBackendDescriptor* kain_renderer_backend_lookup(const char* id) {,const KainRendererBackendDescriptor* kain_renderer_backend_lookup(const char* id) { || size_t index; || if (!id || !id[0]) {
50,renderer_backend.c,kain_renderer_backend_default,72,85,14,count|index|size,,,,,,,4,3,0,0,1,7,touches size/count/capacity vocabulary | multiple arithmetic sites in one function | count-like increment with no lock or atomic,const KainRendererBackendDescriptor* kain_renderer_backend_default(void) {,const KainRendererBackendDescriptor* kain_renderer_backend_default(void) { || size_t index; || for (index = 0; index < kain_renderer_backend_count(); ++index) {
50,scene.c,runtime_append_text,12,37,26,offset|size,,,,,memcpy(,,5,2,0,0,0,10,touches size/count/capacity vocabulary | multiple arithmetic sites in one function | allocation or copy sink with no explicit overflow guard,"static int runtime_append_text(char* out, size_t out_cap, const char* text) {","static int runtime_append_text(char* out, size_t out_cap, const char* text) { || size_t offset; || size_t text_len;"
50,services.c,kain_service_registry_ensure_initialized,238,253,16,count|size,,,,atomic_,memset(,,4,3,0,1,0,2,touches size/count/capacity vocabulary | multiple arithmetic sites in one function | allocation or copy sink with no explicit overflow guard,static void kain_service_registry_ensure_initialized( KainServiceRegistry* registry ) {,static void kain_service_registry_ensure_initialized( || KainServiceRegistry* registry || ) {
50,services.c,kain_service_registry_register,777,827,51,size,,,,,memset(,,9,1,0,0,0,4,touches size/count/capacity vocabulary | multiple arithmetic sites in one function | allocation or copy sink with no explicit overflow guard,"int kain_service_registry_register( KainServiceRegistry* registry, const char* key, const char* name, const char* description, KainServiceProvider provider, KainServiceStatus status, KainServiceRequirement requirement, unsigned int abi_version, void* function_table ) {","int kain_service_registry_register( || KainServiceRegistry* registry, || const char* key,"
50,services.c,kain_service_registry_probe_native_net_service,895,916,22,probe,,,,,,,6,3,1,0,0,4,touches size/count/capacity vocabulary | multiple arithmetic sites in one function | writes global state without obvious synchronization,"static int kain_service_registry_probe_native_net_service( const KainServiceDescriptor* service, int* out_probe_passed ) {","static int kain_service_registry_probe_native_net_service( || const KainServiceDescriptor* service, || int* out_probe_passed"
50,services.c,kain_service_registry_probe_native_process_service,917,939,23,probe,,,,,,,6,3,1,0,0,4,touches size/count/capacity vocabulary | multiple arithmetic sites in one function | writes global state without obvious synchronization,"static int kain_service_registry_probe_native_process_service( const KainServiceDescriptor* service, int* out_probe_passed ) {","static int kain_service_registry_probe_native_process_service( || const KainServiceDescriptor* service, || int* out_probe_passed"
50,services.c,kain_service_registry_register_native_runtime_services,981,1011,31,probe|size,,,,,,,4,3,1,0,0,6,touches size/count/capacity vocabulary | multiple arithmetic sites in one function | writes global state without obvious synchronization,int kain_service_registry_register_native_runtime_services( KainServiceRegistry* registry ) {,int kain_service_registry_register_native_runtime_services( || KainServiceRegistry* registry || ) {
50,simd.c,kain_simd_dot_avx2_raw,171,207,37,index|size|word,,,,,memcpy(,,12,3,0,0,0,13,touches size/count/capacity vocabulary | multiple arithmetic sites in one function | allocation or copy sink with no explicit overflow guard,"static KAIN_SIMD_TARGET_AVX2 int64_t kain_simd_dot_avx2_raw( const int64_t* left, const int64_t* right, int64_t cells, int64_t lane_bias ) {","static KAIN_SIMD_TARGET_AVX2 int64_t kain_simd_dot_avx2_raw( || const int64_t* left, || const int64_t* right,"
50,simd.c,kain_simd_dot_avx512_raw,249,289,41,index|size|word,,,,,memcpy(,,12,3,0,0,0,13,touches size/count/capacity vocabulary | multiple arithmetic sites in one function | allocation or copy sink with no explicit overflow guard,"static KAIN_SIMD_TARGET_AVX512F int64_t kain_simd_dot_avx512_raw( const int64_t* left, const int64_t* right, int64_t cells, int64_t lane_bias ) {","static KAIN_SIMD_TARGET_AVX512F int64_t kain_simd_dot_avx512_raw( || const int64_t* left, || const int64_t* right,"
50,stdlib_abi.c,abi_attrition_capture_configure_from_env,475,534,60,allocation|bytes|capacity|path|size,,,,,,,4,3,1,0,0,16,touches size/count/capacity vocabulary | multiple arithmetic sites in one function | writes global state without obvious synchronization,static void abi_attrition_capture_configure_from_env(void) {,"static void abi_attrition_capture_configure_from_env(void) { || KainAttritionSessionConfig session_config; || const char* result_path = getenv(""KAIN_ATTRITION_RESULT_PATH"");"
50,stdlib_abi.c,abi_fs_builder_append,1513,1526,14,length|size,,,,,memcpy(,,4,2,0,0,0,8,touches size/count/capacity vocabulary | multiple arithmetic sites in one function | allocation or copy sink with no explicit overflow guard,"static int abi_fs_builder_append(KainNativeFsTextBuilder* builder, const char* text) {","static int abi_fs_builder_append(KainNativeFsTextBuilder* builder, const char* text) { || size_t length; || if (text == 0) {"
50,stdlib_abi.c,abi_fs_builder_appendf,1527,1554,28,length|size,,,,,snprintf(,,5,3,0,0,0,9,touches size/count/capacity vocabulary | multiple arithmetic sites in one function | allocation or copy sink with no explicit overflow guard,"static int abi_fs_builder_appendf(KainNativeFsTextBuilder* builder, const char* format, ...) {","static int abi_fs_builder_appendf(KainNativeFsTextBuilder* builder, const char* format, ...) { || char stack_buffer[1024]; || va_list args;"
50,union.c,__kain_union_get,30,55,26,bytes|size,,,,,memcpy(,,9,0,0,0,0,17,touches size/count/capacity vocabulary | multiple arithmetic sites in one function | allocation or copy sink with no explicit overflow guard,"* 1. Initialize output with fallback value * 2. Copy min(byte_size, union_size, output_size) bytes from value to output */ void __kain_union_get( const void* value, const char* field, const char* type_key, int64_t byte_size, int64_t union_size, const void* fallback, void* output, size_t output_size ) {","* 1. Initialize output with fallback value || * 2. Copy min(byte_size, union_size, output_size) bytes from value to output || */"
50,union.c,__kain_union_set,62,87,26,bytes|size,,,,,memcpy(|memset(,,8,0,0,0,0,20,touches size/count/capacity vocabulary | multiple arithmetic sites in one function | allocation or copy sink with no explicit overflow guard,"* Algorithm: * 1. Zero out union_size bytes in value * 2. Copy min(byte_size, union_size, next_size) bytes from next to value */ void __kain_union_set( void* value, const char* field, const char* type_key, int64_t byte_size, int64_t union_size, const void* next, size_t next_size ) {","* Algorithm: || * 1. Zero out union_size bytes in value || * 2. Copy min(byte_size, union_size, next_size) bytes from next to value"
50,union.c,__kain_union_wrap,94,119,26,bytes|size,,,,,memcpy(|memset(,,8,0,0,0,0,20,touches size/count/capacity vocabulary | multiple arithmetic sites in one function | allocation or copy sink with no explicit overflow guard,"* Algorithm: * 1. Zero out union_size bytes in value * 2. Copy min(byte_size, union_size, active_value_size) bytes from active_value to value */ void __kain_union_wrap( void* value, const char* active, const char* type_key, int64_t byte_size, int64_t union_size, const void* active_value, size_t active_value_size ) {","* Algorithm: || * 1. Zero out union_size bytes in value || * 2. Copy min(byte_size, union_size, active_value_size) bytes from active_value to value"
45,attrition.c,kain_attrition_state_reset_locked,127,184,58,allocation|bytes|capacity|count|index|size,overflow|underflow,,,,memset(,free(,2,8,45,0,0,50,touches size/count/capacity vocabulary | dense pointer or indexing traffic | writes global state without obvious synchronization,static void kain_attrition_state_reset_locked(void) {,static void kain_attrition_state_reset_locked(void) { || size_t index; || for (index = 0u; index < KAIN_ATTRITION_QUARANTINE_CAPACITY_MAX; ++index) {
45,attrition.c,kain_attrition_note_rc_free,732,758,27,bytes|count|size,,,,,,free(,2,0,6,0,0,15,touches size/count/capacity vocabulary | writes global state without obvious synchronization | destructive teardown after lock release,void kain_attrition_note_rc_free(size_t total_bytes) {,void kain_attrition_note_rc_free(size_t total_bytes) { || if (!kain_attrition_enabled_fast()) { || return;
45,cpu.c,abi_vm_map,396,412,17,count|size,,,,,malloc(,,3,4,0,0,0,10,touches size/count/capacity vocabulary | dense pointer or indexing traffic | allocation or copy sink with no explicit overflow guard,void* abi_vm_map(int64_t byte_count) {,void* abi_vm_map(int64_t byte_count) { || if (byte_count <= 0) { || return 0;
45,process_system.c,abi_process_close_os_resources,1580,1635,56,,,,,,,CloseHandle(,29,28,1,0,0,0,multiple arithmetic sites in one function | dense pointer or indexing traffic | writes global state without obvious synchronization,"static void abi_process_close_os_resources(KainNativeProcessHandle* process, int terminate_running_process) {","static void abi_process_close_os_resources(KainNativeProcessHandle* process, int terminate_running_process) { || #ifdef _WIN32 || if (process == 0) {"
45,stdlib_abi.c,abi_attrition_json_write_events,396,423,28,count|index|size,,,,,,,2,7,0,0,1,17,touches size/count/capacity vocabulary | dense pointer or indexing traffic | count-like increment with no lock or atomic,"static void abi_attrition_json_write_events(FILE* stream, const KainAttritionEvent* events, size_t count) {","static void abi_attrition_json_write_events(FILE* stream, const KainAttritionEvent* events, size_t count) { || size_t index; || fputc('[', stream);"
40,actor.c,kain_actor_mailbox_take_inline_message,452,475,24,size,,,,,,,15,13,0,0,0,3,touches size/count/capacity vocabulary | multiple arithmetic sites in one function | dense pointer or indexing traffic,"static int kain_actor_mailbox_take_inline_message( KainActorMailbox* mailbox, KainActorMessage* message ) {","static int kain_actor_mailbox_take_inline_message( || KainActorMailbox* mailbox, || KainActorMessage* message"
40,actor.c,kain_actor_ref_zero,476,485,10,generation,,,,,,,5,4,0,0,0,1,touches size/count/capacity vocabulary | multiple arithmetic sites in one function | dense pointer or indexing traffic,static void kain_actor_ref_zero(KainActorRef* actor_ref) {,static void kain_actor_ref_zero(KainActorRef* actor_ref) { || if (actor_ref == NULL) { || return;
40,actor.c,kain_actor_ref_write_live,503,519,17,generation,,,,,,,6,4,0,0,0,2,touches size/count/capacity vocabulary | multiple arithmetic sites in one function | dense pointer or indexing traffic,"static void kain_actor_ref_write_live( KainActorRef* actor_ref, const KainActorState_Internal* actor ) {","static void kain_actor_ref_write_live( || KainActorRef* actor_ref, || const KainActorState_Internal* actor"
40,actor.c,kain_actor_ref_same_identity,520,528,9,generation,,,,,,,5,4,0,0,0,2,touches size/count/capacity vocabulary | multiple arithmetic sites in one function | dense pointer or indexing traffic,"static int kain_actor_ref_same_identity(const KainActorRef* left, const KainActorRef* right) {","static int kain_actor_ref_same_identity(const KainActorRef* left, const KainActorRef* right) { || return left != NULL || && right != NULL"
40,actor.c,kain_actor_reply_port_ref_write_direct,529,541,13,generation,,,,,,,5,4,0,0,0,3,touches size/count/capacity vocabulary | multiple arithmetic sites in one function | dense pointer or indexing traffic,"static void kain_actor_reply_port_ref_write_direct( KainActorRef* actor_ref, unsigned int generation ) {","static void kain_actor_reply_port_ref_write_direct( || KainActorRef* actor_ref, || unsigned int generation"
40,actor.c,kain_actor_reply_port_state_rearm_synthetic_actor,1107,1161,55,bound|generation,,EnterCriticalSection(|LeaveCriticalSection(|pthread_mutex_lock(|pthread_mutex_unlock(,,,,,10,7,4,0,0,13,touches size/count/capacity vocabulary | multiple arithmetic sites in one function | dense pointer or indexing traffic,static int kain_actor_reply_port_state_rearm_synthetic_actor(KainActorReplyPortState* state) {,static int kain_actor_reply_port_state_rearm_synthetic_actor(KainActorReplyPortState* state) { || KainActorRef actor_ref; || KainActorRef next_ref;
40,actor.c,kain_actor_reply_port_state_unbind_synthetic_actor,1226,1262,37,count|generation,,,,,,free(,14,11,0,0,0,2,touches size/count/capacity vocabulary | multiple arithmetic sites in one function | dense pointer or indexing traffic,static void kain_actor_reply_port_state_unbind_synthetic_actor(KainActorReplyPortState* state) {,static void kain_actor_reply_port_state_unbind_synthetic_actor(KainActorReplyPortState* state) { || KainActorRef actor_ref; || KainActorState_Internal* actor;
40,actor.c,kain_actor_mailbox_init,1505,1539,35,capacity|count|size,,,,,,,23,20,0,0,0,7,touches size/count/capacity vocabulary | multiple arithmetic sites in one function | dense pointer or indexing traffic,"/* * Mailbox Operations */ static int kain_actor_mailbox_init(KainActorMailbox* mailbox, size_t capacity) {",/* || * Mailbox Operations || */
40,actor.c,kain_actor_mailbox_destroy,1540,1579,40,count|size,,,,,,CloseHandle(|DeleteCriticalSection(|free(|pthread_cond_destroy(|pthread_mutex_destroy(,25,23,0,0,0,3,touches size/count/capacity vocabulary | multiple arithmetic sites in one function | dense pointer or indexing traffic,static void kain_actor_mailbox_destroy(KainActorMailbox* mailbox) {,static void kain_actor_mailbox_destroy(KainActorMailbox* mailbox) { || /* Free all messages */ || MessageNode* node = mailbox->head;
40,actor.c,kain_actor_mailbox_take_cached_node,1580,1592,13,count,,,,,,,7,5,0,0,0,1,touches size/count/capacity vocabulary | multiple arithmetic sites in one function | dense pointer or indexing traffic,static MessageNode* kain_actor_mailbox_take_cached_node(KainActorMailbox* mailbox) {,static MessageNode* kain_actor_mailbox_take_cached_node(KainActorMailbox* mailbox) { || MessageNode* node; || if (mailbox == NULL || mailbox->free_nodes == NULL) {
40,actor.c,kain_actor_execute_microcell_turn,1703,1745,43,count,,,,,,,12,11,0,0,0,3,touches size/count/capacity vocabulary | multiple arithmetic sites in one function | dense pointer or indexing traffic,"static void kain_actor_execute_microcell_turn( KainActorState_Internal* actor, int count_busy_worker ) {","static void kain_actor_execute_microcell_turn( || KainActorState_Internal* actor, || int count_busy_worker"
40,actor.c,kain_actor_table_insert,1838,1897,60,count|generation|index|mask|size|slot|word,,EnterCriticalSection(|LeaveCriticalSection(|pthread_mutex_lock(|pthread_mutex_unlock(,,,,,14,13,6,0,0,40,touches size/count/capacity vocabulary | multiple arithmetic sites in one function | dense pointer or indexing traffic,static KainActorId kain_actor_table_insert(KainActorState_Internal* actor) {,static KainActorId kain_actor_table_insert(KainActorState_Internal* actor) { || size_t word_index; || int inserted_synthetic_reply_port = 0;
40,async.c,kain_async_execute_task,671,804,134,count,,kain_async_mutex_lock(|kain_async_mutex_unlock(,,atomic_,,,37,35,2,0,0,1,touches size/count/capacity vocabulary | multiple arithmetic sites in one function | dense pointer or indexing traffic,"static KainPollResult kain_async_execute_task(KainAsyncTaskRecord* task, void** result, KainDiagnostic* diag) {","static KainPollResult kain_async_execute_task(KainAsyncTaskRecord* task, void** result, KainDiagnostic* diag) { || KainPollResult poll_result; || void* produced_result = NULL;"
40,async.c,kain_async_task_signal_handle,805,854,50,count,,kain_async_mutex_lock(|kain_async_mutex_unlock(,,atomic_,,,21,16,0,0,0,3,touches size/count/capacity vocabulary | multiple arithmetic sites in one function | dense pointer or indexing traffic,"static int kain_async_task_signal_handle(void* wake_handle, KainDiagnostic* diag) {","static int kain_async_task_signal_handle(void* wake_handle, KainDiagnostic* diag) { || KainTaskHandle* handle = (KainTaskHandle*)wake_handle; || KainAsyncTaskRecord* task = NULL;"
40,compatibility.c,kain_bundle_restore_state,404,426,23,generation,,,,,,,9,4,0,0,0,2,touches size/count/capacity vocabulary | multiple arithmetic sites in one function | dense pointer or indexing traffic,"int kain_bundle_restore_state( KainBundleHandle* handle, void* state_snapshot, KainDiagnostic* diag ) {","int kain_bundle_restore_state( || KainBundleHandle* handle, || void* state_snapshot,"
40,converge.c,abi_converge_select_lane_for_key,71,106,36,index|mask|probe|slot|stride,,,,atomic_,,,8,4,1,0,0,18,touches size/count/capacity vocabulary | multiple arithmetic sites in one function | dense pointer or indexing traffic,"int64_t abi_converge_select_lane_for_key( uint64_t converge_key, uint64_t shape_key, uint64_t eligible_mask, uint64_t fallback_lane ) {","int64_t abi_converge_select_lane_for_key( || uint64_t converge_key, || uint64_t shape_key,"
40,converge.c,abi_converge_record_telemetry,148,165,18,cursor|index|slot,,,,atomic_,,,7,6,2,0,0,10,touches size/count/capacity vocabulary | multiple arithmetic sites in one function | dense pointer or indexing traffic,"int64_t abi_converge_record_telemetry( uint64_t converge_key, uint64_t shape_key, uint64_t lane_index, uint64_t elapsed_ticks, int64_t status ) {","int64_t abi_converge_record_telemetry( || uint64_t converge_key, || uint64_t shape_key,"
40,core.c,rc_release,173,212,40,count|header|payload|size,underflow,,,,,free(,11,14,0,0,0,29,touches size/count/capacity vocabulary | multiple arithmetic sites in one function | dense pointer or indexing traffic,void rc_release(void* ptr) {,void rc_release(void* ptr) { || RcHeader* header; || size_t total_size;
40,core.c,rc_weak_release,213,223,11,count|header,,,,,,free(,4,5,0,0,0,11,touches size/count/capacity vocabulary | multiple arithmetic sites in one function | dense pointer or indexing traffic,void rc_weak_release(void* ptr) {,void rc_weak_release(void* ptr) { || RcHeader* header; || if (!ptr || kain_rc_is_immediate_handle(ptr)) return;
40,core.c,len,1011,1026,16,count|header|length,,,,,,,8,6,0,0,0,10,touches size/count/capacity vocabulary | multiple arithmetic sites in one function | dense pointer or indexing traffic,long long len(void* value) {,long long len(void* value) { || RcHeader* header; || if (!value) return 0;
40,core.c,kain_map_entry_match_bit,1238,1255,18,length|size,,,,,,,7,5,0,0,0,7,touches size/count/capacity vocabulary | multiple arithmetic sites in one function | dense pointer or indexing traffic,"static uint64_t kain_map_entry_match_bit( const MapEntry* entry, const char* key, size_t key_length, uint64_t key_hash, uint64_t key_prefix ) {","static uint64_t kain_map_entry_match_bit( || const MapEntry* entry, || const char* key,"
40,core.c,kain_map_entry_matches_prehashed,1256,1269,14,length|size,,,,,,,7,5,0,0,0,5,touches size/count/capacity vocabulary | multiple arithmetic sites in one function | dense pointer or indexing traffic,"static int kain_map_entry_matches_prehashed( const MapEntry* entry, const char* key, size_t key_length, uint64_t key_hash, uint64_t key_prefix ) {","static int kain_map_entry_matches_prehashed( || const MapEntry* entry, || const char* key,"
40,core.c,kain_map_tiny_get_prehashed,1270,1309,40,capacity|index|length|size|slot,,,,,,,14,6,0,0,0,15,touches size/count/capacity vocabulary | multiple arithmetic sites in one function | dense pointer or indexing traffic,"static int kain_map_tiny_get_prehashed( KainMap* map, char* key, size_t key_length, uint64_t key_hash, uint64_t key_prefix, long long* out_value ) {","static int kain_map_tiny_get_prehashed( || KainMap* map, || char* key,"
40,core.c,kain_map_probe_window,1310,1422,113,index|length|mask|probe|size,,,,,,,50,32,0,0,0,64,touches size/count/capacity vocabulary | multiple arithmetic sites in one function | dense pointer or indexing traffic,"static KainMapProbeWindow kain_map_probe_window( KainMap* map, const char* key, size_t key_length, uint64_t key_hash, uint64_t key_prefix, uint64_t base_index ) {","static KainMapProbeWindow kain_map_probe_window( || KainMap* map, || const char* key,"
40,core.c,map_free_elems,1555,1565,11,capacity,,,,,,free(,6,6,0,0,0,1,touches size/count/capacity vocabulary | multiple arithmetic sites in one function | dense pointer or indexing traffic,void map_free_elems(void* ptr) {,void map_free_elems(void* ptr) { || KainMap* map = (KainMap*)ptr; || long long i;
40,core.c,map_get_prehashed,1745,1790,46,capacity|index|length|mask|offset|probe|size|slot,SIZE_MAX,,,,,,8,5,0,0,0,28,touches size/count/capacity vocabulary | multiple arithmetic sites in one function | dense pointer or indexing traffic,"long long map_get_prehashed( KainMap* map, char* key, uint64_t key_length, uint64_t key_hash, uint64_t key_prefix ) {","long long map_get_prehashed( || KainMap* map, || char* key,"
40,cpu.c,abi_cpu_detect_feature_mask,87,148,62,mask,,,,,,,10,7,0,0,0,13,touches size/count/capacity vocabulary | multiple arithmetic sites in one function | dense pointer or indexing traffic,static uint64_t abi_cpu_detect_feature_mask(void) {,"static uint64_t abi_cpu_detect_feature_mask(void) { || #if CPU_X86 || int leaf1[4] = {0, 0, 0, 0};"
40,cpu.c,abi_vm_unmap,413,431,19,count|size,,,,,,free(,4,5,0,0,0,6,touches size/count/capacity vocabulary | multiple arithmetic sites in one function | dense pointer or indexing traffic,"int64_t abi_vm_unmap(void* ptr, int64_t byte_count) {","int64_t abi_vm_unmap(void* ptr, int64_t byte_count) { || if (ptr == 0) { || return 0;"
40,cpu.c,abi_vm_protect,469,485,17,count|size|word,,,,,,,5,5,0,0,0,9,touches size/count/capacity vocabulary | multiple arithmetic sites in one function | dense pointer or indexing traffic,"int64_t abi_vm_protect(void* ptr, int64_t byte_count, int64_t mode) {","int64_t abi_vm_protect(void* ptr, int64_t byte_count, int64_t mode) { || if (ptr == 0 || byte_count <= 0) { || return -1;"
40,diagnostics.c,kain_diagnostic_create,38,68,31,path|size,,,,,,,12,7,0,0,0,7,touches size/count/capacity vocabulary | multiple arithmetic sites in one function | dense pointer or indexing traffic,"void kain_diagnostic_create( KainDiagnostic* diag, KainDiagSubsystem subsystem, KainDiagSeverity severity, int code, const char* message, const char* detail, const char* source_path ) {","void kain_diagnostic_create( || KainDiagnostic* diag, || KainDiagSubsystem subsystem,"
40,diagnostics.c,kain_diagnostic_collector_count_by_severity,224,246,23,count,,,,,,,6,5,0,0,0,8,touches size/count/capacity vocabulary | multiple arithmetic sites in one function | dense pointer or indexing traffic,"int kain_diagnostic_collector_count_by_severity( const KainDiagnosticCollector* collector, KainDiagSeverity severity ) {","int kain_diagnostic_collector_count_by_severity( || const KainDiagnosticCollector* collector, || KainDiagSeverity severity"
40,fanout.c,kain_fanout_worker_entry,118,148,31,generation|word,,,,,,,11,10,0,0,0,8,touches size/count/capacity vocabulary | multiple arithmetic sites in one function | dense pointer or indexing traffic,static DWORD WINAPI kain_fanout_worker_entry(LPVOID raw_runtime) {,static DWORD WINAPI kain_fanout_worker_entry(LPVOID raw_runtime) { || KainFanoutRuntime* runtime = (KainFanoutRuntime*)raw_runtime; || unsigned long long seen_generation = 0;
40,fanout.c,kain_fanout_worker_entry,169,198,30,generation,,,,,,,12,10,0,0,0,7,touches size/count/capacity vocabulary | multiple arithmetic sites in one function | dense pointer or indexing traffic,static void* kain_fanout_worker_entry(void* raw_runtime) {,static void* kain_fanout_worker_entry(void* raw_runtime) { || KainFanoutRuntime* runtime = (KainFanoutRuntime*)raw_runtime; || unsigned long long seen_generation = 0;
40,fanout.c,__kain_fanout_i64,274,337,64,count|generation|index,,,,atomic_,,,24,16,2,0,0,18,touches size/count/capacity vocabulary | multiple arithmetic sites in one function | dense pointer or indexing traffic,"int __kain_fanout_i64(int64_t start, int64_t end, void* ctx, KainFanoutIndexFn fn) {","int __kain_fanout_i64(int64_t start, int64_t end, void* ctx, KainFanoutIndexFn fn) { || if (fn == NULL) { || return -1;"
40,graphics_system.c,abi_graphics_backend_select,553,597,45,size,,,,,,,14,8,0,0,0,2,touches size/count/capacity vocabulary | multiple arithmetic sites in one function | dense pointer or indexing traffic,"int64_t abi_graphics_backend_select(int64_t session_id, const char* backend_id) {","int64_t abi_graphics_backend_select(int64_t session_id, const char* backend_id) { || KainNativeGraphicsSession* session = abi_graphics_find_session(session_id); || const KainNativeGraphicsBackendDescriptor* backend ="
40,graphics_system.c,abi_graphics_begin_frame,611,625,15,count|index,,,,,,,6,4,0,0,0,3,touches size/count/capacity vocabulary | multiple arithmetic sites in one function | dense pointer or indexing traffic,"int64_t abi_graphics_begin_frame(int64_t session_id, double delta_ms) {","int64_t abi_graphics_begin_frame(int64_t session_id, double delta_ms) { || KainNativeGraphicsSession* session = abi_graphics_find_session(session_id); || if (!session) {"
40,input_system.c,abi_input_reduce_action,259,297,39,count|index,,,,,,,14,13,0,0,0,7,touches size/count/capacity vocabulary | multiple arithmetic sites in one function | dense pointer or indexing traffic,"static void abi_input_reduce_action(KainNativeInputSession* session, const KainNativeInputEvent* event, const char* action) {","static void abi_input_reduce_action(KainNativeInputSession* session, const KainNativeInputEvent* event, const char* action) { || if (!session || !event || abi_input_text_empty(action)) { || return;"
40,input_system.c,abi_input_split_fields,333,360,28,cursor|offset|size,,,,,,,9,6,0,0,0,12,touches size/count/capacity vocabulary | multiple arithmetic sites in one function | dense pointer or indexing traffic,"static int abi_input_split_fields(const char* line, char fields[][ABI_INPUT_MAX_TEXT], int max_fields) {","static int abi_input_split_fields(const char* line, char fields[][ABI_INPUT_MAX_TEXT], int max_fields) { || int field = 0; || size_t offset = 0;"
40,json.c,json_buffer_append_utf8,439,468,30,bytes,,,,,,,7,10,0,0,0,13,touches size/count/capacity vocabulary | multiple arithmetic sites in one function | dense pointer or indexing traffic,"static void json_buffer_append_utf8(JsonBuffer* buffer, unsigned int codepoint) {","static void json_buffer_append_utf8(JsonBuffer* buffer, unsigned int codepoint) { || char bytes[4]; || if (codepoint == 0 || codepoint > 0x10ffffu || (codepoint >= 0xd800u && codepoint <= 0xdfffu)) {"
40,json.c,json_parse_string_raw,593,650,58,cursor,,,,,,,13,11,0,0,0,12,touches size/count/capacity vocabulary | multiple arithmetic sites in one function | dense pointer or indexing traffic,static char* json_parse_string_raw(KainJsonParser* parser) {,"static char* json_parse_string_raw(KainJsonParser* parser) { || JsonBuffer buffer = {0}; || if (!json_consume(parser, '""')) {"
40,json.c,json_parse_number,713,749,37,cursor,,,,,,,13,4,0,0,0,4,touches size/count/capacity vocabulary | multiple arithmetic sites in one function | dense pointer or indexing traffic,static KainJsonValue* json_parse_number(KainJsonParser* parser) {,static KainJsonValue* json_parse_number(KainJsonParser* parser) { || char* end = NULL; || const char* start;
40,machine_stones.c,kain_machine_pulse_snapshot,351,397,47,bound|slot,INT64_MAX,,,,,,12,6,0,0,0,13,touches size/count/capacity vocabulary | multiple arithmetic sites in one function | dense pointer or indexing traffic,"void kain_machine_pulse_snapshot( uint64_t pulse_token, uint64_t interval_ns, uint64_t jitter_ns, uint64_t* out_tick, int64_t* out_dt_ms, uint64_t* out_missed ) {","void kain_machine_pulse_snapshot( || uint64_t pulse_token, || uint64_t interval_ns,"
40,machine_stones.c,kain_machine_teleport_ptr,467,481,15,count,,,,atomic_,,,6,4,0,0,0,1,touches size/count/capacity vocabulary | multiple arithmetic sites in one function | dense pointer or indexing traffic,"void* kain_machine_teleport_ptr( void* ptr, const char* source_world, const char* target_world, const char* channel ) {","void* kain_machine_teleport_ptr( || void* ptr, || const char* source_world,"
40,machine_stones.c,kain_machine_shatter_lane_ptr,544,563,20,bytes|count|index|offset|payload|slot,overflow,,,,,,8,6,0,0,0,24,touches size/count/capacity vocabulary | multiple arithmetic sites in one function | dense pointer or indexing traffic,"void* kain_machine_shatter_lane_ptr(void* handle, uint64_t lane_index, uint64_t element_index) {","void* kain_machine_shatter_lane_ptr(void* handle, uint64_t lane_index, uint64_t element_index) { || KainMachineShatterBuffer* buffer = (KainMachineShatterBuffer*)handle; || uint64_t linear_index;"
40,machine_stones.c,kain_machine_shatter_lane_base,564,581,18,bytes|count|index|offset|payload|slot,overflow,,,,,,7,4,0,0,0,18,touches size/count/capacity vocabulary | multiple arithmetic sites in one function | dense pointer or indexing traffic,"void* kain_machine_shatter_lane_base(void* handle, uint64_t lane_index) {","void* kain_machine_shatter_lane_base(void* handle, uint64_t lane_index) { || KainMachineShatterBuffer* buffer = (KainMachineShatterBuffer*)handle; || uint64_t lane_slots;"
40,memory.c,__kain_alloc,509,567,59,allocation|bytes|count|header|payload|size|slot|stride,kain_add_overflow|kain_mul_overflow|overflow,,,,calloc(|malloc(|memset(,free(,12,4,0,0,0,87,touches size/count/capacity vocabulary | multiple arithmetic sites in one function | dense pointer or indexing traffic,"/* ============================================================================ * Category 3: Allocation Operations * ============================================================================ */ /* * __kain_alloc * * Allocate heap memory with optional zero-initialization. * Allocates (size * stride) bytes. */ void* __kain_alloc(size_t size, size_t stride, int zeroed) {",/* ============================================================================ || * Category 3: Allocation Operations || * ============================================================================ */
40,memory.c,__kain_realloc,568,667,100,allocation|bytes|count|header|payload|size|slot|stride,kain_add_overflow|kain_mul_overflow|overflow,,,,malloc(|memcpy(|memset(|realloc(,free(,15,13,0,0,0,134,touches size/count/capacity vocabulary | multiple arithmetic sites in one function | dense pointer or indexing traffic,"/* * __kain_realloc * * Resize heap allocation with optional zero-fill of new bytes. * If ptr is NULL, behaves like __kain_alloc. */ void* __kain_realloc(void* ptr, size_t size, size_t stride, int zeroed_new) {",/* || * __kain_realloc || *
40,memory.c,__kain_free,668,688,21,header|payload|size|slot,,,,,,free(,6,6,0,0,0,21,touches size/count/capacity vocabulary | multiple arithmetic sites in one function | dense pointer or indexing traffic,int __kain_free(void* ptr) {,int __kain_free(void* ptr) { || if (ptr == NULL) { || return 0;
40,net_system.c,abi_net_parse_content_length_slice,241,272,32,index|length|size,SIZE_MAX,,,,,,8,5,0,0,0,32,touches size/count/capacity vocabulary | multiple arithmetic sites in one function | dense pointer or indexing traffic,"static int abi_net_parse_content_length_slice(const unsigned char* text, size_t length, size_t* out_length) {","static int abi_net_parse_content_length_slice(const unsigned char* text, size_t length, size_t* out_length) { || size_t index = 0u; || size_t parsed = 0u;"
40,net_system.c,abi_net_encode_hex,709,727,19,bytes|index|length|size,,,,,,,7,4,0,0,0,19,touches size/count/capacity vocabulary | multiple arithmetic sites in one function | dense pointer or indexing traffic,"static const char* abi_net_encode_hex(const unsigned char* bytes, size_t length) {","static const char* abi_net_encode_hex(const unsigned char* bytes, size_t length) { || static const char alphabet[] = ""0123456789abcdef""; || char* output;"
40,net_system.c,abi_net_parse_http_request,1289,1390,102,allocation|body|bytes|count|header|length|path|size,abi_net_size_add_overflow|overflow,,,,malloc(|memcpy(,free(,25,14,0,0,0,80,touches size/count/capacity vocabulary | multiple arithmetic sites in one function | dense pointer or indexing traffic,"static int abi_net_parse_http_request(KainNativeHttpRequest* request, unsigned char* bytes, size_t length) {","static int abi_net_parse_http_request(KainNativeHttpRequest* request, unsigned char* bytes, size_t length) { || char* text; || char* headers_end;"
40,net_system.c,abi_tcp_read_text,1951,1972,22,count|size,,,,,,,5,4,0,0,0,5,touches size/count/capacity vocabulary | multiple arithmetic sites in one function | dense pointer or indexing traffic,const char* abi_tcp_read_text(int64_t connection_id) {,const char* abi_tcp_read_text(int64_t connection_id) { || KainNativeTcpConnection* connection = abi_net_connection(connection_id); || char buffer[4096];
40,net_system.c,abi_http_request_create,2036,2050,15,capacity|size,,,,,,,6,4,0,0,0,5,touches size/count/capacity vocabulary | multiple arithmetic sites in one function | dense pointer or indexing traffic,"int64_t abi_http_request_create(const char* method, const char* url) {","int64_t abi_http_request_create(const char* method, const char* url) { || KainNativeHttpRequest* request; || if (url == 0 || url[0] == '\0') {"
40,net_system.c,abi_net_http_concurrency_server_thread,2461,3028,568,allocation|body|bytes|capacity|count|header|index|length|mask|path|payload|size|slot|word,SIZE_MAX|overflow,,,atomic_,malloc(|memset(|snprintf(,CloseHandle(|free(,142,101,23,0,4,276,touches size/count/capacity vocabulary | multiple arithmetic sites in one function | dense pointer or indexing traffic,static DWORD WINAPI abi_net_http_concurrency_server_thread(LPVOID opaque) {,static DWORD WINAPI abi_net_http_concurrency_server_thread(LPVOID opaque) { || #else || static void* abi_net_http_concurrency_server_thread(void* opaque) {
40,ownership.c,kain_ownership_index_insert_unlocked,115,155,41,capacity|index|mask|probe|region|slot,KAIN_OWNERSHIP_INDEX_CAPACITY|KAIN_OWNERSHIP_MAX_REGIONS,,,,,,4,6,0,0,0,41,touches size/count/capacity vocabulary | multiple arithmetic sites in one function | dense pointer or indexing traffic,"static int kain_ownership_index_insert_unlocked(const void* ptr, int slot) {","static int kain_ownership_index_insert_unlocked(const void* ptr, int slot) { || uint32_t index; || uint32_t encoded_slot;"
40,ownership.c,kain_ownership_index_remove_unlocked,156,183,28,capacity|index|mask|probe|region|slot,KAIN_OWNERSHIP_INDEX_CAPACITY|KAIN_OWNERSHIP_MAX_REGIONS,,,,,,4,5,0,0,0,29,touches size/count/capacity vocabulary | multiple arithmetic sites in one function | dense pointer or indexing traffic,"static int kain_ownership_index_remove_unlocked(const void* ptr, int slot) {","static int kain_ownership_index_remove_unlocked(const void* ptr, int slot) { || uint32_t index; || uint32_t encoded_slot;"
40,ownership.c,kain_ownership_find_slot,196,224,29,capacity|index|mask|probe|region|slot,KAIN_OWNERSHIP_INDEX_CAPACITY|KAIN_OWNERSHIP_MAX_REGIONS,,,,,,7,6,0,0,0,31,touches size/count/capacity vocabulary | multiple arithmetic sites in one function | dense pointer or indexing traffic,static int kain_ownership_find_slot(const void* ptr) {,static int kain_ownership_find_slot(const void* ptr) { || uint32_t index; || if (ptr == NULL) {
40,ownership.c,kain_ownership_clear_slot_unlocked,225,245,21,index|region|size|slot|word,KAIN_OWNERSHIP_MAX_REGIONS,,,,,,10,10,0,0,0,25,touches size/count/capacity vocabulary | multiple arithmetic sites in one function | dense pointer or indexing traffic,static void kain_ownership_clear_slot_unlocked(int slot) {,static void kain_ownership_clear_slot_unlocked(int slot) { || if (slot < 0 || (uint32_t)slot >= KAIN_OWNERSHIP_MAX_REGIONS) { || return;
40,ownership.c,kain_ownership_status_for_busy_region,265,280,16,region,,,,,,,5,4,0,0,0,8,touches size/count/capacity vocabulary | multiple arithmetic sites in one function | dense pointer or indexing traffic,static int kain_ownership_status_for_busy_region(const KainOwnershipRegion* region) {,static int kain_ownership_status_for_busy_region(const KainOwnershipRegion* region) { || if (region->state == KAIN_OWNERSHIP_STATE_DECAYED) { || return KAIN_OWNERSHIP_ERR_DECAYED;
40,ownership.c,kain_ownership_helper_slot_from_token_unlocked,281,300,20,capacity|path|region|slot,KAIN_OWNERSHIP_MAX_REGIONS,,,,,,9,4,0,0,0,20,touches size/count/capacity vocabulary | multiple arithmetic sites in one function | dense pointer or indexing traffic,"static int kain_ownership_helper_slot_from_token_unlocked(const void* ptr, uint16_t slot_token) {","static int kain_ownership_helper_slot_from_token_unlocked(const void* ptr, uint16_t slot_token) { || if (ptr == NULL || slot_token == 0u) { || return -1;"
40,ownership.c,kain_ownership_upsert_unlocked,313,359,47,capacity|index|region|size|slot|word,,,,,,,11,14,0,0,0,49,touches size/count/capacity vocabulary | multiple arithmetic sites in one function | dense pointer or indexing traffic,"static int kain_ownership_upsert_unlocked( void* ptr, int64_t region_kind, size_t size, int state, uint32_t observers, int* out_slot ) {","static int kain_ownership_upsert_unlocked( || void* ptr, || int64_t region_kind,"
40,ownership.c,__kain_ownership_relocate_helper_allocation,436,470,35,allocation|index|path|region|size|slot,,kain_ownership_lock(|kain_ownership_unlock(,,,,,8,10,0,0,0,27,touches size/count/capacity vocabulary | multiple arithmetic sites in one function | dense pointer or indexing traffic,"int __kain_ownership_relocate_helper_allocation( void* old_ptr, void* new_ptr, size_t size, uint16_t slot_token ) {","int __kain_ownership_relocate_helper_allocation( || void* old_ptr, || void* new_ptr,"
40,ownership.c,kain_ownership_update_unlocked,471,509,39,allocation|index|region|size|slot,,,,,,,6,11,0,0,0,27,touches size/count/capacity vocabulary | multiple arithmetic sites in one function | dense pointer or indexing traffic,"static int kain_ownership_update_unlocked(void* old_ptr, void* new_ptr, size_t size) {","static int kain_ownership_update_unlocked(void* old_ptr, void* new_ptr, size_t size) { || if (new_ptr == NULL) { || return kain_ownership_fail(KAIN_OWNERSHIP_ERR_INVALID);"
40,ownership.c,kain_ownership_begin_observe_slot_unlocked,517,541,25,count|region|slot,UINT32_MAX|overflow,,,,,,8,7,0,0,0,14,touches size/count/capacity vocabulary | multiple arithmetic sites in one function | dense pointer or indexing traffic,static int kain_ownership_begin_observe_slot_unlocked(int slot) {,static int kain_ownership_begin_observe_slot_unlocked(int slot) { || if (slot < 0) { || return kain_ownership_fail(KAIN_OWNERSHIP_ERR_NOT_FOUND);
40,ownership.c,kain_ownership_end_observe_slot_unlocked,568,584,17,region|slot,,,,,,,5,5,0,0,0,12,touches size/count/capacity vocabulary | multiple arithmetic sites in one function | dense pointer or indexing traffic,static int kain_ownership_end_observe_slot_unlocked(int slot) {,static int kain_ownership_end_observe_slot_unlocked(int slot) { || if (slot < 0) { || return kain_ownership_fail(KAIN_OWNERSHIP_ERR_NOT_FOUND);
40,ownership.c,kain_ownership_begin_collapse_slot_unlocked,611,633,23,region|slot,,,,,,,6,6,0,0,0,13,touches size/count/capacity vocabulary | multiple arithmetic sites in one function | dense pointer or indexing traffic,static int kain_ownership_begin_collapse_slot_unlocked(int slot) {,static int kain_ownership_begin_collapse_slot_unlocked(int slot) { || if (slot < 0) { || return kain_ownership_fail(KAIN_OWNERSHIP_ERR_NOT_FOUND);
40,ownership.c,kain_ownership_begin_share_slot_unlocked,700,723,24,region|slot,,,,,,,7,6,0,0,0,14,touches size/count/capacity vocabulary | multiple arithmetic sites in one function | dense pointer or indexing traffic,static int kain_ownership_begin_share_slot_unlocked(int slot) {,static int kain_ownership_begin_share_slot_unlocked(int slot) { || if (slot < 0) { || return kain_ownership_fail(KAIN_OWNERSHIP_ERR_NOT_FOUND);
40,process_system.c,abi_process_capture_free,487,496,10,bytes|capacity|length,,,,,,free(,5,4,0,0,0,4,touches size/count/capacity vocabulary | multiple arithmetic sites in one function | dense pointer or indexing traffic,static void abi_process_capture_free(KainNativeProcessCapture* capture) {,static void abi_process_capture_free(KainNativeProcessCapture* capture) { || if (capture == 0) { || return;
40,process_system.c,abi_process_encode_hex,548,572,25,allocation|bytes|index|length|limit|size,overflow,,,,,,8,4,0,0,0,34,touches size/count/capacity vocabulary | multiple arithmetic sites in one function | dense pointer or indexing traffic,"static const char* abi_process_encode_hex(const unsigned char* bytes, size_t byte_length) {","static const char* abi_process_encode_hex(const unsigned char* bytes, size_t byte_length) { || static const char alphabet[] = ""0123456789abcdef""; || size_t allocation_size;"
40,process_system.c,abi_process_wide_buffer_reserve,689,721,33,allocation|capacity|size,SIZE_MAX|overflow,,,,realloc(,,8,5,0,0,0,28,touches size/count/capacity vocabulary | multiple arithmetic sites in one function | dense pointer or indexing traffic,"static int abi_process_wide_buffer_reserve( KainNativeProcessWideBuffer* buffer, size_t required ) {","static int abi_process_wide_buffer_reserve( || KainNativeProcessWideBuffer* buffer, || size_t required"
40,process_system.c,abi_process_wide_buffer_append_char,722,736,15,length|size,overflow,,,,,,5,4,0,0,0,6,touches size/count/capacity vocabulary | multiple arithmetic sites in one function | dense pointer or indexing traffic,"static int abi_process_wide_buffer_append_char( KainNativeProcessWideBuffer* buffer, wchar_t character ) {","static int abi_process_wide_buffer_append_char( || KainNativeProcessWideBuffer* buffer, || wchar_t character"
40,process_system.c,abi_process_wide_buffer_append_text,737,758,22,length|size,overflow,,,,memcpy(,,7,4,0,0,0,15,touches size/count/capacity vocabulary | multiple arithmetic sites in one function | dense pointer or indexing traffic,"static int abi_process_wide_buffer_append_text( KainNativeProcessWideBuffer* buffer, const wchar_t* text ) {","static int abi_process_wide_buffer_append_text( || KainNativeProcessWideBuffer* buffer, || const wchar_t* text"
40,process_system.c,abi_process_wide_buffer_free,759,768,10,capacity|length,,,,,,free(,5,4,0,0,0,2,touches size/count/capacity vocabulary | multiple arithmetic sites in one function | dense pointer or indexing traffic,static void abi_process_wide_buffer_free(KainNativeProcessWideBuffer* buffer) {,static void abi_process_wide_buffer_free(KainNativeProcessWideBuffer* buffer) { || if (buffer == 0) { || return;
40,process_system.c,abi_process_utf8_buffer_reserve,769,797,29,capacity|size,SIZE_MAX,,,,realloc(,,8,5,0,0,0,19,touches size/count/capacity vocabulary | multiple arithmetic sites in one function | dense pointer or indexing traffic,"static int abi_process_utf8_buffer_reserve( KainNativeProcessUtf8Buffer* buffer, size_t required ) {","static int abi_process_utf8_buffer_reserve( || KainNativeProcessUtf8Buffer* buffer, || size_t required"
40,process_system.c,abi_process_utf8_buffer_append_char,798,812,15,length|size,overflow,,,,,,5,4,0,0,0,6,touches size/count/capacity vocabulary | multiple arithmetic sites in one function | dense pointer or indexing traffic,"static int abi_process_utf8_buffer_append_char( KainNativeProcessUtf8Buffer* buffer, char character ) {","static int abi_process_utf8_buffer_append_char( || KainNativeProcessUtf8Buffer* buffer, || char character"
40,process_system.c,abi_process_utf8_buffer_append_text,827,848,22,length|size,overflow,,,,memcpy(,,7,4,0,0,0,14,touches size/count/capacity vocabulary | multiple arithmetic sites in one function | dense pointer or indexing traffic,"static int abi_process_utf8_buffer_append_text( KainNativeProcessUtf8Buffer* buffer, const char* text ) {","static int abi_process_utf8_buffer_append_text( || KainNativeProcessUtf8Buffer* buffer, || const char* text"
40,process_system.c,abi_process_utf8_buffer_free,849,858,10,capacity|length,,,,,,free(,5,4,0,0,0,2,touches size/count/capacity vocabulary | multiple arithmetic sites in one function | dense pointer or indexing traffic,static void abi_process_utf8_buffer_free(KainNativeProcessUtf8Buffer* buffer) {,static void abi_process_utf8_buffer_free(KainNativeProcessUtf8Buffer* buffer) { || if (buffer == 0) { || return;
40,process_system.c,abi_process_refresh_exit_state,1351,1369,19,word,,,,,,,6,5,0,0,0,1,touches size/count/capacity vocabulary | multiple arithmetic sites in one function | dense pointer or indexing traffic,static int abi_process_refresh_exit_state(KainNativeProcessHandle* process) {,static int abi_process_refresh_exit_state(KainNativeProcessHandle* process) { || DWORD exit_code; || if (process == 0 || !process->in_use || process->process_handle == 0) {
40,process_system.c,abi_process_pump_output,1443,1495,53,length|size,,,,,,free(,14,8,0,0,0,11,touches size/count/capacity vocabulary | multiple arithmetic sites in one function | dense pointer or indexing traffic,"static int abi_process_pump_output( KainNativeProcessHandle* process, unsigned char** out_primary_chunk, size_t* out_primary_chunk_length, unsigned char** out_secondary_chunk, size_t* out_secondary_chunk_length ) {","static int abi_process_pump_output( || KainNativeProcessHandle* process, || unsigned char** out_primary_chunk,"
40,process_system.c,kain_attrition_process_fill_snapshot,2098,2165,68,bytes|count|length|size|slot,,,,atomic_,,,42,26,8,0,14,50,touches size/count/capacity vocabulary | multiple arithmetic sites in one function | dense pointer or indexing traffic,void kain_attrition_process_fill_snapshot(KainAttritionSnapshot* snapshot) {,void kain_attrition_process_fill_snapshot(KainAttritionSnapshot* snapshot) { || size_t slot; || uint64_t process_pipe_handle_live_count = 0u;
40,reflection.c,kain_reflection_free,336,355,20,payload,,,,,,free(,7,6,0,0,0,10,touches size/count/capacity vocabulary | multiple arithmetic sites in one function | dense pointer or indexing traffic,void kain_reflection_free(KainReflectionPayload* payload) {,void kain_reflection_free(KainReflectionPayload* payload) { || if (!payload) { || return;
40,services.c,kain_service_descriptor_copy,151,174,24,size,,,,,,,13,10,0,0,0,4,touches size/count/capacity vocabulary | multiple arithmetic sites in one function | dense pointer or indexing traffic,"static void kain_service_descriptor_copy( KainServiceDescriptor* destination, const KainServiceDescriptor* source ) {","static void kain_service_descriptor_copy( || KainServiceDescriptor* destination, || const KainServiceDescriptor* source"
40,services.c,kain_service_registry_commit_descriptor_unlocked,288,325,38,count|slot,,,,_count_load(|atomic_,,,13,4,0,0,0,8,touches size/count/capacity vocabulary | multiple arithmetic sites in one function | dense pointer or indexing traffic,"/* Proof: runtime/native/src/core/z3/proofs/native-services-commit-gate-prevents-slot-overwrite.yaml */ static int kain_service_registry_commit_descriptor_unlocked( KainServiceRegistry* registry, const KainServiceDescriptor* source, int allow_refresh ) {","/* Proof: runtime/native/src/core/z3/proofs/native-services-commit-gate-prevents-slot-overwrite.yaml */ || static int kain_service_registry_commit_descriptor_unlocked( || KainServiceRegistry* registry,"
40,services.c,kain_service_registry_refresh_runtime_probe_statuses,940,980,41,count|probe,,,,_count_load(,,,7,5,0,0,1,15,touches size/count/capacity vocabulary | multiple arithmetic sites in one function | dense pointer or indexing traffic,static void kain_service_registry_refresh_runtime_probe_statuses( KainServiceRegistry* registry ) {,static void kain_service_registry_refresh_runtime_probe_statuses( || KainServiceRegistry* registry || ) {
40,services.c,kain_service_registry_print,1249,1281,33,count,,,,_count_load(,,,13,10,0,0,1,5,touches size/count/capacity vocabulary | multiple arithmetic sites in one function | dense pointer or indexing traffic,void kain_service_registry_print(const KainServiceRegistry* registry) {,void kain_service_registry_print(const KainServiceRegistry* registry) { || int i; || int service_count;
40,stdlib_abi.c,abi_attrition_json_write_snapshot,182,395,214,allocation|bytes|count|limit|word,overflow|underflow,,,,,,104,103,0,0,0,154,touches size/count/capacity vocabulary | multiple arithmetic sites in one function | dense pointer or indexing traffic,"static void abi_attrition_json_write_snapshot(FILE* stream, const KainAttritionSnapshot* snapshot) {","static void abi_attrition_json_write_snapshot(FILE* stream, const KainAttritionSnapshot* snapshot) { || fprintf( || stream,"
40,stdlib_abi.c,abi_async_sleep_future,850,869,20,payload|size,,,,,,,8,5,0,0,0,3,touches size/count/capacity vocabulary | multiple arithmetic sites in one function | dense pointer or indexing traffic,void* abi_async_sleep_future(int64_t milliseconds) {,void* abi_async_sleep_future(int64_t milliseconds) { || KainDiagnostic diag = abi_diag(); || KainNativeFutureValue* future_value;
40,stdlib_abi.c,abi_fs_builder_free,1449,1457,9,capacity|length,,,,,,free(,6,5,0,0,0,2,touches size/count/capacity vocabulary | multiple arithmetic sites in one function | dense pointer or indexing traffic,static void abi_fs_builder_free(KainNativeFsTextBuilder* builder) {,static void abi_fs_builder_free(KainNativeFsTextBuilder* builder) { || if (builder->data != 0) { || free(builder->data);
40,stdlib_abi.c,abi_fs_builder_reserve,1472,1512,41,capacity|length|size,SIZE_MAX|overflow,,,,realloc(,,16,7,0,0,0,26,touches size/count/capacity vocabulary | multiple arithmetic sites in one function | dense pointer or indexing traffic,"static int abi_fs_builder_reserve(KainNativeFsTextBuilder* builder, size_t additional) {","static int abi_fs_builder_reserve(KainNativeFsTextBuilder* builder, size_t additional) { || size_t required_length; || size_t needed;"
40,stdlib_abi.c,abi_fs_creation_root_span,1579,1636,58,index|length|path|size,,,,,,,18,18,0,0,0,76,touches size/count/capacity vocabulary | multiple arithmetic sites in one function | dense pointer or indexing traffic,static size_t abi_fs_creation_root_span(const char* path) {,static size_t abi_fs_creation_root_span(const char* path) { || size_t length = 0u; || if (path == 0 || path[0] == '\0') {
40,stdlib_abi.c,abi_fs_metadata_text,2052,3240,1189,bytes|count|index|length|offset|path|size|word,SIZE_MAX,,,atomic_,malloc(|memcpy(|memmove(|memset(|snprintf(,free(,280,216,2,0,3,575,touches size/count/capacity vocabulary | multiple arithmetic sites in one function | dense pointer or indexing traffic,const char* abi_fs_metadata_text(const char* path) {,const char* abi_fs_metadata_text(const char* path) { || #ifdef _WIN32 || WIN32_FILE_ATTRIBUTE_DATA file_info;
35,actor.c,kain_actor_borrowed_message_push,422,430,9,capacity,,,,,,,2,1,1,0,0,1,touches size/count/capacity vocabulary | writes global state without obvious synchronization,static void kain_actor_borrowed_message_push(const void* message_data) {,static void kain_actor_borrowed_message_push(const void* message_data) { || if (message_data == NULL) { || return;
35,actor.c,kain_actor_runtime_init,1263,1315,53,bucket|generation|index|size|word,,,,_state_load(|atomic_,memset(,,3,1,3,0,0,13,touches size/count/capacity vocabulary | allocation or copy sink with no explicit overflow guard,/* * Initialize Actor Runtime * * Must be called before any actor operations. */ void kain_actor_runtime_init(void) {,/* || * Initialize Actor Runtime || *
35,actor.c,kain_actor_abi_descriptor,1320,1347,28,bound|capacity|count|generation,,,,,,,0,0,1,0,0,14,touches size/count/capacity vocabulary | writes global state without obvious synchronization,KainActorAbiDescriptor kain_actor_abi_descriptor(void) {,KainActorAbiDescriptor kain_actor_abi_descriptor(void) { || KainActorAbiDescriptor descriptor; || descriptor.abi_version = KAIN_ACTOR_ABI_VERSION;
35,async.c,kain_async_find_free_task_slot,323,339,17,count|index|mask|slot|word,,,,,,,2,1,1,0,0,25,touches size/count/capacity vocabulary | writes global state without obvious synchronization,static int kain_async_find_free_task_slot(uint32_t* out_slot) {,static int kain_async_find_free_task_slot(uint32_t* out_slot) { || uint32_t word_index; || if (out_slot == 0) {
35,async.c,kain_async_find_free_timer_slot,340,356,17,count|index|mask|slot|word,,,,,,,2,1,1,0,0,25,touches size/count/capacity vocabulary | writes global state without obvious synchronization,static int kain_async_find_free_timer_slot(uint32_t* out_slot) {,static int kain_async_find_free_timer_slot(uint32_t* out_slot) { || uint32_t word_index; || if (out_slot == 0) {
35,async.c,kain_async_rebuild_task_index,357,372,16,capacity|index|mask|size|slot,,,,,memset(,,1,2,0,0,0,17,touches size/count/capacity vocabulary | allocation or copy sink with no explicit overflow guard,static void kain_async_rebuild_task_index(void) {,"static void kain_async_rebuild_task_index(void) { || uint32_t slot; || memset(g_async_task_index, 0, sizeof(g_async_task_index));"
35,async.c,kain_async_rebuild_timer_index,373,388,16,capacity|index|mask|size|slot,,,,,memset(,,1,2,0,0,0,17,touches size/count/capacity vocabulary | allocation or copy sink with no explicit overflow guard,static void kain_async_rebuild_timer_index(void) {,"static void kain_async_rebuild_timer_index(void) { || uint32_t slot; || memset(g_async_timer_index, 0, sizeof(g_async_timer_index));"
35,attrition.c,kain_attrition_runtime_note_progress,516,532,17,count,,,,,,,0,0,3,0,0,3,touches size/count/capacity vocabulary | writes global state without obvious synchronization,"void kain_attrition_runtime_note_progress(uint64_t iteration, uint64_t checksum) {","void kain_attrition_runtime_note_progress(uint64_t iteration, uint64_t checksum) { || kain_attrition_ensure_initialized(); || kain_attrition_lock();"
35,attrition.c,kain_attrition_now_millis,608,632,25,count,,,,,,,2,0,3,0,0,2,touches size/count/capacity vocabulary | writes global state without obvious synchronization,unsigned long long kain_attrition_now_millis(void) {,unsigned long long kain_attrition_now_millis(void) { || unsigned long long result; || if (!kain_attrition_enabled_fast()) {
35,attrition.c,kain_attrition_sleep_for_millis,637,694,58,count|word,,,,,,,2,0,7,0,0,6,touches size/count/capacity vocabulary | writes global state without obvious synchronization,void kain_attrition_sleep_for_millis(unsigned long long milliseconds) {,void kain_attrition_sleep_for_millis(unsigned long long milliseconds) { || if (!kain_attrition_enabled_fast()) { || #ifdef _WIN32
35,attrition.c,kain_attrition_note_rc_alloc,703,731,29,allocation|bytes|count|size,,,,,,,0,0,4,0,0,17,touches size/count/capacity vocabulary | writes global state without obvious synchronization,void kain_attrition_note_rc_alloc(size_t total_bytes) {,void kain_attrition_note_rc_alloc(size_t total_bytes) { || if (!kain_attrition_enabled_fast()) { || return;
35,attrition.c,kain_attrition_note_rc_retain,759,770,12,count,,,,,,,0,0,1,0,0,3,touches size/count/capacity vocabulary | writes global state without obvious synchronization,void kain_attrition_note_rc_retain(void) {,void kain_attrition_note_rc_retain(void) { || if (!kain_attrition_enabled_fast()) { || return;
35,attrition.c,kain_attrition_note_rc_release,771,782,12,count,,,,,,,0,0,1,0,0,3,touches size/count/capacity vocabulary | writes global state without obvious synchronization,void kain_attrition_note_rc_release(void) {,void kain_attrition_note_rc_release(void) { || if (!kain_attrition_enabled_fast()) { || return;
35,attrition.c,kain_attrition_note_rc_underflow,783,794,12,count,underflow,,,,,,0,0,1,0,0,3,touches size/count/capacity vocabulary | writes global state without obvious synchronization,void kain_attrition_note_rc_underflow(void) {,void kain_attrition_note_rc_underflow(void) { || if (!kain_attrition_enabled_fast()) { || return;
35,attrition.c,kain_attrition_note_rc_overflow,795,806,12,count,overflow,,,,,,0,0,1,0,0,3,touches size/count/capacity vocabulary | writes global state without obvious synchronization,void kain_attrition_note_rc_overflow(void) {,void kain_attrition_note_rc_overflow(void) { || if (!kain_attrition_enabled_fast()) { || return;
35,compatibility.c,kain_copy_text,24,43,20,length|size,,,,,memcpy(,,2,2,0,0,0,8,touches size/count/capacity vocabulary | allocation or copy sink with no explicit overflow guard,"static void kain_copy_text(char* out, size_t out_cap, const char* text) {","static void kain_copy_text(char* out, size_t out_cap, const char* text) { || size_t length; || if (!out || out_cap == 0) {"
35,contract.c,contract_copy_cstr,215,231,17,length|size,,,,,memcpy(,,2,2,0,0,0,8,touches size/count/capacity vocabulary | allocation or copy sink with no explicit overflow guard,"static void contract_copy_cstr(char* out, size_t out_cap, const char* value) {","static void contract_copy_cstr(char* out, size_t out_cap, const char* value) { || size_t length; || if (!out || out_cap == 0) {"
35,contract.c,contract_count_bits,232,240,9,count|mask,,,,,,,2,0,0,0,1,5,touches size/count/capacity vocabulary | count-like increment with no lock or atomic,static int contract_count_bits(KainRuntimeServiceMask value) {,static int contract_count_bits(KainRuntimeServiceMask value) { || int count = 0; || while (value) {
35,core.c,kain_string_new_with_len,82,92,11,bound|length|size,,,,,memcpy(,,2,1,0,0,0,4,touches size/count/capacity vocabulary | allocation or copy sink with no explicit overflow guard,"static char* kain_string_new_with_len(const char* src, size_t len) {","static char* kain_string_new_with_len(const char* src, size_t len) { || char* buf = (char*)kain_alloc_rc(len + 1, 1); || if (!buf) return NULL;"
35,core.c,rc_weak_retain,168,172,5,count|header,,,,,,,2,3,0,0,1,2,touches size/count/capacity vocabulary | count-like increment with no lock or atomic,void rc_weak_retain(void* ptr) {,void rc_weak_retain(void* ptr) { || if (!ptr || kain_rc_is_immediate_handle(ptr)) return; || get_header(ptr)->weak_count++;
35,core.c,file_write,667,703,37,path|size,,,,,snprintf(,,2,1,0,0,0,7,touches size/count/capacity vocabulary | allocation or copy sink with no explicit overflow guard,"void file_write(char* path, char* content) {","void file_write(char* path, char* content) { || FILE* f = NULL; || if (!path) {"
35,core.c,contains,848,856,9,bytes|size,,,,,,,1,0,3,0,0,3,touches size/count/capacity vocabulary | writes global state without obvious synchronization,"int contains(char* s, char* sub) {","int contains(char* s, char* sub) { || size_t s_len; || size_t sub_len;"
35,core.c,starts_with,857,865,9,size,,,,,,,1,0,2,0,0,2,touches size/count/capacity vocabulary | writes global state without obvious synchronization,"int starts_with(char* s, char* prefix) {","int starts_with(char* s, char* prefix) { || size_t s_len; || size_t prefix_len;"
35,core.c,ends_with,866,875,10,size,,,,,,,2,0,2,0,0,2,touches size/count/capacity vocabulary | writes global state without obvious synchronization,"int ends_with(char* s, char* suffix) {","int ends_with(char* s, char* suffix) { || size_t s_len; || size_t suffix_len;"
35,core.c,char_at,876,889,14,index|size,,,,,,,1,1,1,0,0,6,touches size/count/capacity vocabulary | writes global state without obvious synchronization,"char* char_at(char* s, long long index) {","char* char_at(char* s, long long index) { || size_t s_len; || char ch;"
35,core.c,substring,890,906,17,size,,,,,,,2,0,1,0,0,7,touches size/count/capacity vocabulary | writes global state without obvious synchronization,"char* substring(char* s, long long start, long long end) {","char* substring(char* s, long long start, long long end) { || size_t s_len; || size_t slice_start;"
35,core.c,byte_at,949,956,8,index|size,,,,,,,3,1,1,0,0,6,touches size/count/capacity vocabulary | writes global state without obvious synchronization,"long long byte_at(char* s, long long index) {","long long byte_at(char* s, long long index) { || size_t s_len; || if (!s || index < 0) return -1;"
35,core.c,mq_pop,1844,1880,37,,,EnterCriticalSection(|LeaveCriticalSection(|pthread_mutex_lock(|pthread_mutex_unlock(,,,,free(,14,13,0,0,0,0,multiple arithmetic sites in one function | dense pointer or indexing traffic | destructive teardown after lock release,"int mq_pop(void* mq_ptr, long long* out_tag, void** out_data) {","int mq_pop(void* mq_ptr, long long* out_tag, void** out_data) { || MessageQueue* mq = (MessageQueue*)mq_ptr; || MessageNode* node;"
35,core.c,runtime_get_last_diagnostic,2018,2026,9,size,,,,,memcpy(,,2,0,0,0,0,1,touches size/count/capacity vocabulary | allocation or copy sink with no explicit overflow guard,/* Public API to retrieve last diagnostic */ int runtime_get_last_diagnostic(KainDiagnostic* out) {,/* Public API to retrieve last diagnostic */ || int runtime_get_last_diagnostic(KainDiagnostic* out) { || if (!out || !g_last_diagnostic_valid) {
35,cpu.c,abi_cpu_feature_mask,149,156,8,mask,,,,,,,0,0,2,0,0,6,touches size/count/capacity vocabulary | writes global state without obvious synchronization,uint64_t abi_cpu_feature_mask(void) {,uint64_t abi_cpu_feature_mask(void) { || if (!g_kain_native_cpu_feature_mask_initialized) { || g_kain_native_cpu_feature_mask = abi_cpu_detect_feature_mask();
35,diagnostics.c,kain_copy_text,7,27,21,length|size,,,,,memcpy(,,2,2,0,0,0,12,touches size/count/capacity vocabulary | allocation or copy sink with no explicit overflow guard,"static void kain_copy_text(char* out, size_t out_size, const char* text) {","static void kain_copy_text(char* out, size_t out_size, const char* text) { || size_t length; || if (!out || out_size == 0) {"
35,entangle.c,entangle_registry_get,78,86,9,count|index|size,,,,,,,2,0,1,0,0,5,touches size/count/capacity vocabulary | writes global state without obvious synchronization,"int entangle_registry_get(size_t index, KainRuntimeEntangleBinding* out_binding) {","int entangle_registry_get(size_t index, KainRuntimeEntangleBinding* out_binding) { || if (out_binding == 0 || index >= g_kain_entangle_binding_count) { || return -1;"
35,graphics_system.c,abi_graphics_copy_text,164,177,14,size,,,,,snprintf(,,2,0,0,0,0,4,touches size/count/capacity vocabulary | allocation or copy sink with no explicit overflow guard,"static void abi_graphics_copy_text( char* destination, size_t destination_size, const char* source ) {","static void abi_graphics_copy_text( || char* destination, || size_t destination_size,"
35,graphics_system.c,abi_graphics_set_status,182,200,19,size,,,,,,,2,0,1,0,0,2,touches size/count/capacity vocabulary | writes global state without obvious synchronization,"static int64_t abi_graphics_set_status( int64_t status, const char* kind, const char* message ) {","static int64_t abi_graphics_set_status( || int64_t status, || const char* kind,"
35,graphics_system.c,abi_graphics_find_session,234,246,13,index,,,,,,,2,2,1,0,0,7,touches size/count/capacity vocabulary | writes global state without obvious synchronization,static KainNativeGraphicsSession* abi_graphics_find_session(int64_t session_id) {,static KainNativeGraphicsSession* abi_graphics_find_session(int64_t session_id) { || int64_t index; || if (session_id <= 0) {
35,graphics_system.c,abi_graphics_session_destroy,509,522,14,size,,,,,memset(,,3,0,0,0,0,1,touches size/count/capacity vocabulary | allocation or copy sink with no explicit overflow guard,int64_t abi_graphics_session_destroy(int64_t session_id) {,int64_t abi_graphics_session_destroy(int64_t session_id) { || KainNativeGraphicsSession* session = abi_graphics_find_session(session_id); || if (!session) {
35,graphics_system.c,abi_graphics_session_count,523,533,11,count|index,,,,,,,2,1,0,0,1,9,touches size/count/capacity vocabulary | count-like increment with no lock or atomic,int64_t abi_graphics_session_count(void) {,int64_t abi_graphics_session_count(void) { || int64_t index; || int64_t count = 0;
35,host_bridge.c,kain_copy_text,6,26,21,length|size,,,,,memcpy(,,2,2,0,0,0,8,touches size/count/capacity vocabulary | allocation or copy sink with no explicit overflow guard,"static void kain_copy_text(char* out, size_t out_cap, const char* text) {","static void kain_copy_text(char* out, size_t out_cap, const char* text) { || size_t length; || if (!out || out_cap == 0) {"
35,input_system.c,abi_input_copy,85,95,11,capacity|size,,,,,snprintf(,,1,1,0,0,0,4,touches size/count/capacity vocabulary | allocation or copy sink with no explicit overflow guard,"static void abi_input_copy(char* dest, size_t capacity, const char* source) {","static void abi_input_copy(char* dest, size_t capacity, const char* source) { || if (!dest || capacity == 0u) { || return;"
35,input_system.c,abi_input_ok,100,106,7,size,,,,,,,0,0,1,0,0,2,touches size/count/capacity vocabulary | writes global state without obvious synchronization,static int64_t abi_input_ok(void) {,"static int64_t abi_input_ok(void) { || g_last_status = ABI_INPUT_OK; || abi_input_copy(g_last_error_kind, sizeof(g_last_error_kind), ""ok"");"
35,input_system.c,abi_input_fail,107,113,7,size,,,,,,,1,0,1,0,0,2,touches size/count/capacity vocabulary | writes global state without obvious synchronization,"static int64_t abi_input_fail(int64_t status, const char* kind, const char* message) {","static int64_t abi_input_fail(int64_t status, const char* kind, const char* message) { || g_last_status = status; || abi_input_copy(g_last_error_kind, sizeof(g_last_error_kind), kind ? kind : ""error"");"
35,input_system.c,abi_input_session_destroy,383,391,9,size,,,,,memset(,,2,0,0,0,0,1,touches size/count/capacity vocabulary | allocation or copy sink with no explicit overflow guard,int64_t abi_input_session_destroy(int64_t session_id) {,int64_t abi_input_session_destroy(int64_t session_id) { || KainNativeInputSession* session = abi_input_session(session_id); || if (!session) {
35,input_system.c,abi_input_session_count,392,403,12,count,,,,,,,2,1,0,0,1,4,touches size/count/capacity vocabulary | count-like increment with no lock or atomic,int64_t abi_input_session_count(void) {,int64_t abi_input_session_count(void) { || int i; || int64_t count = 0;
35,json.c,json_unregister_value,75,87,13,,,,,,,free(,6,2,1,0,0,0,multiple arithmetic sites in one function | writes global state without obvious synchronization,static void json_unregister_value(KainJsonValue* value) {,static void json_unregister_value(KainJsonValue* value) { || KainJsonRegistryNode** link = &g_json_registry; || while (*link) {
35,json.c,json_dup_range,103,114,12,length|size,,,,,malloc(|memcpy(,,2,1,0,0,0,6,touches size/count/capacity vocabulary | allocation or copy sink with no explicit overflow guard,"static char* json_dup_range(const char* text, size_t length) {","static char* json_dup_range(const char* text, size_t length) { || char* out = (char*)malloc(length + 1u); || if (!out) {"
35,json.c,json_value_new,126,137,12,size,,,,,memset(,,3,1,0,0,0,2,touches size/count/capacity vocabulary | allocation or copy sink with no explicit overflow guard,static KainJsonValue* json_value_new(KainJsonKind kind) {,"static KainJsonValue* json_value_new(KainJsonKind kind) { || KainJsonValue* value = (KainJsonValue*)kain_alloc_rc(sizeof(KainJsonValue), 0x4a534f4eLL); || if (!value) {"
35,json.c,json_value_string_copy,162,174,13,,,,,,,,4,2,1,0,0,0,multiple arithmetic sites in one function | writes global state without obvious synchronization,static KainJsonValue* json_value_string_copy(const char* text) {,static KainJsonValue* json_value_string_copy(const char* text) { || KainJsonValue* json = json_value_new(KAIN_JSON_STRING); || if (!json) {
35,memory.c,__kain_mem_store,294,304,11,bytes|size,,,,,memcpy(,,3,2,0,0,0,5,touches size/count/capacity vocabulary | allocation or copy sink with no explicit overflow guard,"/* * __kain_mem_store * * Store value to pointer (raw memory write). * Writes 'size' bytes from value to ptr. */ void __kain_mem_store(void* ptr, const void* value, size_t size) {",/* || * __kain_mem_store || *
35,net_system.c,abi_net_rebuild_connection_index,384,399,16,capacity|index|mask|size|slot,,,,,memset(,,1,2,0,0,0,17,touches size/count/capacity vocabulary | allocation or copy sink with no explicit overflow guard,static void abi_net_rebuild_connection_index(void) {,"static void abi_net_rebuild_connection_index(void) { || uint32_t slot; || memset(g_connection_index, 0, sizeof(g_connection_index));"
35,net_system.c,abi_net_rebuild_listener_index,400,415,16,capacity|index|mask|size|slot,,,,,memset(,,1,2,0,0,0,17,touches size/count/capacity vocabulary | allocation or copy sink with no explicit overflow guard,static void abi_net_rebuild_listener_index(void) {,"static void abi_net_rebuild_listener_index(void) { || uint32_t slot; || memset(g_listener_index, 0, sizeof(g_listener_index));"
35,net_system.c,abi_net_rebuild_request_index,416,431,16,capacity|index|mask|size|slot,,,,,memset(,,1,2,0,0,0,17,touches size/count/capacity vocabulary | allocation or copy sink with no explicit overflow guard,static void abi_net_rebuild_request_index(void) {,"static void abi_net_rebuild_request_index(void) { || uint32_t slot; || memset(g_request_index, 0, sizeof(g_request_index));"
35,net_system.c,abi_net_rebuild_response_index,432,447,16,capacity|index|mask|size|slot,,,,,memset(,,1,2,0,0,0,17,touches size/count/capacity vocabulary | allocation or copy sink with no explicit overflow guard,static void abi_net_rebuild_response_index(void) {,"static void abi_net_rebuild_response_index(void) { || uint32_t slot; || memset(g_response_index, 0, sizeof(g_response_index));"
35,net_system.c,abi_net_rebuild_server_index,448,463,16,capacity|index|mask|size|slot,,,,,memset(,,1,2,0,0,0,17,touches size/count/capacity vocabulary | allocation or copy sink with no explicit overflow guard,static void abi_net_rebuild_server_index(void) {,"static void abi_net_rebuild_server_index(void) { || uint32_t slot; || memset(g_server_index, 0, sizeof(g_server_index));"
35,net_system.c,abi_net_copy,475,485,11,capacity|size,,,,,snprintf(,,1,1,0,0,0,4,touches size/count/capacity vocabulary | allocation or copy sink with no explicit overflow guard,"static void abi_net_copy(char* destination, size_t capacity, const char* source) {","static void abi_net_copy(char* destination, size_t capacity, const char* source) { || if (destination == 0 || capacity == 0u) { || return;"
35,net_system.c,abi_net_ok,555,561,7,size,,,,,,,0,1,2,0,0,1,touches size/count/capacity vocabulary | writes global state without obvious synchronization,static int64_t abi_net_ok(void) {,"static int64_t abi_net_ok(void) { || g_last_status = ABI_NET_OK; || abi_net_copy(g_last_error_kind, sizeof(g_last_error_kind), ""ok"");"
35,net_system.c,abi_net_fail,562,568,7,size,,,,,,,1,0,1,0,0,2,touches size/count/capacity vocabulary | writes global state without obvious synchronization,"static int64_t abi_net_fail(int64_t status, const char* kind, const char* message) {","static int64_t abi_net_fail(int64_t status, const char* kind, const char* message) { || g_last_status = status; || abi_net_copy(g_last_error_kind, sizeof(g_last_error_kind), kind ? kind : ""error"");"
35,net_system.c,abi_net_find_header,1059,1071,13,count|header|index,,,,,,,2,2,0,0,1,18,touches size/count/capacity vocabulary | count-like increment with no lock or atomic,"static const char* abi_net_find_header(const KainNativeNetHeader* headers, int64_t header_count, const char* key) {","static const char* abi_net_find_header(const KainNativeNetHeader* headers, int64_t header_count, const char* key) { || int64_t index; || if (headers == 0 || key == 0) {"
35,net_system.c,abi_net_socket_local_port,1188,1197,10,length|size,,,,,memset(,,1,0,0,0,0,4,touches size/count/capacity vocabulary | allocation or copy sink with no explicit overflow guard,static int64_t abi_net_socket_local_port(SOCKET socket_handle) {,static int64_t abi_net_socket_local_port(SOCKET socket_handle) { || struct sockaddr_in address; || socklen_t address_length = (socklen_t)sizeof(address);
35,net_system.c,abi_net_connect_loopback_socket,1198,1221,24,size,,,,,memset(,,1,0,0,0,0,2,touches size/count/capacity vocabulary | allocation or copy sink with no explicit overflow guard,static SOCKET abi_net_connect_loopback_socket(int64_t port) {,static SOCKET abi_net_connect_loopback_socket(int64_t port) { || SOCKET socket_handle; || struct sockaddr_in address;
35,net_system.c,abi_http_client_send,2132,2167,36,,,,,,,,9,2,1,0,0,0,multiple arithmetic sites in one function | writes global state without obvious synchronization,int64_t abi_http_client_send(int64_t request_id) {,int64_t abi_http_client_send(int64_t request_id) { || KainNativeHttpRequest* request = abi_net_request(request_id); || KainNativeParsedUrl parsed;
35,net_system.c,abi_net_http_concurrency_request_ok,2424,2444,21,bytes|count|length|size,,,,,,,3,1,0,0,1,25,touches size/count/capacity vocabulary | count-like increment with no lock or atomic,"static int abi_net_http_concurrency_request_ok( SOCKET accepted, const char* expected_request, size_t expected_request_length ) {","static int abi_net_http_concurrency_request_ok( || SOCKET accepted, || const char* expected_request,"
35,process_system.c,abi_process_copy,148,158,11,capacity|size,,,,,snprintf(,,1,1,0,0,0,4,touches size/count/capacity vocabulary | allocation or copy sink with no explicit overflow guard,"static void abi_process_copy(char* destination, size_t destination_capacity, const char* source) {","static void abi_process_copy(char* destination, size_t destination_capacity, const char* source) { || if (destination == 0 || destination_capacity == 0u) { || return;"
35,process_system.c,abi_process_ok,198,204,7,size,,,,,,,0,1,2,0,0,1,touches size/count/capacity vocabulary | writes global state without obvious synchronization,static int64_t abi_process_ok(void) {,"static int64_t abi_process_ok(void) { || g_last_status = ABI_PROCESS_OK; || abi_process_copy(g_last_error_kind, sizeof(g_last_error_kind), ""ok"");"
35,process_system.c,abi_process_find_free_spec_slot,326,335,10,index|slot,INT64_MAX,,,,,,1,0,1,0,0,5,touches size/count/capacity vocabulary | writes global state without obvious synchronization,static int abi_process_find_free_spec_slot(uint32_t* out_slot) {,static int abi_process_find_free_spec_slot(uint32_t* out_slot) { || if (out_slot == 0 || g_spec_occupancy_bits == UINT64_MAX) { || return 0;
35,process_system.c,abi_process_find_free_process_slot,336,345,10,index|slot,INT64_MAX,,,,,,1,0,1,0,0,5,touches size/count/capacity vocabulary | writes global state without obvious synchronization,static int abi_process_find_free_process_slot(uint32_t* out_slot) {,static int abi_process_find_free_process_slot(uint32_t* out_slot) { || if (out_slot == 0 || g_process_occupancy_bits == UINT64_MAX) { || return 0;
35,process_system.c,abi_process_rebuild_spec_index,346,361,16,capacity|index|mask|size|slot,,,,,memset(,,1,2,0,0,0,17,touches size/count/capacity vocabulary | allocation or copy sink with no explicit overflow guard,static void abi_process_rebuild_spec_index(void) {,"static void abi_process_rebuild_spec_index(void) { || uint32_t slot; || memset(g_spec_index, 0, sizeof(g_spec_index));"
35,process_system.c,abi_process_rebuild_process_index,362,377,16,capacity|index|mask|size|slot,,,,,memset(,,1,2,0,0,0,17,touches size/count/capacity vocabulary | allocation or copy sink with no explicit overflow guard,static void abi_process_rebuild_process_index(void) {,"static void abi_process_rebuild_process_index(void) { || uint32_t slot; || memset(g_process_index, 0, sizeof(g_process_index));"
35,process_system.c,abi_process_utf8_buffer_append_chars,813,826,14,count|index|size,,,,,,,2,0,0,0,1,8,touches size/count/capacity vocabulary | count-like increment with no lock or atomic,"static int abi_process_utf8_buffer_append_chars( KainNativeProcessUtf8Buffer* buffer, char character, size_t count ) {","static int abi_process_utf8_buffer_append_chars( || KainNativeProcessUtf8Buffer* buffer, || char character,"
35,process_system.c,abi_process_create_pipe_pair,1171,1204,34,length|size,,,,,memset(,CloseHandle(,2,0,0,0,0,3,touches size/count/capacity vocabulary | allocation or copy sink with no explicit overflow guard,"static int abi_process_create_pipe_pair( HANDLE* child_handle, HANDLE* parent_handle, int parent_writes ) {","static int abi_process_create_pipe_pair( || HANDLE* child_handle, || HANDLE* parent_handle,"
35,process_system.c,abi_process_resolve_application_name_w,1342,1350,9,path,,,,,,,1,0,1,0,0,2,touches size/count/capacity vocabulary | writes global state without obvious synchronization,static wchar_t* abi_process_resolve_application_name_w(const char* executable) {,static wchar_t* abi_process_resolve_application_name_w(const char* executable) { || abi_process_windows_cache_ensure_initialized(); || if (!abi_process_is_cmd_shell_alias(executable) ||
35,reflection.c,reflection_copy_text,1779,1799,21,length|size,,,,,memcpy(,,2,2,0,0,0,12,touches size/count/capacity vocabulary | allocation or copy sink with no explicit overflow guard,"static void reflection_copy_text(char* out, size_t out_size, const char* text) {","static void reflection_copy_text(char* out, size_t out_size, const char* text) { || size_t length; || if (!out || out_size == 0) {"
35,renderer_session.c,kain_renderer_session_copy_text,5,19,15,size,,,,,snprintf(,,2,1,0,0,0,1,touches size/count/capacity vocabulary | allocation or copy sink with no explicit overflow guard,"static void kain_renderer_session_copy_text( char* out, size_t out_cap, const char* text ) {","static void kain_renderer_session_copy_text( || char* out, || size_t out_cap,"
35,services.c,kain_copy_text,25,46,22,length|size,,,,,memcpy(,,3,2,0,0,0,12,touches size/count/capacity vocabulary | allocation or copy sink with no explicit overflow guard,"static void kain_copy_text(char* out, size_t out_size, const char* text) {","static void kain_copy_text(char* out, size_t out_size, const char* text) { || size_t length; || if (!out || out_size == 0) {"
35,stdlib_abi.c,abi_attrition_capture_enabled,139,143,5,path,,,,,,,0,1,2,0,0,1,touches size/count/capacity vocabulary | writes global state without obvious synchronization,static int abi_attrition_capture_enabled(void) {,static int abi_attrition_capture_enabled(void) { || return g_abi_attrition_capture_state.enabled != 0 && || g_abi_attrition_capture_state.result_path[0] != '\0';
35,stdlib_abi.c,abi_attrition_capture_reset_state,144,148,5,size,,,,,memset(,,0,0,0,0,0,2,touches size/count/capacity vocabulary | allocation or copy sink with no explicit overflow guard,static void abi_attrition_capture_reset_state(void) {,"static void abi_attrition_capture_reset_state(void) { || memset(&g_abi_attrition_capture_state, 0, sizeof(g_abi_attrition_capture_state)); || abi_copy_text(g_abi_attrition_capture_state.case_id, sizeof(g_abi_attrition_capture_state.case_id), ""unknown"");"
35,stdlib_abi.c,abi_attrition_result_set,590,604,15,size,,,,,,,1,0,3,0,0,1,touches size/count/capacity vocabulary | writes global state without obvious synchronization,"int64_t abi_attrition_result_set(int64_t checksum, int64_t run_status, const char* run_failure) {","int64_t abi_attrition_result_set(int64_t checksum, int64_t run_status, const char* run_failure) { || if (!abi_attrition_capture_enabled()) { || return 0;"
35,stdlib_abi.c,abi_entangle_get_authority,1144,1148,5,index,,,,,,,3,1,1,0,0,2,touches size/count/capacity vocabulary | writes global state without obvious synchronization,const char* abi_entangle_get_authority(int64_t index) {,"const char* abi_entangle_get_authority(int64_t index) { || const KainRuntimeEntangleBinding* binding = abi_entangle_binding_at(index); || return binding ? binding->authority : """";"
35,stdlib_abi.c,abi_entangle_get_mirror,1149,1153,5,index,,,,,,,3,1,1,0,0,2,touches size/count/capacity vocabulary | writes global state without obvious synchronization,const char* abi_entangle_get_mirror(int64_t index) {,"const char* abi_entangle_get_mirror(int64_t index) { || const KainRuntimeEntangleBinding* binding = abi_entangle_binding_at(index); || return binding ? binding->mirror : """";"
35,stdlib_abi.c,abi_entangle_get_policy,1154,1158,5,index,,,,,,,3,1,1,0,0,2,touches size/count/capacity vocabulary | writes global state without obvious synchronization,const char* abi_entangle_get_policy(int64_t index) {,"const char* abi_entangle_get_policy(int64_t index) { || const KainRuntimeEntangleBinding* binding = abi_entangle_binding_at(index); || return binding ? binding->policy : """";"
35,stdlib_abi.c,abi_entangle_get_type_name,1159,1163,5,index,,,,,,,3,1,1,0,0,2,touches size/count/capacity vocabulary | writes global state without obvious synchronization,const char* abi_entangle_get_type_name(int64_t index) {,"const char* abi_entangle_get_type_name(int64_t index) { || const KainRuntimeEntangleBinding* binding = abi_entangle_binding_at(index); || return binding ? binding->type_name : """";"
35,stdlib_abi.c,abi_patch_last_path,1240,1246,7,count|path,,,,,,,2,1,1,0,0,4,touches size/count/capacity vocabulary | writes global state without obvious synchronization,const char* abi_patch_last_path(void) {,"const char* abi_patch_last_path(void) { || if (g_kain_native_patch_journal_count <= 0) { || return string_new("""");"
35,stdlib_abi.c,abi_fs_string_with_len,1332,1346,15,bound|length|size,,,,,memcpy(,,2,1,0,0,0,10,touches size/count/capacity vocabulary | allocation or copy sink with no explicit overflow guard,"static char* abi_fs_string_with_len(const char* source, size_t length) {","static char* abi_fs_string_with_len(const char* source, size_t length) { || char* result = (char*)kain_alloc_rc(length + 1, 1); || if (result == 0) {"
35,stdlib_abi.c,abi_fs_ok,1424,1430,7,size,,,,,,,0,0,1,0,0,2,touches size/count/capacity vocabulary | writes global state without obvious synchronization,static int64_t abi_fs_ok(void) {,"static int64_t abi_fs_ok(void) { || g_kain_native_fs_last_status = 0; || abi_fs_copy_message(g_kain_native_fs_last_error_kind, sizeof(g_kain_native_fs_last_error_kind), ""ok"");"
35,stdlib_abi.c,abi_fs_builder_finish,1555,1560,6,length,,,,,,free(,2,1,2,0,0,1,touches size/count/capacity vocabulary | writes global state without obvious synchronization,static const char* abi_fs_builder_finish(KainNativeFsTextBuilder* builder) {,"static const char* abi_fs_builder_finish(KainNativeFsTextBuilder* builder) { || const char* result = abi_fs_string_with_len(builder->data, builder->length); || abi_fs_builder_free(builder);"
35,stdlib_abi.c,abi_fs_read_text,1749,1798,50,length|path|size,,,,,,,3,1,1,0,0,24,touches size/count/capacity vocabulary | writes global state without obvious synchronization,const char* abi_fs_read_text(const char* path) {,const char* abi_fs_read_text(const char* path) { || FILE* file = 0; || long size;
35,stdlib_abi.c,abi_fs_read_text_range,1799,1836,38,count|length|offset|path|size,,,,,,,3,2,1,0,0,24,touches size/count/capacity vocabulary | writes global state without obvious synchronization,"const char* abi_fs_read_text_range(const char* path, int64_t offset, int64_t length) {","const char* abi_fs_read_text_range(const char* path, int64_t offset, int64_t length) { || FILE* file = 0; || char* buffer;"
35,version.c,version_format_abi,60,77,18,size,,,,,snprintf(,,2,0,0,0,0,4,touches size/count/capacity vocabulary | allocation or copy sink with no explicit overflow guard,"int version_format_abi( unsigned int abi_version_encoded, char* out, size_t out_size ) {","int version_format_abi( || unsigned int abi_version_encoded, || char* out,"
35,version.c,version_format_runtime,78,95,18,size,,,,,snprintf(,,2,0,0,0,0,4,touches size/count/capacity vocabulary | allocation or copy sink with no explicit overflow guard,"int version_format_runtime( unsigned int runtime_version_encoded, char* out, size_t out_size ) {","int version_format_runtime( || unsigned int runtime_version_encoded, || char* out,"
30,actor.c,kain_attrition_actor_popcount_u64,146,152,7,count,,,,,,,4,0,0,0,0,1,touches size/count/capacity vocabulary | multiple arithmetic sites in one function,static uint64_t kain_attrition_actor_popcount_u64(uint64_t value) {,static uint64_t kain_attrition_actor_popcount_u64(uint64_t value) { || value = value - ((value >> 1u) & UINT64_C(0x5555555555555555)); || value = (value & UINT64_C(0x3333333333333333)) + ((value >> 2u) & UINT64_C(0x3333333333333333));
30,async.c,kain_async_popcount_u64,146,152,7,count,,,,,,,4,0,0,0,0,1,touches size/count/capacity vocabulary | multiple arithmetic sites in one function,static uint64_t kain_async_popcount_u64(uint64_t value) {,static uint64_t kain_async_popcount_u64(uint64_t value) { || value = value - ((value >> 1u) & UINT64_C(0x5555555555555555)); || value = (value & UINT64_C(0x3333333333333333)) + ((value >> 2u) & UINT64_C(0x3333333333333333));
30,async.c,kain_async_mix_id,261,279,19,bound|index|mask|path|probe,,,,,,,6,0,0,0,0,8,touches size/count/capacity vocabulary | multiple arithmetic sites in one function,"/* * Proofs: * - runtime/native/src/core/z3/proofs-experimental/async-handle-index-probe-bounds.smt2 * - runtime/native/src/core/z3/proofs-experimental/actor-table-debruijn-hash-distinct.smt2 * * The solver owns the index math for both task and timer registries: masked * probes must stay in bounds, and the one-hot low-bit decoder is shared with * the already-proved actor occupancy path. */ static uint64_t kain_async_mix_id(uint64_t id) {",/* || * Proofs: || * - runtime/native/src/core/z3/proofs-experimental/async-handle-index-probe-bounds.smt2
30,async.c,kain_async_index_insert,302,322,21,capacity|index|mask|probe|slot,,,,,,,4,2,0,0,0,31,touches size/count/capacity vocabulary | multiple arithmetic sites in one function,"static int kain_async_index_insert( uint32_t* index_table, uint32_t index_capacity, uint32_t index_mask, uint64_t id, uint32_t slot ) {","static int kain_async_index_insert( || uint32_t* index_table, || uint32_t index_capacity,"
30,async.c,kain_async_release_timer_record,496,511,16,count,,kain_async_mutex_lock(|kain_async_mutex_unlock(,,atomic_,,,4,3,0,0,0,2,touches size/count/capacity vocabulary | multiple arithmetic sites in one function,static void kain_async_release_timer_record(KainAsyncTimerRecord* timer) {,static void kain_async_release_timer_record(KainAsyncTimerRecord* timer) { || KainTimerId timer_id; || if (timer == NULL || !timer->in_use) {
30,attrition.c,kain_attrition_popcount_u64,311,317,7,count,,,,,,,4,0,0,0,0,1,touches size/count/capacity vocabulary | multiple arithmetic sites in one function,static uint64_t kain_attrition_popcount_u64(uint64_t value) {,static uint64_t kain_attrition_popcount_u64(uint64_t value) { || value = value - ((value >> 1u) & UINT64_C(0x5555555555555555)); || value = (value & UINT64_C(0x3333333333333333)) + ((value >> 2u) & UINT64_C(0x3333333333333333));
30,contract.c,contract_find_substring,71,95,25,cursor|size,,,,,,,7,0,0,0,0,8,touches size/count/capacity vocabulary | multiple arithmetic sites in one function,"static const char* contract_find_substring( const char* start, const char* end, const char* needle ) {","static const char* contract_find_substring( || const char* start, || const char* end,"
30,contract.c,contract_find_matching,103,148,46,cursor,,,,,,,9,0,0,0,0,6,touches size/count/capacity vocabulary | multiple arithmetic sites in one function,"static const char* contract_find_matching( const char* start, const char* end, char open_ch, char close_ch ) {","static const char* contract_find_matching( || const char* start, || const char* end,"
30,contract.c,contract_copy_string_value,172,214,43,cursor|size,,,,,,,11,3,0,0,0,9,touches size/count/capacity vocabulary | multiple arithmetic sites in one function,"static void contract_copy_string_value( const char* value_start, const char* scope_end, char* out, size_t out_cap ) {","static void contract_copy_string_value( || const char* value_start, || const char* scope_end,"
30,contract.c,contract_extract_string_field,302,313,12,size,,,,,,,5,0,0,0,0,1,touches size/count/capacity vocabulary | multiple arithmetic sites in one function,"static void contract_extract_string_field( const char* scope_start, const char* scope_end, const char* key, char* out, size_t out_cap ) {","static void contract_extract_string_field( || const char* scope_start, || const char* scope_end,"
30,core.c,kain_find_substring_bytes,21,59,39,bytes|cursor|size,,,,,,,12,1,0,0,0,12,touches size/count/capacity vocabulary | multiple arithmetic sites in one function,"static const char* kain_find_substring_bytes( const char* haystack, size_t haystack_len, const char* needle, size_t needle_len, size_t start ) {","static const char* kain_find_substring_bytes( || const char* haystack, || size_t haystack_len,"
30,core.c,to_string,459,479,21,count|cursor|length|size,,,,,,,7,0,0,0,0,13,touches size/count/capacity vocabulary | multiple arithmetic sites in one function,char* to_string(long long n) {,char* to_string(long long n) { || unsigned long long magnitude = n < 0 ? (0ULL - (unsigned long long)n) : (unsigned long long)n; || size_t digit_count = kain_u64_decimal_digit_count(magnitude);
30,core.c,trim,797,813,17,size,,,,,,,9,0,0,0,0,1,touches size/count/capacity vocabulary | multiple arithmetic sites in one function,char* trim(char* s) {,char* trim(char* s) { || const char* start; || const char* end;
30,core.c,kain_map_magic_prefix_state,1180,1199,20,length|word,,,,,,,5,0,0,0,0,10,touches size/count/capacity vocabulary | multiple arithmetic sites in one function,"static uint64_t kain_map_magic_prefix_state( uint64_t word0, uint64_t word1, uint64_t word2, uint64_t word3, uint64_t length ) {","static uint64_t kain_map_magic_prefix_state( || uint64_t word0, || uint64_t word1,"
30,core.c,kain_map_find_slot,1423,1458,36,capacity|index|length|mask|offset|probe|size|slot,,,,,,,5,3,0,0,0,33,touches size/count/capacity vocabulary | multiple arithmetic sites in one function,"static KainMapSlotSearch kain_map_find_slot( KainMap* map, const char* key, size_t key_length, uint64_t key_hash, uint64_t key_prefix ) {","static KainMapSlotSearch kain_map_find_slot( || KainMap* map, || const char* key,"
30,core.c,map_set,1588,1654,67,allocation|capacity|count|length|probe|size|threshold,SIZE_MAX|overflow,,,,,,7,3,0,0,0,36,touches size/count/capacity vocabulary | multiple arithmetic sites in one function,"void map_set(KainMap* map, char* key, long long value) {","void map_set(KainMap* map, char* key, long long value) { || size_t key_length; || uint64_t key_hash;"
30,core.c,map_set_static_prehashed,1666,1733,68,capacity|count|length|probe|size|threshold,SIZE_MAX|overflow,,,,,,7,3,0,0,0,36,touches size/count/capacity vocabulary | multiple arithmetic sites in one function,"void map_set_static_prehashed( KainMap* map, char* key, uint64_t key_length, uint64_t key_hash, uint64_t key_prefix, long long value ) {","void map_set_static_prehashed( || KainMap* map, || char* key,"
30,cpu.c,abi_cpu_feature_fingerprint,157,167,11,mask,,,,,,,6,0,0,0,0,3,touches size/count/capacity vocabulary | multiple arithmetic sites in one function,uint64_t abi_cpu_feature_fingerprint(void) {,uint64_t abi_cpu_feature_fingerprint(void) { || uint64_t mask = abi_cpu_feature_mask(); || uint64_t mixed = mask + 0x9e3779b97f4a7c15ull;
30,cpu.c,abi_cpu_set_current_thread_affinity,362,382,21,index|mask|size|word,,,,,,,7,0,0,0,0,15,touches size/count/capacity vocabulary | multiple arithmetic sites in one function,int64_t abi_cpu_set_current_thread_affinity(int64_t core_index) {,int64_t abi_cpu_set_current_thread_affinity(int64_t core_index) { || if (core_index < 0) { || return -1;
30,diagnostics.c,kain_diagnostic_init,28,37,10,size,,,,,,,5,3,0,0,0,1,touches size/count/capacity vocabulary | multiple arithmetic sites in one function,void kain_diagnostic_init(KainDiagnostic* diag) {,void kain_diagnostic_init(KainDiagnostic* diag) { || if (!diag) { || return;
30,diagnostics.c,kain_diagnostic_collector_add_new,191,209,19,path,,,,,,,5,0,0,0,0,2,touches size/count/capacity vocabulary | multiple arithmetic sites in one function,"int kain_diagnostic_collector_add_new( KainDiagnosticCollector* collector, KainDiagSubsystem subsystem, KainDiagSeverity severity, int code, const char* message, const char* detail, const char* source_path ) {","int kain_diagnostic_collector_add_new( || KainDiagnosticCollector* collector, || KainDiagSubsystem subsystem,"
30,diagnostics.c,kain_startup_validation_result_init,293,302,10,size,,,,,,,4,1,0,0,0,1,touches size/count/capacity vocabulary | multiple arithmetic sites in one function,/* Startup Validation Result Implementation */ void kain_startup_validation_result_init(KainStartupValidationResult* result) {,/* Startup Validation Result Implementation */ || void kain_startup_validation_result_init(KainStartupValidationResult* result) { || if (!result) {
30,diagnostics.c,kain_startup_validation_result_print,374,390,17,count|size,,,,,,,4,3,0,0,0,2,touches size/count/capacity vocabulary | multiple arithmetic sites in one function,void kain_startup_validation_result_print(const KainStartupValidationResult* result) {,void kain_startup_validation_result_print(const KainStartupValidationResult* result) { || char buffer[2048]; || if (!result) {
30,fanout.c,kain_fanout_drain_job,47,61,15,index,,,,atomic_,,,5,3,0,0,0,4,touches size/count/capacity vocabulary | multiple arithmetic sites in one function,static void kain_fanout_drain_job(KainFanoutJob* job) {,static void kain_fanout_drain_job(KainFanoutJob* job) { || for (;;) { || int64_t index = (int64_t)atomic_fetch_add_explicit(
30,graphics_system.c,abi_graphics_release_session_resources,149,163,15,bytes|index,,,,,,,5,2,0,0,0,13,touches size/count/capacity vocabulary | multiple arithmetic sites in one function,static void abi_graphics_release_session_resources( KainNativeGraphicsSession* session ) {,static void abi_graphics_release_session_resources( || KainNativeGraphicsSession* session || ) {
30,graphics_system.c,abi_graphics_find_buffer,247,262,16,index,,,,,,,5,2,0,0,0,7,touches size/count/capacity vocabulary | multiple arithmetic sites in one function,"static KainNativeGraphicsBuffer* abi_graphics_find_buffer( KainNativeGraphicsSession* session, int64_t buffer_id ) {","static KainNativeGraphicsBuffer* abi_graphics_find_buffer( || KainNativeGraphicsSession* session, || int64_t buffer_id"
30,graphics_system.c,abi_graphics_find_shader,263,278,16,index,,,,,,,5,2,0,0,0,7,touches size/count/capacity vocabulary | multiple arithmetic sites in one function,"static KainNativeGraphicsShader* abi_graphics_find_shader( KainNativeGraphicsSession* session, int64_t shader_id ) {","static KainNativeGraphicsShader* abi_graphics_find_shader( || KainNativeGraphicsSession* session, || int64_t shader_id"
30,graphics_system.c,abi_graphics_find_mesh,279,294,16,index,,,,,,,5,2,0,0,0,7,touches size/count/capacity vocabulary | multiple arithmetic sites in one function,"static KainNativeGraphicsMesh* abi_graphics_find_mesh( KainNativeGraphicsSession* session, int64_t mesh_id ) {","static KainNativeGraphicsMesh* abi_graphics_find_mesh( || KainNativeGraphicsSession* session, || int64_t mesh_id"
30,graphics_system.c,abi_graphics_find_pipeline,295,310,16,index,,,,,,,5,2,0,0,0,7,touches size/count/capacity vocabulary | multiple arithmetic sites in one function,"static KainNativeGraphicsPipeline* abi_graphics_find_pipeline( KainNativeGraphicsSession* session, int64_t pipeline_id ) {","static KainNativeGraphicsPipeline* abi_graphics_find_pipeline( || KainNativeGraphicsSession* session, || int64_t pipeline_id"
30,graphics_system.c,abi_graphics_read_file_bytes,371,453,83,bytes|capacity|path|size,SIZE_MAX|overflow,,,,memcpy(|realloc(,free(,16,2,0,0,0,49,touches size/count/capacity vocabulary | multiple arithmetic sites in one function,"static int64_t abi_graphics_read_file_bytes( const char* path, uint8_t** out_bytes ) {","static int64_t abi_graphics_read_file_bytes( || const char* path, || uint8_t** out_bytes"
30,graphics_system.c,abi_graphics_present,638,650,13,index,,,,,,,4,2,0,0,0,1,touches size/count/capacity vocabulary | multiple arithmetic sites in one function,int64_t abi_graphics_present(int64_t session_id) {,int64_t abi_graphics_present(int64_t session_id) { || KainNativeGraphicsSession* session = abi_graphics_find_session(session_id); || if (!session) {
30,graphics_system.c,abi_graphics_buffer_create_from_hex,724,769,46,bytes|length|payload|stride,,,,,,free(,8,1,0,0,0,15,touches size/count/capacity vocabulary | multiple arithmetic sites in one function,"int64_t abi_graphics_buffer_create_from_hex( int64_t session_id, const char* kind, const char* label, const char* bytes_hex, int64_t element_stride ) {","int64_t abi_graphics_buffer_create_from_hex( || int64_t session_id, || const char* kind,"
30,graphics_system.c,abi_graphics_shader_spirv_from_hex,879,906,28,bytes|length|payload,,,,,,free(,8,0,0,0,0,11,touches size/count/capacity vocabulary | multiple arithmetic sites in one function,"int64_t abi_graphics_shader_spirv_from_hex( int64_t session_id, const char* key, const char* stage, const char* entry_point, const char* bytes_hex ) {","int64_t abi_graphics_shader_spirv_from_hex( || int64_t session_id, || const char* key,"
30,graphics_system.c,abi_graphics_shader_spirv_from_file,907,936,30,bytes|length|path,,,,,,free(,7,0,0,0,0,12,touches size/count/capacity vocabulary | multiple arithmetic sites in one function,"int64_t abi_graphics_shader_spirv_from_file( int64_t session_id, const char* key, const char* stage, const char* entry_point, const char* path ) {","int64_t abi_graphics_shader_spirv_from_file( || int64_t session_id, || const char* key,"
30,graphics_system.c,abi_graphics_draw_command_kind,1190,1197,8,count|index,,,,,,,4,2,0,0,0,5,touches size/count/capacity vocabulary | multiple arithmetic sites in one function,"const char* abi_graphics_draw_command_kind(int64_t session_id, int64_t command_index) {","const char* abi_graphics_draw_command_kind(int64_t session_id, int64_t command_index) { || KainNativeGraphicsSession* session = abi_graphics_find_session(session_id); || if (!session || command_index < 0 || command_index >= session->draw_command_count) {"
30,input_system.c,abi_input_name_add,148,162,15,capacity|count|index,,,,,,,4,2,0,0,0,8,touches size/count/capacity vocabulary | multiple arithmetic sites in one function,"static int abi_input_name_add(char names[][ABI_INPUT_MAX_KEY], int64_t* count, int64_t capacity, const char* name) {","static int abi_input_name_add(char names[][ABI_INPUT_MAX_KEY], int64_t* count, int64_t capacity, const char* name) { || if (abi_input_text_empty(name)) { || return 0;"
30,input_system.c,abi_input_frame_event,583,590,8,count|index,,,,,,,4,2,0,0,0,5,touches size/count/capacity vocabulary | multiple arithmetic sites in one function,"static const KainNativeInputEvent* abi_input_frame_event(int64_t session_id, int64_t event_index) {","static const KainNativeInputEvent* abi_input_frame_event(int64_t session_id, int64_t event_index) { || KainNativeInputSession* session = abi_input_session(session_id); || if (!session || event_index < 0 || event_index >= session->frame_event_count) {"
30,input_system.c,abi_input_text_commit,656,663,8,count|index,,,,,,,4,2,0,0,0,5,touches size/count/capacity vocabulary | multiple arithmetic sites in one function,"const char* abi_input_text_commit(int64_t session_id, int64_t index) {","const char* abi_input_text_commit(int64_t session_id, int64_t index) { || KainNativeInputSession* session = abi_input_session(session_id); || if (!session || index < 0 || index >= session->text_commit_count) {"
30,json.c,json_value_from_any,195,215,21,mask|payload,,,,,,,6,1,0,0,0,5,touches size/count/capacity vocabulary | multiple arithmetic sites in one function,static KainJsonValue* json_value_from_any(int64_t any) {,static KainJsonValue* json_value_from_any(int64_t any) { || int64_t tag = any & KAIN_JSON_ANY_TAG_MASK; || if (tag == 0) {
30,json_benchmark.c,abi_json_manual_roundtrip_literal_checksum,28,62,35,count|index|payload,,,,,,,4,0,0,0,0,14,touches size/count/capacity vocabulary | multiple arithmetic sites in one function,"int64_t abi_json_manual_roundtrip_literal_checksum( int64_t rounds, int64_t modulus ) {","int64_t abi_json_manual_roundtrip_literal_checksum( || int64_t rounds, || int64_t modulus"
30,machine_stones.c,kain_machine_capability_mask_for_key,162,181,20,mask,,,,,,,4,0,0,0,0,3,touches size/count/capacity vocabulary | multiple arithmetic sites in one function,static uint64_t kain_machine_capability_mask_for_key(const char* key) {,static uint64_t kain_machine_capability_mask_for_key(const char* key) { || /* Proof: runtime/native/src/core/z3/proofs/native-machine-capability-token-signatures-are-collision-free.yaml */ || switch (kain_machine_token_signature(key)) {
30,machine_stones.c,kain_machine_shatter_alloc,517,543,27,bytes|count|payload|size|slot,SIZE_MAX|overflow,,,,calloc(,,6,3,0,0,0,32,touches size/count/capacity vocabulary | multiple arithmetic sites in one function,"void* kain_machine_shatter_alloc(uint64_t lane_count, uint64_t element_count) {","void* kain_machine_shatter_alloc(uint64_t lane_count, uint64_t element_count) { || uint64_t slots; || uint64_t payload_bytes;"
30,memory.c,kain_alloc_cache_take,60,84,25,bucket|bytes|header|payload|size,,,,,,,9,2,0,0,0,25,touches size/count/capacity vocabulary | multiple arithmetic sites in one function,static KainAllocHeader* kain_alloc_cache_take(size_t payload_size) {,static KainAllocHeader* kain_alloc_cache_take(size_t payload_size) { || if (!kain_alloc_cache_eligible(payload_size)) { || return NULL;
30,memory.c,kain_alloc_cache_release,85,110,26,allocation|bound|bucket|bytes|header|payload|size|slot,KAIN_ALLOC_CACHE_MAX_BYTES|KAIN_ALLOC_CACHE_MAX_NODES|kain_add_overflow|overflow,,,,,,7,3,0,0,0,43,touches size/count/capacity vocabulary | multiple arithmetic sites in one function,"static int kain_alloc_cache_release(KainAllocHeader* header, size_t payload_size) {","static int kain_alloc_cache_release(KainAllocHeader* header, size_t payload_size) { || size_t allocation_size = 0; || if (header == NULL || !kain_alloc_cache_eligible(payload_size) ||"
30,memory.c,__kain_addr_of,207,221,15,size,,,,,,,4,2,0,0,0,4,touches size/count/capacity vocabulary | multiple arithmetic sites in one function,"/* * __kain_addr_of * * Take the address of a value expression. * For rvalues, the caller has already placed the value in temporary storage, * so we just return the pointer to that storage. */ void* __kain_addr_of(void* ptr, size_t size) {",/* || * __kain_addr_of || *
30,memory.c,__kain_field_ptr,241,259,19,offset|size,,,,,,,4,2,0,0,0,6,touches size/count/capacity vocabulary | multiple arithmetic sites in one function,"/* * __kain_field_ptr * * Compute pointer to struct field given base pointer and field offset. * The field name is for diagnostics only. */ void* __kain_field_ptr(void* ptr, const char* field, size_t offset) {",/* || * __kain_field_ptr || *
30,memory.c,__kain_volatile_load,305,312,8,index|size,,,,,,,4,3,0,0,0,9,touches size/count/capacity vocabulary | multiple arithmetic sites in one function,"void __kain_volatile_load(const void* ptr, void* out, size_t size) {","void __kain_volatile_load(const void* ptr, void* out, size_t size) { || const volatile unsigned char* src = (const volatile unsigned char*)ptr; || unsigned char* dst = (unsigned char*)out;"
30,memory.c,__kain_volatile_store,313,320,8,index|size,,,,,,,4,3,0,0,0,9,touches size/count/capacity vocabulary | multiple arithmetic sites in one function,"void __kain_volatile_store(void* ptr, const void* value, size_t size) {","void __kain_volatile_store(void* ptr, const void* value, size_t size) { || volatile unsigned char* dst = (volatile unsigned char*)ptr; || const unsigned char* src = (const unsigned char*)value;"
30,net_system.c,abi_net_parse_content_length_header,177,211,35,header|length|size,SIZE_MAX,,,,,,9,0,0,0,0,9,touches size/count/capacity vocabulary | multiple arithmetic sites in one function,"static int abi_net_parse_content_length_header(const char* text, size_t* out_length) {","static int abi_net_parse_content_length_header(const char* text, size_t* out_length) { || char* end = 0; || unsigned long long parsed = 0;"
30,net_system.c,abi_net_find_http_header_end,228,240,13,bytes|header|index|length|size,,,,,,,4,1,0,0,0,22,touches size/count/capacity vocabulary | multiple arithmetic sites in one function,"static const unsigned char* abi_net_find_http_header_end(const unsigned char* bytes, size_t length) {","static const unsigned char* abi_net_find_http_header_end(const unsigned char* bytes, size_t length) { || size_t index; || if (bytes == 0 || length < 4u) {"
30,net_system.c,abi_net_http_request_complete,273,310,38,body|bytes|header|length|offset|size,abi_net_size_add_overflow|overflow,,,,,,14,3,0,0,0,67,touches size/count/capacity vocabulary | multiple arithmetic sites in one function,"static int abi_net_http_request_complete(const unsigned char* bytes, size_t length, size_t* out_required_length) {","static int abi_net_http_request_complete(const unsigned char* bytes, size_t length, size_t* out_required_length) { || const unsigned char* header_end = abi_net_find_http_header_end(bytes, length); || size_t header_length;"
30,net_system.c,abi_net_mix_id,311,329,19,bound|index|mask|path|probe,,,,,,,6,0,0,0,0,7,touches size/count/capacity vocabulary | multiple arithmetic sites in one function,"/* * Proofs: * - runtime/native/src/core/z3/proofs-experimental/net-handle-index-probe-bounds.smt2 * - runtime/native/src/core/z3/proofs-experimental/actor-table-debruijn-hash-distinct.smt2 * * The solver owns two trust boundaries here: masked probe indices must remain * inside each sidecar handle table, and the de Bruijn low-bit decode is shared * with the already-proved actor occupancy path. */ static uint64_t abi_net_mix_id(int64_t id) {",/* || * Proofs: || * - runtime/native/src/core/z3/proofs-experimental/net-handle-index-probe-bounds.smt2
30,net_system.c,abi_net_index_insert,352,372,21,capacity|index|mask|probe|slot,,,,,,,4,2,0,0,0,31,touches size/count/capacity vocabulary | multiple arithmetic sites in one function,"static int abi_net_index_insert( uint32_t* index_table, uint32_t index_capacity, uint32_t index_mask, int64_t id, uint32_t slot ) {","static int abi_net_index_insert( || uint32_t* index_table, || uint32_t index_capacity,"
30,net_system.c,abi_net_send_all,658,670,13,bytes|length|size,,,,,,,4,0,0,0,0,9,touches size/count/capacity vocabulary | multiple arithmetic sites in one function,"static int abi_net_send_all(SOCKET socket_handle, const unsigned char* bytes, size_t length) {","static int abi_net_send_all(SOCKET socket_handle, const unsigned char* bytes, size_t length) { || size_t sent = 0u; || while (sent < length) {"
30,net_system.c,abi_net_append_bytes,728,764,37,bytes|capacity|count|length|size,SIZE_MAX|abi_net_size_add_overflow|overflow,,,,memcpy(|realloc(,,10,1,0,0,0,42,touches size/count/capacity vocabulary | multiple arithmetic sites in one function,"static int abi_net_append_bytes(unsigned char** buffer, size_t* length, size_t* capacity, const unsigned char* bytes, size_t byte_count) {","static int abi_net_append_bytes(unsigned char** buffer, size_t* length, size_t* capacity, const unsigned char* bytes, size_t byte_count) { || unsigned char* resized; || size_t needed;"
30,net_system.c,abi_net_hash_message_name,1230,1239,10,cursor,,,,,,,5,0,0,0,0,3,touches size/count/capacity vocabulary | multiple arithmetic sites in one function,static unsigned long long abi_net_hash_message_name(const char* message_name) {,"static unsigned long long abi_net_hash_message_name(const char* message_name) { || unsigned long long hash = 1469598103934665603ULL; || const unsigned char* cursor = (const unsigned char*)(message_name ? message_name : """");"
30,net_system.c,abi_net_parse_header_line,1274,1288,15,count|header,,,,,,,7,1,0,0,0,5,touches size/count/capacity vocabulary | multiple arithmetic sites in one function,"static int abi_net_parse_header_line(KainNativeHttpRequest* request, char* line) {","static int abi_net_parse_header_line(KainNativeHttpRequest* request, char* line) { || char* colon = strchr(line, ':'); || char* value;"
30,net_system.c,abi_tcp_connect,1883,1902,20,capacity,,,,,,,4,2,0,0,0,3,touches size/count/capacity vocabulary | multiple arithmetic sites in one function,"int64_t abi_tcp_connect(const char* host, int64_t port, int64_t timeout_ms) {","int64_t abi_tcp_connect(const char* host, int64_t port, int64_t timeout_ms) { || SOCKET socket_handle; || KainNativeTcpConnection* connection;"
30,net_system.c,abi_tcp_accept,1927,1950,24,capacity,,,,,,,6,3,0,0,0,3,touches size/count/capacity vocabulary | multiple arithmetic sites in one function,"int64_t abi_tcp_accept(int64_t listener_id, int64_t timeout_ms) {","int64_t abi_tcp_accept(int64_t listener_id, int64_t timeout_ms) { || KainNativeTcpListener* listener = abi_net_listener(listener_id); || SOCKET accepted;"
30,net_system.c,abi_tcp_write_text,1978,1989,12,payload,,,,,,,5,1,0,0,0,3,touches size/count/capacity vocabulary | multiple arithmetic sites in one function,"int64_t abi_tcp_write_text(int64_t connection_id, const char* payload) {","int64_t abi_tcp_write_text(int64_t connection_id, const char* payload) { || KainNativeTcpConnection* connection = abi_net_connection(connection_id); || const char* text = payload ? payload : """";"
30,net_system.c,abi_tcp_write_hex,1990,2007,18,bytes|length|payload|size,,,,,,free(,6,1,0,0,0,12,touches size/count/capacity vocabulary | multiple arithmetic sites in one function,"int64_t abi_tcp_write_hex(int64_t connection_id, const char* payload_hex) {","int64_t abi_tcp_write_hex(int64_t connection_id, const char* payload_hex) { || unsigned char* bytes = 0; || size_t byte_length = 0u;"
30,net_system.c,abi_http_request_set_header,2051,2062,12,capacity|count|header,,,,,,,5,2,0,0,0,12,touches size/count/capacity vocabulary | multiple arithmetic sites in one function,"int64_t abi_http_request_set_header(int64_t request_id, const char* key, const char* value) {","int64_t abi_http_request_set_header(int64_t request_id, const char* key, const char* value) { || KainNativeHttpRequest* request = abi_net_request(request_id); || if (request == 0) {"
30,net_system.c,abi_http_request_set_body_hex,2079,2094,16,body|bytes|length|payload|size,,,,,,free(,8,3,0,0,0,15,touches size/count/capacity vocabulary | multiple arithmetic sites in one function,"int64_t abi_http_request_set_body_hex(int64_t request_id, const char* payload_hex) {","int64_t abi_http_request_set_body_hex(int64_t request_id, const char* payload_hex) { || KainNativeHttpRequest* request = abi_net_request(request_id); || unsigned char* bytes = 0;"
30,net_system.c,abi_http_request_set_protocol,2104,2121,18,size,,,,,,,6,1,0,0,0,1,touches size/count/capacity vocabulary | multiple arithmetic sites in one function,"int64_t abi_http_request_set_protocol(int64_t request_id, const char* protocol_name) {","int64_t abi_http_request_set_protocol(int64_t request_id, const char* protocol_name) { || KainNativeHttpRequest* request = abi_net_request(request_id); || const char* normalized_protocol;"
30,net_system.c,abi_http_response_header,2187,2196,10,count|header,,,,,,,4,1,0,0,0,5,touches size/count/capacity vocabulary | multiple arithmetic sites in one function,"const char* abi_http_response_header(int64_t response_id, const char* key) {","const char* abi_http_response_header(int64_t response_id, const char* key) { || KainNativeHttpResponse* response = abi_net_response(response_id); || if (response == 0) {"
30,net_system.c,abi_http_response_body_text,2197,2206,10,body|bytes|length,,,,,,,4,1,0,0,0,5,touches size/count/capacity vocabulary | multiple arithmetic sites in one function,const char* abi_http_response_body_text(int64_t response_id) {,const char* abi_http_response_body_text(int64_t response_id) { || KainNativeHttpResponse* response = abi_net_response(response_id); || if (response == 0) {
30,net_system.c,abi_http_response_body_hex,2207,2216,10,body|length,,,,,,,4,1,0,0,0,4,touches size/count/capacity vocabulary | multiple arithmetic sites in one function,const char* abi_http_response_body_hex(int64_t response_id) {,const char* abi_http_response_body_hex(int64_t response_id) { || KainNativeHttpResponse* response = abi_net_response(response_id); || if (response == 0) {
30,net_system.c,abi_http_server_create,2249,2259,11,capacity|size,,,,,,,5,3,0,0,0,4,touches size/count/capacity vocabulary | multiple arithmetic sites in one function,"int64_t abi_http_server_create(const char* host, int64_t port) {","int64_t abi_http_server_create(const char* host, int64_t port) { || KainNativeHttpServer* server = abi_net_alloc_server(); || if (server == 0) {"
30,net_system.c,abi_http_server_pump_batch,2371,2397,27,count|limit,,,,,,,5,1,0,0,0,6,touches size/count/capacity vocabulary | multiple arithmetic sites in one function,"int64_t abi_http_server_pump_batch(int64_t server_id, int64_t timeout_ms, int64_t max_requests) {","int64_t abi_http_server_pump_batch(int64_t server_id, int64_t timeout_ms, int64_t max_requests) { || KainNativeHttpServer* server = abi_net_server(server_id); || int64_t limit = max_requests;"
30,net_system.c,abi_net_http_concurrency_respond_cached,2445,2458,14,length,,,,,,,4,3,0,0,0,2,touches size/count/capacity vocabulary | multiple arithmetic sites in one function,"static int abi_net_http_concurrency_respond_cached( SOCKET accepted, const KainNativeHttpConcurrencyServerCtx* ctx ) {","static int abi_net_http_concurrency_respond_cached( || SOCKET accepted, || const KainNativeHttpConcurrencyServerCtx* ctx"
30,process_system.c,abi_process_popcount_u64,125,131,7,count,,,,,,,4,0,0,0,0,1,touches size/count/capacity vocabulary | multiple arithmetic sites in one function,static uint64_t abi_process_popcount_u64(uint64_t value) {,static uint64_t abi_process_popcount_u64(uint64_t value) { || value = value - ((value >> 1u) & UINT64_C(0x5555555555555555)); || value = (value & UINT64_C(0x3333333333333333)) + ((value >> 2u) & UINT64_C(0x3333333333333333));
30,process_system.c,abi_process_string_from_bytes,178,197,20,allocation|bound|bytes|length|size,SIZE_MAX,,,,memcpy(,,6,1,0,0,0,24,touches size/count/capacity vocabulary | multiple arithmetic sites in one function,"static const char* abi_process_string_from_bytes(const unsigned char* bytes, size_t length) {","static const char* abi_process_string_from_bytes(const unsigned char* bytes, size_t length) { || char* output; || size_t allocation_size;"
30,process_system.c,abi_process_mix_id,264,282,19,bound|index|mask|path|probe,,,,,,,6,0,0,0,0,7,touches size/count/capacity vocabulary | multiple arithmetic sites in one function,"/* * Proofs: * - runtime/native/src/core/z3/proofs-experimental/process-handle-index-probe-bounds.smt2 * - runtime/native/src/core/z3/proofs-experimental/actor-table-debruijn-hash-distinct.smt2 * * The solver owns the handle-registry math: masked probes must stay in bounds, * and the one-hot low-bit decoder is shared with the already-proved actor * occupancy path. */ static uint64_t abi_process_mix_id(uint64_t id) {",/* || * Proofs: || * - runtime/native/src/core/z3/proofs-experimental/process-handle-index-probe-bounds.smt2
30,process_system.c,abi_process_index_insert,305,325,21,capacity|index|mask|probe|slot,,,,,,,4,2,0,0,0,31,touches size/count/capacity vocabulary | multiple arithmetic sites in one function,"static int abi_process_index_insert( uint32_t* index_table, uint32_t index_capacity, uint32_t index_mask, uint64_t id, uint32_t slot ) {","static int abi_process_index_insert( || uint32_t* index_table, || uint32_t index_capacity,"
30,process_system.c,abi_process_utf8_to_wide,660,688,29,allocation|length|size,overflow,,,,malloc(,free(,6,1,0,0,0,16,touches size/count/capacity vocabulary | multiple arithmetic sites in one function,static wchar_t* abi_process_utf8_to_wide(const char* utf8_text) {,static wchar_t* abi_process_utf8_to_wide(const char* utf8_text) { || int required_length; || size_t allocation_size;
30,process_system.c,abi_process_wide_duplicate,949,968,20,allocation|length|size,overflow,,,,malloc(|memcpy(,,4,0,0,0,0,20,touches size/count/capacity vocabulary | multiple arithmetic sites in one function,static wchar_t* abi_process_wide_duplicate(const wchar_t* text) {,static wchar_t* abi_process_wide_duplicate(const wchar_t* text) { || size_t length; || size_t allocation_size;
30,process_system.c,abi_process_wait_internal,1496,1525,30,word,,,,,,,4,2,0,0,0,3,touches size/count/capacity vocabulary | multiple arithmetic sites in one function,"static int abi_process_wait_internal( KainNativeProcessHandle* process, int64_t timeout_ms, int* out_exited ) {","static int abi_process_wait_internal( || KainNativeProcessHandle* process, || int64_t timeout_ms,"
30,process_system.c,abi_process_flush_exited_output,1526,1560,35,length|size,,,,,,free(,6,2,0,0,0,8,touches size/count/capacity vocabulary | multiple arithmetic sites in one function,static void abi_process_flush_exited_output(KainNativeProcessHandle* process) {,static void abi_process_flush_exited_output(KainNativeProcessHandle* process) { || int attempt; || if (process == 0 || !process->in_use) {
30,process_system.c,abi_process_write_handle_bytes,1636,1655,20,bytes|length|size|word,,,,,,,5,0,0,0,0,16,touches size/count/capacity vocabulary | multiple arithmetic sites in one function,"static int64_t abi_process_write_handle_bytes( HANDLE write_handle, const unsigned char* bytes, size_t byte_length ) {","static int64_t abi_process_write_handle_bytes( || HANDLE write_handle, || const unsigned char* bytes,"
30,process_system.c,abi_process_spec_set_cwd,2279,2295,17,path|size,,,,,,,5,2,0,0,0,4,touches size/count/capacity vocabulary | multiple arithmetic sites in one function,"int64_t abi_process_spec_set_cwd(int64_t spec_id, const char* cwd_path) {","int64_t abi_process_spec_set_cwd(int64_t spec_id, const char* cwd_path) { || KainNativeProcessSpec* spec = abi_process_spec_lookup(spec_id); || if (spec == 0) {"
30,process_system.c,abi_process_spawn,2451,2484,34,capacity|slot,,,,,,,5,1,0,0,0,3,touches size/count/capacity vocabulary | multiple arithmetic sites in one function,int64_t abi_process_spawn(int64_t spec_id) {,int64_t abi_process_spawn(int64_t spec_id) { || KainNativeProcessSpec* spec = abi_process_spec_lookup(spec_id); || KainNativeProcessHandle* process;
30,process_system.c,abi_process_spawn_pty,2485,2525,41,capacity|count|size|slot,,,,,,,6,1,0,0,0,5,touches size/count/capacity vocabulary | multiple arithmetic sites in one function,"int64_t abi_process_spawn_pty(int64_t spec_id, int64_t columns, int64_t rows) {","int64_t abi_process_spawn_pty(int64_t spec_id, int64_t columns, int64_t rows) { || KainNativeProcessSpec* spec = abi_process_spec_lookup(spec_id); || KainNativeProcessHandle* process;"
30,process_system.c,abi_process_poll,2547,2594,48,length|size,,,,,,free(,5,0,0,0,0,6,touches size/count/capacity vocabulary | multiple arithmetic sites in one function,int64_t abi_process_poll(int64_t process_id) {,int64_t abi_process_poll(int64_t process_id) { || KainNativeProcessHandle* process = abi_process_lookup(process_id); || unsigned char* primary_chunk = 0;
30,process_system.c,abi_process_wait,2595,2646,52,length|size,,,,,,free(,5,0,0,0,0,6,touches size/count/capacity vocabulary | multiple arithmetic sites in one function,"int64_t abi_process_wait(int64_t process_id, int64_t timeout_ms) {","int64_t abi_process_wait(int64_t process_id, int64_t timeout_ms) { || KainNativeProcessHandle* process = abi_process_lookup(process_id); || unsigned char* primary_chunk = 0;"
30,process_system.c,abi_process_write_plain_text,2783,2829,47,bytes,,,,,,,7,1,0,0,0,1,touches size/count/capacity vocabulary | multiple arithmetic sites in one function,"static int64_t abi_process_write_plain_text( int64_t process_id, const char* text, int use_pty_channel ) {","static int64_t abi_process_write_plain_text( || int64_t process_id, || const char* text,"
30,process_system.c,abi_process_write_hex,2830,2883,54,bytes|length|payload|size,,,,,,free(,8,1,0,0,0,11,touches size/count/capacity vocabulary | multiple arithmetic sites in one function,"static int64_t abi_process_write_hex( int64_t process_id, const char* bytes_hex, int use_pty_channel ) {","static int64_t abi_process_write_hex( || int64_t process_id, || const char* bytes_hex,"
30,process_system.c,abi_process_read_stream_text,2921,2977,57,bytes|length|size,,,,,,free(,9,2,0,0,0,12,touches size/count/capacity vocabulary | multiple arithmetic sites in one function,"static const char* abi_process_read_stream_text( int64_t process_id, int stream_kind ) {","static const char* abi_process_read_stream_text( || int64_t process_id, || int stream_kind"
30,process_system.c,abi_process_capture_text_internal,3031,3083,53,bytes|length|size,,,,,,free(,10,3,0,0,0,9,touches size/count/capacity vocabulary | multiple arithmetic sites in one function,"static const char* abi_process_capture_text_internal( int64_t process_id, int capture_kind ) {","static const char* abi_process_capture_text_internal( || int64_t process_id, || int capture_kind"
30,process_system.c,abi_process_capture_hex_internal,3084,3136,53,bytes|length|size,,,,,,free(,10,3,0,0,0,8,touches size/count/capacity vocabulary | multiple arithmetic sites in one function,"static const char* abi_process_capture_hex_internal( int64_t process_id, int capture_kind ) {","static const char* abi_process_capture_hex_internal( || int64_t process_id, || int capture_kind"
30,process_system.c,abi_process_pty_resize,3177,3237,61,count|size,,,,,,,7,3,0,0,0,14,touches size/count/capacity vocabulary | multiple arithmetic sites in one function,"int64_t abi_process_pty_resize(int64_t process_id, int64_t columns, int64_t rows) {","int64_t abi_process_pty_resize(int64_t process_id, int64_t columns, int64_t rows) { || KainNativeProcessHandle* process = abi_process_lookup(process_id); || if (process == 0) {"
30,process_system.c,abi_process_pty_read_hex,3259,3279,21,bytes,,,,,,,4,1,0,0,0,1,touches size/count/capacity vocabulary | multiple arithmetic sites in one function,const char* abi_process_pty_read_hex(int64_t process_id) {,const char* abi_process_pty_read_hex(int64_t process_id) { || KainNativeProcessHandle* process = abi_process_lookup(process_id); || if (process == 0) {
30,ray_sphere_benchmark.c,abi_ray_sphere_intersection_checksum,39,100,62,count,INT64_MAX,,,,,,6,0,0,0,0,6,touches size/count/capacity vocabulary | multiple arithmetic sites in one function,"int64_t abi_ray_sphere_intersection_checksum( int64_t iterations, int64_t ray_count, int64_t sphere_count, int64_t modulus ) {","int64_t abi_ray_sphere_intersection_checksum( || int64_t iterations, || int64_t ray_count,"
30,realtime.c,realtime_find_substring,4,22,19,cursor|size,,,,,,,7,0,0,0,0,7,touches size/count/capacity vocabulary | multiple arithmetic sites in one function,"static const char* realtime_find_substring( const char* haystack, const char* haystack_end, const char* needle ) {","static const char* realtime_find_substring( || const char* haystack, || const char* haystack_end,"
30,realtime.c,realtime_find_matching,30,54,25,cursor,,,,,,,10,0,0,0,0,6,touches size/count/capacity vocabulary | multiple arithmetic sites in one function,"static const char* realtime_find_matching( const char* start, const char* end, char open_char, char close_char ) {","static const char* realtime_find_matching( || const char* start, || const char* end,"
30,realtime.c,graphics_bundle_inline_list_contains,93,123,31,cursor|length|size,,,,,,,10,1,0,0,0,18,touches size/count/capacity vocabulary | multiple arithmetic sites in one function,"static int graphics_bundle_inline_list_contains( const char* list, const char* value ) {","static int graphics_bundle_inline_list_contains( || const char* list, || const char* value"
30,realtime.c,realtime_extract_string_field,181,192,12,size,,,,,,,5,0,0,0,0,1,touches size/count/capacity vocabulary | multiple arithmetic sites in one function,"static void realtime_extract_string_field( const char* scope_start, const char* scope_end, const char* key, char* out, size_t out_cap ) {","static void realtime_extract_string_field( || const char* scope_start, || const char* scope_end,"
30,reflection.c,kain_reflection_load_from_env,290,335,46,path|payload,,,,,,free(,7,0,0,0,0,9,touches size/count/capacity vocabulary | multiple arithmetic sites in one function,"int kain_reflection_load_from_env( const char* env_name, KainReflectionPayload** payload, KainDiagnostic* diag ) {","int kain_reflection_load_from_env( || const char* env_name, || KainReflectionPayload** payload,"
30,reflection.c,kain_reflection_get_schema_version,356,370,15,payload,,,,,,,5,0,0,0,0,5,touches size/count/capacity vocabulary | multiple arithmetic sites in one function,"void kain_reflection_get_schema_version( const KainReflectionPayload* payload, unsigned int* major, unsigned int* minor ) {","void kain_reflection_get_schema_version( || const KainReflectionPayload* payload, || unsigned int* major,"
30,reflection.c,kain_reflection_check_schema_compatibility,371,386,16,payload,,,,,,,4,1,0,0,0,4,touches size/count/capacity vocabulary | multiple arithmetic sites in one function,int kain_reflection_check_schema_compatibility( const KainReflectionPayload* payload ) {,int kain_reflection_check_schema_compatibility( || const KainReflectionPayload* payload || ) {
30,scene.c,runtime_append_feature_name,38,57,20,mask|size,,,,,,,4,0,0,0,0,3,touches size/count/capacity vocabulary | multiple arithmetic sites in one function,"static int runtime_append_feature_name( unsigned long long feature_mask, unsigned long long flag, const char* name, int* emitted_any, char* out, size_t out_cap ) {","static int runtime_append_feature_name( || unsigned long long feature_mask, || unsigned long long flag,"
30,scene.c,runtime_format_feature_mask,264,362,99,mask|size,,,,,,,5,1,0,0,0,13,touches size/count/capacity vocabulary | multiple arithmetic sites in one function,"int runtime_format_feature_mask( unsigned long long feature_mask, char* out, size_t out_cap ) {","int runtime_format_feature_mask( || unsigned long long feature_mask, || char* out,"
30,services.c,kain_service_magic_prefix_state,62,81,20,length|word,,,,,,,5,0,0,0,0,10,touches size/count/capacity vocabulary | multiple arithmetic sites in one function,"static uint64_t kain_service_magic_prefix_state( uint64_t word0, uint64_t word1, uint64_t word2, uint64_t word3, uint64_t length ) {","static uint64_t kain_service_magic_prefix_state( || uint64_t word0, || uint64_t word1,"
30,services.c,kain_service_descriptor_refresh_key_metadata,122,135,14,length,,,,,,,4,3,0,0,0,1,touches size/count/capacity vocabulary | multiple arithmetic sites in one function,static void kain_service_descriptor_refresh_key_metadata( KainServiceDescriptor* descriptor ) {,static void kain_service_descriptor_refresh_key_metadata( || KainServiceDescriptor* descriptor || ) {
30,services.c,kain_service_descriptor_matches_lookup,136,150,15,length|size,,,,,,,4,2,0,0,0,4,touches size/count/capacity vocabulary | multiple arithmetic sites in one function,"static int kain_service_descriptor_matches_lookup( const KainServiceDescriptor* descriptor, const char* key, size_t key_length, uint64_t key_state ) {","static int kain_service_descriptor_matches_lookup( || const KainServiceDescriptor* descriptor, || const char* key,"
30,services.c,kain_service_registry_find_mutable_unlocked,254,287,34,count|length|size,,,,_count_load(,,,6,2,0,0,1,8,touches size/count/capacity vocabulary | multiple arithmetic sites in one function,"static KainServiceDescriptor* kain_service_registry_find_mutable_unlocked( KainServiceRegistry* registry, const char* canonical_key ) {","static KainServiceDescriptor* kain_service_registry_find_mutable_unlocked( || KainServiceRegistry* registry, || const char* canonical_key"
30,services.c,kain_service_registry_init,757,766,10,count|size,,,,atomic_,,,5,3,0,1,0,2,touches size/count/capacity vocabulary | multiple arithmetic sites in one function,void kain_service_registry_init(KainServiceRegistry* registry) {,void kain_service_registry_init(KainServiceRegistry* registry) { || if (!registry) { || return;
30,services.c,kain_service_registry_lookup,849,883,35,count|length|size,,,,_count_load(,,,7,2,0,0,1,8,touches size/count/capacity vocabulary | multiple arithmetic sites in one function,"const KainServiceDescriptor* kain_service_registry_lookup( const KainServiceRegistry* registry, const char* key ) {","const KainServiceDescriptor* kain_service_registry_lookup( || const KainServiceRegistry* registry, || const char* key"
30,services.c,kain_service_registry_count_by_status,1034,1055,22,count,,,,_count_load(,,,4,1,0,0,2,8,touches size/count/capacity vocabulary | multiple arithmetic sites in one function,"int kain_service_registry_count_by_status( const KainServiceRegistry* registry, KainServiceStatus status ) {","int kain_service_registry_count_by_status( || const KainServiceRegistry* registry, || KainServiceStatus status"
30,services.c,kain_service_registry_count_by_requirement,1056,1077,22,count,,,,_count_load(,,,4,1,0,0,2,8,touches size/count/capacity vocabulary | multiple arithmetic sites in one function,"int kain_service_registry_count_by_requirement( const KainServiceRegistry* registry, KainServiceRequirement requirement ) {","int kain_service_registry_count_by_requirement( || const KainServiceRegistry* registry, || KainServiceRequirement requirement"
30,simd.c,kain_simd_dot_scalar_raw,38,52,15,index,,,,,,,4,1,0,0,0,5,touches size/count/capacity vocabulary | multiple arithmetic sites in one function,"static int64_t kain_simd_dot_scalar_raw( const int64_t* left, const int64_t* right, int64_t cells, int64_t lane_bias ) {","static int64_t kain_simd_dot_scalar_raw( || const int64_t* left, || const int64_t* right,"
30,simd.c,kain_simd_affine_stats_scalar_raw,53,68,16,index,,,,,,,5,2,0,0,0,5,touches size/count/capacity vocabulary | multiple arithmetic sites in one function,"static KainSimdAffineStats kain_simd_affine_stats_scalar_raw( const int64_t* left, const int64_t* right, int64_t cells ) {","static KainSimdAffineStats kain_simd_affine_stats_scalar_raw( || const int64_t* left, || const int64_t* right,"
30,stdlib_abi.c,abi_attrition_json_write_escaped,149,181,33,cursor,,,,,,,4,0,0,0,0,3,touches size/count/capacity vocabulary | multiple arithmetic sites in one function,"static void abi_attrition_json_write_escaped(FILE* stream, const char* text) {","static void abi_attrition_json_write_escaped(FILE* stream, const char* text) { || const unsigned char* cursor = (const unsigned char*)(text != NULL ? text : """"); || fputc('""', stream);"
30,stdlib_abi.c,abi_result_payload_copy,731,739,9,payload|size,,,,,,,4,1,0,0,0,8,touches size/count/capacity vocabulary | multiple arithmetic sites in one function,"int64_t abi_result_payload_copy(const void* value, void* out_payload, int64_t out_payload_size) {","int64_t abi_result_payload_copy(const void* value, void* out_payload, int64_t out_payload_size) { || const KainNativeTaggedValue* tagged = abi_as_tagged(value); || if (tagged == 0 ||"
30,stdlib_abi.c,abi_result_ok_option,740,747,8,payload|size,,,,,,,4,2,0,0,0,3,touches size/count/capacity vocabulary | multiple arithmetic sites in one function,void* abi_result_ok_option(const void* value) {,void* abi_result_ok_option(const void* value) { || const KainNativeTaggedValue* tagged = abi_as_tagged(value); || if (tagged == 0 || tagged->tag != ABI_TAG_RESULT_OK) {
30,stdlib_abi.c,abi_fs_create_one_dir,1637,1655,19,path,,,,,,,4,1,0,0,0,5,touches size/count/capacity vocabulary | multiple arithmetic sites in one function,static int64_t abi_fs_create_one_dir(const char* path) {,static int64_t abi_fs_create_one_dir(const char* path) { || if (path == 0 || path[0] == '\0') { || errno = EINVAL;
30,stdlib_abi.c,abi_fs_open_write_retry_parent_dirs,1689,1720,32,path,,,,,,,8,0,0,0,0,6,touches size/count/capacity vocabulary | multiple arithmetic sites in one function,"static int abi_fs_open_write_retry_parent_dirs(const char* path, const char* mode, FILE** out_file) {","static int abi_fs_open_write_retry_parent_dirs(const char* path, const char* mode, FILE** out_file) { || if (out_file == 0) { || errno = EINVAL;"
30,stdlib_abi.c,abi_fs_write_bytes_hex,1955,1994,40,bytes|index|length|path|size,,,,,,,5,3,0,0,0,29,touches size/count/capacity vocabulary | multiple arithmetic sites in one function,"int64_t abi_fs_write_bytes_hex(const char* path, const char* hex) {","int64_t abi_fs_write_bytes_hex(const char* path, const char* hex) { || FILE* file = 0; || size_t length;"
30,stdlib_abi.c,abi_fs_file_type_text,2042,2050,9,path,,,,,,,4,3,0,0,0,2,touches size/count/capacity vocabulary | multiple arithmetic sites in one function,"static const char* abi_fs_file_type_text(const char* path, const struct stat* info) {","static const char* abi_fs_file_type_text(const char* path, const struct stat* info) { || (void)path; || if (S_ISDIR(info->st_mode)) return ""directory"";"
30,wire.c,kain_wire_record_fold_periodic,57,74,18,payload|word,,,,,,,11,0,0,0,0,12,touches size/count/capacity vocabulary | multiple arithmetic sites in one function,static KainWireRecordFold kain_wire_record_fold_periodic(int64_t n) {,static KainWireRecordFold kain_wire_record_fold_periodic(int64_t n) { || const int64_t packet = n & 63LL; || const int64_t round = n >> 6;
25,actor.c,kain_actor_scheduler_turn_try_claim,396,421,26,,,,,Interlocked|__atomic_|atomic_,,,5,4,0,0,0,0,multiple arithmetic sites in one function | dense pointer or indexing traffic,static int kain_actor_scheduler_turn_try_claim(KainActorState_Internal* actor) {,static int kain_actor_scheduler_turn_try_claim(KainActorState_Internal* actor) { || int expected = 0; || if (actor == NULL) {
25,actor.c,kain_actor_reply_port_state_acquire,542,556,15,,,EnterCriticalSection(|LeaveCriticalSection(|pthread_mutex_lock(|pthread_mutex_unlock(,,,,,7,6,0,0,0,0,multiple arithmetic sites in one function | dense pointer or indexing traffic,static void kain_actor_reply_port_state_acquire(KainActorReplyPortState* state) {,static void kain_actor_reply_port_state_acquire(KainActorReplyPortState* state) { || if (state == NULL) { || return;
25,actor.c,kain_actor_reply_port_state_set_actor_ref,557,582,26,,,EnterCriticalSection(|LeaveCriticalSection(|pthread_mutex_lock(|pthread_mutex_unlock(,,,,,10,8,0,0,0,0,multiple arithmetic sites in one function | dense pointer or indexing traffic,"static void kain_actor_reply_port_state_set_actor_ref( KainActorReplyPortState* state, const KainActorRef* actor_ref ) {","static void kain_actor_reply_port_state_set_actor_ref( || KainActorReplyPortState* state, || const KainActorRef* actor_ref"
25,actor.c,kain_actor_reply_port_state_copy_actor_ref,583,604,22,,,EnterCriticalSection(|LeaveCriticalSection(|pthread_mutex_lock(|pthread_mutex_unlock(,,,,,6,4,0,0,0,0,multiple arithmetic sites in one function | dense pointer or indexing traffic,"static void kain_actor_reply_port_state_copy_actor_ref( KainActorReplyPortState* state, KainActorRef* out_actor_ref ) {","static void kain_actor_reply_port_state_copy_actor_ref( || KainActorReplyPortState* state, || KainActorRef* out_actor_ref"
25,actor.c,kain_actor_reply_port_state_take_actor_ref,605,628,24,,,EnterCriticalSection(|LeaveCriticalSection(|pthread_mutex_lock(|pthread_mutex_unlock(,,,,,8,6,0,0,0,0,multiple arithmetic sites in one function | dense pointer or indexing traffic,"static void kain_actor_reply_port_state_take_actor_ref( KainActorReplyPortState* state, KainActorRef* out_actor_ref ) {","static void kain_actor_reply_port_state_take_actor_ref( || KainActorReplyPortState* state, || KainActorRef* out_actor_ref"
25,actor.c,kain_actor_close_mailbox,1746,1767,22,,,EnterCriticalSection(|LeaveCriticalSection(|pthread_mutex_lock(|pthread_mutex_unlock(,,,,,10,9,0,0,0,0,multiple arithmetic sites in one function | dense pointer or indexing traffic,static void kain_actor_close_mailbox(KainActorState_Internal* actor) {,static void kain_actor_close_mailbox(KainActorState_Internal* actor) { || if (actor == NULL) { || return;
25,actor.c,kain_actor_table_remove,1898,1929,32,index|mask|size|word,,EnterCriticalSection(|LeaveCriticalSection(|pthread_mutex_lock(|pthread_mutex_unlock(,,,,,3,4,3,0,0,15,touches size/count/capacity vocabulary | dense pointer or indexing traffic,static void kain_actor_table_remove(KainActorId actor_id) {,static void kain_actor_table_remove(KainActorId actor_id) { || KainActorState_Internal* actor; || size_t word_index;
25,async.c,kain_async_sleep_task_fn,634,664,31,,,,,atomic_,,,10,6,0,0,0,0,multiple arithmetic sites in one function | dense pointer or indexing traffic,"static KainPollResult kain_async_sleep_task_fn( KainFutureContext* context, void* user_data, void** result ) {","static KainPollResult kain_async_sleep_task_fn( || KainFutureContext* context, || void* user_data,"
25,core.c,pop,605,611,7,,,,,,,,5,5,0,0,0,0,multiple arithmetic sites in one function | dense pointer or indexing traffic,long long pop(void* arr_ptr) {,long long pop(void* arr_ptr) { || KainArray* arr = (KainArray*)arr_ptr; || if (!arr || arr->len <= 0) return 0;
25,cpu.c,abi_cpuid,42,72,31,count,,,,,,,0,13,0,0,0,1,touches size/count/capacity vocabulary | dense pointer or indexing traffic,"static int abi_cpuid(int leaf, int subleaf, int out[4]) {","static int abi_cpuid(int leaf, int subleaf, int out[4]) { || #if defined(_MSC_VER) || __cpuidex(out, leaf, subleaf);"
25,input_system.c,abi_input_binding_matches,179,191,13,,,,,,,,7,6,0,0,0,0,multiple arithmetic sites in one function | dense pointer or indexing traffic,"static int abi_input_binding_matches(const KainNativeInputBinding* binding, const KainNativeInputEvent* event) {","static int abi_input_binding_matches(const KainNativeInputBinding* binding, const KainNativeInputEvent* event) { || if (!binding || !event || !binding->in_use) { || return 0;"
25,machine_stones.c,kain_machine_pulse_stop_all,440,462,23,count|slot,,,,atomic_,,CloseHandle(,1,2,5,0,0,4,touches size/count/capacity vocabulary | destructive teardown after lock release,void kain_machine_pulse_stop_all(void) {,"void kain_machine_pulse_stop_all(void) { || uint32_t i; || atomic_store_explicit(&g_machine_pulse_stop_requested, 1, memory_order_release);"
25,memory.c,kain_pointer_with_signed_byte_offset,160,179,20,offset,UINTPTR_MAX|kain_add_overflow|kain_sub_underflow|overflow|underflow,,,,,,2,5,0,0,0,5,touches size/count/capacity vocabulary | dense pointer or indexing traffic,"static int kain_pointer_with_signed_byte_offset(void* ptr, int64_t byte_offset, void** out) {","static int kain_pointer_with_signed_byte_offset(void* ptr, int64_t byte_offset, void** out) { || uintptr_t base_address = (uintptr_t)ptr; || uintptr_t result_address = 0;"
25,net_system.c,abi_net_header_key_eq_ci,212,227,16,header|index|length|size,,,,,,,2,4,0,0,0,14,touches size/count/capacity vocabulary | dense pointer or indexing traffic,"static int abi_net_header_key_eq_ci(const unsigned char* text, size_t length, const char* expected) {","static int abi_net_header_key_eq_ci(const unsigned char* text, size_t length, const char* expected) { || size_t index = 0u; || if (expected == 0) {"
25,net_system.c,abi_http_server_listen,2260,2276,17,,,,,,,,7,5,0,0,0,0,multiple arithmetic sites in one function | dense pointer or indexing traffic,int64_t abi_http_server_listen(int64_t server_id) {,int64_t abi_http_server_listen(int64_t server_id) { || KainNativeHttpServer* server = abi_net_server(server_id); || if (server == 0) {
25,ownership.c,kain_ownership_find_helper_slot_unlocked,301,312,12,header|payload|slot,,,,,,,3,4,0,0,0,9,touches size/count/capacity vocabulary | dense pointer or indexing traffic,static int kain_ownership_find_helper_slot_unlocked(const void* ptr) {,static int kain_ownership_find_helper_slot_unlocked(const void* ptr) { || if (ptr == NULL) { || return -1;
25,ownership.c,__kain_ownership_ensure_imported,406,427,22,header|region|slot,,kain_ownership_lock(|kain_ownership_unlock(,,,,,3,4,0,0,0,5,touches size/count/capacity vocabulary | dense pointer or indexing traffic,int __kain_ownership_ensure_imported(const void* ptr) {,int __kain_ownership_ensure_imported(const void* ptr) { || if (ptr == NULL) { || return kain_ownership_fail(KAIN_OWNERSHIP_ERR_INVALID);
25,reflection.c,reflection_query_matches_item,579,619,41,,,,,,,,16,14,0,0,0,0,multiple arithmetic sites in one function | dense pointer or indexing traffic,"int reflection_query_matches_item( const KainRuntimeReflectionQuery* query, const KainItemMetadata* metadata ) {","int reflection_query_matches_item( || const KainRuntimeReflectionQuery* query, || const KainItemMetadata* metadata"
25,services.c,kain_service_registry_register_descriptor,828,848,21,,,,,,,,11,8,0,0,0,0,multiple arithmetic sites in one function | dense pointer or indexing traffic,"int kain_service_registry_register_descriptor( KainServiceRegistry* registry, const KainServiceDescriptor* descriptor ) {","int kain_service_registry_register_descriptor( || KainServiceRegistry* registry, || const KainServiceDescriptor* descriptor"
20,core.c,emit_diagnostic,66,81,16,,,,,,,,3,0,1,0,0,0,writes global state without obvious synchronization,"static void emit_diagnostic( KainDiagSubsystem subsystem, KainDiagSeverity severity, int code, const char* message, const char* detail ) {","static void emit_diagnostic( || KainDiagSubsystem subsystem, || KainDiagSeverity severity,"
20,core.c,runtime_clear_last_diagnostic,2027,2030,4,,,,,,,,0,0,1,0,0,0,writes global state without obvious synchronization,void runtime_clear_last_diagnostic(void) {,void runtime_clear_last_diagnostic(void) { || g_last_diagnostic_valid = 0; || }
20,input_system.c,abi_input_session,125,134,10,,,,,,,,2,2,1,0,0,0,writes global state without obvious synchronization,static KainNativeInputSession* abi_input_session(int64_t session_id) {,static KainNativeInputSession* abi_input_session(int64_t session_id) { || int i; || for (i = 0; i < ABI_INPUT_MAX_SESSIONS; i++) {
20,json.c,json_value_string_owned,175,184,10,,,,,,,free(,3,1,1,0,0,0,writes global state without obvious synchronization,static KainJsonValue* json_value_string_owned(char* text) {,static KainJsonValue* json_value_string_owned(char* text) { || KainJsonValue* json = json_value_new(KAIN_JSON_STRING); || if (!json) {
20,net_system.c,abi_net_http_version_token_from_protocol,514,524,11,,,,,,,,2,0,1,0,0,0,writes global state without obvious synchronization,static const char* abi_net_http_version_token_from_protocol(const char* protocol_name) {,static const char* abi_net_http_version_token_from_protocol(const char* protocol_name) { || const char* normalized = abi_net_normalize_protocol_name(protocol_name); || if (normalized == 0) {
20,stdlib_abi.c,abi_runtime_shutdown,548,570,23,,,,,,,,1,0,1,0,0,0,writes global state without obvious synchronization,int64_t abi_runtime_shutdown(void) {,int64_t abi_runtime_shutdown(void) { || #if KAIN_RUNTIME_INIT_NET_RESET || abi_net_reset();
15,actor.c,kain_attrition_actor_update_peak,153,167,15,count,,,,atomic_,,,1,0,0,0,0,3,touches size/count/capacity vocabulary,"static void kain_attrition_actor_update_peak( atomic_uint_least64_t* peak_counter, uint64_t candidate ) {","static void kain_attrition_actor_update_peak( || atomic_uint_least64_t* peak_counter, || uint64_t candidate"
15,actor.c,kain_attrition_actor_note_spawn_internal,168,183,16,count,,,,atomic_,,,2,0,0,0,0,9,touches size/count/capacity vocabulary,static void kain_attrition_actor_note_spawn_internal(int synthetic_reply_port) {,"static void kain_attrition_actor_note_spawn_internal(int synthetic_reply_port) { || uint64_t live_count = atomic_fetch_add_explicit( || &g_attrition_actor_live_count,"
15,actor.c,kain_attrition_actor_note_exit_internal,184,191,8,count,,,,atomic_,,,0,0,0,0,0,3,touches size/count/capacity vocabulary,static void kain_attrition_actor_note_exit_internal(int synthetic_reply_port) {,"static void kain_attrition_actor_note_exit_internal(int synthetic_reply_port) { || atomic_fetch_sub_explicit(&g_attrition_actor_live_count, 1u, memory_order_relaxed); || atomic_fetch_add_explicit(&g_attrition_actor_exit_count, 1u, memory_order_relaxed);"
15,actor.c,kain_actor_low_bit_index_u64,313,326,14,index,,,,,,,1,2,0,0,0,3,touches size/count/capacity vocabulary,static unsigned int kain_actor_low_bit_index_u64(uint64_t one_hot) {,"static unsigned int kain_actor_low_bit_index_u64(uint64_t one_hot) { || static const unsigned char debruijn_index[64] = { || 0, 1, 48, 2, 57, 49, 28, 3,"
15,actor.c,kain_actor_reply_port_spin_pause,327,344,18,index,,,,,,,0,0,0,0,0,3,touches size/count/capacity vocabulary,static void kain_actor_reply_port_spin_pause(unsigned int spin_index) {,static void kain_actor_reply_port_spin_pause(unsigned int spin_index) { || #ifdef _WIN32 || if ((spin_index & 63u) == 63u) {
15,actor.c,kain_actor_reply_port_state_uses_inline_payload,629,637,9,payload,,,,,,,3,1,0,0,0,1,touches size/count/capacity vocabulary,"static int kain_actor_reply_port_state_uses_inline_payload( const KainActorReplyPortState* state, const void* reply_data ) {","static int kain_actor_reply_port_state_uses_inline_payload( || const KainActorReplyPortState* state, || const void* reply_data"
15,actor.c,kain_actor_table_get,1768,1778,11,size,,,,,,,2,1,0,0,0,1,touches size/count/capacity vocabulary,/* * Actor Table Operations */ static KainActorState_Internal* kain_actor_table_get(KainActorId actor_id) {,/* || * Actor Table Operations || */
15,actor.c,kain_actor_table_copy_ref,1779,1804,26,size,,EnterCriticalSection(|LeaveCriticalSection(|pthread_mutex_lock(|pthread_mutex_unlock(,,,,,1,2,1,0,0,1,touches size/count/capacity vocabulary,"static int kain_actor_table_copy_ref(KainActorId actor_id, KainActorRef* out_actor_ref) {","static int kain_actor_table_copy_ref(KainActorId actor_id, KainActorRef* out_actor_ref) { || int found = 0; || kain_actor_ref_zero(out_actor_ref);"
15,async.c,kain_async_attrition_update_peak,131,145,15,count,,,,atomic_,,,1,0,0,0,0,3,touches size/count/capacity vocabulary,"static void kain_async_attrition_update_peak( atomic_uint_least64_t* peak_counter, uint64_t candidate ) {","static void kain_async_attrition_update_peak( || atomic_uint_least64_t* peak_counter, || uint64_t candidate"
15,async.c,kain_async_set_diag,205,226,22,path,,,,,,,3,0,0,0,0,1,touches size/count/capacity vocabulary,"static void kain_async_set_diag( KainDiagnostic* diag, KainDiagSeverity severity, int code, const char* message, const char* detail ) {","static void kain_async_set_diag( || KainDiagnostic* diag, || KainDiagSeverity severity,"
15,async.c,kain_async_low_bit_index_u64,284,297,14,index,,,,,,,1,2,0,0,0,3,touches size/count/capacity vocabulary,static unsigned int kain_async_low_bit_index_u64(uint64_t one_hot) {,"static unsigned int kain_async_low_bit_index_u64(uint64_t one_hot) { || static const unsigned char debruijn_index[64] = { || 0, 1, 48, 2, 57, 49, 28, 3,"
15,async.c,kain_async_index_start_slot,298,301,4,index|mask|slot,,,,,,,0,0,0,0,0,4,touches size/count/capacity vocabulary,"static uint32_t kain_async_index_start_slot(uint64_t id, uint32_t mask) {","static uint32_t kain_async_index_start_slot(uint64_t id, uint32_t mask) { || return (uint32_t)(kain_async_mix_id(id) & mask); || }"
15,async.c,kain_async_destroy_task_sync_primitives,443,454,12,,,,,,,DeleteCriticalSection(|pthread_cond_destroy(|pthread_mutex_destroy(,4,3,0,0,0,0,multiple arithmetic sites in one function,static void kain_async_destroy_task_sync_primitives(KainAsyncTaskRecord* task) {,static void kain_async_destroy_task_sync_primitives(KainAsyncTaskRecord* task) { || if (task == NULL) { || return;
15,attrition.c,kain_attrition_runtime_reset,274,283,10,count,,,,,,,0,0,0,0,0,3,touches size/count/capacity vocabulary,void kain_attrition_runtime_reset(void) {,void kain_attrition_runtime_reset(void) { || kain_attrition_ensure_initialized(); || kain_attrition_lock();
15,attrition.c,kain_attrition_runtime_configure,284,310,27,capacity,,,,atomic_,,,2,0,2,0,0,4,touches size/count/capacity vocabulary,void kain_attrition_runtime_configure(const KainAttritionSessionConfig* config) {,void kain_attrition_runtime_configure(const KainAttritionSessionConfig* config) { || KainAttritionSessionConfig local_config; || kain_attrition_ensure_initialized();
15,attrition.c,kain_attrition_note_actor_stale_reject,839,848,10,generation,,,,,,,0,0,0,0,0,2,touches size/count/capacity vocabulary,"void kain_attrition_note_actor_stale_reject(uint64_t actor_id, uint64_t generation) {","void kain_attrition_note_actor_stale_reject(uint64_t actor_id, uint64_t generation) { || if (!kain_attrition_enabled_fast()) { || return;"
15,compatibility.c,kain_bundle_activate,224,247,24,,,,,,,,6,3,0,0,0,0,multiple arithmetic sites in one function,"int kain_bundle_activate(KainBundleHandle* handle, KainDiagnostic* diag) {","int kain_bundle_activate(KainBundleHandle* handle, KainDiagnostic* diag) { || if (!handle) { || kain_compat_set_diag("
15,compatibility.c,kain_bundle_deactivate,248,270,23,,,,,,,,5,2,0,0,0,0,multiple arithmetic sites in one function,"int kain_bundle_deactivate(KainBundleHandle* handle, KainDiagnostic* diag) {","int kain_bundle_deactivate(KainBundleHandle* handle, KainDiagnostic* diag) { || if (!handle) { || kain_compat_set_diag("
15,compatibility.c,kain_compat_print_validation_result,453,461,9,size,,,,,,,1,1,0,0,0,1,touches size/count/capacity vocabulary,void kain_compat_print_validation_result( const KainCompatibilityValidationResult* result ) {,void kain_compat_print_validation_result( || const KainCompatibilityValidationResult* result || ) {
15,contract.c,contract_target_is_raw_native,60,70,11,,,,,,,,4,3,0,0,0,0,multiple arithmetic sites in one function,static int contract_target_is_raw_native( const KainRuntimeContractBundle* bundle ) {,static int contract_target_is_raw_native( || const KainRuntimeContractBundle* bundle || ) {
15,contract.c,contract_skip_ws,96,102,7,cursor,,,,,,,3,0,0,0,0,9,touches size/count/capacity vocabulary,"static const char* contract_skip_ws(const char* cursor, const char* end) {","static const char* contract_skip_ws(const char* cursor, const char* end) { || while (cursor && cursor < end && (*cursor == ' ' || *cursor == '\n' || *cursor == '\r' || *cursor == '\t')) { || cursor += 1;"
15,contract.c,contract_find_value_start,149,171,23,,,,,,,,11,0,0,0,0,0,multiple arithmetic sites in one function,"static const char* contract_find_value_start( const char* scope_start, const char* scope_end, const char* key ) {","static const char* contract_find_value_start( || const char* scope_start, || const char* scope_end,"
15,converge.c,kain_converge_mix64,33,42,10,,,,,,,,6,0,0,0,0,0,multiple arithmetic sites in one function,static uint64_t kain_converge_mix64(uint64_t value) {,static uint64_t kain_converge_mix64(uint64_t value) { || value += 0x9e3779b97f4a7c15ull; || value ^= value >> 30;
15,converge.c,kain_converge_lowbit_lane,48,70,23,index|mask,,,,,,,2,0,0,0,0,12,touches size/count/capacity vocabulary,"static uint64_t kain_converge_lowbit_lane(uint64_t eligible_mask, uint64_t fallback_lane) {","static uint64_t kain_converge_lowbit_lane(uint64_t eligible_mask, uint64_t fallback_lane) { || if (eligible_mask == 0) { || return fallback_lane;"
15,converge.c,abi_converge_telemetry_count,166,169,4,count|cursor,,,,,,,0,0,0,0,0,2,touches size/count/capacity vocabulary,uint64_t abi_converge_telemetry_count(void) {,uint64_t abi_converge_telemetry_count(void) { || return g_kain_converge_telemetry_cursor; || }
15,converge.c,abi_converge_cache_probe_count,170,173,4,count|probe,,,,,,,0,0,0,0,0,3,touches size/count/capacity vocabulary,uint64_t abi_converge_cache_probe_count(void) {,uint64_t abi_converge_cache_probe_count(void) { || return g_kain_converge_cache_probes; || }
15,converge.c,abi_converge_cache_hit_count,174,177,4,count,,,,,,,0,0,0,0,0,1,touches size/count/capacity vocabulary,uint64_t abi_converge_cache_hit_count(void) {,uint64_t abi_converge_cache_hit_count(void) { || return g_kain_converge_cache_hits; || }
15,core.c,get_header,6,9,4,header,,,,,,,2,2,0,0,0,3,touches size/count/capacity vocabulary,static RcHeader* get_header(void* ptr) {,static RcHeader* get_header(void* ptr) { || return ((RcHeader*)ptr) - 1; || }
15,core.c,kain_string_len_rc,14,20,7,header|length|size,,,,,,,2,1,0,0,0,3,touches size/count/capacity vocabulary,static size_t kain_string_len_rc(const char* value) {,static size_t kain_string_len_rc(const char* value) { || if (!value) { || return 0u;
15,core.c,kain_alloc,141,144,4,size,,,,,,,1,0,0,0,0,3,touches size/count/capacity vocabulary,void* kain_alloc(size_t size) {,"void* kain_alloc(size_t size) { || return kain_alloc_rc(size, 0); || }"
15,core.c,KAIN_alloc,145,148,4,size,,,,,,,1,0,0,0,0,3,touches size/count/capacity vocabulary,void* KAIN_alloc(long long size) {,void* KAIN_alloc(long long size) { || return kain_alloc((size_t)size); || }
15,core.c,void,248,252,5,header,,,,,,,2,3,0,0,0,1,touches size/count/capacity vocabulary,"void kain_set_destructor(void* ptr, void (*dtor)(void*)) {","void kain_set_destructor(void* ptr, void (*dtor)(void*)) { || if (!ptr || kain_rc_is_immediate_handle(ptr)) return; || get_header(ptr)->destructor = dtor;"
15,core.c,thread_wrapper,259,265,7,word,,,,,,free(,3,2,0,0,0,1,touches size/count/capacity vocabulary,static DWORD WINAPI thread_wrapper(LPVOID lp_param) {,static DWORD WINAPI thread_wrapper(LPVOID lp_param) { || ThreadArgs* args = (ThreadArgs*)lp_param; || args->func(args->arg);
15,core.c,thread_wrapper,267,273,7,,,,,,,free(,4,2,0,0,0,0,multiple arithmetic sites in one function,static void* thread_wrapper(void* arg) {,static void* thread_wrapper(void* arg) { || ThreadArgs* args = (ThreadArgs*)arg; || args->func(args->arg);
15,core.c,kain_u64_decimal_digit_count,384,406,23,count|size,,,,,,,0,0,0,0,0,2,touches size/count/capacity vocabulary,static size_t kain_u64_decimal_digit_count(unsigned long long value) {,static size_t kain_u64_decimal_digit_count(unsigned long long value) { || if (value < 10ULL) return 1u; || if (value < 100ULL) return 2u;
15,core.c,kain_size_add_checked,407,414,8,size,SIZE_MAX,,,,,,2,0,0,0,0,5,touches size/count/capacity vocabulary,"static int kain_size_add_checked(size_t left, size_t right, size_t* out) {","static int kain_size_add_checked(size_t left, size_t right, size_t* out) { || if (left > SIZE_MAX - right) { || return 0;"
15,core.c,read_file,663,666,4,path,,,,,,,1,0,0,0,0,2,touches size/count/capacity vocabulary,char* read_file(char* path) {,char* read_file(char* path) { || return file_read(path); || }
15,core.c,write_file,704,707,4,path,,,,,,,1,0,0,0,0,2,touches size/count/capacity vocabulary,"void write_file(char* path, char* content) {","void write_file(char* path, char* content) { || file_write(path, content); || }"
15,core.c,read_line,708,720,13,size,,,,,,,3,2,0,0,0,2,touches size/count/capacity vocabulary,char* read_line(void) {,char* read_line(void) { || char buffer[8192]; || size_t len;
15,core.c,file_exists,752,763,12,path|word,,,,,,,1,1,0,0,0,6,touches size/count/capacity vocabulary,int file_exists(char* path) {,int file_exists(char* path) { || if (!path || !path[0]) return 0; || #ifdef _WIN32
15,core.c,kain_map_tiny_fingerprint,1056,1061,6,length,,,,,,,1,0,0,0,0,2,touches size/count/capacity vocabulary,"static uint64_t kain_map_tiny_fingerprint(uint64_t key_hash, uint64_t key_prefix, uint64_t key_length) {","static uint64_t kain_map_tiny_fingerprint(uint64_t key_hash, uint64_t key_prefix, uint64_t key_length) { || return key_hash ^ || kain_rotate_left_u64(key_prefix, 17u) ^"
15,core.c,kain_map_tiny_slot,1062,1065,4,slot,,,,,,,1,0,0,0,0,1,touches size/count/capacity vocabulary,"static uint64_t kain_map_tiny_slot(uint64_t fingerprint, uint64_t magic) {","static uint64_t kain_map_tiny_slot(uint64_t fingerprint, uint64_t magic) { || return (fingerprint * magic) >> 58u; || }"
15,core.c,kain_map_select_u64,1143,1147,5,mask,,,,,,,1,0,0,0,0,3,touches size/count/capacity vocabulary,"static uint64_t kain_map_select_u64(uint64_t left, uint64_t right, uint64_t bit) {","static uint64_t kain_map_select_u64(uint64_t left, uint64_t right, uint64_t bit) { || uint64_t mask = 0u - bit; || return (left & ~mask) | (right & mask);"
15,core.c,kain_mix_u64,1148,1156,9,,,,,,,,5,0,0,0,0,0,multiple arithmetic sites in one function,static uint64_t kain_mix_u64(uint64_t value) {,static uint64_t kain_mix_u64(uint64_t value) { || value ^= value >> 33u; || value *= 0xff51afd7ed558ccdULL;
15,core.c,kain_map_growth_threshold,1233,1237,5,capacity|threshold,,,,,,,2,0,0,0,0,6,touches size/count/capacity vocabulary,static uint64_t kain_map_growth_threshold(uint64_t capacity) {,static uint64_t kain_map_growth_threshold(uint64_t capacity) { || /* Proof: runtime/native/src/core/z3/proofs/native-map-growth-threshold-stays-below-capacity.yaml */ || return capacity - (capacity >> 2u);
15,core.c,map_set_static,1655,1665,11,length|size,,,,,,,1,0,0,0,0,4,touches size/count/capacity vocabulary,"void map_set_static(KainMap* map, char* key, long long value) {","void map_set_static(KainMap* map, char* key, long long value) { || size_t key_length; || uint64_t key_hash;"
15,core.c,map_get,1734,1744,11,length|size,,,,,,,1,0,0,0,0,4,touches size/count/capacity vocabulary,"long long map_get(KainMap* map, char* key) {","long long map_get(KainMap* map, char* key) { || size_t key_length; || uint64_t key_hash;"
15,core.c,socket_recv,1976,1987,12,size,,,,,,,2,2,0,0,0,1,touches size/count/capacity vocabulary,char* socket_recv(long long sock) {,char* socket_recv(long long sock) { || char buf[4096]; || int len;
15,cpu.c,abi_cpu_capability_mask_for_key,168,226,59,mask,,,,,,,1,0,0,0,0,1,touches size/count/capacity vocabulary,uint64_t abi_cpu_capability_mask_for_key(const char* capability_key) {,uint64_t abi_cpu_capability_mask_for_key(const char* capability_key) { || if (capability_key == 0) { || return 0;
15,cpu.c,abi_cpu_has_capability,227,236,10,mask,,,,,,,1,0,0,0,0,2,touches size/count/capacity vocabulary,int64_t abi_cpu_has_capability(const char* capability_key) {,int64_t abi_cpu_has_capability(const char* capability_key) { || uint64_t required = abi_cpu_capability_mask_for_key(capability_key); || uint64_t present;
15,cpu.c,abi_cpu_logical_count,340,351,12,count|word,,,,,,,0,0,0,0,0,9,touches size/count/capacity vocabulary,int64_t abi_cpu_logical_count(void) {,int64_t abi_cpu_logical_count(void) { || #if defined(_WIN32) || DWORD count = GetActiveProcessorCount(ALL_PROCESSOR_GROUPS);
15,cpu.c,abi_vm_page_size,383,395,13,size,,,,,,,0,0,0,0,0,8,touches size/count/capacity vocabulary,int64_t abi_vm_page_size(void) {,int64_t abi_vm_page_size(void) { || #if defined(_WIN32) || SYSTEM_INFO info;
15,diagnostics.c,kain_diagnostic_print,104,120,17,size,,,,,,,3,2,0,0,0,1,touches size/count/capacity vocabulary,void kain_diagnostic_print(const KainDiagnostic* diag) {,void kain_diagnostic_print(const KainDiagnostic* diag) { || char buffer[2048]; || if (!diag) {
15,diagnostics.c,kain_diagnostic_collector_init,148,156,9,size,,,,,,,3,0,0,0,0,1,touches size/count/capacity vocabulary,/* Diagnostic Collector Implementation */ void kain_diagnostic_collector_init(KainDiagnosticCollector* collector) {,/* Diagnostic Collector Implementation */ || void kain_diagnostic_collector_init(KainDiagnosticCollector* collector) { || if (!collector) {
15,diagnostics.c,kain_diagnostic_collector_has_errors,210,216,7,count,,,,,,,2,1,0,0,0,2,touches size/count/capacity vocabulary,int kain_diagnostic_collector_has_errors(const KainDiagnosticCollector* collector) {,int kain_diagnostic_collector_has_errors(const KainDiagnosticCollector* collector) { || if (!collector) { || return 0;
15,diagnostics.c,kain_diagnostic_collector_has_fatals,217,223,7,count,,,,,,,2,1,0,0,0,1,touches size/count/capacity vocabulary,int kain_diagnostic_collector_has_fatals(const KainDiagnosticCollector* collector) {,int kain_diagnostic_collector_has_fatals(const KainDiagnosticCollector* collector) { || if (!collector) { || return 0;
15,entangle.c,entangle_registry_count,27,30,4,count|size,,,,,,,0,0,0,0,0,3,touches size/count/capacity vocabulary,size_t entangle_registry_count(void) {,size_t entangle_registry_count(void) { || return g_kain_entangle_binding_count; || }
15,fanout.c,kain_fanout_detect_cpu_count,62,84,23,count,,,,,,,0,0,0,0,0,9,touches size/count/capacity vocabulary,static int kain_fanout_detect_cpu_count(void) {,static int kain_fanout_detect_cpu_count(void) { || int cpu_count = 1; || #ifdef _WIN32
15,fanout.c,kain_fanout_cpu_worker_count,85,96,12,count,,,,,,,0,0,0,0,0,5,touches size/count/capacity vocabulary,static int kain_fanout_cpu_worker_count(int64_t work_items) {,static int kain_fanout_cpu_worker_count(int64_t work_items) { || if (work_items <= 0) { || return 0;
15,graphics_system.c,abi_graphics_free_bytes,133,140,8,bytes,,,,,,free(,3,0,0,0,0,6,touches size/count/capacity vocabulary,static void abi_graphics_free_bytes(uint8_t** bytes) {,static void abi_graphics_free_bytes(uint8_t** bytes) { || if (!bytes || !*bytes) { || return;
15,graphics_system.c,abi_graphics_size_add_overflows,141,144,4,size,SIZE_MAX|overflow,,,,,,1,0,0,0,0,4,touches size/count/capacity vocabulary,"static int abi_graphics_size_add_overflows(size_t left, size_t right) {","static int abi_graphics_size_add_overflows(size_t left, size_t right) { || return left > (SIZE_MAX - right); || }"
15,graphics_system.c,abi_graphics_size_exceeds_i64,145,148,4,size,INT64_MAX,,,,,,0,0,0,0,0,3,touches size/count/capacity vocabulary,static int abi_graphics_size_exceeds_i64(size_t value) {,static int abi_graphics_size_exceeds_i64(size_t value) { || return value > (size_t)INT64_MAX; || }
15,graphics_system.c,abi_graphics_hex_value,311,323,13,,,,,,,,4,0,0,0,0,0,multiple arithmetic sites in one function,static int abi_graphics_hex_value(char ch) {,static int abi_graphics_hex_value(char ch) { || if (ch >= '0' && ch <= '9') { || return ch - '0';
15,graphics_system.c,abi_graphics_active_backend,598,610,13,,,,,,,,4,1,0,0,0,0,multiple arithmetic sites in one function,const char* abi_graphics_active_backend(int64_t session_id) {,const char* abi_graphics_active_backend(int64_t session_id) { || KainNativeGraphicsSession* session = abi_graphics_find_session(session_id); || if (!session) {
15,graphics_system.c,abi_graphics_end_frame,626,637,12,count,,,,,,,3,1,0,0,0,1,touches size/count/capacity vocabulary,int64_t abi_graphics_end_frame(int64_t session_id) {,int64_t abi_graphics_end_frame(int64_t session_id) { || KainNativeGraphicsSession* session = abi_graphics_find_session(session_id); || if (!session) {
15,graphics_system.c,abi_graphics_frame_index,651,655,5,index,,,,,,,2,1,0,0,0,2,touches size/count/capacity vocabulary,int64_t abi_graphics_frame_index(int64_t session_id) {,int64_t abi_graphics_frame_index(int64_t session_id) { || KainNativeGraphicsSession* session = abi_graphics_find_session(session_id); || return session ? session->frame_index : ABI_GRAPHICS_INVALID_SESSION;
15,graphics_system.c,abi_graphics_buffer_byte_length,770,775,6,length,,,,,,,2,1,0,0,0,2,touches size/count/capacity vocabulary,"int64_t abi_graphics_buffer_byte_length(int64_t session_id, int64_t buffer_id) {","int64_t abi_graphics_buffer_byte_length(int64_t session_id, int64_t buffer_id) { || KainNativeGraphicsBuffer* buffer = || abi_graphics_find_buffer(abi_graphics_find_session(session_id), buffer_id);"
15,graphics_system.c,abi_graphics_buffer_byte_at,776,788,13,bytes|length|offset,,,,,,,3,2,0,0,0,7,touches size/count/capacity vocabulary,"int64_t abi_graphics_buffer_byte_at( int64_t session_id, int64_t buffer_id, int64_t byte_offset ) {","int64_t abi_graphics_buffer_byte_at( || int64_t session_id, || int64_t buffer_id,"
15,graphics_system.c,abi_graphics_shader_byte_length,937,942,6,length,,,,,,,2,1,0,0,0,2,touches size/count/capacity vocabulary,"int64_t abi_graphics_shader_byte_length(int64_t session_id, int64_t shader_id) {","int64_t abi_graphics_shader_byte_length(int64_t session_id, int64_t shader_id) { || KainNativeGraphicsShader* shader = || abi_graphics_find_shader(abi_graphics_find_session(session_id), shader_id);"
15,graphics_system.c,abi_graphics_shader_byte_at,943,955,13,bytes|length|offset,,,,,,,3,2,0,0,0,7,touches size/count/capacity vocabulary,"int64_t abi_graphics_shader_byte_at( int64_t session_id, int64_t shader_id, int64_t byte_offset ) {","int64_t abi_graphics_shader_byte_at( || int64_t session_id, || int64_t shader_id,"
15,graphics_system.c,abi_graphics_mesh_vertex_count,1031,1036,6,count,,,,,,,2,1,0,0,0,2,touches size/count/capacity vocabulary,"int64_t abi_graphics_mesh_vertex_count(int64_t session_id, int64_t mesh_id) {","int64_t abi_graphics_mesh_vertex_count(int64_t session_id, int64_t mesh_id) { || KainNativeGraphicsMesh* mesh = || abi_graphics_find_mesh(abi_graphics_find_session(session_id), mesh_id);"
15,graphics_system.c,abi_graphics_mesh_index_count,1037,1042,6,count|index,,,,,,,2,1,0,0,0,4,touches size/count/capacity vocabulary,"int64_t abi_graphics_mesh_index_count(int64_t session_id, int64_t mesh_id) {","int64_t abi_graphics_mesh_index_count(int64_t session_id, int64_t mesh_id) { || KainNativeGraphicsMesh* mesh = || abi_graphics_find_mesh(abi_graphics_find_session(session_id), mesh_id);"
15,graphics_system.c,abi_graphics_draw_command_count,1185,1189,5,count,,,,,,,2,1,0,0,0,2,touches size/count/capacity vocabulary,int64_t abi_graphics_draw_command_count(int64_t session_id) {,int64_t abi_graphics_draw_command_count(int64_t session_id) { || KainNativeGraphicsSession* session = abi_graphics_find_session(session_id); || return session ? session->draw_command_count : ABI_GRAPHICS_INVALID_SESSION;
15,graphics_system.c,abi_graphics_draw_command_mesh,1198,1205,8,count|index,,,,,,,3,2,0,0,0,5,touches size/count/capacity vocabulary,"int64_t abi_graphics_draw_command_mesh(int64_t session_id, int64_t command_index) {","int64_t abi_graphics_draw_command_mesh(int64_t session_id, int64_t command_index) { || KainNativeGraphicsSession* session = abi_graphics_find_session(session_id); || if (!session || command_index < 0 || command_index >= session->draw_command_count) {"
15,graphics_system.c,abi_graphics_draw_command_pipeline,1206,1213,8,count|index,,,,,,,3,2,0,0,0,5,touches size/count/capacity vocabulary,"int64_t abi_graphics_draw_command_pipeline(int64_t session_id, int64_t command_index) {","int64_t abi_graphics_draw_command_pipeline(int64_t session_id, int64_t command_index) { || KainNativeGraphicsSession* session = abi_graphics_find_session(session_id); || if (!session || command_index < 0 || command_index >= session->draw_command_count) {"
15,graphics_system.c,abi_graphics_draw_command_instances,1214,1221,8,count|index,,,,,,,3,2,0,0,0,6,touches size/count/capacity vocabulary,"int64_t abi_graphics_draw_command_instances(int64_t session_id, int64_t command_index) {","int64_t abi_graphics_draw_command_instances(int64_t session_id, int64_t command_index) { || KainNativeGraphicsSession* session = abi_graphics_find_session(session_id); || if (!session || command_index < 0 || command_index >= session->draw_command_count) {"
15,host_bridge.c,kain_host_bridge_contract_for_lane,418,429,12,index|size,,,,,,,2,3,0,0,0,9,touches size/count/capacity vocabulary,const KainForeignBridgeContract* kain_host_bridge_contract_for_lane( KainForeignRuntimeLane lane ) {,const KainForeignBridgeContract* kain_host_bridge_contract_for_lane( || KainForeignRuntimeLane lane || ) {
15,input_system.c,abi_input_frame_index,565,573,9,index,,,,,,,2,1,0,0,0,2,touches size/count/capacity vocabulary,int64_t abi_input_frame_index(int64_t session_id) {,int64_t abi_input_frame_index(int64_t session_id) { || KainNativeInputSession* session = abi_input_session(session_id); || if (!session) {
15,input_system.c,abi_input_event_count,574,582,9,count,,,,,,,2,1,0,0,0,2,touches size/count/capacity vocabulary,int64_t abi_input_event_count(int64_t session_id) {,int64_t abi_input_event_count(int64_t session_id) { || KainNativeInputSession* session = abi_input_session(session_id); || if (!session) {
15,input_system.c,abi_input_event_kind,591,595,5,index,,,,,,,3,1,0,0,0,2,touches size/count/capacity vocabulary,"const char* abi_input_event_kind(int64_t session_id, int64_t event_index) {","const char* abi_input_event_kind(int64_t session_id, int64_t event_index) { || const KainNativeInputEvent* event = abi_input_frame_event(session_id, event_index); || return abi_input_string(event ? event->event_kind : g_empty_string);"
15,input_system.c,abi_input_event_source_kind,596,600,5,index,,,,,,,3,1,0,0,0,2,touches size/count/capacity vocabulary,"const char* abi_input_event_source_kind(int64_t session_id, int64_t event_index) {","const char* abi_input_event_source_kind(int64_t session_id, int64_t event_index) { || const KainNativeInputEvent* event = abi_input_frame_event(session_id, event_index); || return abi_input_string(event ? event->source_kind : g_empty_string);"
15,input_system.c,abi_input_event_code,601,605,5,index,,,,,,,3,1,0,0,0,2,touches size/count/capacity vocabulary,"const char* abi_input_event_code(int64_t session_id, int64_t event_index) {","const char* abi_input_event_code(int64_t session_id, int64_t event_index) { || const KainNativeInputEvent* event = abi_input_frame_event(session_id, event_index); || return abi_input_string(event ? event->code : g_empty_string);"
15,input_system.c,abi_input_event_action,606,610,5,index,,,,,,,3,1,0,0,0,2,touches size/count/capacity vocabulary,"const char* abi_input_event_action(int64_t session_id, int64_t event_index) {","const char* abi_input_event_action(int64_t session_id, int64_t event_index) { || const KainNativeInputEvent* event = abi_input_frame_event(session_id, event_index); || return abi_input_string(event ? event->action : g_empty_string);"
15,input_system.c,abi_input_event_text,611,615,5,index,,,,,,,3,1,0,0,0,2,touches size/count/capacity vocabulary,"const char* abi_input_event_text(int64_t session_id, int64_t event_index) {","const char* abi_input_event_text(int64_t session_id, int64_t event_index) { || const KainNativeInputEvent* event = abi_input_frame_event(session_id, event_index); || return abi_input_string(event ? event->text : g_empty_string);"
15,input_system.c,abi_input_action_pressed,616,621,6,count|index,,,,,,,3,1,0,0,0,2,touches size/count/capacity vocabulary,"int64_t abi_input_action_pressed(int64_t session_id, const char* action) {","int64_t abi_input_action_pressed(int64_t session_id, const char* action) { || KainNativeInputSession* session = abi_input_session(session_id); || if (!session) return 0;"
15,input_system.c,abi_input_action_down,622,627,6,count|index,,,,,,,3,1,0,0,0,2,touches size/count/capacity vocabulary,"int64_t abi_input_action_down(int64_t session_id, const char* action) {","int64_t abi_input_action_down(int64_t session_id, const char* action) { || KainNativeInputSession* session = abi_input_session(session_id); || if (!session) return 0;"
15,input_system.c,abi_input_action_released,628,633,6,count|index,,,,,,,3,1,0,0,0,2,touches size/count/capacity vocabulary,"int64_t abi_input_action_released(int64_t session_id, const char* action) {","int64_t abi_input_action_released(int64_t session_id, const char* action) { || KainNativeInputSession* session = abi_input_session(session_id); || if (!session) return 0;"
15,input_system.c,abi_input_text_commit_count,648,655,8,count,,,,,,,2,1,0,0,0,2,touches size/count/capacity vocabulary,int64_t abi_input_text_commit_count(int64_t session_id) {,int64_t abi_input_text_commit_count(int64_t session_id) { || KainNativeInputSession* session = abi_input_session(session_id); || if (!session) {
15,json.c,json_hex_value,469,481,13,,,,,,,,4,0,0,0,0,0,multiple arithmetic sites in one function,static int json_hex_value(char ch) {,static int json_hex_value(char ch) { || if (ch >= '0' && ch <= '9') { || return ch - '0';
15,json.c,json_skip_ws,578,583,6,cursor,,,,,,,3,2,0,0,0,3,touches size/count/capacity vocabulary,static void json_skip_ws(KainJsonParser* parser) {,static void json_skip_ws(KainJsonParser* parser) { || while (parser->cursor && isspace((unsigned char)*parser->cursor)) { || parser->cursor++;
15,json.c,json_consume,584,592,9,cursor,,,,,,,3,2,0,0,0,2,touches size/count/capacity vocabulary,"static int json_consume(KainJsonParser* parser, char ch) {","static int json_consume(KainJsonParser* parser, char ch) { || json_skip_ws(parser); || if (*parser->cursor != ch) {"
15,json_benchmark.c,kain_json_mod_mul_nonnegative,9,23,15,count,,,,,,,3,0,0,0,0,4,touches size/count/capacity vocabulary,"static int64_t kain_json_mod_mul_nonnegative(int64_t left, int64_t right, int64_t modulus) {","static int64_t kain_json_mod_mul_nonnegative(int64_t left, int64_t right, int64_t modulus) { || uint64_t acc = 0u; || uint64_t add = (uint64_t)(left % modulus);"
15,machine_stones.c,kain_machine_mix64,88,96,9,,,,,,,,5,0,0,0,0,0,multiple arithmetic sites in one function,static uint64_t kain_machine_mix64(uint64_t value) {,static uint64_t kain_machine_mix64(uint64_t value) { || value ^= value >> 30u; || value *= UINT64_C(0xbf58476d1ce4e5b9);
15,machine_stones.c,kain_machine_hash_text,97,108,12,,,,,,,,4,0,0,0,0,0,multiple arithmetic sites in one function,"static uint64_t kain_machine_hash_text(uint64_t seed, const char* text) {","static uint64_t kain_machine_hash_text(uint64_t seed, const char* text) { || uint64_t hash = seed ^ UINT64_C(0xcbf29ce484222325); || if (text == NULL) {"
15,machine_stones.c,kain_machine_sleep_ns,113,128,16,word,UINT32_MAX,,,,,,2,0,0,0,0,1,touches size/count/capacity vocabulary,static void kain_machine_sleep_ns(uint64_t ns) {,static void kain_machine_sleep_ns(uint64_t ns) { || uint64_t ms = (ns + UINT64_C(999999)) / UINT64_C(1000000); || if (ms == 0u) {
15,machine_stones.c,kain_machine_now_ns,129,147,19,count,,,,,,,2,0,0,0,0,4,touches size/count/capacity vocabulary,uint64_t kain_machine_now_ns(void) {,uint64_t kain_machine_now_ns(void) { || #ifdef _WIN32 || LARGE_INTEGER counter;
15,machine_stones.c,kain_machine_token_signature,148,161,14,length|size,,,,,,,2,3,0,0,0,8,touches size/count/capacity vocabulary,static uint32_t kain_machine_token_signature(const char* key) {,static uint32_t kain_machine_token_signature(const char* key) { || size_t length; || if (key == NULL) {
15,machine_stones.c,kain_machine_current_capabilities,182,202,21,mask,,,,,,,0,0,0,0,0,2,touches size/count/capacity vocabulary,static uint64_t kain_machine_current_capabilities(void) {,static uint64_t kain_machine_current_capabilities(void) { || uint64_t caps = KAIN_MACHINE_CAP_ATOMIC_BITMASK | || KAIN_MACHINE_CAP_TIME_HARDWARE_TIMER |
15,machine_stones.c,kain_machine_axiom_accept,221,230,10,mask,,,,,,,1,0,0,0,0,1,touches size/count/capacity vocabulary,"int64_t kain_machine_axiom_accept(const char* target, const char* arch, uint64_t required_caps) {","int64_t kain_machine_axiom_accept(const char* target, const char* arch, uint64_t required_caps) { || uint64_t available; || (void)kain_machine_capability_mask_for_key;"
15,machine_stones.c,kain_machine_pulse_slot_start,231,234,4,mask|slot,,,,,,,0,0,0,0,0,3,touches size/count/capacity vocabulary,static uint32_t kain_machine_pulse_slot_start(uint64_t token) {,static uint32_t kain_machine_pulse_slot_start(uint64_t token) { || return (uint32_t)(kain_machine_mix64(token) & KAIN_MACHINE_PULSE_SLOT_MASK); || }
15,machine_stones.c,kain_machine_pulse_record_fire,260,263,4,count,,,,atomic_,,,0,0,0,0,0,1,touches size/count/capacity vocabulary,static void kain_machine_pulse_record_fire(void) {,"static void kain_machine_pulse_record_fire(void) { || atomic_fetch_add_explicit(&g_machine_pulse_total_fire_count, 1u, memory_order_relaxed); || }"
15,machine_stones.c,kain_machine_pulse_total_fire_count,463,466,4,count,,,,atomic_,,,0,0,0,0,0,2,touches size/count/capacity vocabulary,uint64_t kain_machine_pulse_total_fire_count(void) {,"uint64_t kain_machine_pulse_total_fire_count(void) { || return atomic_load_explicit(&g_machine_pulse_total_fire_count, memory_order_acquire); || }"
15,machine_stones.c,kain_machine_teleport_count,490,493,4,count,,,,atomic_,,,0,0,0,0,0,2,touches size/count/capacity vocabulary,uint64_t kain_machine_teleport_count(void) {,"uint64_t kain_machine_teleport_count(void) { || return atomic_load_explicit(&g_machine_teleport_count, memory_order_acquire); || }"
15,memory.c,kain_alloc_cache_eligible,44,49,6,header|payload|size,,,,,,,1,0,0,0,0,13,touches size/count/capacity vocabulary,static int kain_alloc_cache_eligible(size_t payload_size) {,static int kain_alloc_cache_eligible(size_t payload_size) { || return payload_size >= KAIN_ALLOC_CACHE_MIN_PAYLOAD && || payload_size <= KAIN_ALLOC_CACHE_MAX_PAYLOAD &&
15,memory.c,kain_alloc_cache_bucket,50,55,6,bucket|payload|size,,,,,,,3,0,0,0,0,9,touches size/count/capacity vocabulary,static size_t kain_alloc_cache_bucket(size_t payload_size) {,static size_t kain_alloc_cache_bucket(size_t payload_size) { || uint64_t mixed = (uint64_t)payload_size * UINT64_C(11400714819323198485); || mixed ^= mixed >> 33u;
15,memory.c,kain_alloc_cache_next_cell,56,59,4,header|payload,,,,,,,2,0,0,0,0,7,touches size/count/capacity vocabulary,static KainAllocHeader** kain_alloc_cache_next_cell(KainAllocHeader* header) {,static KainAllocHeader** kain_alloc_cache_next_cell(KainAllocHeader* header) { || return (KainAllocHeader**)__kain_alloc_payload_from_header(header); || }
15,memory.c,kain_mul_overflow_size,111,118,8,size,SIZE_MAX|kain_mul_overflow|overflow,,,,,,1,0,0,0,0,5,touches size/count/capacity vocabulary,"static int kain_mul_overflow_size(size_t left, size_t right, size_t* out) {","static int kain_mul_overflow_size(size_t left, size_t right, size_t* out) { || if (left != 0 && right > (SIZE_MAX / left)) { || return 1;"
15,memory.c,kain_add_overflow_size,119,126,8,size,SIZE_MAX|kain_add_overflow|overflow,,,,,,2,0,0,0,0,5,touches size/count/capacity vocabulary,"static int kain_add_overflow_size(size_t left, size_t right, size_t* out) {","static int kain_add_overflow_size(size_t left, size_t right, size_t* out) { || if (right > (SIZE_MAX - left)) { || return 1;"
15,memory.c,kain_pointer_with_size_offset,180,189,10,offset|size,kain_add_overflow|overflow,,,,,,2,3,0,0,0,7,touches size/count/capacity vocabulary,"static int kain_pointer_with_size_offset(void* ptr, size_t byte_offset, void** out) {","static int kain_pointer_with_size_offset(void* ptr, size_t byte_offset, void** out) { || uintptr_t result_address = 0; || /* Proof: runtime/native/src/core/z3/proofs/native-memory-pointer-size-offset-does-not-wrap-before-pointer-rebuild.yaml */"
15,memory.c,__kain_bind_local,190,206,17,,,,,,,,4,2,0,0,0,0,multiple arithmetic sites in one function,"/* ============================================================================ * Category 1: Pointer and Address Operations * ============================================================================ */ /* * __kain_bind_local * * Create a pointer binding to a local variable that has its address taken. * For stack/heap variables, this simply returns the input pointer. */ void* __kain_bind_local(void* ptr) {",/* ============================================================================ || * Category 1: Pointer and Address Operations || * ============================================================================ */
15,memory.c,__kain_ptr_offset,228,240,13,offset|stride,kain_mul_overflow|overflow,,,,,,2,2,0,0,0,9,touches size/count/capacity vocabulary,"*/ void* __kain_ptr_offset(void* ptr, int64_t offset, int64_t stride) {","*/ || void* __kain_ptr_offset(void* ptr, int64_t offset, int64_t stride) { || int64_t byte_offset = 0;"
15,memory.c,__kain_index_ptr,260,278,19,index|offset|stride,kain_mul_overflow|overflow,,,,,,3,2,0,0,0,11,touches size/count/capacity vocabulary,"/* * __kain_index_ptr * * Compute pointer to array element. * Semantically distinct from ptr_offset but identical implementation. */ void* __kain_index_ptr(void* ptr, int64_t index, int64_t stride) {",/* || * __kain_index_ptr || *
15,memory.c,__kain_atomic_and_ordered,407,415,9,mask,,,,atomic_,,,2,2,0,0,0,2,touches size/count/capacity vocabulary,"int64_t __kain_atomic_and_ordered(void* ptr, int64_t mask, int64_t ordering) {","int64_t __kain_atomic_and_ordered(void* ptr, int64_t mask, int64_t ordering) { || atomic_int_least64_t* cell = (atomic_int_least64_t*)ptr; || return (int64_t)atomic_fetch_and_explicit("
15,memory.c,__kain_atomic_and_seqcst,483,486,4,mask,,,,atomic_,,,1,2,0,0,0,2,touches size/count/capacity vocabulary,"int64_t __kain_atomic_and_seqcst(void* ptr, int64_t mask) {","int64_t __kain_atomic_and_seqcst(void* ptr, int64_t mask) { || return __kain_atomic_and_ordered(ptr, mask, KAIN_MEMORY_ORDER_SEQ_CST); || }"
15,net_system.c,abi_net_size_add_overflow,166,176,11,size,SIZE_MAX|abi_net_size_add_overflow|overflow,,,,,,2,0,0,0,0,5,touches size/count/capacity vocabulary,"static int abi_net_size_add_overflow(size_t left, size_t right, size_t* out) {","static int abi_net_size_add_overflow(size_t left, size_t right, size_t* out) { || if (out == 0) { || return 1;"
15,net_system.c,abi_net_low_bit_index_u64,334,347,14,index,,,,,,,1,2,0,0,0,3,touches size/count/capacity vocabulary,static unsigned int abi_net_low_bit_index_u64(uint64_t one_hot) {,"static unsigned int abi_net_low_bit_index_u64(uint64_t one_hot) { || static const unsigned char debruijn_index[64] = { || 0, 1, 48, 2, 57, 49, 28, 3,"
15,net_system.c,abi_net_index_start_slot,348,351,4,index|mask|slot,,,,,,,0,0,0,0,0,4,touches size/count/capacity vocabulary,"static uint32_t abi_net_index_start_slot(int64_t id, uint32_t mask) {","static uint32_t abi_net_index_start_slot(int64_t id, uint32_t mask) { || return (uint32_t)(abi_net_mix_id(id) & mask); || }"
15,net_system.c,abi_net_find_free_slot_u64,373,383,11,index|mask|slot,,,,,,,1,0,0,0,0,10,touches size/count/capacity vocabulary,"static int abi_net_find_free_slot_u64(uint64_t occupancy_bits, uint64_t valid_mask, uint32_t* out_slot) {","static int abi_net_find_free_slot_u64(uint64_t occupancy_bits, uint64_t valid_mask, uint32_t* out_slot) { || uint64_t free_mask = (~occupancy_bits) & valid_mask; || if (out_slot == 0 || free_mask == 0u) {"
15,net_system.c,abi_net_set_socket_timeout_ms,637,657,21,size|word,,,,,,,3,0,0,0,0,6,touches size/count/capacity vocabulary,"static void abi_net_set_socket_timeout_ms(SOCKET socket_handle, int64_t timeout_ms) {","static void abi_net_set_socket_timeout_ms(SOCKET socket_handle, int64_t timeout_ms) { || if (socket_handle == INVALID_SOCKET || timeout_ms <= 0) { || return;"
15,net_system.c,abi_net_hex_value,671,677,7,,,,,,,,4,0,0,0,0,0,multiple arithmetic sites in one function,static int abi_net_hex_value(char c) {,static int abi_net_hex_value(char c) { || if (c >= '0' && c <= '9') return c - '0'; || if (c >= 'a' && c <= 'f') return 10 + (c - 'a');
15,net_system.c,abi_tcp_listen,1903,1917,15,capacity,,,,,,,3,1,0,0,0,3,touches size/count/capacity vocabulary,"int64_t abi_tcp_listen(const char* host, int64_t port) {","int64_t abi_tcp_listen(const char* host, int64_t port) { || SOCKET socket_handle = (SOCKET)abi_net_bind_listener(host, port); || KainNativeTcpListener* listener;"
15,net_system.c,abi_http_request_protocol,2122,2131,10,,,,,,,,4,1,0,0,0,0,multiple arithmetic sites in one function,const char* abi_http_request_protocol(int64_t request_id) {,const char* abi_http_request_protocol(int64_t request_id) { || KainNativeHttpRequest* request = abi_net_request(request_id); || if (request == 0) {
15,net_system.c,abi_http_response_protocol,2177,2186,10,,,,,,,,4,1,0,0,0,0,multiple arithmetic sites in one function,const char* abi_http_response_protocol(int64_t response_id) {,const char* abi_http_response_protocol(int64_t response_id) { || KainNativeHttpResponse* response = abi_net_response(response_id); || if (response == 0) {
15,ownership.c,kain_ownership_errno_from_status,58,77,20,capacity,,,,,,,0,0,0,0,0,1,touches size/count/capacity vocabulary,static int kain_ownership_errno_from_status(int status) {,static int kain_ownership_errno_from_status(int status) { || switch (status) { || case KAIN_OWNERSHIP_OK:
15,ownership.c,kain_ownership_mix_pointer,83,92,10,,,,,,,,6,2,0,0,0,0,multiple arithmetic sites in one function,static uint64_t kain_ownership_mix_pointer(const void* ptr) {,static uint64_t kain_ownership_mix_pointer(const void* ptr) { || uint64_t x = (uint64_t)(uintptr_t)ptr; || x ^= x >> 30u;
15,ownership.c,kain_ownership_pointer_index_slot,93,96,4,index|mask|slot,,,,,,,1,2,0,0,0,4,touches size/count/capacity vocabulary,static uint32_t kain_ownership_pointer_index_slot(const void* ptr) {,static uint32_t kain_ownership_pointer_index_slot(const void* ptr) { || return (uint32_t)(kain_ownership_mix_pointer(ptr) & KAIN_OWNERSHIP_INDEX_MASK); || }
15,ownership.c,kain_ownership_low_bit_index_u64,101,114,14,index,,,,,,,1,2,0,0,0,3,touches size/count/capacity vocabulary,static unsigned int kain_ownership_low_bit_index_u64(uint64_t one_hot) {,"static unsigned int kain_ownership_low_bit_index_u64(uint64_t one_hot) { || static const unsigned char debruijn_index[64] = { || 0, 1, 48, 2, 57, 49, 28, 3,"
15,ownership.c,kain_ownership_rebuild_pointer_index_unlocked,184,195,12,index|region|size|slot,KAIN_OWNERSHIP_MAX_REGIONS,,,,memset(,,1,2,0,0,0,14,touches size/count/capacity vocabulary,static void kain_ownership_rebuild_pointer_index_unlocked(void) {,"static void kain_ownership_rebuild_pointer_index_unlocked(void) { || memset(KAIN_OWNERSHIP_POINTER_INDEX, 0, sizeof(KAIN_OWNERSHIP_POINTER_INDEX)); || for (uint32_t slot = 0u; slot < KAIN_OWNERSHIP_MAX_REGIONS; ++slot) {"
15,ownership.c,kain_ownership_find_free_slot,246,260,15,count|index|mask|region|slot|word,KAIN_OWNERSHIP_MAX_REGIONS,,,,,,3,1,0,0,0,25,touches size/count/capacity vocabulary,static int kain_ownership_find_free_slot(void) {,static int kain_ownership_find_free_slot(void) { || for (uint32_t word_index = 0u; word_index < KAIN_OWNERSHIP_WORD_COUNT; ++word_index) { || uint64_t free_mask = ~KAIN_OWNERSHIP_OCCUPANCY_WORDS[word_index];
15,ownership.c,kain_ownership_region_is_heap,261,264,4,allocation|region,,,,,,,2,1,0,0,0,6,touches size/count/capacity vocabulary,static int kain_ownership_region_is_heap(const KainOwnershipRegion* region) {,static int kain_ownership_region_is_heap(const KainOwnershipRegion* region) { || return region->kind == KAIN_OWNERSHIP_REGION_HEAP_ALLOCATION; || }
15,ownership.c,__kain_ownership_register,360,373,14,region|size,,kain_ownership_lock(|kain_ownership_unlock(,,,,,1,2,0,0,0,5,touches size/count/capacity vocabulary,"int __kain_ownership_register(void* ptr, int64_t region_kind, size_t size) {","int __kain_ownership_register(void* ptr, int64_t region_kind, size_t size) { || kain_ownership_lock(); || int status = kain_ownership_upsert_unlocked("
15,ownership.c,__kain_ownership_register_imported,374,387,14,region|size,,kain_ownership_lock(|kain_ownership_unlock(,,,,,1,2,0,0,0,4,touches size/count/capacity vocabulary,"int __kain_ownership_register_imported(void* ptr, size_t size) {","int __kain_ownership_register_imported(void* ptr, size_t size) { || kain_ownership_lock(); || int status = kain_ownership_upsert_unlocked("
15,ownership.c,__kain_ownership_register_helper_allocation,388,405,18,allocation|region|size|slot,,kain_ownership_lock(|kain_ownership_unlock(,,,,,2,2,0,0,0,12,touches size/count/capacity vocabulary,"int __kain_ownership_register_helper_allocation(void* ptr, size_t size, uint16_t* out_slot_token) {","int __kain_ownership_register_helper_allocation(void* ptr, size_t size, uint16_t* out_slot_token) { || int slot = -1; || kain_ownership_lock();"
15,ownership.c,__kain_ownership_helper_allocation_state,428,435,8,allocation|region|slot,,kain_ownership_lock(|kain_ownership_unlock(,,,,,1,3,0,0,0,8,touches size/count/capacity vocabulary,"int __kain_ownership_helper_allocation_state(const void* ptr, uint16_t slot_token) {","int __kain_ownership_helper_allocation_state(const void* ptr, uint16_t slot_token) { || kain_ownership_lock(); || int slot = kain_ownership_helper_slot_from_token_unlocked(ptr, slot_token);"
15,ownership.c,__kain_ownership_update,510,516,7,size,,kain_ownership_lock(|kain_ownership_unlock(,,,,,1,2,0,0,0,3,touches size/count/capacity vocabulary,"int __kain_ownership_update(void* old_ptr, void* new_ptr, size_t size) {","int __kain_ownership_update(void* old_ptr, void* new_ptr, size_t size) { || kain_ownership_lock(); || int status = kain_ownership_update_unlocked(old_ptr, new_ptr, size);"
15,ownership.c,kain_ownership_begin_observe_registered_unlocked,542,549,8,slot,,,,,,,1,2,0,0,0,5,touches size/count/capacity vocabulary,static int kain_ownership_begin_observe_registered_unlocked(const void* ptr) {,static int kain_ownership_begin_observe_registered_unlocked(const void* ptr) { || int slot = kain_ownership_find_slot(ptr); || if (slot < 0) {
15,ownership.c,kain_ownership_begin_observe_helper_unlocked,550,553,4,slot,,,,,,,1,2,0,0,0,2,touches size/count/capacity vocabulary,static int kain_ownership_begin_observe_helper_unlocked(const void* ptr) {,static int kain_ownership_begin_observe_helper_unlocked(const void* ptr) { || return kain_ownership_begin_observe_slot_unlocked(kain_ownership_find_helper_slot_unlocked(ptr)); || }
15,ownership.c,kain_ownership_end_observe_registered_unlocked,585,592,8,slot,,,,,,,1,2,0,0,0,5,touches size/count/capacity vocabulary,static int kain_ownership_end_observe_registered_unlocked(const void* ptr) {,static int kain_ownership_end_observe_registered_unlocked(const void* ptr) { || int slot = kain_ownership_find_slot(ptr); || if (slot < 0) {
15,ownership.c,kain_ownership_end_observe_helper_unlocked,593,596,4,slot,,,,,,,1,2,0,0,0,2,touches size/count/capacity vocabulary,static int kain_ownership_end_observe_helper_unlocked(const void* ptr) {,static int kain_ownership_end_observe_helper_unlocked(const void* ptr) { || return kain_ownership_end_observe_slot_unlocked(kain_ownership_find_helper_slot_unlocked(ptr)); || }
15,ownership.c,kain_ownership_begin_collapse_registered_unlocked,634,641,8,slot,,,,,,,1,2,0,0,0,5,touches size/count/capacity vocabulary,static int kain_ownership_begin_collapse_registered_unlocked(void* ptr) {,static int kain_ownership_begin_collapse_registered_unlocked(void* ptr) { || int slot = kain_ownership_find_slot(ptr); || if (slot < 0) {
15,ownership.c,kain_ownership_begin_collapse_helper_unlocked,642,645,4,slot,,,,,,,1,2,0,0,0,2,touches size/count/capacity vocabulary,static int kain_ownership_begin_collapse_helper_unlocked(void* ptr) {,static int kain_ownership_begin_collapse_helper_unlocked(void* ptr) { || return kain_ownership_begin_collapse_slot_unlocked(kain_ownership_find_helper_slot_unlocked(ptr)); || }
15,ownership.c,kain_ownership_end_collapse_slot_unlocked,660,673,14,region|slot,,,,,,,3,3,0,0,0,9,touches size/count/capacity vocabulary,static int kain_ownership_end_collapse_slot_unlocked(int slot) {,static int kain_ownership_end_collapse_slot_unlocked(int slot) { || if (slot < 0) { || return kain_ownership_fail(KAIN_OWNERSHIP_ERR_NOT_FOUND);
15,ownership.c,kain_ownership_end_collapse_registered_unlocked,674,681,8,slot,,,,,,,1,2,0,0,0,5,touches size/count/capacity vocabulary,static int kain_ownership_end_collapse_registered_unlocked(void* ptr) {,static int kain_ownership_end_collapse_registered_unlocked(void* ptr) { || int slot = kain_ownership_find_slot(ptr); || if (slot < 0) {
15,ownership.c,kain_ownership_end_collapse_helper_unlocked,682,685,4,slot,,,,,,,1,2,0,0,0,2,touches size/count/capacity vocabulary,static int kain_ownership_end_collapse_helper_unlocked(void* ptr) {,static int kain_ownership_end_collapse_helper_unlocked(void* ptr) { || return kain_ownership_end_collapse_slot_unlocked(kain_ownership_find_helper_slot_unlocked(ptr)); || }
15,ownership.c,kain_ownership_begin_share_registered_unlocked,724,731,8,slot,,,,,,,1,2,0,0,0,5,touches size/count/capacity vocabulary,static int kain_ownership_begin_share_registered_unlocked(void* ptr) {,static int kain_ownership_begin_share_registered_unlocked(void* ptr) { || int slot = kain_ownership_find_slot(ptr); || if (slot < 0) {
15,ownership.c,kain_ownership_begin_share_helper_unlocked,732,735,4,slot,,,,,,,1,2,0,0,0,2,touches size/count/capacity vocabulary,static int kain_ownership_begin_share_helper_unlocked(void* ptr) {,static int kain_ownership_begin_share_helper_unlocked(void* ptr) { || return kain_ownership_begin_share_slot_unlocked(kain_ownership_find_helper_slot_unlocked(ptr)); || }
15,ownership.c,kain_ownership_end_share_slot_unlocked,750,763,14,region|slot,,,,,,,3,3,0,0,0,9,touches size/count/capacity vocabulary,static int kain_ownership_end_share_slot_unlocked(int slot) {,static int kain_ownership_end_share_slot_unlocked(int slot) { || if (slot < 0) { || return kain_ownership_fail(KAIN_OWNERSHIP_ERR_NOT_FOUND);
15,ownership.c,kain_ownership_end_share_registered_unlocked,764,771,8,slot,,,,,,,1,2,0,0,0,5,touches size/count/capacity vocabulary,static int kain_ownership_end_share_registered_unlocked(void* ptr) {,static int kain_ownership_end_share_registered_unlocked(void* ptr) { || int slot = kain_ownership_find_slot(ptr); || if (slot < 0) {
15,ownership.c,kain_ownership_end_share_helper_unlocked,772,775,4,slot,,,,,,,1,2,0,0,0,2,touches size/count/capacity vocabulary,static int kain_ownership_end_share_helper_unlocked(void* ptr) {,static int kain_ownership_end_share_helper_unlocked(void* ptr) { || return kain_ownership_end_share_slot_unlocked(kain_ownership_find_helper_slot_unlocked(ptr)); || }
15,ownership.c,kain_ownership_decay_registered_unlocked,827,834,8,slot,,,,,,,1,3,0,0,0,5,touches size/count/capacity vocabulary,static int kain_ownership_decay_registered_unlocked(void* ptr) {,static int kain_ownership_decay_registered_unlocked(void* ptr) { || int slot = kain_ownership_find_slot(ptr); || if (slot < 0) {
15,ownership.c,kain_ownership_decay_helper_unlocked,835,842,8,slot,,,,,,,1,3,0,0,0,2,touches size/count/capacity vocabulary,static int kain_ownership_decay_helper_unlocked(void* ptr) {,"static int kain_ownership_decay_helper_unlocked(void* ptr) { || return kain_ownership_decay_slot_unlocked( || ptr,"
15,ownership.c,kain_ownership_state_unlocked,857,864,8,region|slot,,,,,,,1,3,0,0,0,5,touches size/count/capacity vocabulary,static int kain_ownership_state_unlocked(const void* ptr) {,static int kain_ownership_state_unlocked(const void* ptr) { || int slot = kain_ownership_find_slot(ptr); || if (slot < 0) {
15,process_system.c,abi_process_attrition_update_peak,110,124,15,count,,,,atomic_,,,1,0,0,0,0,3,touches size/count/capacity vocabulary,"static void abi_process_attrition_update_peak( atomic_uint_least64_t* peak_counter, uint64_t candidate ) {","static void abi_process_attrition_update_peak( || atomic_uint_least64_t* peak_counter, || uint64_t candidate"
15,process_system.c,abi_process_fail,205,219,15,count|size,,,,atomic_,,,1,0,1,0,0,3,touches size/count/capacity vocabulary,"static int64_t abi_process_fail(int64_t status, const char* kind, const char* message) {","static int64_t abi_process_fail(int64_t status, const char* kind, const char* message) { || g_last_status = status; || abi_process_copy(g_last_error_kind, sizeof(g_last_error_kind), kind ? kind : ""error"");"
15,process_system.c,abi_process_size_add_overflow,220,230,11,size,SIZE_MAX|overflow,,,,,,2,0,0,0,0,5,touches size/count/capacity vocabulary,"static int abi_process_size_add_overflow(size_t left, size_t right, size_t* out_value) {","static int abi_process_size_add_overflow(size_t left, size_t right, size_t* out_value) { || if (out_value == 0) { || return 1;"
15,process_system.c,abi_process_size_mul_overflow,231,241,11,size,SIZE_MAX|overflow,,,,,,1,0,0,0,0,5,touches size/count/capacity vocabulary,"static int abi_process_size_mul_overflow(size_t left, size_t right, size_t* out_value) {","static int abi_process_size_mul_overflow(size_t left, size_t right, size_t* out_value) { || if (out_value == 0) { || return 1;"
15,process_system.c,abi_process_low_bit_index_u64,287,300,14,index,,,,,,,1,2,0,0,0,3,touches size/count/capacity vocabulary,static unsigned int abi_process_low_bit_index_u64(uint64_t one_hot) {,"static unsigned int abi_process_low_bit_index_u64(uint64_t one_hot) { || static const unsigned char debruijn_index[64] = { || 0, 1, 48, 2, 57, 49, 28, 3,"
15,process_system.c,abi_process_index_start_slot,301,304,4,index|mask|slot,,,,,,,0,0,0,0,0,4,touches size/count/capacity vocabulary,"static uint32_t abi_process_index_start_slot(uint64_t id, uint32_t mask) {","static uint32_t abi_process_index_start_slot(uint64_t id, uint32_t mask) { || return (uint32_t)(abi_process_mix_id(id) & mask); || }"
15,process_system.c,abi_process_hex_value,497,509,13,,,,,,,,4,0,0,0,0,0,multiple arithmetic sites in one function,static int abi_process_hex_value(char character) {,static int abi_process_hex_value(char character) { || if (character >= '0' && character <= '9') { || return character - '0';
15,process_system.c,abi_process_wide_entry_key_length,1018,1028,11,index|length|size,,,,,,,2,1,0,0,0,8,touches size/count/capacity vocabulary,static size_t abi_process_wide_entry_key_length(const wchar_t* entry) {,static size_t abi_process_wide_entry_key_length(const wchar_t* entry) { || size_t index = 0u; || if (entry == 0) {
15,process_system.c,abi_process_wide_entry_key_equals,1029,1045,17,length|size,,,,,,,2,0,0,0,0,10,touches size/count/capacity vocabulary,"static int abi_process_wide_entry_key_equals( const wchar_t* entry, const wchar_t* key ) {","static int abi_process_wide_entry_key_equals( || const wchar_t* entry, || const wchar_t* key"
15,process_system.c,abi_process_build_env_entry_w,1046,1076,31,,,,,,,free(,6,0,0,0,0,0,multiple arithmetic sites in one function,"static wchar_t* abi_process_build_env_entry_w( const char* key_utf8, const char* value_utf8 ) {","static wchar_t* abi_process_build_env_entry_w( || const char* key_utf8, || const char* value_utf8"
15,process_system.c,abi_process_open_null_device_raw,1216,1227,12,mask|word,,,,,,,0,0,0,0,0,3,touches size/count/capacity vocabulary,static HANDLE abi_process_open_null_device_raw(DWORD access_mask) {,"static HANDLE abi_process_open_null_device_raw(DWORD access_mask) { || return CreateFileW( || L""NUL"","
15,process_system.c,abi_process_open_null_device,1303,1320,18,mask|word,,,,,,,0,0,0,0,0,5,touches size/count/capacity vocabulary,static HANDLE abi_process_open_null_device(DWORD access_mask) {,static HANDLE abi_process_open_null_device(DWORD access_mask) { || HANDLE duplicated_handle = 0; || abi_process_windows_cache_ensure_initialized();
15,process_system.c,abi_process_text_has_path_separator,1321,1333,13,index|path|size,,,,,,,2,2,0,0,0,8,touches size/count/capacity vocabulary,static int abi_process_text_has_path_separator(const char* text) {,static int abi_process_text_has_path_separator(const char* text) { || size_t index; || if (text == 0) {
15,process_system.c,abi_process_is_cmd_shell_alias,1334,1341,8,path,,,,,,,1,0,0,0,0,1,touches size/count/capacity vocabulary,static int abi_process_is_cmd_shell_alias(const char* executable) {,static int abi_process_is_cmd_shell_alias(const char* executable) { || if (abi_process_text_empty(executable) || abi_process_text_has_path_separator(executable)) { || return 0;
15,process_system.c,kain_attrition_process_counters_reset,2090,2097,8,count,,,,atomic_,,,0,0,0,0,0,6,touches size/count/capacity vocabulary,void kain_attrition_process_counters_reset(void) {,"void kain_attrition_process_counters_reset(void) { || atomic_store_explicit(&g_attrition_process_live_count, 0u, memory_order_relaxed); || atomic_store_explicit(&g_attrition_process_peak_count, 0u, memory_order_relaxed);"
15,process_system.c,abi_process_spec_set_mode,2356,2381,26,,,,,,,,5,0,0,0,0,0,multiple arithmetic sites in one function,"static int64_t abi_process_spec_set_mode( int64_t spec_id, const char* mode_text, KainNativeProcessStdioMode* target_mode ) {","static int64_t abi_process_spec_set_mode( || int64_t spec_id, || const char* mode_text,"
15,process_system.c,abi_process_spec_set_stdin_mode,2382,2393,12,,,,,,,,4,1,0,0,0,0,multiple arithmetic sites in one function,"int64_t abi_process_spec_set_stdin_mode(int64_t spec_id, const char* mode) {","int64_t abi_process_spec_set_stdin_mode(int64_t spec_id, const char* mode) { || KainNativeProcessSpec* spec = abi_process_spec_lookup(spec_id); || if (spec == 0) {"
15,process_system.c,abi_process_spec_set_stdout_mode,2394,2405,12,,,,,,,,4,1,0,0,0,0,multiple arithmetic sites in one function,"int64_t abi_process_spec_set_stdout_mode(int64_t spec_id, const char* mode) {","int64_t abi_process_spec_set_stdout_mode(int64_t spec_id, const char* mode) { || KainNativeProcessSpec* spec = abi_process_spec_lookup(spec_id); || if (spec == 0) {"
15,process_system.c,abi_process_spec_set_stderr_mode,2406,2417,12,,,,,,,,4,1,0,0,0,0,multiple arithmetic sites in one function,"int64_t abi_process_spec_set_stderr_mode(int64_t spec_id, const char* mode) {","int64_t abi_process_spec_set_stderr_mode(int64_t spec_id, const char* mode) { || KainNativeProcessSpec* spec = abi_process_spec_lookup(spec_id); || if (spec == 0) {"
15,process_system.c,abi_process_is_running,2647,2668,22,,,,,,,,4,1,0,0,0,0,multiple arithmetic sites in one function,int64_t abi_process_is_running(int64_t process_id) {,int64_t abi_process_is_running(int64_t process_id) { || KainNativeProcessHandle* process = abi_process_lookup(process_id); || if (process == 0) {
15,process_system.c,abi_process_exit_code,2669,2697,29,,,,,,,,6,2,0,0,0,0,multiple arithmetic sites in one function,int64_t abi_process_exit_code(int64_t process_id) {,int64_t abi_process_exit_code(int64_t process_id) { || KainNativeProcessHandle* process = abi_process_lookup(process_id); || if (process == 0) {
15,process_system.c,abi_process_terminate,2711,2746,36,,,,,,,,7,3,0,0,0,0,multiple arithmetic sites in one function,int64_t abi_process_terminate(int64_t process_id) {,int64_t abi_process_terminate(int64_t process_id) { || KainNativeProcessHandle* process = abi_process_lookup(process_id); || if (process == 0) {
15,process_system.c,abi_process_kill,2747,2782,36,,,,,,,,7,3,0,0,0,0,multiple arithmetic sites in one function,int64_t abi_process_kill(int64_t process_id) {,int64_t abi_process_kill(int64_t process_id) { || KainNativeProcessHandle* process = abi_process_lookup(process_id); || if (process == 0) {
15,process_system.c,abi_process_stdin_write_hex,2888,2891,4,bytes,,,,,,,1,0,0,0,0,2,touches size/count/capacity vocabulary,"int64_t abi_process_stdin_write_hex(int64_t process_id, const char* bytes_hex) {","int64_t abi_process_stdin_write_hex(int64_t process_id, const char* bytes_hex) { || return abi_process_write_hex(process_id, bytes_hex, 0); || }"
15,process_system.c,abi_process_stdin_close,2892,2920,29,,,,,,,CloseHandle(,7,3,0,0,0,0,multiple arithmetic sites in one function,int64_t abi_process_stdin_close(int64_t process_id) {,int64_t abi_process_stdin_close(int64_t process_id) { || KainNativeProcessHandle* process = abi_process_lookup(process_id); || if (process == 0) {
15,process_system.c,abi_process_pty_write_hex,3173,3176,4,bytes,,,,,,,1,0,0,0,0,2,touches size/count/capacity vocabulary,"int64_t abi_process_pty_write_hex(int64_t process_id, const char* bytes_hex) {","int64_t abi_process_pty_write_hex(int64_t process_id, const char* bytes_hex) { || return abi_process_write_hex(process_id, bytes_hex, 1); || }"
15,process_system.c,abi_process_pty_read_text,3238,3258,21,,,,,,,,4,1,0,0,0,0,multiple arithmetic sites in one function,const char* abi_process_pty_read_text(int64_t process_id) {,const char* abi_process_pty_read_text(int64_t process_id) { || KainNativeProcessHandle* process = abi_process_lookup(process_id); || if (process == 0) {
15,process_system.c,abi_process_pty_capture_text,3280,3300,21,,,,,,,,4,1,0,0,0,0,multiple arithmetic sites in one function,const char* abi_process_pty_capture_text(int64_t process_id) {,const char* abi_process_pty_capture_text(int64_t process_id) { || KainNativeProcessHandle* process = abi_process_lookup(process_id); || if (process == 0) {
15,process_system.c,abi_process_pty_capture_hex,3301,3321,21,,,,,,,,4,1,0,0,0,0,multiple arithmetic sites in one function,const char* abi_process_pty_capture_hex(int64_t process_id) {,const char* abi_process_pty_capture_hex(int64_t process_id) { || KainNativeProcessHandle* process = abi_process_lookup(process_id); || if (process == 0) {
15,ray_sphere_benchmark.c,kain_ray_sphere_mod_mul_nonnegative,11,30,20,count,,,,,,,3,0,0,0,0,4,touches size/count/capacity vocabulary,"static int64_t kain_ray_sphere_mod_mul_nonnegative( int64_t left, int64_t right, int64_t modulus ) {","static int64_t kain_ray_sphere_mod_mul_nonnegative( || int64_t left, || int64_t right,"
15,realtime.c,realtime_skip_ws,23,29,7,cursor,,,,,,,3,0,0,0,0,9,touches size/count/capacity vocabulary,"static const char* realtime_skip_ws(const char* cursor, const char* end) {","static const char* realtime_skip_ws(const char* cursor, const char* end) { || while (cursor && cursor < end && (*cursor == ' ' || *cursor == '\n' || *cursor == '\r' || *cursor == '\t')) { || ++cursor;"
15,realtime.c,realtime_find_value_start,55,74,20,,,,,,,,10,0,0,0,0,0,multiple arithmetic sites in one function,"static const char* realtime_find_value_start( const char* scope_start, const char* scope_end, const char* key ) {","static const char* realtime_find_value_start( || const char* scope_start, || const char* scope_end,"
15,realtime.c,realtime_copy_cstr,75,85,11,size,,,,,,,1,1,0,0,0,1,touches size/count/capacity vocabulary,"static void realtime_copy_cstr(char* out, size_t out_cap, const char* value) {","static void realtime_copy_cstr(char* out, size_t out_cap, const char* value) { || if (!out || out_cap == 0u) { || return;"
15,realtime.c,graphics_bundle_append_inline,124,137,14,size,,,,,,,2,2,0,0,0,1,touches size/count/capacity vocabulary,"static void graphics_bundle_append_inline( char* out, size_t out_cap, const char* value ) {","static void graphics_bundle_append_inline( || char* out, || size_t out_cap,"
15,realtime.c,graphics_bundle_append_unique_key,138,152,15,size,,,,,,,2,1,0,0,0,1,touches size/count/capacity vocabulary,"static int graphics_bundle_append_unique_key( char* out, size_t out_cap, const char* value ) {","static int graphics_bundle_append_unique_key( || char* out, || size_t out_cap,"
15,realtime.c,realtime_extract_double_field,193,213,21,,,,,,,,6,3,0,0,0,0,multiple arithmetic sites in one function,"static int realtime_extract_double_field( const char* scope_start, const char* scope_end, const char* key, double* out ) {","static int realtime_extract_double_field( || const char* scope_start, || const char* scope_end,"
15,realtime.c,realtime_extract_int_field,214,234,21,,,,,,,,6,3,0,0,0,0,multiple arithmetic sites in one function,"static int realtime_extract_int_field( const char* scope_start, const char* scope_end, const char* key, int* out ) {","static int realtime_extract_int_field( || const char* scope_start, || const char* scope_end,"
15,reflection.c,kain_reflection_get_type_count,455,458,4,count|payload,,,,,,,2,1,0,0,0,6,touches size/count/capacity vocabulary,int kain_reflection_get_type_count(const KainReflectionPayload* payload) {,int kain_reflection_get_type_count(const KainReflectionPayload* payload) { || return payload ? payload->type_count : 0; || }
15,reflection.c,kain_reflection_get_item_count,459,462,4,count|payload,,,,,,,2,1,0,0,0,6,touches size/count/capacity vocabulary,int kain_reflection_get_item_count(const KainReflectionPayload* payload) {,int kain_reflection_get_item_count(const KainReflectionPayload* payload) { || return payload ? payload->item_count : 0; || }
15,reflection.c,reflection_query_init,565,571,7,size,,,,,,,2,0,0,0,0,1,touches size/count/capacity vocabulary,void reflection_query_init(KainRuntimeReflectionQuery* query) {,void reflection_query_init(KainRuntimeReflectionQuery* query) { || if (!query) { || return;
15,reflection.c,reflection_record_init,572,578,7,size,,,,,,,2,0,0,0,0,1,touches size/count/capacity vocabulary,void reflection_record_init(KainRuntimeReflectionRecord* record) {,void reflection_record_init(KainRuntimeReflectionRecord* record) { || if (!record) { || return;
15,reflection.c,reflection_open_file,1800,1811,12,path,,,,,,,2,0,0,0,0,3,touches size/count/capacity vocabulary,"static FILE* reflection_open_file(const char* path, const char* mode) {","static FILE* reflection_open_file(const char* path, const char* mode) { || #ifdef _WIN32 || FILE* file = NULL;"
15,reflection.c,reflection_get_env_value,1812,1825,14,length|size,,,,,,,2,0,0,0,0,3,touches size/count/capacity vocabulary,static char* reflection_get_env_value(const char* env_name) {,static char* reflection_get_env_value(const char* env_name) { || if (!env_name) { || return NULL;
15,renderer_backend.c,kain_renderer_backend_count,42,46,5,count|size,,,,,,,0,1,0,0,0,4,touches size/count/capacity vocabulary,size_t kain_renderer_backend_count(void) {,size_t kain_renderer_backend_count(void) { || return sizeof(g_kain_renderer_backend_catalog) / || sizeof(g_kain_renderer_backend_catalog[0]);
15,renderer_backend.c,kain_renderer_backend_at,47,53,7,count|index|size,,,,,,,1,1,0,0,0,5,touches size/count/capacity vocabulary,const KainRendererBackendDescriptor* kain_renderer_backend_at(size_t index) {,const KainRendererBackendDescriptor* kain_renderer_backend_at(size_t index) { || if (index >= kain_renderer_backend_count()) { || return NULL;
15,renderer_session.c,kain_renderer_session_resolve_active_backend,39,57,19,,,,,,,,5,2,0,0,0,0,multiple arithmetic sites in one function,static const KainRendererBackendDescriptor* kain_renderer_session_resolve_active_backend( const KainRendererBackendDescriptor* requested_descriptor ) {,static const KainRendererBackendDescriptor* || kain_renderer_session_resolve_active_backend( || const KainRendererBackendDescriptor* requested_descriptor
15,scene.c,scene_pack_handle,2,11,10,generation|slot,,,,,,,2,0,0,0,0,6,touches size/count/capacity vocabulary,"static unsigned long long scene_pack_handle( KainSceneResourceKind kind, unsigned int slot, unsigned int generation ) {","static unsigned long long scene_pack_handle( || KainSceneResourceKind kind, || unsigned int slot,"
15,scene.c,kain_scene_handle_make,58,67,10,generation|slot,,,,,,,0,0,0,0,0,4,touches size/count/capacity vocabulary,"KainSceneHandle kain_scene_handle_make( KainSceneResourceKind kind, unsigned int slot, unsigned int generation ) {","KainSceneHandle kain_scene_handle_make( || KainSceneResourceKind kind, || unsigned int slot,"
15,scene.c,kain_scene_handle_slot,83,86,4,slot,,,,,,,0,0,0,0,0,1,touches size/count/capacity vocabulary,unsigned int kain_scene_handle_slot(KainSceneHandle handle) {,unsigned int kain_scene_handle_slot(KainSceneHandle handle) { || return (unsigned int)(handle.value & 0xffffffffull); || }
15,scene.c,kain_scene_handle_generation,87,90,4,generation,,,,,,,1,0,0,0,0,1,touches size/count/capacity vocabulary,unsigned int kain_scene_handle_generation(KainSceneHandle handle) {,unsigned int kain_scene_handle_generation(KainSceneHandle handle) { || return (unsigned int)((handle.value >> 32) & 0x00ffffffull); || }
15,scene.c,kain_scene_mutation_request_init,91,97,7,size,,,,,,,2,0,0,0,0,1,touches size/count/capacity vocabulary,void kain_scene_mutation_request_init(KainSceneMutationRequest* request) {,void kain_scene_mutation_request_init(KainSceneMutationRequest* request) { || if (!request) { || return;
15,scene.c,kain_scene_mutation_receipt_init,98,104,7,size,,,,,,,2,0,0,0,0,1,touches size/count/capacity vocabulary,void kain_scene_mutation_receipt_init(KainSceneMutationReceipt* receipt) {,void kain_scene_mutation_receipt_init(KainSceneMutationReceipt* receipt) { || if (!receipt) { || return;
15,scene.c,kain_scene_query_request_init,105,112,8,size,,,,,,,3,1,0,0,0,1,touches size/count/capacity vocabulary,void kain_scene_query_request_init(KainSceneQueryRequest* request) {,void kain_scene_query_request_init(KainSceneQueryRequest* request) { || if (!request) { || return;
15,scene.c,kain_scene_query_result_init,113,119,7,size,,,,,,,2,0,0,0,0,1,touches size/count/capacity vocabulary,void kain_scene_query_result_init(KainSceneQueryResult* result) {,void kain_scene_query_result_init(KainSceneQueryResult* result) { || if (!result) { || return;
15,scene.c,backend_descriptor_init,138,144,7,size,,,,,,,2,0,0,0,0,1,touches size/count/capacity vocabulary,void backend_descriptor_init(KainRuntimeBackendDescriptor* descriptor) {,void backend_descriptor_init(KainRuntimeBackendDescriptor* descriptor) { || if (!descriptor) { || return;
15,scene.c,display_descriptor_init,145,151,7,size,,,,,,,2,0,0,0,0,1,touches size/count/capacity vocabulary,void display_descriptor_init(KainRuntimeDisplayDescriptor* descriptor) {,void display_descriptor_init(KainRuntimeDisplayDescriptor* descriptor) { || if (!descriptor) { || return;
15,scene.c,device_descriptor_init,152,158,7,size,,,,,,,2,0,0,0,0,1,touches size/count/capacity vocabulary,void device_descriptor_init(KainRuntimeDeviceDescriptor* descriptor) {,void device_descriptor_init(KainRuntimeDeviceDescriptor* descriptor) { || if (!descriptor) { || return;
15,scene.c,backend_supports_feature,159,168,10,mask,,,,,,,2,1,0,0,0,1,touches size/count/capacity vocabulary,"int backend_supports_feature( const KainRuntimeBackendDescriptor* descriptor, unsigned long long feature_flag ) {","int backend_supports_feature( || const KainRuntimeBackendDescriptor* descriptor, || unsigned long long feature_flag"
15,scene.c,device_supports_feature,169,178,10,mask,,,,,,,2,1,0,0,0,1,touches size/count/capacity vocabulary,"int device_supports_feature( const KainRuntimeDeviceDescriptor* descriptor, unsigned long long feature_flag ) {","int device_supports_feature( || const KainRuntimeDeviceDescriptor* descriptor, || unsigned long long feature_flag"
15,scene.c,kain_scene_query_kind_name,227,239,13,bound|mask,,,,,,,2,0,0,0,0,4,touches size/count/capacity vocabulary,const char* kain_scene_query_kind_name(KainSceneQueryKind kind) {,"const char* kain_scene_query_kind_name(KainSceneQueryKind kind) { || switch (kind) { || case KAIN_SCENE_QUERY_PICK: return ""pick"";"
15,services.c,kain_service_registry_spin_pause,175,192,18,index,,,,,,,0,0,0,0,0,3,touches size/count/capacity vocabulary,static void kain_service_registry_spin_pause(unsigned int spin_index) {,static void kain_service_registry_spin_pause(unsigned int spin_index) { || #ifdef _WIN32 || if ((spin_index & 63u) == 63u) {
15,services.c,kain_service_registry_count_load,200,208,9,count,,,,_count_load(|atomic_,,,2,1,0,0,0,2,touches size/count/capacity vocabulary,static int kain_service_registry_count_load( const KainServiceRegistry* registry ) {,static int kain_service_registry_count_load( || const KainServiceRegistry* registry || ) {
15,services.c,kain_service_registry_lock,209,230,22,index,,,,atomic_,,,3,1,0,0,0,2,touches size/count/capacity vocabulary,static void kain_service_registry_lock(KainServiceRegistry* registry) {,static void kain_service_registry_lock(KainServiceRegistry* registry) { || unsigned int spin_index = 0u; || if (registry == NULL) {
15,services.c,kain_service_registry_canonicalize_key,654,756,103,length|size,,,,,,,3,1,0,0,0,20,touches size/count/capacity vocabulary,const char* kain_service_registry_canonicalize_key(const char* key) {,const char* kain_service_registry_canonicalize_key(const char* key) { || size_t key_length; || uint64_t key_state;
15,services.c,kain_service_registry_is_available,1012,1022,11,,,,,,,,4,1,0,0,0,0,multiple arithmetic sites in one function,"int kain_service_registry_is_available( const KainServiceRegistry* registry, const char* key ) {","int kain_service_registry_is_available( || const KainServiceRegistry* registry, || const char* key"
15,services.c,kain_service_registry_get_status,1023,1033,11,,,,,,,,4,1,0,0,0,0,multiple arithmetic sites in one function,"KainServiceStatus kain_service_registry_get_status( const KainServiceRegistry* registry, const char* key ) {","KainServiceStatus kain_service_registry_get_status( || const KainServiceRegistry* registry, || const char* key"
15,simd.c,kain_simd_mask_is_pow2_minus_one,87,91,5,mask,,,,,,,1,0,0,0,0,7,touches size/count/capacity vocabulary,static int kain_simd_mask_is_pow2_minus_one(int64_t mask) {,static int kain_simd_mask_is_pow2_minus_one(int64_t mask) { || const uint64_t unsigned_mask = (uint64_t)mask; || return mask >= 0 && (unsigned_mask & (unsigned_mask + 1u)) == 0u;
15,simd.c,abi_simd_i64_dot_i32_domain_avx2_mod,334,351,18,mask,,,,,,,3,0,0,0,0,1,touches size/count/capacity vocabulary,"int64_t abi_simd_i64_dot_i32_domain_avx2_mod( const int64_t* left, const int64_t* right, int64_t cells, int64_t lane_bias, int64_t modulus ) {","int64_t abi_simd_i64_dot_i32_domain_avx2_mod( || const int64_t* left, || const int64_t* right,"
15,simd.c,abi_simd_i64_dot_i32_domain_affine_accumulate_avx2_mod,352,383,32,mask,,,,,,,3,0,0,0,0,1,touches size/count/capacity vocabulary,"int64_t abi_simd_i64_dot_i32_domain_affine_accumulate_avx2_mod( const int64_t* left, const int64_t* right, int64_t cells, int64_t passes, int64_t bias_mod, int64_t phase_mod, int64_t modulus ) {","int64_t abi_simd_i64_dot_i32_domain_affine_accumulate_avx2_mod( || const int64_t* left, || const int64_t* right,"
15,simd.c,abi_simd_i64_dot_i32_domain_avx512_mod,384,404,21,mask,,,,,,,3,0,0,0,0,2,touches size/count/capacity vocabulary,"int64_t abi_simd_i64_dot_i32_domain_avx512_mod( const int64_t* left, const int64_t* right, int64_t cells, int64_t lane_bias, int64_t modulus ) {","int64_t abi_simd_i64_dot_i32_domain_avx512_mod( || const int64_t* left, || const int64_t* right,"
15,simd.c,abi_simd_i64_dot_i32_domain_affine_accumulate_avx512_mod,405,445,41,mask,,,,,,,3,0,0,0,0,2,touches size/count/capacity vocabulary,"int64_t abi_simd_i64_dot_i32_domain_affine_accumulate_avx512_mod( const int64_t* left, const int64_t* right, int64_t cells, int64_t passes, int64_t bias_mod, int64_t phase_mod, int64_t modulus ) {","int64_t abi_simd_i64_dot_i32_domain_affine_accumulate_avx512_mod( || const int64_t* left, || const int64_t* right,"
15,stdlib_abi.c,abi_size_add_overflows,37,40,4,size,SIZE_MAX|overflow,,,,,,1,0,0,0,0,4,touches size/count/capacity vocabulary,"static int abi_size_add_overflows(size_t left, size_t right) {","static int abi_size_add_overflows(size_t left, size_t right) { || return left > (SIZE_MAX - right); || }"
15,stdlib_abi.c,abi_copy_text,101,114,14,capacity|index|size,,,,,,,3,3,0,0,0,12,touches size/count/capacity vocabulary,"static void abi_copy_text(char* destination, size_t capacity, const char* source) {","static void abi_copy_text(char* destination, size_t capacity, const char* source) { || size_t index = 0u; || if (destination == NULL || capacity == 0u) {"
15,stdlib_abi.c,abi_parse_env_u64,115,138,24,,,,,,,,5,1,0,0,0,0,multiple arithmetic sites in one function,"static int abi_parse_env_u64(const char* key, uint64_t default_value, uint64_t* out_value) {","static int abi_parse_env_u64(const char* key, uint64_t default_value, uint64_t* out_value) { || const char* text; || char* end = NULL;"
15,stdlib_abi.c,abi_tagged_new,640,648,9,allocation|payload|size,,,,,,,3,1,0,0,0,8,touches size/count/capacity vocabulary,"static void* abi_tagged_new(int64_t tag, const void* payload, int64_t payload_size) {","static void* abi_tagged_new(int64_t tag, const void* payload, int64_t payload_size) { || KainNativeTaggedValue* value = (KainNativeTaggedValue*)abi_copy_payload_allocation(payload, payload_size); || if (value == 0) {"
15,stdlib_abi.c,abi_option_some,660,663,4,payload|size,,,,,,,1,0,0,0,0,6,touches size/count/capacity vocabulary,"void* abi_option_some(const void* payload, int64_t payload_size) {","void* abi_option_some(const void* payload, int64_t payload_size) { || return abi_tagged_new(ABI_TAG_OPTION_SOME, payload, payload_size); || }"
15,stdlib_abi.c,abi_option_payload_copy,706,712,7,payload|size,,,,,,,2,0,0,0,0,8,touches size/count/capacity vocabulary,"int64_t abi_option_payload_copy(const void* value, void* out_payload, int64_t out_payload_size) {","int64_t abi_option_payload_copy(const void* value, void* out_payload, int64_t out_payload_size) { || if (!abi_option_is_some(value)) { || return -1;"
15,stdlib_abi.c,abi_result_ok,713,716,4,payload|size,,,,,,,1,0,0,0,0,6,touches size/count/capacity vocabulary,"void* abi_result_ok(const void* payload, int64_t payload_size) {","void* abi_result_ok(const void* payload, int64_t payload_size) { || return abi_tagged_new(ABI_TAG_RESULT_OK, payload, payload_size); || }"
15,stdlib_abi.c,abi_result_err,717,720,4,payload|size,,,,,,,1,0,0,0,0,6,touches size/count/capacity vocabulary,"void* abi_result_err(const void* payload, int64_t payload_size) {","void* abi_result_err(const void* payload, int64_t payload_size) { || return abi_tagged_new(ABI_TAG_RESULT_ERR, payload, payload_size); || }"
15,stdlib_abi.c,abi_future_allocation_size,748,761,14,allocation|payload|size,overflow,,,,,,1,0,0,0,0,22,touches size/count/capacity vocabulary,"static int abi_future_allocation_size( int64_t payload_size, size_t* allocation_size ) {","static int abi_future_allocation_size( || int64_t payload_size, || size_t* allocation_size"
15,stdlib_abi.c,abi_future_is_inline_ready,762,767,6,allocation|bound|payload,,,,,,,3,1,0,0,0,4,touches size/count/capacity vocabulary,static int abi_future_is_inline_ready(const KainNativeFutureValue* future) {,static int abi_future_is_inline_ready(const KainNativeFutureValue* future) { || /* task_id == 0 is the ready-inline sentinel. The payload tail stays within || * the RC allocation; see z3/proofs-experimental/async-ready-future-inline-payload-bounds.smt2. */
15,stdlib_abi.c,abi_future_state,801,811,11,,,,,,,,4,1,0,0,0,0,multiple arithmetic sites in one function,int64_t abi_future_state(const void* future_value) {,int64_t abi_future_state(const void* future_value) { || KainNativeFutureValue* future = abi_as_future(future_value); || if (future == 0) {
15,stdlib_abi.c,abi_actor_default_mailbox_capacity,878,881,4,capacity,,,,,,,0,0,0,0,0,2,touches size/count/capacity vocabulary,int64_t abi_actor_default_mailbox_capacity(void) {,int64_t abi_actor_default_mailbox_capacity(void) { || return (int64_t)KAIN_MAILBOX_DEFAULT_CAPACITY; || }
15,stdlib_abi.c,abi_actor_unbounded_mailbox_capacity,882,885,4,bound|capacity,,,,,,,0,0,0,0,0,4,touches size/count/capacity vocabulary,int64_t abi_actor_unbounded_mailbox_capacity(void) {,int64_t abi_actor_unbounded_mailbox_capacity(void) { || return (int64_t)KAIN_MAILBOX_UNBOUNDED_CAPACITY; || }
15,stdlib_abi.c,abi_hash_message_name,902,914,13,,,,,,,,5,0,0,0,0,0,multiple arithmetic sites in one function,static unsigned long long abi_hash_message_name(const char* value) {,static unsigned long long abi_hash_message_name(const char* value) { || unsigned long long hash = 1469598103934665603ULL; || if (value == 0) {
15,stdlib_abi.c,abi_copy_actor_name,915,928,14,index|size,,,,,,,3,3,0,0,0,12,touches size/count/capacity vocabulary,"static void abi_copy_actor_name(char* destination, size_t destination_size, const char* source) {","static void abi_copy_actor_name(char* destination, size_t destination_size, const char* source) { || size_t index = 0; || if (destination == 0 || destination_size == 0) {"
15,stdlib_abi.c,abi_actor_spawn,949,962,14,capacity|payload|size,,,,,,,1,0,0,0,0,5,touches size/count/capacity vocabulary,"int64_t abi_actor_spawn(const char* actor_name, const char* init_payload) {","int64_t abi_actor_spawn(const char* actor_name, const char* init_payload) { || KainDiagnostic diag = abi_diag(); || KainActorSpawnConfig config;"
15,stdlib_abi.c,abi_actor_send,963,972,10,payload|size,,,,,,,3,0,0,0,0,5,touches size/count/capacity vocabulary,"int64_t abi_actor_send(int64_t actor_id, const char* message_name, const char* data_payload) {","int64_t abi_actor_send(int64_t actor_id, const char* message_name, const char* data_payload) { || KainDiagnostic diag = abi_diag(); || KainActorMessage message;"
15,stdlib_abi.c,abi_actor_supervision_observed_child_exit_count,1045,1052,8,count,,,,,,,1,0,0,0,0,2,touches size/count/capacity vocabulary,int64_t abi_actor_supervision_observed_child_exit_count(int64_t actor_id) {,"int64_t abi_actor_supervision_observed_child_exit_count(int64_t actor_id) { || KainActorSupervisionSnapshot snapshot; || if (abi_actor_supervision_snapshot(actor_id, &snapshot) != 0) {"
15,stdlib_abi.c,abi_actor_supervision_restart_attempt_count,1053,1060,8,count,,,,,,,1,0,0,0,0,2,touches size/count/capacity vocabulary,int64_t abi_actor_supervision_restart_attempt_count(int64_t actor_id) {,"int64_t abi_actor_supervision_restart_attempt_count(int64_t actor_id) { || KainActorSupervisionSnapshot snapshot; || if (abi_actor_supervision_snapshot(actor_id, &snapshot) != 0) {"
15,stdlib_abi.c,abi_actor_supervision_escalation_count,1061,1068,8,count,,,,,,,1,0,0,0,0,2,touches size/count/capacity vocabulary,int64_t abi_actor_supervision_escalation_count(int64_t actor_id) {,"int64_t abi_actor_supervision_escalation_count(int64_t actor_id) { || KainActorSupervisionSnapshot snapshot; || if (abi_actor_supervision_snapshot(actor_id, &snapshot) != 0) {"
15,stdlib_abi.c,abi_actor_supervision_limit_hit,1069,1076,8,limit,,,,,,,0,0,0,0,0,3,touches size/count/capacity vocabulary,int abi_actor_supervision_limit_hit(int64_t actor_id) {,"int abi_actor_supervision_limit_hit(int64_t actor_id) { || KainActorSupervisionSnapshot snapshot; || if (abi_actor_supervision_snapshot(actor_id, &snapshot) != 0) {"
15,stdlib_abi.c,abi_actor_scheduler_worker_count,1099,1102,4,count,,,,,,,0,0,0,0,0,2,touches size/count/capacity vocabulary,int64_t abi_actor_scheduler_worker_count(void) {,int64_t abi_actor_scheduler_worker_count(void) { || return (int64_t)abi_actor_scheduler_snapshot().worker_count; || }
15,stdlib_abi.c,abi_entangle_registered_count,1120,1123,4,count,,,,,,,0,0,0,0,0,2,touches size/count/capacity vocabulary,int64_t abi_entangle_registered_count(void) {,int64_t abi_entangle_registered_count(void) { || return (int64_t)entangle_registry_count(); || }
15,stdlib_abi.c,abi_entangle_register,1124,1132,9,,,,,,,,4,0,0,0,0,0,multiple arithmetic sites in one function,"int64_t abi_entangle_register( const char* authority, const char* mirror, const char* policy, const char* type_name ) {","int64_t abi_entangle_register( || const char* authority, || const char* mirror,"
15,stdlib_abi.c,abi_entangle_binding_at,1133,1143,11,index|size,,,,,,,1,0,0,0,0,4,touches size/count/capacity vocabulary,static const KainRuntimeEntangleBinding* abi_entangle_binding_at(int64_t index) {,static const KainRuntimeEntangleBinding* abi_entangle_binding_at(int64_t index) { || static KainRuntimeEntangleBinding binding; || if (index < 0) {
15,stdlib_abi.c,abi_patch_begin,1185,1189,5,size,,,,,,,1,0,0,0,0,1,touches size/count/capacity vocabulary,int64_t abi_patch_begin(const char* patch_name) {,"int64_t abi_patch_begin(const char* patch_name) { || abi_copy_text(g_kain_native_active_patch, sizeof(g_kain_native_active_patch), patch_name); || return 0;"
15,stdlib_abi.c,abi_patch_journal_count,1236,1239,4,count,,,,,,,0,0,0,0,0,2,touches size/count/capacity vocabulary,int64_t abi_patch_journal_count(void) {,int64_t abi_patch_journal_count(void) { || return g_kain_native_patch_journal_count; || }
15,stdlib_abi.c,abi_entangle_propagation_count,1263,1266,4,count,,,,,,,0,0,0,0,0,2,touches size/count/capacity vocabulary,int64_t abi_entangle_propagation_count(void) {,int64_t abi_entangle_propagation_count(void) { || return g_kain_native_entangle_propagation_count; || }
15,stdlib_abi.c,abi_converge_mismatch_count,1295,1298,4,count,,,,,,,0,0,0,0,0,2,touches size/count/capacity vocabulary,int64_t abi_converge_mismatch_count(void) {,int64_t abi_converge_mismatch_count(void) { || return g_kain_native_converge_mismatch_count; || }
15,stdlib_abi.c,abi_orchestrate_stage_count,1312,1315,4,count,,,,,,,0,0,0,0,0,2,touches size/count/capacity vocabulary,int64_t abi_orchestrate_stage_count(void) {,int64_t abi_orchestrate_stage_count(void) { || return g_kain_native_orchestrate_stage_count; || }
15,stdlib_abi.c,abi_fs_copy_message,1347,1361,15,size,,,,,,,3,1,0,0,0,6,touches size/count/capacity vocabulary,"static void abi_fs_copy_message(char* destination, size_t destination_size, const char* source) {","static void abi_fs_copy_message(char* destination, size_t destination_size, const char* source) { || if (destination == 0 || destination_size == 0) { || return;"
15,stdlib_abi.c,abi_fs_path_is_absolute,1569,1578,10,path,,,,,,,1,3,0,0,0,8,touches size/count/capacity vocabulary,static int abi_fs_path_is_absolute(const char* path) {,static int abi_fs_path_is_absolute(const char* path) { || if (path == 0 || path[0] == '\0') { || return 0;
15,stdlib_abi.c,abi_fs_write_mode_len,1721,1741,21,length|path|size,,,,,,,2,1,0,0,0,13,touches size/count/capacity vocabulary,"static int64_t abi_fs_write_mode_len(const char* path, const char* content, size_t length, const char* mode) {","static int64_t abi_fs_write_mode_len(const char* path, const char* content, size_t length, const char* mode) { || FILE* file = 0; || if (path == 0 || path[0] == '\0') {"
15,stdlib_abi.c,abi_fs_write_mode,1742,1748,7,path,,,,,,,1,0,0,0,0,3,touches size/count/capacity vocabulary,"static int64_t abi_fs_write_mode(const char* path, const char* content, const char* mode) {","static int64_t abi_fs_write_mode(const char* path, const char* content, const char* mode) { || if (content == 0) { || return abi_fs_write_mode_len(path, """", 0u, mode);"
15,stdlib_abi.c,abi_fs_write_text,1837,1840,4,path,,,,,,,1,0,0,0,0,2,touches size/count/capacity vocabulary,"int64_t abi_fs_write_text(const char* path, const char* content) {","int64_t abi_fs_write_text(const char* path, const char* content) { || return abi_fs_write_mode(path, content, ""wb""); || }"
15,stdlib_abi.c,abi_fs_write_text_len,1841,1848,8,length|path|size,,,,,,,1,0,0,0,0,7,touches size/count/capacity vocabulary,"int64_t abi_fs_write_text_len(const char* path, const char* content, int64_t content_length) {","int64_t abi_fs_write_text_len(const char* path, const char* content, int64_t content_length) { || if (content_length < 0) { || errno = EINVAL;"
15,stdlib_abi.c,abi_fs_append_text,1849,1852,4,path,,,,,,,1,0,0,0,0,2,touches size/count/capacity vocabulary,"int64_t abi_fs_append_text(const char* path, const char* content) {","int64_t abi_fs_append_text(const char* path, const char* content) { || return abi_fs_write_mode(path, content, ""ab""); || }"
15,stdlib_abi.c,abi_fs_append_text_len,1853,1860,8,length|path|size,,,,,,,1,0,0,0,0,7,touches size/count/capacity vocabulary,"int64_t abi_fs_append_text_len(const char* path, const char* content, int64_t content_length) {","int64_t abi_fs_append_text_len(const char* path, const char* content, int64_t content_length) { || if (content_length < 0) { || errno = EINVAL;"
15,stdlib_abi.c,abi_fs_hex_value,1861,1867,7,,,,,,,,4,0,0,0,0,0,multiple arithmetic sites in one function,static int abi_fs_hex_value(char ch) {,static int abi_fs_hex_value(char ch) { || if (ch >= '0' && ch <= '9') return ch - '0'; || if (ch >= 'a' && ch <= 'f') return ch - 'a' + 10;
15,stdlib_abi.c,abi_fs_read_bytes_hex,1924,1954,31,bytes|path|size,,,,,,,2,1,0,0,0,19,touches size/count/capacity vocabulary,const char* abi_fs_read_bytes_hex(const char* path) {,const char* abi_fs_read_bytes_hex(const char* path) { || long size; || FILE* file = 0;
15,stdlib_abi.c,abi_fs_exists,1995,2005,11,path,,,,,,,1,1,0,0,0,5,touches size/count/capacity vocabulary,int abi_fs_exists(const char* path) {,int abi_fs_exists(const char* path) { || if (path == 0 || path[0] == '\0') { || return 0;
15,stdlib_abi.c,abi_fs_is_file,2006,2018,13,path|word,,,,,,,1,1,0,0,0,7,touches size/count/capacity vocabulary,int abi_fs_is_file(const char* path) {,int abi_fs_is_file(const char* path) { || #ifdef _WIN32 || DWORD attrs;
15,stdlib_abi.c,abi_fs_is_dir,2019,2031,13,path|word,,,,,,,1,1,0,0,0,7,touches size/count/capacity vocabulary,int abi_fs_is_dir(const char* path) {,int abi_fs_is_dir(const char* path) { || #ifdef _WIN32 || DWORD attrs;
15,stdlib_abi.c,abi_fs_file_type_text,2034,2040,7,path|word,,,,,,,1,0,0,0,0,3,touches size/count/capacity vocabulary,static const char* abi_fs_file_type_text(const char* path) {,static const char* abi_fs_file_type_text(const char* path) { || DWORD attrs = GetFileAttributesA(path); || if (attrs != INVALID_FILE_ATTRIBUTES && (attrs & FILE_ATTRIBUTE_DIRECTORY) != 0) {
15,union.c,min3,13,18,6,size,,,,,,,1,0,0,0,0,6,touches size/count/capacity vocabulary,"/* Helper to compute minimum of three size_t values */ static size_t min3(size_t a, size_t b, size_t c) {","/* Helper to compute minimum of three size_t values */ || static size_t min3(size_t a, size_t b, size_t c) { || size_t min_ab = (a < b) ? a : b;"
10,cpu.c,abi_cpu_prefetch_read,290,314,25,,,,,,,,2,7,0,0,0,0,dense pointer or indexing traffic,"void abi_cpu_prefetch_read(const void* ptr, int64_t locality) {","void abi_cpu_prefetch_read(const void* ptr, int64_t locality) { || #if defined(__GNUC__) || defined(__clang__) || switch (abi_prefetch_locality(locality)) {"
10,cpu.c,abi_cpu_prefetch_write,315,339,25,,,,,,,,2,7,0,0,0,0,dense pointer or indexing traffic,"void abi_cpu_prefetch_write(const void* ptr, int64_t locality) {","void abi_cpu_prefetch_write(const void* ptr, int64_t locality) { || #if defined(__GNUC__) || defined(__clang__) || switch (abi_prefetch_locality(locality)) {"
0,actor.c,kain_actor_isolate_low_bit_u64,309,312,4,,,,,,,,1,0,0,0,0,0,,static uint64_t kain_actor_isolate_low_bit_u64(uint64_t value) {,static uint64_t kain_actor_isolate_low_bit_u64(uint64_t value) { || return value & (0u - value); || }
0,actor.c,kain_actor_runtime_init_state_load,351,357,7,,,,,_state_load(|atomic_,,,0,0,0,0,0,0,,static unsigned int kain_actor_runtime_init_state_load(void) {,"static unsigned int kain_actor_runtime_init_state_load(void) { || return atomic_load_explicit( || &g_actor_runtime_init_state,"
0,actor.c,kain_actor_runtime_try_transition,358,370,13,,,,,atomic_,,,0,0,0,0,0,0,,"static int kain_actor_runtime_try_transition( unsigned int expected_state, unsigned int next_state ) {","static int kain_actor_runtime_try_transition( || unsigned int expected_state, || unsigned int next_state"
0,actor.c,kain_actor_runtime_is_initialized,371,375,5,,,,,_state_load(,,,0,0,0,0,0,0,,static int kain_actor_runtime_is_initialized(void) {,static int kain_actor_runtime_is_initialized(void) { || return kain_actor_runtime_init_state_load() == || KAIN_ACTOR_RUNTIME_INIT_STATE_READY;
0,actor.c,kain_actor_scheduler_flag_load,376,385,10,,,,,Interlocked|__atomic_|atomic_,,,3,0,0,0,0,0,,static int kain_actor_scheduler_flag_load(const int* value) {,"static int kain_actor_scheduler_flag_load(const int* value) { || #if defined(__clang__) || defined(__GNUC__) || return __atomic_load_n(value, __ATOMIC_ACQUIRE);"
0,actor.c,kain_actor_scheduler_flag_store,386,395,10,,,,,Interlocked|__atomic_|atomic_,,,2,0,0,0,0,0,,"static void kain_actor_scheduler_flag_store(int* value, int next_value) {","static void kain_actor_scheduler_flag_store(int* value, int next_value) { || #if defined(__clang__) || defined(__GNUC__) || __atomic_store_n(value, next_value, __ATOMIC_RELEASE);"
0,actor.c,kain_actor_reply_port_state_reset,775,778,4,,,,,,,,1,0,0,0,0,0,,static void kain_actor_reply_port_state_reset(KainActorReplyPortState* state) {,"static void kain_actor_reply_port_state_reset(KainActorReplyPortState* state) { || kain_actor_reply_port_state_reset_with_actor_ref(state, NULL); || }"
0,actor.c,kain_actor_runtime_ensure_initialized,1316,1319,4,,,,,,,,0,0,0,0,0,0,,static void kain_actor_runtime_ensure_initialized(void) {,static void kain_actor_runtime_ensure_initialized(void) { || kain_actor_runtime_init(); || }
0,actor.c,kain_actor_ref_from_id,1380,1384,5,,,,,,,,1,0,0,0,0,0,,"void kain_actor_ref_from_id(KainActorId actor_id, KainActorRef* out_ref) {","void kain_actor_ref_from_id(KainActorId actor_id, KainActorRef* out_ref) { || kain_actor_runtime_ensure_initialized(); || (void)kain_actor_table_copy_ref(actor_id, out_ref);"
0,actor.c,kain_actor_ref_is_live,1385,1407,23,,,EnterCriticalSection(|LeaveCriticalSection(|pthread_mutex_lock(|pthread_mutex_unlock(,,,,,1,0,0,0,0,0,,int kain_actor_ref_is_live(const KainActorRef* actor_ref) {,int kain_actor_ref_is_live(const KainActorRef* actor_ref) { || int is_live = 0; || if (actor_ref == NULL) {
0,actor.c,kain_actor_is_microcell_turn_actor,1664,1669,6,,,,,,,,3,2,0,0,0,0,,static int kain_actor_is_microcell_turn_actor(const KainActorState_Internal* actor) {,static int kain_actor_is_microcell_turn_actor(const KainActorState_Internal* actor) { || return actor != NULL && || actor->entry_kind == KAIN_ACTOR_ENTRY_KIND_MICROCELL_TURN &&
0,actor.c,kain_actor_scheduler_busy_worker_begin,1670,1686,17,,,EnterCriticalSection(|LeaveCriticalSection(|pthread_mutex_lock(|pthread_mutex_unlock(,,,,,1,0,1,0,0,0,,static void kain_actor_scheduler_busy_worker_begin(void) {,static void kain_actor_scheduler_busy_worker_begin(void) { || #ifdef _WIN32 || EnterCriticalSection(&g_scheduler.lock);
0,actor.c,kain_actor_scheduler_busy_worker_end,1687,1702,16,,,EnterCriticalSection(|LeaveCriticalSection(|pthread_mutex_lock(|pthread_mutex_unlock(,,,,,1,0,0,0,0,0,,static void kain_actor_scheduler_busy_worker_end(void) {,static void kain_actor_scheduler_busy_worker_end(void) { || #ifdef _WIN32 || EnterCriticalSection(&g_scheduler.lock);
0,async.c,kain_async_mutex_init,153,160,8,,,,,,,,1,0,0,0,0,0,,static void kain_async_mutex_init(KainAsyncMutex* mutex) {,static void kain_async_mutex_init(KainAsyncMutex* mutex) { || #ifdef _WIN32 || InitializeCriticalSection(mutex);
0,async.c,kain_async_mutex_lock,161,168,8,,,EnterCriticalSection(|kain_async_mutex_lock(|pthread_mutex_lock(,,,,,1,0,0,0,0,0,,static void kain_async_mutex_lock(KainAsyncMutex* mutex) {,static void kain_async_mutex_lock(KainAsyncMutex* mutex) { || #ifdef _WIN32 || EnterCriticalSection(mutex);
0,async.c,kain_async_mutex_unlock,169,176,8,,,LeaveCriticalSection(|kain_async_mutex_unlock(|pthread_mutex_unlock(,,,,,1,0,0,0,0,0,,static void kain_async_mutex_unlock(KainAsyncMutex* mutex) {,static void kain_async_mutex_unlock(KainAsyncMutex* mutex) { || #ifdef _WIN32 || LeaveCriticalSection(mutex);
0,async.c,kain_async_cond_init,177,184,8,,,,,,,,1,0,0,0,0,0,,static void kain_async_cond_init(KainAsyncCondVar* cond) {,static void kain_async_cond_init(KainAsyncCondVar* cond) { || #ifdef _WIN32 || InitializeConditionVariable(cond);
0,async.c,kain_async_cond_signal,185,192,8,,,,,,,,1,0,0,0,0,0,,static void kain_async_cond_signal(KainAsyncCondVar* cond) {,static void kain_async_cond_signal(KainAsyncCondVar* cond) { || #ifdef _WIN32 || WakeConditionVariable(cond);
0,async.c,kain_async_cond_wait,193,200,8,,,,,,,,1,0,0,0,0,0,,"static void kain_async_cond_wait(KainAsyncCondVar* cond, KainAsyncMutex* mutex) {","static void kain_async_cond_wait(KainAsyncCondVar* cond, KainAsyncMutex* mutex) { || #ifdef _WIN32 || SleepConditionVariableCS(cond, mutex, INFINITE);"
0,async.c,kain_async_sleep_for_ms,201,204,4,,,,,,,,0,0,0,0,0,0,,static void kain_async_sleep_for_ms(unsigned long long delay_ms) {,static void kain_async_sleep_for_ms(unsigned long long delay_ms) { || kain_attrition_sleep_for_millis(delay_ms); || }
0,async.c,kain_async_runtime_init_once,241,247,7,,,,,,,,1,0,0,0,0,0,,"static BOOL CALLBACK kain_async_runtime_init_once(PINIT_ONCE init_once, PVOID parameter, PVOID* context) {","static BOOL CALLBACK kain_async_runtime_init_once(PINIT_ONCE init_once, PVOID parameter, PVOID* context) { || (void)init_once; || (void)parameter;"
0,async.c,kain_async_runtime_init_once,249,251,3,,,,,,,,0,0,0,0,0,0,,static void kain_async_runtime_init_once(void) {,static void kain_async_runtime_init_once(void) { || kain_async_runtime_init_impl(); || }
0,async.c,kain_async_ensure_initialized,253,260,8,,,,InitOnceExecuteOnce(|pthread_once(,,,,0,0,0,0,0,0,,static void kain_async_ensure_initialized(void) {,"static void kain_async_ensure_initialized(void) { || #ifdef _WIN32 || InitOnceExecuteOnce(&g_async_init_once, kain_async_runtime_init_once, NULL, NULL);"
0,async.c,kain_async_isolate_low_bit_u64,280,283,4,,,,,,,,1,0,0,0,0,0,,static uint64_t kain_async_isolate_low_bit_u64(uint64_t value) {,static uint64_t kain_async_isolate_low_bit_u64(uint64_t value) { || return value & (0u - value); || }
0,async.c,kain_async_find_task,512,525,14,,,kain_async_mutex_lock(|kain_async_mutex_unlock(,,,,,2,0,0,0,0,0,,static KainAsyncTaskRecord* kain_async_find_task(KainTaskId task_id) {,static KainAsyncTaskRecord* kain_async_find_task(KainTaskId task_id) { || KainAsyncTaskRecord* record = NULL; || if (task_id == KAIN_TASK_ID_INVALID) {
0,async.c,kain_async_find_timer,616,629,14,,,kain_async_mutex_lock(|kain_async_mutex_unlock(,,,,,2,0,0,0,0,0,,static KainAsyncTimerRecord* kain_async_find_timer(KainTimerId timer_id) {,static KainAsyncTimerRecord* kain_async_find_timer(KainTimerId timer_id) { || KainAsyncTimerRecord* record = NULL; || if (timer_id == KAIN_TIMER_ID_INVALID) {
0,async.c,kain_async_task_is_terminal,665,670,6,,,,,,,,0,0,0,0,0,0,,static int kain_async_task_is_terminal(KainTaskState state) {,static int kain_async_task_is_terminal(KainTaskState state) { || return state == KAIN_TASK_STATE_COMPLETED || || state == KAIN_TASK_STATE_CANCELLED ||
0,attrition.c,kain_attrition_lock,85,92,8,,,EnterCriticalSection(|pthread_mutex_lock(,,,,,0,0,0,0,0,0,,static void kain_attrition_lock(void) {,static void kain_attrition_lock(void) { || #ifdef _WIN32 || EnterCriticalSection(&g_kain_attrition_state.lock);
0,attrition.c,kain_attrition_unlock,93,100,8,,,LeaveCriticalSection(|pthread_mutex_unlock(,,,,,0,0,0,0,0,0,,static void kain_attrition_unlock(void) {,static void kain_attrition_unlock(void) { || #ifdef _WIN32 || LeaveCriticalSection(&g_kain_attrition_state.lock);
0,attrition.c,kain_attrition_enabled_fast,101,104,4,,,,,atomic_,,,0,0,1,0,0,0,,static int kain_attrition_enabled_fast(void) {,"static int kain_attrition_enabled_fast(void) { || return atomic_load_explicit(&g_kain_attrition_enabled_fast, memory_order_relaxed) != 0u; || }"
0,attrition.c,kain_attrition_u64_saturating_add,105,120,16,,INT64_MAX|overflow,,,,,,2,0,0,0,0,0,,"static uint64_t kain_attrition_u64_saturating_add(uint64_t left, uint64_t right) {","static uint64_t kain_attrition_u64_saturating_add(uint64_t left, uint64_t right) { || /* || * Proof:"
0,attrition.c,kain_attrition_update_peak_u64,121,126,6,,,,,,,,2,0,0,0,0,0,,"static void kain_attrition_update_peak_u64(uint64_t* peak, uint64_t candidate) {","static void kain_attrition_update_peak_u64(uint64_t* peak, uint64_t candidate) { || if (peak != NULL && candidate > *peak) { || *peak = candidate;"
0,attrition.c,kain_attrition_init_once,242,249,8,,,,,,,,1,0,1,1,0,0,,"static BOOL CALLBACK kain_attrition_init_once(PINIT_ONCE init_once, PVOID parameter, PVOID* context) {","static BOOL CALLBACK kain_attrition_init_once(PINIT_ONCE init_once, PVOID parameter, PVOID* context) { || (void)init_once; || (void)parameter;"
0,attrition.c,kain_attrition_init_once,251,254,4,,,,,,,,0,0,1,1,0,0,,static void kain_attrition_init_once(void) {,"static void kain_attrition_init_once(void) { || pthread_mutex_init(&g_kain_attrition_state.lock, NULL); || g_kain_attrition_state.initialized = 1;"
0,attrition.c,kain_attrition_ensure_initialized,256,263,8,,,,InitOnceExecuteOnce(|pthread_once(,,,,0,0,0,0,0,0,,static void kain_attrition_ensure_initialized(void) {,"static void kain_attrition_ensure_initialized(void) { || #ifdef _WIN32 || InitOnceExecuteOnce(&g_kain_attrition_state.init_once, kain_attrition_init_once, NULL, NULL);"
0,attrition.c,kain_attrition_clock_ticks,633,636,4,,,,,,,,0,0,0,0,0,0,,long long kain_attrition_clock_ticks(void) {,long long kain_attrition_clock_ticks(void) { || return (long long)kain_attrition_now_millis(); || }
0,attrition.c,kain_attrition_note_raw_clock_fallback,695,698,4,,,,,,,,0,0,0,0,0,0,,void kain_attrition_note_raw_clock_fallback(void) {,void kain_attrition_note_raw_clock_fallback(void) { || (void)kain_attrition_now_millis(); || }
0,attrition.c,kain_attrition_note_raw_sleep_fallback,699,702,4,,,,,,,,0,0,0,0,0,0,,void kain_attrition_note_raw_sleep_fallback(unsigned long long milliseconds) {,void kain_attrition_note_raw_sleep_fallback(unsigned long long milliseconds) { || kain_attrition_sleep_for_millis(milliseconds); || }
0,attrition.c,kain_attrition_note_actor_spawn,807,822,16,,,,,,,,0,0,0,0,0,0,,"void kain_attrition_note_actor_spawn(uint64_t actor_id, int synthetic_reply_port) {","void kain_attrition_note_actor_spawn(uint64_t actor_id, int synthetic_reply_port) { || if (!kain_attrition_enabled_fast()) { || return;"
0,attrition.c,kain_attrition_note_actor_exit,823,838,16,,,,,,,,0,0,0,0,0,0,,"void kain_attrition_note_actor_exit(uint64_t actor_id, int synthetic_reply_port) {","void kain_attrition_note_actor_exit(uint64_t actor_id, int synthetic_reply_port) { || if (!kain_attrition_enabled_fast()) { || return;"
0,attrition.c,kain_attrition_note_process_spawn,849,858,10,,,,,,,,0,0,0,0,0,0,,void kain_attrition_note_process_spawn(uint64_t process_id) {,void kain_attrition_note_process_spawn(uint64_t process_id) { || if (!kain_attrition_enabled_fast()) { || return;
0,attrition.c,kain_attrition_note_process_exit,859,868,10,,,,,,,,0,0,0,0,0,0,,void kain_attrition_note_process_exit(uint64_t process_id) {,void kain_attrition_note_process_exit(uint64_t process_id) { || if (!kain_attrition_enabled_fast()) { || return;
0,attrition.c,kain_attrition_note_process_stale_reject,869,878,10,,,,,,,,0,0,0,0,0,0,,"void kain_attrition_note_process_stale_reject(uint64_t subject_id, int64_t status) {","void kain_attrition_note_process_stale_reject(uint64_t subject_id, int64_t status) { || if (!kain_attrition_enabled_fast()) { || return;"
0,attrition.c,kain_attrition_note_async_task_spawn,879,888,10,,,,,,,,0,0,0,0,0,0,,void kain_attrition_note_async_task_spawn(uint64_t task_id) {,void kain_attrition_note_async_task_spawn(uint64_t task_id) { || if (!kain_attrition_enabled_fast()) { || return;
0,attrition.c,kain_attrition_note_async_task_exit,889,898,10,,,,,,,,0,0,0,0,0,0,,void kain_attrition_note_async_task_exit(uint64_t task_id) {,void kain_attrition_note_async_task_exit(uint64_t task_id) { || if (!kain_attrition_enabled_fast()) { || return;
0,attrition.c,kain_attrition_note_async_task_stale_reject,899,908,10,,,,,,,,0,0,0,0,0,0,,void kain_attrition_note_async_task_stale_reject(uint64_t task_id) {,void kain_attrition_note_async_task_stale_reject(uint64_t task_id) { || if (!kain_attrition_enabled_fast()) { || return;
0,attrition.c,kain_attrition_note_async_timer_spawn,909,918,10,,,,,,,,0,0,0,0,0,0,,void kain_attrition_note_async_timer_spawn(uint64_t timer_id) {,void kain_attrition_note_async_timer_spawn(uint64_t timer_id) { || if (!kain_attrition_enabled_fast()) { || return;
0,attrition.c,kain_attrition_note_async_timer_exit,919,928,10,,,,,,,,0,0,0,0,0,0,,void kain_attrition_note_async_timer_exit(uint64_t timer_id) {,void kain_attrition_note_async_timer_exit(uint64_t timer_id) { || if (!kain_attrition_enabled_fast()) { || return;
0,attrition.c,kain_attrition_note_async_timer_cancel,929,938,10,,,,,,,,0,0,0,0,0,0,,void kain_attrition_note_async_timer_cancel(uint64_t timer_id) {,void kain_attrition_note_async_timer_cancel(uint64_t timer_id) { || if (!kain_attrition_enabled_fast()) { || return;
0,attrition.c,kain_attrition_note_async_timer_stale_reject,939,948,10,,,,,,,,0,0,0,0,0,0,,void kain_attrition_note_async_timer_stale_reject(uint64_t timer_id) {,void kain_attrition_note_async_timer_stale_reject(uint64_t timer_id) { || if (!kain_attrition_enabled_fast()) { || return;
0,compatibility.c,version_is_compatible,44,66,23,,,,,,,,0,0,0,0,0,0,,static int version_is_compatible(unsigned int required_runtime_version) {,static int version_is_compatible(unsigned int required_runtime_version) { || unsigned int current_major = VERSION_GET_MAJOR(VERSION_CURRENT); || unsigned int current_minor = VERSION_GET_MINOR(VERSION_CURRENT);
0,compatibility.c,kain_compat_set_diag,67,86,20,,,,,,,,3,0,0,0,0,0,,"static void kain_compat_set_diag( KainDiagnostic* diag, int code, const char* message, const char* detail ) {","static void kain_compat_set_diag( || KainDiagnostic* diag, || int code,"
0,compatibility.c,kain_bundle_check_abi_compatibility,98,104,7,,,,,,,,0,0,0,0,0,0,,int kain_bundle_check_abi_compatibility(unsigned int required_abi_version) {,int kain_bundle_check_abi_compatibility(unsigned int required_abi_version) { || if (required_abi_version == 0u) { || return 1;
0,compatibility.c,kain_bundle_check_runtime_compatibility,105,108,4,,,,,,,,0,0,0,0,0,0,,int kain_bundle_check_runtime_compatibility(unsigned int required_runtime_version) {,int kain_bundle_check_runtime_compatibility(unsigned int required_runtime_version) { || return version_is_compatible(required_runtime_version); || }
0,compatibility.c,kain_bundle_uninstall,342,356,15,,,,,,,free(,3,1,0,0,0,0,,"int kain_bundle_uninstall(KainBundleHandle* handle, KainDiagnostic* diag) {","int kain_bundle_uninstall(KainBundleHandle* handle, KainDiagnostic* diag) { || if (!handle) { || kain_compat_set_diag("
0,compatibility.c,kain_bundle_get_state,357,363,7,,,,,,,,2,1,0,0,0,0,,KainBundleState kain_bundle_get_state(const KainBundleHandle* handle) {,KainBundleState kain_bundle_get_state(const KainBundleHandle* handle) { || if (!handle) { || return KAIN_BUNDLE_STATE_FAILED;
0,compatibility.c,kain_bundle_get_metadata,364,372,9,,,,,,,,3,1,0,0,0,0,,const KainBundleCompatibilityMetadata* kain_bundle_get_metadata( const KainBundleHandle* handle ) {,const KainBundleCompatibilityMetadata* kain_bundle_get_metadata( || const KainBundleHandle* handle || ) {
0,compatibility.c,kain_bundle_free_state_snapshot,427,430,4,,,,,,,free(,1,0,0,0,0,0,,void kain_bundle_free_state_snapshot(void* state_snapshot) {,void kain_bundle_free_state_snapshot(void* state_snapshot) { || free(state_snapshot); || }
0,contract.c,contract_keys_equal,49,59,11,,,,,,,,1,0,0,0,0,0,,"static int contract_keys_equal(const char* left, const char* right) {","static int contract_keys_equal(const char* left, const char* right) { || if (!left || !right) { || return 0;"
0,contract.c,contract_canonical_service_key,241,244,4,,,,,,,,1,0,0,0,0,0,,static const char* contract_canonical_service_key(const char* service_key) {,static const char* contract_canonical_service_key(const char* service_key) { || return kain_service_registry_canonicalize_key(service_key); || }
0,converge.c,kain_converge_atomic_fetch_add_u64,21,32,12,,,,,Interlocked|__atomic_|atomic_,,,3,0,0,0,0,0,,"static uint64_t kain_converge_atomic_fetch_add_u64(volatile uint64_t* target, uint64_t increment) {","static uint64_t kain_converge_atomic_fetch_add_u64(volatile uint64_t* target, uint64_t increment) { || #if defined(_MSC_VER) || return (uint64_t)_InterlockedExchangeAdd64((volatile long long*)target, (long long)increment);"
0,converge.c,kain_converge_cache_key,43,47,5,,,,,,,,1,0,0,0,0,0,,"static uint64_t kain_converge_cache_key(uint64_t converge_key, uint64_t shape_key) {","static uint64_t kain_converge_cache_key(uint64_t converge_key, uint64_t shape_key) { || uint64_t cpu = abi_cpu_feature_fingerprint(); || return kain_converge_mix64(converge_key ^ (shape_key + 0x9e3779b97f4a7c15ull) ^ cpu) | 1ull;"
0,core.c,kain_rc_is_immediate_handle,10,13,4,,,,,,,,1,2,0,0,0,0,,static int kain_rc_is_immediate_handle(const void* ptr) {,static int kain_rc_is_immediate_handle(const void* ptr) { || return ptr != NULL && ((((uintptr_t)ptr) & 7u) != 0u); || }
0,core.c,kain_char_is_space,93,96,4,,,,,,,,0,0,0,0,0,0,,static int kain_char_is_space(char c) {,static int kain_char_is_space(char c) { || return c == ' ' || c == '\t' || c == '\r' || c == '\n' || c == '\f' || c == '\v'; || }
0,core.c,kain_clampd,100,105,6,,,,,,,,0,0,0,0,0,0,,"double kain_clampd(double value, double min_value, double max_value) {","double kain_clampd(double value, double min_value, double max_value) { || if (value < min_value) return min_value; || if (value > max_value) return max_value;"
0,core.c,kain_floor_i64,106,109,4,,,,,,,,0,0,0,0,0,0,,long long kain_floor_i64(double value) {,long long kain_floor_i64(double value) { || return (long long)floor(value); || }
0,core.c,kain_ceil_i64,110,113,4,,,,,,,,0,0,0,0,0,0,,long long kain_ceil_i64(double value) {,long long kain_ceil_i64(double value) { || return (long long)ceil(value); || }
0,core.c,kain_round_i64,114,117,4,,,,,,,,0,0,0,0,0,0,,long long kain_round_i64(double value) {,long long kain_round_i64(double value) { || return (long long)round(value); || }
0,core.c,void,253,256,4,,,,,,,,1,2,0,0,0,0,,"void KAIN_set_destructor(void* ptr, void (*dtor)(void*)) {","void KAIN_set_destructor(void* ptr, void (*dtor)(void*)) { || kain_set_destructor(ptr, dtor); || }"
0,core.c,KAIN_spawn,327,330,4,,,,,,,,2,0,0,0,0,0,,"void KAIN_spawn(void* func, void* arg) {","void KAIN_spawn(void* func, void* arg) { || kain_spawn((void (*)(void*))func, arg); || }"
0,core.c,default_actor_run,331,340,10,,,,,,,,1,0,0,0,0,0,,"// DEPRECATED: This function was used as a fallback wrapper for actor spawning. // As of the actor bootstrap ABI implementation (Requirement 5.1), LLVM codegen // now emits actor-specific entrypoints (e.g., ActorName_run) and spawns them // directly. This function remains for backward compatibility but should not be // used in new code. void default_actor_run(void* arg) {","// DEPRECATED: This function was used as a fallback wrapper for actor spawning. || // As of the actor bootstrap ABI implementation (Requirement 5.1), LLVM codegen || // now emits actor-specific entrypoints (e.g., ActorName_run) and spawns them"
0,core.c,kain_sleep,341,347,7,,,,,,,,1,0,0,0,0,0,,void kain_sleep(double seconds) {,void kain_sleep(double seconds) { || if (seconds <= 0.0) { || return;
0,core.c,KAIN_sleep,348,351,4,,,,,,,,0,0,0,0,0,0,,void KAIN_sleep(double seconds) {,void KAIN_sleep(double seconds) { || kain_sleep(seconds); || }
0,core.c,print_str,363,371,9,,,,,,,,1,0,0,0,0,0,,"void print_str(char* str, long long len) {","void print_str(char* str, long long len) { || (void)len; || if (str) {"
0,core.c,print_i64,372,375,4,,,,,,,,0,0,0,0,0,0,,void print_i64(long long n) {,"void print_i64(long long n) { || printf(""%lld\n"", n); || }"
0,core.c,print_f64,376,379,4,,,,,,,,0,0,0,0,0,0,,void print_f64(double n) {,"void print_f64(double n) { || printf(""%f\n"", n); || }"
0,core.c,print_bool,380,383,4,,,,,,,,0,0,0,0,0,0,,void print_bool(int n) {,"void print_bool(int n) { || printf(""%s\n"", n ? ""true"" : ""false""); || }"
0,core.c,str_concat,480,487,8,,,,,,,,2,1,0,0,0,0,,"char* str_concat(char* s1, char* s2) {","char* str_concat(char* s1, char* s2) { || if (!s1 && !s2) return NULL; || {"
0,core.c,str_concat3,488,492,5,,,,,,,,2,1,0,0,0,0,,"char* str_concat3(char* s1, char* s2, char* s3) {","char* str_concat3(char* s1, char* s2, char* s3) { || const char* parts[3] = {s1, s2, s3}; || return kain_string_concat_parts(parts, 3u);"
0,core.c,str_concat4,493,497,5,,,,,,,,2,1,0,0,0,0,,"char* str_concat4(char* s1, char* s2, char* s3, char* s4) {","char* str_concat4(char* s1, char* s2, char* s3, char* s4) { || const char* parts[4] = {s1, s2, s3, s4}; || return kain_string_concat_parts(parts, 4u);"
0,core.c,str_concat5,498,502,5,,,,,,,,2,1,0,0,0,0,,"char* str_concat5(char* s1, char* s2, char* s3, char* s4, char* s5) {","char* str_concat5(char* s1, char* s2, char* s3, char* s4, char* s5) { || const char* parts[5] = {s1, s2, s3, s4, s5}; || return kain_string_concat_parts(parts, 5u);"
0,core.c,str_concat6,503,507,5,,,,,,,,2,1,0,0,0,0,,"char* str_concat6(char* s1, char* s2, char* s3, char* s4, char* s5, char* s6) {","char* str_concat6(char* s1, char* s2, char* s3, char* s4, char* s5, char* s6) { || const char* parts[6] = {s1, s2, s3, s4, s5, s6}; || return kain_string_concat_parts(parts, 6u);"
0,core.c,str_concat7,508,512,5,,,,,,,,2,1,0,0,0,0,,"char* str_concat7(char* s1, char* s2, char* s3, char* s4, char* s5, char* s6, char* s7) {","char* str_concat7(char* s1, char* s2, char* s3, char* s4, char* s5, char* s6, char* s7) { || const char* parts[7] = {s1, s2, s3, s4, s5, s6, s7}; || return kain_string_concat_parts(parts, 7u);"
0,core.c,str_concat8,513,517,5,,,,,,,,2,1,0,0,0,0,,"char* str_concat8(char* s1, char* s2, char* s3, char* s4, char* s5, char* s6, char* s7, char* s8) {","char* str_concat8(char* s1, char* s2, char* s3, char* s4, char* s5, char* s6, char* s7, char* s8) { || const char* parts[8] = {s1, s2, s3, s4, s5, s6, s7, s8}; || return kain_string_concat_parts(parts, 8u);"
0,core.c,str_concat9,518,522,5,,,,,,,,2,1,0,0,0,0,,"char* str_concat9(char* s1, char* s2, char* s3, char* s4, char* s5, char* s6, char* s7, char* s8, char* s9) {","char* str_concat9(char* s1, char* s2, char* s3, char* s4, char* s5, char* s6, char* s7, char* s8, char* s9) { || const char* parts[9] = {s1, s2, s3, s4, s5, s6, s7, s8, s9}; || return kain_string_concat_parts(parts, 9u);"
0,core.c,str_concat10,523,527,5,,,,,,,,2,1,0,0,0,0,,"char* str_concat10(char* s1, char* s2, char* s3, char* s4, char* s5, char* s6, char* s7, char* s8, char* s9, char* s10) {","char* str_concat10(char* s1, char* s2, char* s3, char* s4, char* s5, char* s6, char* s7, char* s8, char* s9, char* s10) { || const char* parts[10] = {s1, s2, s3, s4, s5, s6, s7, s8, s9, s10}; || return kain_string_concat_parts(parts, 10u);"
0,core.c,clock_wrapper,528,531,4,,,,,,,,0,0,0,0,0,0,,long long clock_wrapper() {,long long clock_wrapper() { || return kain_attrition_clock_ticks(); || }
0,core.c,array_free_elems,532,536,5,,,,,,,free(,3,3,0,0,0,0,,void array_free_elems(void* ptr) {,void array_free_elems(void* ptr) { || KainArray* arr = (KainArray*)ptr; || free(arr->data);
0,core.c,push,565,568,4,,,,,,,,2,0,0,0,0,0,,"void push(void* arr, long long val) {","void push(void* arr, long long val) { || array_push((KainArray*)arr, val); || }"
0,core.c,array_len,601,604,4,,,,,,,,2,1,0,0,0,0,,long long array_len(KainArray* arr) {,long long array_len(KainArray* arr) { || return arr->len; || }
0,core.c,stdout_write,721,726,6,,,,,,,,1,0,0,0,0,0,,void stdout_write(char* text) {,"void stdout_write(char* text) { || if (!text) return; || fputs(text, stdout);"
0,core.c,kain_rotate_left_u64,1044,1047,4,,,,,,,,1,0,0,0,0,0,,"static uint64_t kain_rotate_left_u64(uint64_t value, unsigned int shift) {","static uint64_t kain_rotate_left_u64(uint64_t value, unsigned int shift) { || return (value << shift) | (value >> (64u - shift)); || }"
0,core.c,kain_map_nonzero_bit,1048,1051,4,,,,,,,,1,0,0,0,0,0,,static uint64_t kain_map_nonzero_bit(uint64_t value) {,static uint64_t kain_map_nonzero_bit(uint64_t value) { || return (value | (0u - value)) >> 63u; || }
0,core.c,kain_map_zero_bit,1052,1055,4,,,,,,,,0,0,0,0,0,0,,static uint64_t kain_map_zero_bit(uint64_t value) {,static uint64_t kain_map_zero_bit(uint64_t value) { || return kain_map_nonzero_bit(value) ^ 1u; || }
0,core.c,kain_socket_close_native,1892,1899,8,,,,,,,,0,0,0,0,0,0,,static void kain_socket_close_native(SOCKET sock) {,static void kain_socket_close_native(SOCKET sock) { || #ifdef _WIN32 || closesocket(sock);
0,core.c,socket_send,1971,1975,5,,,,,,,,1,0,0,0,0,0,,"void socket_send(long long sock, char* data) {","void socket_send(long long sock, char* data) { || if (sock < 0 || !data) return; || send((SOCKET)sock, data, (int)strlen(data), 0);"
0,cpu.c,abi_text_equals,33,39,7,,,,,,,,1,0,0,0,0,0,,"static int abi_text_equals(const char* left, const char* right) {","static int abi_text_equals(const char* left, const char* right) { || if (left == 0 || right == 0) { || return 0;"
0,cpu.c,abi_xgetbv0,73,85,13,,,,,,,,1,0,0,0,0,0,,static uint64_t abi_xgetbv0(void) {,static uint64_t abi_xgetbv0(void) { || #if defined(_MSC_VER) || return (uint64_t)_xgetbv(0);
0,cpu.c,abi_cpu_pause,237,245,9,,,,,,,,0,0,0,0,0,0,,int64_t abi_cpu_pause(void) {,int64_t abi_cpu_pause(void) { || #if CPU_X86 && defined(_MSC_VER) || _mm_pause();
0,cpu.c,abi_cpu_rdtsc,246,258,13,,,,,,,,1,0,0,0,0,0,,uint64_t abi_cpu_rdtsc(void) {,uint64_t abi_cpu_rdtsc(void) { || #if CPU_X86 && defined(_MSC_VER) || return (uint64_t)__rdtsc();
0,cpu.c,abi_cpu_cpuid_lane,259,276,18,,,,,,,,0,2,0,0,0,0,,"uint64_t abi_cpu_cpuid_lane(int64_t leaf, int64_t subleaf, int64_t lane) {","uint64_t abi_cpu_cpuid_lane(int64_t leaf, int64_t subleaf, int64_t lane) { || #if CPU_X86 || int out[4] = {0, 0, 0, 0};"
0,cpu.c,abi_prefetch_locality,277,289,13,,,,,,,,0,0,0,0,0,0,,static int abi_prefetch_locality(int64_t locality) {,static int abi_prefetch_locality(int64_t locality) { || if (locality <= 0) { || return 0;
0,cpu.c,abi_cpu_current_thread_id,352,361,10,,,,,,,,0,1,0,0,0,0,,int64_t abi_cpu_current_thread_id(void) {,int64_t abi_cpu_current_thread_id(void) { || #if defined(_WIN32) || return (int64_t)GetCurrentThreadId();
0,cpu.c,abi_vm_protection_mode,432,468,37,,,,,,,,0,0,0,0,0,0,,static int abi_vm_protection_mode(int64_t mode) {,static int abi_vm_protection_mode(int64_t mode) { || #if defined(_WIN32) || switch (mode) {
0,diagnostics.c,kain_diagnostic_subsystem_name,121,137,17,,,,,,,,1,0,0,0,0,0,,const char* kain_diagnostic_subsystem_name(KainDiagSubsystem subsystem) {,"const char* kain_diagnostic_subsystem_name(KainDiagSubsystem subsystem) { || switch (subsystem) { || case KAIN_DIAG_SUBSYSTEM_CONTRACT: return ""CONTRACT"";"
0,diagnostics.c,kain_diagnostic_severity_name,138,147,10,,,,,,,,1,0,0,0,0,0,,const char* kain_diagnostic_severity_name(KainDiagSeverity severity) {,"const char* kain_diagnostic_severity_name(KainDiagSeverity severity) { || switch (severity) { || case KAIN_DIAG_SEVERITY_INFO: return ""INFO"";"
0,diagnostics.c,kain_diagnostic_collector_clear,286,292,7,,,,,,,,1,0,0,0,0,0,,void kain_diagnostic_collector_clear(KainDiagnosticCollector* collector) {,void kain_diagnostic_collector_clear(KainDiagnosticCollector* collector) { || if (!collector) { || return;
0,fanout.c,kain_fanout_runtime_lock,99,101,3,,,EnterCriticalSection(,,,,,2,1,0,0,0,0,,static void kain_fanout_runtime_lock(KainFanoutRuntime* runtime) {,static void kain_fanout_runtime_lock(KainFanoutRuntime* runtime) { || EnterCriticalSection(&runtime->lock); || }
0,fanout.c,kain_fanout_runtime_unlock,102,105,4,,,LeaveCriticalSection(,,,,,2,1,0,0,0,0,,static void kain_fanout_runtime_unlock(KainFanoutRuntime* runtime) {,static void kain_fanout_runtime_unlock(KainFanoutRuntime* runtime) { || LeaveCriticalSection(&runtime->lock); || }
0,fanout.c,kain_fanout_runtime_wait,106,109,4,,,,,,,,2,1,0,0,0,0,,"static void kain_fanout_runtime_wait(CONDITION_VARIABLE* cv, KainFanoutRuntime* runtime) {","static void kain_fanout_runtime_wait(CONDITION_VARIABLE* cv, KainFanoutRuntime* runtime) { || SleepConditionVariableCS(cv, &runtime->lock, INFINITE); || }"
0,fanout.c,kain_fanout_runtime_signal,110,113,4,,,,,,,,1,0,0,0,0,0,,static void kain_fanout_runtime_signal(CONDITION_VARIABLE* cv) {,static void kain_fanout_runtime_signal(CONDITION_VARIABLE* cv) { || WakeConditionVariable(cv); || }
0,fanout.c,kain_fanout_runtime_broadcast,114,117,4,,,,,,,,1,0,0,0,0,0,,static void kain_fanout_runtime_broadcast(CONDITION_VARIABLE* cv) {,static void kain_fanout_runtime_broadcast(CONDITION_VARIABLE* cv) { || WakeAllConditionVariable(cv); || }
0,fanout.c,kain_fanout_runtime_lock,150,152,3,,,pthread_mutex_lock(,,,,,2,1,0,0,0,0,,static void kain_fanout_runtime_lock(KainFanoutRuntime* runtime) {,static void kain_fanout_runtime_lock(KainFanoutRuntime* runtime) { || pthread_mutex_lock(&runtime->lock); || }
0,fanout.c,kain_fanout_runtime_unlock,153,156,4,,,pthread_mutex_unlock(,,,,,2,1,0,0,0,0,,static void kain_fanout_runtime_unlock(KainFanoutRuntime* runtime) {,static void kain_fanout_runtime_unlock(KainFanoutRuntime* runtime) { || pthread_mutex_unlock(&runtime->lock); || }
0,fanout.c,kain_fanout_runtime_wait,157,160,4,,,,,,,,2,1,0,0,0,0,,"static void kain_fanout_runtime_wait(pthread_cond_t* cv, KainFanoutRuntime* runtime) {","static void kain_fanout_runtime_wait(pthread_cond_t* cv, KainFanoutRuntime* runtime) { || pthread_cond_wait(cv, &runtime->lock); || }"
0,fanout.c,kain_fanout_runtime_signal,161,164,4,,,,,,,,1,0,0,0,0,0,,static void kain_fanout_runtime_signal(pthread_cond_t* cv) {,static void kain_fanout_runtime_signal(pthread_cond_t* cv) { || pthread_cond_signal(cv); || }
0,fanout.c,kain_fanout_runtime_broadcast,165,168,4,,,,,,,,1,0,0,0,0,0,,static void kain_fanout_runtime_broadcast(pthread_cond_t* cv) {,static void kain_fanout_runtime_broadcast(pthread_cond_t* cv) { || pthread_cond_broadcast(cv); || }
0,graphics_system.c,abi_graphics_return_string,178,181,4,,,,,,,,2,0,0,0,0,0,,static const char* abi_graphics_return_string(const char* source) {,static const char* abi_graphics_return_string(const char* source) { || return string_new((char*)(source ? source : g_empty_string)); || }
0,graphics_system.c,abi_graphics_ok,201,204,4,,,,,,,,0,0,0,0,0,0,,static int64_t abi_graphics_ok(void) {,"static int64_t abi_graphics_ok(void) { || return abi_graphics_set_status(ABI_GRAPHICS_OK, ""ok"", ""ok""); || }"
0,graphics_system.c,abi_graphics_fail,205,212,8,,,,,,,,2,0,0,0,0,0,,"static int64_t abi_graphics_fail( int64_t status, const char* kind, const char* message ) {","static int64_t abi_graphics_fail( || int64_t status, || const char* kind,"
0,graphics_system.c,abi_graphics_backend_supported,534,537,4,,,,,,,,1,0,0,0,0,0,,int64_t abi_graphics_backend_supported(const char* backend_id) {,int64_t abi_graphics_backend_supported(const char* backend_id) { || return abi_graphics_find_backend(backend_id) ? 1 : 0; || }
0,graphics_system.c,abi_graphics_backend_available,538,543,6,,,,,,,,3,1,0,0,0,0,,int64_t abi_graphics_backend_available(const char* backend_id) {,int64_t abi_graphics_backend_available(const char* backend_id) { || const KainNativeGraphicsBackendDescriptor* backend = || abi_graphics_find_backend(backend_id);
0,graphics_system.c,abi_graphics_backend_status,544,552,9,,,,,,,,3,1,0,0,0,0,,const char* abi_graphics_backend_status(const char* backend_id) {,const char* abi_graphics_backend_status(const char* backend_id) { || const KainNativeGraphicsBackendDescriptor* backend = || abi_graphics_find_backend(backend_id);
0,graphics_system.c,abi_graphics_last_presented_frame,656,660,5,,,,,,,,2,1,0,0,0,0,,int64_t abi_graphics_last_presented_frame(int64_t session_id) {,int64_t abi_graphics_last_presented_frame(int64_t session_id) { || KainNativeGraphicsSession* session = abi_graphics_find_session(session_id); || return session ? session->last_presented_frame : ABI_GRAPHICS_INVALID_SESSION;
0,graphics_system.c,abi_graphics_buffer_kind,789,794,6,,,,,,,,3,1,0,0,0,0,,"const char* abi_graphics_buffer_kind(int64_t session_id, int64_t buffer_id) {","const char* abi_graphics_buffer_kind(int64_t session_id, int64_t buffer_id) { || KainNativeGraphicsBuffer* buffer = || abi_graphics_find_buffer(abi_graphics_find_session(session_id), buffer_id);"
0,graphics_system.c,abi_graphics_buffer_label,795,800,6,,,,,,,,3,1,0,0,0,0,,"const char* abi_graphics_buffer_label(int64_t session_id, int64_t buffer_id) {","const char* abi_graphics_buffer_label(int64_t session_id, int64_t buffer_id) { || KainNativeGraphicsBuffer* buffer = || abi_graphics_find_buffer(abi_graphics_find_session(session_id), buffer_id);"
0,graphics_system.c,abi_graphics_shader_key,956,961,6,,,,,,,,3,1,0,0,0,0,,"const char* abi_graphics_shader_key(int64_t session_id, int64_t shader_id) {","const char* abi_graphics_shader_key(int64_t session_id, int64_t shader_id) { || KainNativeGraphicsShader* shader = || abi_graphics_find_shader(abi_graphics_find_session(session_id), shader_id);"
0,graphics_system.c,abi_graphics_shader_stage,962,967,6,,,,,,,,3,1,0,0,0,0,,"const char* abi_graphics_shader_stage(int64_t session_id, int64_t shader_id) {","const char* abi_graphics_shader_stage(int64_t session_id, int64_t shader_id) { || KainNativeGraphicsShader* shader = || abi_graphics_find_shader(abi_graphics_find_session(session_id), shader_id);"
0,graphics_system.c,abi_graphics_mesh_label,1043,1048,6,,,,,,,,3,1,0,0,0,0,,"const char* abi_graphics_mesh_label(int64_t session_id, int64_t mesh_id) {","const char* abi_graphics_mesh_label(int64_t session_id, int64_t mesh_id) { || KainNativeGraphicsMesh* mesh = || abi_graphics_find_mesh(abi_graphics_find_session(session_id), mesh_id);"
0,graphics_system.c,abi_graphics_pipeline_label,1129,1134,6,,,,,,,,3,1,0,0,0,0,,"const char* abi_graphics_pipeline_label(int64_t session_id, int64_t pipeline_id) {","const char* abi_graphics_pipeline_label(int64_t session_id, int64_t pipeline_id) { || KainNativeGraphicsPipeline* pipeline = || abi_graphics_find_pipeline(abi_graphics_find_session(session_id), pipeline_id);"
0,graphics_system.c,abi_graphics_pipeline_backend,1135,1140,6,,,,,,,,3,1,0,0,0,0,,"const char* abi_graphics_pipeline_backend(int64_t session_id, int64_t pipeline_id) {","const char* abi_graphics_pipeline_backend(int64_t session_id, int64_t pipeline_id) { || KainNativeGraphicsPipeline* pipeline = || abi_graphics_find_pipeline(abi_graphics_find_session(session_id), pipeline_id);"
0,graphics_system.c,abi_graphics_last_status,1222,1225,4,,,,,,,,0,0,0,0,0,0,,int64_t abi_graphics_last_status(void) {,int64_t abi_graphics_last_status(void) { || return g_last_status; || }
0,graphics_system.c,abi_graphics_last_error_kind,1226,1229,4,,,,,,,,1,0,0,0,0,0,,const char* abi_graphics_last_error_kind(void) {,const char* abi_graphics_last_error_kind(void) { || return abi_graphics_return_string(g_last_error_kind); || }
0,graphics_system.c,abi_graphics_last_error_message,1230,1233,4,,,,,,,,1,0,0,0,0,0,,const char* abi_graphics_last_error_message(void) {,const char* abi_graphics_last_error_message(void) { || return abi_graphics_return_string(g_last_error_message); || }
0,host_bridge.c,kain_host_bridge_set_diag,27,46,20,,,,,,,,3,0,0,0,0,0,,"static void kain_host_bridge_set_diag( KainDiagnostic* diag, int code, const char* message, const char* detail ) {","static void kain_host_bridge_set_diag( || KainDiagnostic* diag, || int code,"
0,host_bridge.c,kain_host_bridge_lane_name,430,437,8,,,,,,,,3,1,0,0,0,0,,const char* kain_host_bridge_lane_name(KainForeignRuntimeLane lane) {,const char* kain_host_bridge_lane_name(KainForeignRuntimeLane lane) { || const KainForeignBridgeContract* contract = kain_host_bridge_contract_for_lane(lane); || if (!contract) {
0,input_system.c,abi_input_string,96,99,4,,,,,,,,2,0,0,0,0,0,,static const char* abi_input_string(const char* source) {,static const char* abi_input_string(const char* source) { || return string_new((char*)(source ? source : g_empty_string)); || }
0,input_system.c,abi_input_text_equal,114,120,7,,,,,,,,1,0,0,0,0,0,,"static int abi_input_text_equal(const char* left, const char* right) {","static int abi_input_text_equal(const char* left, const char* right) { || if (!left || !right) { || return 0;"
0,input_system.c,abi_input_text_empty,121,124,4,,,,,,,,1,1,0,0,0,0,,static int abi_input_text_empty(const char* text) {,static int abi_input_text_empty(const char* text) { || return !text || text[0] == '\0'; || }
0,input_system.c,abi_input_trace_text,664,671,8,,,,,,,,3,1,0,0,0,0,,const char* abi_input_trace_text(int64_t session_id) {,const char* abi_input_trace_text(int64_t session_id) { || KainNativeInputSession* session = abi_input_session(session_id); || if (!session) {
0,input_system.c,abi_input_last_status,720,723,4,,,,,,,,0,0,0,0,0,0,,int64_t abi_input_last_status(void) {,int64_t abi_input_last_status(void) { || return g_last_status; || }
0,input_system.c,abi_input_last_error_kind,724,727,4,,,,,,,,1,0,0,0,0,0,,const char* abi_input_last_error_kind(void) {,const char* abi_input_last_error_kind(void) { || return abi_input_string(g_last_error_kind); || }
0,input_system.c,abi_input_last_error_message,728,731,4,,,,,,,,1,0,0,0,0,0,,const char* abi_input_last_error_message(void) {,const char* abi_input_last_error_message(void) { || return abi_input_string(g_last_error_message); || }
0,json.c,json_dup_cstr,115,121,7,,,,,,,,1,0,0,0,0,0,,static char* json_dup_cstr(const char* text) {,"static char* json_dup_cstr(const char* text) { || if (!text) { || return json_dup_range("""", 0u);"
0,json.c,json_dup_kain_string,122,125,4,,,,,,,,1,0,0,0,0,0,,static char* json_dup_kain_string(const char* text) {,static char* json_dup_kain_string(const char* text) { || return json_dup_cstr(text); || }
0,json.c,json_value_int,138,145,8,,,,,,,,3,1,0,0,0,0,,static KainJsonValue* json_value_int(int64_t value) {,static KainJsonValue* json_value_int(int64_t value) { || KainJsonValue* json = json_value_new(KAIN_JSON_INT); || if (json) {
0,json.c,json_value_bool,146,153,8,,,,,,,,3,1,0,0,0,0,,static KainJsonValue* json_value_bool(int value) {,static KainJsonValue* json_value_bool(int value) { || KainJsonValue* json = json_value_new(KAIN_JSON_BOOL); || if (json) {
0,json.c,json_value_float,154,161,8,,,,,,,,3,1,0,0,0,0,,static KainJsonValue* json_value_float(double value) {,static KainJsonValue* json_value_float(double value) { || KainJsonValue* json = json_value_new(KAIN_JSON_FLOAT); || if (json) {
0,json.c,json_handle_from_value,185,188,4,,,,,,,,1,1,0,0,0,0,,static int64_t json_handle_from_value(KainJsonValue* value) {,static int64_t json_handle_from_value(KainJsonValue* value) { || return (int64_t)(intptr_t)value; || }
0,json.c,json_value_from_handle,189,192,4,,,,,,,,1,0,0,0,0,0,,static KainJsonValue* json_value_from_handle(int64_t handle) {,static KainJsonValue* json_value_from_handle(int64_t handle) { || return json_registered_handle(handle); || }
0,json.c,json_buffer_append,431,434,4,,,,,,,,1,0,0,0,0,0,,"static void json_buffer_append(JsonBuffer* buffer, const char* text) {","static void json_buffer_append(JsonBuffer* buffer, const char* text) { || json_buffer_append_n(buffer, text, text ? strlen(text) : 0u); || }"
0,json.c,json_buffer_append_char,435,438,4,,,,,,,,1,0,0,0,0,0,,"static void json_buffer_append_char(JsonBuffer* buffer, char ch) {","static void json_buffer_append_char(JsonBuffer* buffer, char ch) { || json_buffer_append_n(buffer, &ch, 1u); || }"
0,json.c,json_parse_hex4,482,495,14,,,,,,,,3,1,0,0,0,0,,"static int json_parse_hex4(const char* text, unsigned int* out) {","static int json_parse_hex4(const char* text, unsigned int* out) { || unsigned int value = 0; || int i;"
0,json_benchmark.c,kain_json_mod_add_small,24,27,4,,,,,,,,1,0,0,0,0,0,,"static int64_t kain_json_mod_add_small(int64_t acc, int64_t value, int64_t modulus) {","static int64_t kain_json_mod_add_small(int64_t acc, int64_t value, int64_t modulus) { || return (int64_t)(((uint64_t)acc + (uint64_t)(value % modulus)) % (uint64_t)modulus); || }"
0,machine_stones.c,kain_machine_lock,79,83,5,,,,,atomic_,,,1,0,0,0,0,0,,static void kain_machine_lock(atomic_flag* lock) {,"static void kain_machine_lock(atomic_flag* lock) { || while (atomic_flag_test_and_set_explicit(lock, memory_order_acquire)) { || }"
0,machine_stones.c,kain_machine_unlock,84,87,4,,,,,atomic_,,,1,0,0,0,0,0,,static void kain_machine_unlock(atomic_flag* lock) {,"static void kain_machine_unlock(atomic_flag* lock) { || atomic_flag_clear_explicit(lock, memory_order_release); || }"
0,machine_stones.c,kain_machine_add_saturating_u64,109,112,4,,INT64_MAX,,,,,,1,0,0,0,0,0,,"static uint64_t kain_machine_add_saturating_u64(uint64_t a, uint64_t b) {","static uint64_t kain_machine_add_saturating_u64(uint64_t a, uint64_t b) { || return b > UINT64_MAX - a ? UINT64_MAX : a + b; || }"
0,machine_stones.c,kain_machine_target_matches,203,207,5,,,,,,,,1,1,0,0,0,0,,static int kain_machine_target_matches(const char* target) {,"static int kain_machine_target_matches(const char* target) { || return target == NULL || target[0] == '\0' || strcmp(target, ""llvm"") == 0 || || strcmp(target, ""native"") == 0;"
0,machine_stones.c,kain_machine_arch_matches,208,220,13,,,,,,,,1,1,0,0,0,0,,static int kain_machine_arch_matches(const char* arch) {,static int kain_machine_arch_matches(const char* arch) { || if (arch == NULL || arch[0] == '\0') { || return 1;
0,machine_stones.c,kain_machine_pulse_register_atexit_once,264,269,6,,,,,atomic_,,,0,0,1,0,0,0,,static void kain_machine_pulse_register_atexit_once(void) {,"static void kain_machine_pulse_register_atexit_once(void) { || if (atomic_exchange_explicit(&g_machine_pulse_atexit_registered, 1, memory_order_acq_rel) == 0) { || atexit(kain_machine_pulse_stop_all);"
0,machine_stones.c,kain_machine_pulse_ensure_scheduler_started,321,350,30,,,,,atomic_,,,0,0,3,0,0,0,,} static int kain_machine_pulse_ensure_scheduler_started(void) {,} || static int kain_machine_pulse_ensure_scheduler_started(void) { || int expected = 0;
0,machine_stones.c,kain_machine_teleport_note,482,489,8,,,,,,,,3,1,0,0,0,0,,"void kain_machine_teleport_note( const char* source_world, const char* target_world, const char* channel ) {","void kain_machine_teleport_note( || const char* source_world, || const char* target_world,"
0,machine_stones.c,kain_machine_teleport_last_token,494,497,4,,,,,atomic_,,,0,0,0,0,0,0,,uint64_t kain_machine_teleport_last_token(void) {,"uint64_t kain_machine_teleport_last_token(void) { || return atomic_load_explicit(&g_machine_teleport_last_token, memory_order_acquire); || }"
0,machine_stones.c,kain_machine_mul_overflow_u64,498,508,11,,INT64_MAX|overflow,,,,,,1,0,0,0,0,0,,"static int kain_machine_mul_overflow_u64(uint64_t a, uint64_t b, uint64_t* out) {","static int kain_machine_mul_overflow_u64(uint64_t a, uint64_t b, uint64_t* out) { || if (out == NULL) { || return 1;"
0,machine_stones.c,kain_machine_add_overflow_u64,509,516,8,,INT64_MAX|overflow,,,,,,2,0,0,0,0,0,,"static int kain_machine_add_overflow_u64(uint64_t a, uint64_t b, uint64_t* out) {","static int kain_machine_add_overflow_u64(uint64_t a, uint64_t b, uint64_t* out) { || if (out == NULL || b > UINT64_MAX - a) { || return 1;"
0,machine_stones.c,kain_machine_shatter_free,582,585,4,,,,,,,free(,1,0,0,0,0,0,,void kain_machine_shatter_free(void* handle) {,void kain_machine_shatter_free(void* handle) { || free(handle); || }
0,memory.c,kain_alloc_cache_lock,35,39,5,,,,,atomic_,,,0,0,0,0,0,0,,static void kain_alloc_cache_lock(void) {,"static void kain_alloc_cache_lock(void) { || while (atomic_flag_test_and_set_explicit(&KAIN_ALLOC_CACHE_LOCK, memory_order_acquire)) { || }"
0,memory.c,kain_alloc_cache_unlock,40,43,4,,,,,atomic_,,,0,0,0,0,0,0,,static void kain_alloc_cache_unlock(void) {,"static void kain_alloc_cache_unlock(void) { || atomic_flag_clear_explicit(&KAIN_ALLOC_CACHE_LOCK, memory_order_release); || }"
0,memory.c,kain_mul_overflow_i64,127,143,17,,INT64_MAX|INT64_MIN|kain_mul_overflow|overflow,,,,,,1,0,0,0,0,0,,"static int kain_mul_overflow_i64(int64_t left, int64_t right, int64_t* out) {","static int kain_mul_overflow_i64(int64_t left, int64_t right, int64_t* out) { || if (left == 0 || right == 0) { || *out = 0;"
0,memory.c,kain_add_overflow_uintptr,144,151,8,,UINTPTR_MAX|kain_add_overflow|overflow,,,,,,2,1,0,0,0,0,,"static int kain_add_overflow_uintptr(uintptr_t left, uintptr_t right, uintptr_t* out) {","static int kain_add_overflow_uintptr(uintptr_t left, uintptr_t right, uintptr_t* out) { || if (right > (UINTPTR_MAX - left)) { || return 1;"
0,memory.c,kain_sub_underflow_uintptr,152,159,8,,kain_sub_underflow|underflow,,,,,,1,1,0,0,0,0,,"static int kain_sub_underflow_uintptr(uintptr_t left, uintptr_t right, uintptr_t* out) {","static int kain_sub_underflow_uintptr(uintptr_t left, uintptr_t right, uintptr_t* out) { || if (right > left) { || return 1;"
0,memory.c,kain_memory_order_from_code,321,336,16,,,,,,,,0,0,0,0,0,0,,static memory_order kain_memory_order_from_code(int64_t ordering) {,static memory_order kain_memory_order_from_code(int64_t ordering) { || switch (ordering) { || case KAIN_MEMORY_ORDER_RELAXED:
0,memory.c,kain_memory_load_order_from_code,337,350,14,,,,,,,,0,0,0,0,0,0,,static memory_order kain_memory_load_order_from_code(int64_t ordering) {,static memory_order kain_memory_load_order_from_code(int64_t ordering) { || switch (ordering) { || case KAIN_MEMORY_ORDER_RELAXED:
0,memory.c,kain_memory_store_order_from_code,351,364,14,,,,,,,,0,0,0,0,0,0,,static memory_order kain_memory_store_order_from_code(int64_t ordering) {,static memory_order kain_memory_store_order_from_code(int64_t ordering) { || switch (ordering) { || case KAIN_MEMORY_ORDER_RELAXED:
0,memory.c,kain_memory_failure_order_from_code,365,378,14,,,,,,,,0,0,0,0,0,0,,static memory_order kain_memory_failure_order_from_code(int64_t ordering) {,static memory_order kain_memory_failure_order_from_code(int64_t ordering) { || switch (ordering) { || case KAIN_MEMORY_ORDER_RELAXED:
0,memory.c,__kain_atomic_load_ordered,379,383,5,,,,,atomic_,,,2,2,0,0,0,0,,"int64_t __kain_atomic_load_ordered(const void* ptr, int64_t ordering) {","int64_t __kain_atomic_load_ordered(const void* ptr, int64_t ordering) { || const atomic_int_least64_t* cell = (const atomic_int_least64_t*)ptr; || return (int64_t)atomic_load_explicit(cell, kain_memory_load_order_from_code(ordering));"
0,memory.c,__kain_atomic_store_ordered,384,388,5,,,,,atomic_,,,2,2,0,0,0,0,,"void __kain_atomic_store_ordered(void* ptr, int64_t value, int64_t ordering) {","void __kain_atomic_store_ordered(void* ptr, int64_t value, int64_t ordering) { || atomic_int_least64_t* cell = (atomic_int_least64_t*)ptr; || atomic_store_explicit(cell, (int_least64_t)value, kain_memory_store_order_from_code(ordering));"
0,memory.c,__kain_atomic_add_ordered,389,397,9,,,,,atomic_,,,2,2,0,0,0,0,,"int64_t __kain_atomic_add_ordered(void* ptr, int64_t delta, int64_t ordering) {","int64_t __kain_atomic_add_ordered(void* ptr, int64_t delta, int64_t ordering) { || atomic_int_least64_t* cell = (atomic_int_least64_t*)ptr; || return (int64_t)atomic_fetch_add_explicit("
0,memory.c,__kain_atomic_sub_ordered,398,406,9,,,,,atomic_,,,2,2,0,0,0,0,,"int64_t __kain_atomic_sub_ordered(void* ptr, int64_t delta, int64_t ordering) {","int64_t __kain_atomic_sub_ordered(void* ptr, int64_t delta, int64_t ordering) { || atomic_int_least64_t* cell = (atomic_int_least64_t*)ptr; || return (int64_t)atomic_fetch_sub_explicit("
0,memory.c,__kain_atomic_or_ordered,416,424,9,,,,,atomic_,,,2,2,0,0,0,0,,"int64_t __kain_atomic_or_ordered(void* ptr, int64_t bits, int64_t ordering) {","int64_t __kain_atomic_or_ordered(void* ptr, int64_t bits, int64_t ordering) { || atomic_int_least64_t* cell = (atomic_int_least64_t*)ptr; || return (int64_t)atomic_fetch_or_explicit("
0,memory.c,__kain_atomic_xor_ordered,425,433,9,,,,,atomic_,,,2,2,0,0,0,0,,"int64_t __kain_atomic_xor_ordered(void* ptr, int64_t bits, int64_t ordering) {","int64_t __kain_atomic_xor_ordered(void* ptr, int64_t bits, int64_t ordering) { || atomic_int_least64_t* cell = (atomic_int_least64_t*)ptr; || return (int64_t)atomic_fetch_xor_explicit("
0,memory.c,__kain_atomic_exchange_ordered,434,442,9,,,,,atomic_,,,2,2,0,0,0,0,,"int64_t __kain_atomic_exchange_ordered(void* ptr, int64_t value, int64_t ordering) {","int64_t __kain_atomic_exchange_ordered(void* ptr, int64_t value, int64_t ordering) { || atomic_int_least64_t* cell = (atomic_int_least64_t*)ptr; || return (int64_t)atomic_exchange_explicit("
0,memory.c,__kain_atomic_compare_exchange_ordered,443,462,20,,,,,atomic_,,,2,2,0,0,0,0,,"int __kain_atomic_compare_exchange_ordered( void* ptr, int64_t expected, int64_t desired, int64_t success_ordering, int64_t failure_ordering ) {","int __kain_atomic_compare_exchange_ordered( || void* ptr, || int64_t expected,"
0,memory.c,__kain_atomic_fence,463,466,4,,,,,atomic_,,,0,0,0,0,0,0,,void __kain_atomic_fence(int64_t ordering) {,void __kain_atomic_fence(int64_t ordering) { || atomic_thread_fence(kain_memory_order_from_code(ordering)); || }
0,memory.c,__kain_atomic_load_seqcst,467,470,4,,,,,atomic_,,,1,2,0,0,0,0,,int64_t __kain_atomic_load_seqcst(const void* ptr) {,"int64_t __kain_atomic_load_seqcst(const void* ptr) { || return __kain_atomic_load_ordered(ptr, KAIN_MEMORY_ORDER_SEQ_CST); || }"
0,memory.c,__kain_atomic_store_seqcst,471,474,4,,,,,atomic_,,,1,2,0,0,0,0,,"void __kain_atomic_store_seqcst(void* ptr, int64_t value) {","void __kain_atomic_store_seqcst(void* ptr, int64_t value) { || __kain_atomic_store_ordered(ptr, value, KAIN_MEMORY_ORDER_SEQ_CST); || }"
0,memory.c,__kain_atomic_add_seqcst,475,478,4,,,,,atomic_,,,1,2,0,0,0,0,,"int64_t __kain_atomic_add_seqcst(void* ptr, int64_t delta) {","int64_t __kain_atomic_add_seqcst(void* ptr, int64_t delta) { || return __kain_atomic_add_ordered(ptr, delta, KAIN_MEMORY_ORDER_SEQ_CST); || }"
0,memory.c,__kain_atomic_sub_seqcst,479,482,4,,,,,atomic_,,,1,2,0,0,0,0,,"int64_t __kain_atomic_sub_seqcst(void* ptr, int64_t delta) {","int64_t __kain_atomic_sub_seqcst(void* ptr, int64_t delta) { || return __kain_atomic_sub_ordered(ptr, delta, KAIN_MEMORY_ORDER_SEQ_CST); || }"
0,memory.c,__kain_atomic_or_seqcst,487,490,4,,,,,atomic_,,,1,2,0,0,0,0,,"int64_t __kain_atomic_or_seqcst(void* ptr, int64_t bits) {","int64_t __kain_atomic_or_seqcst(void* ptr, int64_t bits) { || return __kain_atomic_or_ordered(ptr, bits, KAIN_MEMORY_ORDER_SEQ_CST); || }"
0,memory.c,__kain_atomic_xor_seqcst,491,494,4,,,,,atomic_,,,1,2,0,0,0,0,,"int64_t __kain_atomic_xor_seqcst(void* ptr, int64_t bits) {","int64_t __kain_atomic_xor_seqcst(void* ptr, int64_t bits) { || return __kain_atomic_xor_ordered(ptr, bits, KAIN_MEMORY_ORDER_SEQ_CST); || }"
0,memory.c,__kain_atomic_exchange_seqcst,495,498,4,,,,,atomic_,,,1,2,0,0,0,0,,"int64_t __kain_atomic_exchange_seqcst(void* ptr, int64_t value) {","int64_t __kain_atomic_exchange_seqcst(void* ptr, int64_t value) { || return __kain_atomic_exchange_ordered(ptr, value, KAIN_MEMORY_ORDER_SEQ_CST); || }"
0,memory.c,__kain_atomic_compare_exchange_seqcst,499,508,10,,,,,atomic_,,,1,2,0,0,0,0,,"int __kain_atomic_compare_exchange_seqcst(void* ptr, int64_t expected, int64_t desired) {","int __kain_atomic_compare_exchange_seqcst(void* ptr, int64_t expected, int64_t desired) { || return __kain_atomic_compare_exchange_ordered( || ptr,"
0,net_system.c,abi_net_isolate_low_bit_u64,330,333,4,,,,,,,,1,0,0,0,0,0,,static uint64_t abi_net_isolate_low_bit_u64(uint64_t value) {,static uint64_t abi_net_isolate_low_bit_u64(uint64_t value) { || return value & (0u - value); || }
0,net_system.c,abi_net_text_equal_ci,486,496,11,,,,,,,,1,0,0,0,0,0,,"static int abi_net_text_equal_ci(const char* left, const char* right) {","static int abi_net_text_equal_ci(const char* left, const char* right) { || if (left == 0 || right == 0) { || return 0;"
0,net_system.c,abi_net_normalize_protocol_name,497,513,17,,,,,,,,1,1,0,0,0,0,,static const char* abi_net_normalize_protocol_name(const char* protocol_name) {,static const char* abi_net_normalize_protocol_name(const char* protocol_name) { || if (protocol_name == 0 || protocol_name[0] == '\0') { || return g_http_protocol_http11;
0,net_system.c,abi_net_protocol_from_http_version_token,525,535,11,,,,,,,,1,1,0,0,0,0,,static const char* abi_net_protocol_from_http_version_token(const char* version_token) {,static const char* abi_net_protocol_from_http_version_token(const char* version_token) { || if (version_token == 0 || version_token[0] == '\0') { || return g_http_protocol_http11;
0,net_system.c,abi_net_string,536,539,4,,,,,,,,2,0,0,0,0,0,,static const char* abi_net_string(const char* source) {,static const char* abi_net_string(const char* source) { || return string_new((char*)(source ? source : g_empty_string)); || }
0,net_system.c,abi_net_socket_close,569,579,11,,,,,,,,0,0,0,0,0,0,,static void abi_net_socket_close(SOCKET socket_handle) {,static void abi_net_socket_close(SOCKET socket_handle) { || if (socket_handle == INVALID_SOCKET) { || return;
0,net_system.c,abi_net_wait_readable,580,596,17,,,,,,,,3,3,0,0,0,0,,"static int abi_net_wait_readable(SOCKET socket_handle, int64_t timeout_ms) {","static int abi_net_wait_readable(SOCKET socket_handle, int64_t timeout_ms) { || fd_set read_set; || struct timeval timeout;"
0,net_system.c,abi_net_atomic_fetch_add_u64,597,608,12,,,,,Interlocked|__atomic_|atomic_,,,3,0,0,0,0,0,,"static uint64_t abi_net_atomic_fetch_add_u64(volatile uint64_t* target, uint64_t increment) {","static uint64_t abi_net_atomic_fetch_add_u64(volatile uint64_t* target, uint64_t increment) { || #if defined(_MSC_VER) || return (uint64_t)_InterlockedExchangeAdd64((volatile long long*)target, (long long)increment);"
0,net_system.c,abi_net_atomic_load_u64,609,618,10,,,,,Interlocked|__atomic_|atomic_,,,3,0,0,0,0,0,,static uint64_t abi_net_atomic_load_u64(volatile uint64_t* target) {,"static uint64_t abi_net_atomic_load_u64(volatile uint64_t* target) { || #if defined(_MSC_VER) || return (uint64_t)_InterlockedCompareExchange64((volatile long long*)target, 0, 0);"
0,net_system.c,abi_net_atomic_store_u64,619,628,10,,,,,Interlocked|__atomic_|atomic_,,,2,0,0,0,0,0,,"static void abi_net_atomic_store_u64(volatile uint64_t* target, uint64_t value) {","static void abi_net_atomic_store_u64(volatile uint64_t* target, uint64_t value) { || #if defined(_MSC_VER) || (void)_InterlockedExchange64((volatile long long*)target, (long long)value);"
0,net_system.c,abi_net_thread_yield,629,636,8,,,,,,,,0,0,0,0,0,0,,static void abi_net_thread_yield(void) {,static void abi_net_thread_yield(void) { || #ifdef _WIN32 || Sleep(0);
0,net_system.c,abi_net_shutdown_send,1222,1229,8,,,,,,,,0,0,0,0,0,0,,static void abi_net_shutdown_send(SOCKET socket_handle) {,"static void abi_net_shutdown_send(SOCKET socket_handle) { || #ifdef _WIN32 || shutdown(socket_handle, SD_SEND);"
0,net_system.c,abi_net_platform_available,1814,1817,4,,,,,,,,0,0,0,0,0,0,,int64_t abi_net_platform_available(void) {,int64_t abi_net_platform_available(void) { || return 1; || }
0,net_system.c,abi_net_platform_name,1818,1833,16,,,,,,,,1,0,0,0,0,0,,const char* abi_net_platform_name(void) {,const char* abi_net_platform_name(void) { || #ifdef _WIN32 || abi_net_ok();
0,net_system.c,abi_net_capability_state,1834,1882,49,,,,,,,,3,1,0,0,0,0,,int64_t abi_net_capability_state(const char* capability_key) {,int64_t abi_net_capability_state(const char* capability_key) { || if (capability_key == 0 || capability_key[0] == '\0') { || return abi_net_fail(
0,net_system.c,abi_tcp_listener_local_port,1918,1926,9,,,,,,,,3,1,0,0,0,0,,int64_t abi_tcp_listener_local_port(int64_t listener_id) {,int64_t abi_tcp_listener_local_port(int64_t listener_id) { || KainNativeTcpListener* listener = abi_net_listener(listener_id); || if (listener == 0) {
0,net_system.c,abi_tcp_read_hex,1973,1977,5,,,,,,,,3,0,0,0,0,0,,const char* abi_tcp_read_hex(int64_t connection_id) {,"const char* abi_tcp_read_hex(int64_t connection_id) { || const char* text = abi_tcp_read_text(connection_id); || return abi_net_encode_hex((const unsigned char*)text, strlen(text));"
0,net_system.c,abi_http_request_set_timeout,2095,2103,9,,,,,,,,3,1,0,0,0,0,,"int64_t abi_http_request_set_timeout(int64_t request_id, int64_t timeout_ms) {","int64_t abi_http_request_set_timeout(int64_t request_id, int64_t timeout_ms) { || KainNativeHttpRequest* request = abi_net_request(request_id); || if (request == 0) {"
0,net_system.c,abi_http_response_status,2168,2176,9,,,,,,,,3,1,0,0,0,0,,int64_t abi_http_response_status(int64_t response_id) {,int64_t abi_http_response_status(int64_t response_id) { || KainNativeHttpResponse* response = abi_net_response(response_id); || if (response == 0) {
0,net_system.c,abi_http_server_local_port,2277,2285,9,,,,,,,,3,1,0,0,0,0,,int64_t abi_http_server_local_port(int64_t server_id) {,int64_t abi_http_server_local_port(int64_t server_id) { || KainNativeHttpServer* server = abi_net_server(server_id); || if (server == 0) {
0,net_system.c,abi_http_server_pump,2363,2370,8,,,,,,,,3,1,0,0,0,0,,"int64_t abi_http_server_pump(int64_t server_id, int64_t timeout_ms) {","int64_t abi_http_server_pump(int64_t server_id, int64_t timeout_ms) { || KainNativeHttpServer* server = abi_net_server(server_id); || if (server == 0 || !server->listening) {"
0,ownership.c,kain_ownership_lock,46,53,8,,,kain_ownership_lock(,,atomic_,,,0,0,0,0,0,0,,static void kain_ownership_lock(void) {,"static void kain_ownership_lock(void) { || while (atomic_flag_test_and_set_explicit( || &KAIN_OWNERSHIP_REGISTRY_LOCK,"
0,ownership.c,kain_ownership_unlock,54,57,4,,,kain_ownership_unlock(,,atomic_,,,0,0,0,0,0,0,,static void kain_ownership_unlock(void) {,"static void kain_ownership_unlock(void) { || atomic_flag_clear_explicit(&KAIN_OWNERSHIP_REGISTRY_LOCK, memory_order_release); || }"
0,ownership.c,kain_ownership_fail,78,82,5,,,,,,,,0,0,0,0,0,0,,static int kain_ownership_fail(int status) {,static int kain_ownership_fail(int status) { || errno = kain_ownership_errno_from_status(status); || return status;
0,ownership.c,kain_ownership_isolate_low_bit_u64,97,100,4,,,,,,,,1,0,0,0,0,0,,static uint64_t kain_ownership_isolate_low_bit_u64(uint64_t value) {,static uint64_t kain_ownership_isolate_low_bit_u64(uint64_t value) { || return value & (0u - value); || }
0,ownership.c,__kain_ownership_begin_observe,554,560,7,,,kain_ownership_lock(|kain_ownership_unlock(,,,,,1,2,0,0,0,0,,int __kain_ownership_begin_observe(const void* ptr) {,int __kain_ownership_begin_observe(const void* ptr) { || kain_ownership_lock(); || int status = kain_ownership_begin_observe_registered_unlocked(ptr);
0,ownership.c,__kain_ownership_begin_observe_helper,561,567,7,,,kain_ownership_lock(|kain_ownership_unlock(,,,,,1,2,0,0,0,0,,int __kain_ownership_begin_observe_helper(const void* ptr) {,int __kain_ownership_begin_observe_helper(const void* ptr) { || kain_ownership_lock(); || int status = kain_ownership_begin_observe_helper_unlocked(ptr);
0,ownership.c,__kain_ownership_end_observe,597,603,7,,,kain_ownership_lock(|kain_ownership_unlock(,,,,,1,2,0,0,0,0,,int __kain_ownership_end_observe(const void* ptr) {,int __kain_ownership_end_observe(const void* ptr) { || kain_ownership_lock(); || int status = kain_ownership_end_observe_registered_unlocked(ptr);
0,ownership.c,__kain_ownership_end_observe_helper,604,610,7,,,kain_ownership_lock(|kain_ownership_unlock(,,,,,1,2,0,0,0,0,,int __kain_ownership_end_observe_helper(const void* ptr) {,int __kain_ownership_end_observe_helper(const void* ptr) { || kain_ownership_lock(); || int status = kain_ownership_end_observe_helper_unlocked(ptr);
0,ownership.c,__kain_ownership_begin_collapse,646,652,7,,,kain_ownership_lock(|kain_ownership_unlock(,,,,,1,2,0,0,0,0,,int __kain_ownership_begin_collapse(void* ptr) {,int __kain_ownership_begin_collapse(void* ptr) { || kain_ownership_lock(); || int status = kain_ownership_begin_collapse_registered_unlocked(ptr);
0,ownership.c,__kain_ownership_begin_collapse_helper,653,659,7,,,kain_ownership_lock(|kain_ownership_unlock(,,,,,1,2,0,0,0,0,,int __kain_ownership_begin_collapse_helper(void* ptr) {,int __kain_ownership_begin_collapse_helper(void* ptr) { || kain_ownership_lock(); || int status = kain_ownership_begin_collapse_helper_unlocked(ptr);
0,ownership.c,__kain_ownership_end_collapse,686,692,7,,,kain_ownership_lock(|kain_ownership_unlock(,,,,,1,2,0,0,0,0,,int __kain_ownership_end_collapse(void* ptr) {,int __kain_ownership_end_collapse(void* ptr) { || kain_ownership_lock(); || int status = kain_ownership_end_collapse_registered_unlocked(ptr);
0,ownership.c,__kain_ownership_end_collapse_helper,693,699,7,,,kain_ownership_lock(|kain_ownership_unlock(,,,,,1,2,0,0,0,0,,int __kain_ownership_end_collapse_helper(void* ptr) {,int __kain_ownership_end_collapse_helper(void* ptr) { || kain_ownership_lock(); || int status = kain_ownership_end_collapse_helper_unlocked(ptr);
0,ownership.c,__kain_ownership_begin_share,736,742,7,,,kain_ownership_lock(|kain_ownership_unlock(,,,,,1,2,0,0,0,0,,int __kain_ownership_begin_share(void* ptr) {,int __kain_ownership_begin_share(void* ptr) { || kain_ownership_lock(); || int status = kain_ownership_begin_share_registered_unlocked(ptr);
0,ownership.c,__kain_ownership_begin_share_helper,743,749,7,,,kain_ownership_lock(|kain_ownership_unlock(,,,,,1,2,0,0,0,0,,int __kain_ownership_begin_share_helper(void* ptr) {,int __kain_ownership_begin_share_helper(void* ptr) { || kain_ownership_lock(); || int status = kain_ownership_begin_share_helper_unlocked(ptr);
0,ownership.c,__kain_ownership_end_share,776,782,7,,,kain_ownership_lock(|kain_ownership_unlock(,,,,,1,2,0,0,0,0,,int __kain_ownership_end_share(void* ptr) {,int __kain_ownership_end_share(void* ptr) { || kain_ownership_lock(); || int status = kain_ownership_end_share_registered_unlocked(ptr);
0,ownership.c,__kain_ownership_end_share_helper,783,789,7,,,kain_ownership_lock(|kain_ownership_unlock(,,,,,1,2,0,0,0,0,,int __kain_ownership_end_share_helper(void* ptr) {,int __kain_ownership_end_share_helper(void* ptr) { || kain_ownership_lock(); || int status = kain_ownership_end_share_helper_unlocked(ptr);
0,ownership.c,__kain_ownership_decay,843,849,7,,,kain_ownership_lock(|kain_ownership_unlock(,,,,,1,2,0,0,0,0,,int __kain_ownership_decay(void* ptr) {,int __kain_ownership_decay(void* ptr) { || kain_ownership_lock(); || int status = kain_ownership_decay_registered_unlocked(ptr);
0,ownership.c,__kain_ownership_decay_helper,850,856,7,,,kain_ownership_lock(|kain_ownership_unlock(,,,,,1,2,0,0,0,0,,int __kain_ownership_decay_helper(void* ptr) {,int __kain_ownership_decay_helper(void* ptr) { || kain_ownership_lock(); || int status = kain_ownership_decay_helper_unlocked(ptr);
0,ownership.c,__kain_ownership_state,865,871,7,,,kain_ownership_lock(|kain_ownership_unlock(,,,,,1,2,0,0,0,0,,int __kain_ownership_state(const void* ptr) {,int __kain_ownership_state(const void* ptr) { || kain_ownership_lock(); || int state = kain_ownership_state_unlocked(ptr);
0,process_system.c,abi_process_text_empty,159,162,4,,,,,,,,1,1,0,0,0,0,,static int abi_process_text_empty(const char* text) {,static int abi_process_text_empty(const char* text) { || return text == 0 || text[0] == '\0'; || }
0,process_system.c,abi_process_text_equal_ci,163,173,11,,,,,,,,1,0,0,0,0,0,,"static int abi_process_text_equal_ci(const char* left, const char* right) {","static int abi_process_text_equal_ci(const char* left, const char* right) { || if (left == 0 || right == 0) { || return 0;"
0,process_system.c,abi_process_string,174,177,4,,,,,,,,2,0,0,0,0,0,,static const char* abi_process_string(const char* source) {,static const char* abi_process_string(const char* source) { || return string_new((char*)(source ? source : g_empty_string)); || }
0,process_system.c,abi_process_mode_from_text,242,263,22,,,,,,,,2,0,0,0,0,0,,"static int abi_process_mode_from_text( const char* mode_text, KainNativeProcessStdioMode* out_mode ) {","static int abi_process_mode_from_text( || const char* mode_text, || KainNativeProcessStdioMode* out_mode"
0,process_system.c,abi_process_isolate_low_bit_u64,283,286,4,,,,,,,,1,0,0,0,0,0,,static uint64_t abi_process_isolate_low_bit_u64(uint64_t value) {,static uint64_t abi_process_isolate_low_bit_u64(uint64_t value) { || return value & (0u - value); || }
0,process_system.c,abi_process_windows_cache_ensure_initialized,1275,1283,9,,,,InitOnceExecuteOnce(,,,,0,0,0,0,0,0,,static void abi_process_windows_cache_ensure_initialized(void) {,"static void abi_process_windows_cache_ensure_initialized(void) { || InitOnceExecuteOnce( || &g_process_windows_cache.init_once,"
0,process_system.c,abi_process_duplicate_inheritable_handle,1284,1302,19,,,,,,,,0,0,0,0,0,0,,static HANDLE abi_process_duplicate_inheritable_handle(HANDLE source_handle) {,static HANDLE abi_process_duplicate_inheritable_handle(HANDLE source_handle) { || HANDLE duplicated_handle = 0; || if (source_handle == 0) {
0,process_system.c,abi_process_platform_available,2166,2173,8,,,,,,,,0,0,0,0,0,0,,int64_t abi_process_platform_available(void) {,int64_t abi_process_platform_available(void) { || #ifdef _WIN32 || return 1;
0,process_system.c,abi_process_spec_set_inherit_environment,2343,2355,13,,,,,,,,3,1,0,0,0,0,,"int64_t abi_process_spec_set_inherit_environment(int64_t spec_id, int64_t enabled) {","int64_t abi_process_spec_set_inherit_environment(int64_t spec_id, int64_t enabled) { || KainNativeProcessSpec* spec = abi_process_spec_lookup(spec_id); || if (spec == 0) {"
0,process_system.c,abi_process_close,2534,2546,13,,,,,,,,2,0,0,0,0,0,,int64_t abi_process_close(int64_t process_id) {,int64_t abi_process_close(int64_t process_id) { || KainNativeProcessHandle* process = abi_process_lookup(process_id); || if (process == 0) {
0,process_system.c,abi_process_os_pid,2698,2710,13,,,,,,,,3,1,0,0,0,0,,int64_t abi_process_os_pid(int64_t process_id) {,int64_t abi_process_os_pid(int64_t process_id) { || KainNativeProcessHandle* process = abi_process_lookup(process_id); || if (process == 0) {
0,process_system.c,abi_process_stdin_write_text,2884,2887,4,,,,,,,,1,0,0,0,0,0,,"int64_t abi_process_stdin_write_text(int64_t process_id, const char* text) {","int64_t abi_process_stdin_write_text(int64_t process_id, const char* text) { || return abi_process_write_plain_text(process_id, text, 0); || }"
0,process_system.c,abi_process_stdout_read_text,3137,3140,4,,,,,,,,1,0,0,0,0,0,,const char* abi_process_stdout_read_text(int64_t process_id) {,"const char* abi_process_stdout_read_text(int64_t process_id) { || return abi_process_read_stream_text(process_id, 0); || }"
0,process_system.c,abi_process_stdout_read_hex,3141,3144,4,,,,,,,,1,0,0,0,0,0,,const char* abi_process_stdout_read_hex(int64_t process_id) {,"const char* abi_process_stdout_read_hex(int64_t process_id) { || return abi_process_read_stream_hex(process_id, 0); || }"
0,process_system.c,abi_process_stderr_read_text,3145,3148,4,,,,,,,,1,0,0,0,0,0,,const char* abi_process_stderr_read_text(int64_t process_id) {,"const char* abi_process_stderr_read_text(int64_t process_id) { || return abi_process_read_stream_text(process_id, 1); || }"
0,process_system.c,abi_process_stderr_read_hex,3149,3152,4,,,,,,,,1,0,0,0,0,0,,const char* abi_process_stderr_read_hex(int64_t process_id) {,"const char* abi_process_stderr_read_hex(int64_t process_id) { || return abi_process_read_stream_hex(process_id, 1); || }"
0,process_system.c,abi_process_stdout_capture_text,3153,3156,4,,,,,,,,1,0,0,0,0,0,,const char* abi_process_stdout_capture_text(int64_t process_id) {,"const char* abi_process_stdout_capture_text(int64_t process_id) { || return abi_process_capture_text_internal(process_id, 0); || }"
0,process_system.c,abi_process_stdout_capture_hex,3157,3160,4,,,,,,,,1,0,0,0,0,0,,const char* abi_process_stdout_capture_hex(int64_t process_id) {,"const char* abi_process_stdout_capture_hex(int64_t process_id) { || return abi_process_capture_hex_internal(process_id, 0); || }"
0,process_system.c,abi_process_stderr_capture_text,3161,3164,4,,,,,,,,1,0,0,0,0,0,,const char* abi_process_stderr_capture_text(int64_t process_id) {,"const char* abi_process_stderr_capture_text(int64_t process_id) { || return abi_process_capture_text_internal(process_id, 1); || }"
0,process_system.c,abi_process_stderr_capture_hex,3165,3168,4,,,,,,,,1,0,0,0,0,0,,const char* abi_process_stderr_capture_hex(int64_t process_id) {,"const char* abi_process_stderr_capture_hex(int64_t process_id) { || return abi_process_capture_hex_internal(process_id, 1); || }"
0,process_system.c,abi_process_pty_write_text,3169,3172,4,,,,,,,,1,0,0,0,0,0,,"int64_t abi_process_pty_write_text(int64_t process_id, const char* text) {","int64_t abi_process_pty_write_text(int64_t process_id, const char* text) { || return abi_process_write_plain_text(process_id, text, 1); || }"
0,process_system.c,abi_process_last_status,3475,3478,4,,,,,,,,0,0,0,0,0,0,,int64_t abi_process_last_status(void) {,int64_t abi_process_last_status(void) { || return g_last_status; || }
0,process_system.c,abi_process_last_error_kind,3479,3482,4,,,,,,,,1,0,0,0,0,0,,const char* abi_process_last_error_kind(void) {,const char* abi_process_last_error_kind(void) { || return abi_process_string(g_last_error_kind); || }
0,process_system.c,abi_process_last_error_message,3483,3486,4,,,,,,,,1,0,0,0,0,0,,const char* abi_process_last_error_message(void) {,const char* abi_process_last_error_message(void) { || return abi_process_string(g_last_error_message); || }
0,ray_sphere_benchmark.c,kain_ray_sphere_mod_add,31,38,8,,,,,,,,1,0,0,0,0,0,,"static int64_t kain_ray_sphere_mod_add( int64_t left, int64_t right, int64_t modulus ) {","static int64_t kain_ray_sphere_mod_add( || int64_t left, || int64_t right,"
0,realtime.c,graphics_bundle_text_equals_ci,86,92,7,,,,,,,,1,1,0,0,0,0,,"static int graphics_bundle_text_equals_ci(const char* left, const char* right) {","static int graphics_bundle_text_equals_ci(const char* left, const char* right) { || if (!left || !right || !left[0] || !right[0]) { || return 0;"
0,reflection.c,reflection_set_diag,1826,1847,22,,,,,,,,3,0,0,0,0,0,,"static void reflection_set_diag( KainDiagnostic* diag, KainDiagSeverity severity, int code, const char* message, const char* detail ) {","static void reflection_set_diag( || KainDiagnostic* diag, || KainDiagSeverity severity,"
0,renderer_backend.c,kain_renderer_backend_catalog,38,41,4,,,,,,,,1,0,0,0,0,0,,const KainRendererBackendDescriptor* kain_renderer_backend_catalog(void) {,const KainRendererBackendDescriptor* kain_renderer_backend_catalog(void) { || return g_kain_renderer_backend_catalog; || }
0,renderer_backend.c,kain_renderer_backend_active,86,98,13,,,,,,,,3,0,0,0,0,0,,const KainRendererBackendDescriptor* kain_renderer_backend_active(void) {,const KainRendererBackendDescriptor* kain_renderer_backend_active(void) { || const char* requested_backend = || getenv(RENDERER_BACKEND_ENV);
0,renderer_session.c,kain_renderer_session_resolve_requested_backend,20,38,19,,,,,,,,3,1,0,0,0,0,,static const KainRendererBackendDescriptor* kain_renderer_session_resolve_requested_backend( const char* requested_backend_id ) {,static const KainRendererBackendDescriptor* || kain_renderer_session_resolve_requested_backend( || const char* requested_backend_id
0,renderer_session.c,kain_renderer_session_executor_for_platform,58,72,15,,,,,,,,0,0,0,0,0,0,,"static KainRendererSceneExecutorKind kain_renderer_session_executor_for_platform( KainPlatformKind platform_kind, int graphics_bundle_valid ) {","static KainRendererSceneExecutorKind kain_renderer_session_executor_for_platform( || KainPlatformKind platform_kind, || int graphics_bundle_valid"
0,renderer_session.c,renderer_session_shutdown,240,243,4,,,,,,,,1,0,0,0,0,0,,void renderer_session_shutdown(KainRuntimeRendererSession* session) {,void renderer_session_shutdown(KainRuntimeRendererSession* session) { || (void)session; || }
0,renderer_session.c,renderer_session_status_name,244,259,16,,,,,,,,1,0,0,0,0,0,,const char* renderer_session_status_name( KainRendererSessionStatus status ) {,const char* renderer_session_status_name( || KainRendererSessionStatus status || ) {
0,renderer_session.c,renderer_scene_executor_name,260,273,14,,,,,,,,3,0,0,0,0,0,,const char* renderer_scene_executor_name( KainRendererSceneExecutorKind executor_kind ) {,const char* renderer_scene_executor_name( || KainRendererSceneExecutorKind executor_kind || ) {
0,renderer_session.c,renderer_session_should_use_compatibility_executor,274,279,6,,,,,,,,2,1,0,0,0,0,,int renderer_session_should_use_compatibility_executor( const KainRuntimeRendererSession* session ) {,int renderer_session_should_use_compatibility_executor( || const KainRuntimeRendererSession* session || ) {
0,scene.c,kain_scene_handle_init,68,74,7,,,,,,,,2,1,0,0,0,0,,void kain_scene_handle_init(KainSceneHandle* handle) {,void kain_scene_handle_init(KainSceneHandle* handle) { || if (!handle) { || return;
0,scene.c,kain_scene_handle_is_valid,75,78,4,,,,,,,,0,0,0,0,0,0,,int kain_scene_handle_is_valid(KainSceneHandle handle) {,int kain_scene_handle_is_valid(KainSceneHandle handle) { || return handle.value != 0ull; || }
0,scene.c,kain_scene_handle_kind,79,82,4,,,,,,,,1,0,0,0,0,0,,KainSceneResourceKind kain_scene_handle_kind(KainSceneHandle handle) {,KainSceneResourceKind kain_scene_handle_kind(KainSceneHandle handle) { || return (KainSceneResourceKind)((handle.value >> 56) & 0xffull); || }
0,scene.c,kain_scene_resource_kind_name,179,198,20,,,,,,,,1,0,0,0,0,0,,const char* kain_scene_resource_kind_name(KainSceneResourceKind kind) {,"const char* kain_scene_resource_kind_name(KainSceneResourceKind kind) { || switch (kind) { || case KAIN_SCENE_RESOURCE_SCENE: return ""scene"";"
0,scene.c,kain_scene_mutation_kind_name,199,214,16,,,,,,,,1,0,0,0,0,0,,const char* kain_scene_mutation_kind_name(KainSceneMutationKind kind) {,"const char* kain_scene_mutation_kind_name(KainSceneMutationKind kind) { || switch (kind) { || case KAIN_SCENE_MUTATION_CREATE: return ""create"";"
0,scene.c,kain_scene_mutation_status_name,215,226,12,,,,,,,,1,0,0,0,0,0,,const char* kain_scene_mutation_status_name(KainSceneMutationStatus status) {,"const char* kain_scene_mutation_status_name(KainSceneMutationStatus status) { || switch (status) { || case KAIN_SCENE_MUTATION_STATUS_ACCEPTED: return ""accepted"";"
0,scene.c,kain_scene_query_status_name,240,251,12,,,,,,,,1,0,0,0,0,0,,const char* kain_scene_query_status_name(KainSceneQueryStatus status) {,"const char* kain_scene_query_status_name(KainSceneQueryStatus status) { || switch (status) { || case KAIN_SCENE_QUERY_STATUS_OK: return ""ok"";"
0,scene.c,backend_kind_name,252,263,12,,,,,,,,1,0,0,0,0,0,,const char* backend_kind_name(KainRuntimeBackendKind kind) {,"const char* backend_kind_name(KainRuntimeBackendKind kind) { || switch (kind) { || case BACKEND_VULKAN: return ""vulkan"";"
0,services.c,kain_text_equals_ci,47,57,11,,,,,,,,1,0,0,0,0,0,,"static int kain_text_equals_ci(const char* left, const char* right) {","static int kain_text_equals_ci(const char* left, const char* right) { || if (!left || !right) { || return 0;"
0,services.c,kain_service_rotate_left_u64,58,61,4,,,,,,,,1,0,0,0,0,0,,"static uint64_t kain_service_rotate_left_u64(uint64_t value, unsigned int shift) {","static uint64_t kain_service_rotate_left_u64(uint64_t value, unsigned int shift) { || return (value << shift) | (value >> (64u - shift)); || }"
0,services.c,kain_service_registry_is_initialized,193,199,7,,,,,atomic_,,,2,1,0,1,0,0,,static int kain_service_registry_is_initialized( const KainServiceRegistry* registry ) {,static int kain_service_registry_is_initialized( || const KainServiceRegistry* registry || ) {
0,services.c,kain_service_registry_unlock,231,237,7,,,,,atomic_,,,2,1,0,0,0,0,,static void kain_service_registry_unlock(KainServiceRegistry* registry) {,static void kain_service_registry_unlock(KainServiceRegistry* registry) { || if (registry == NULL) { || return;
0,services.c,kain_service_registry_lookup_mutable,767,776,10,,,,,,,,3,0,0,0,0,0,,"static KainServiceDescriptor* kain_service_registry_lookup_mutable( KainServiceRegistry* registry, const char* key ) {","static KainServiceDescriptor* kain_service_registry_lookup_mutable( || KainServiceRegistry* registry, || const char* key"
0,services.c,kain_service_registry_register_or_refresh_descriptor,884,894,11,,,,,,,,3,0,0,0,0,0,,"static int kain_service_registry_register_or_refresh_descriptor( KainServiceRegistry* registry, const KainServiceDescriptor* descriptor ) {","static int kain_service_registry_register_or_refresh_descriptor( || KainServiceRegistry* registry, || const KainServiceDescriptor* descriptor"
0,services.c,kain_service_registry_global,1282,1286,5,,,,,,,,1,0,0,0,0,0,,KainServiceRegistry* kain_service_registry_global(void) {,KainServiceRegistry* kain_service_registry_global(void) { || kain_service_registry_ensure_initialized(&g_service_registry); || return &g_service_registry;
0,simd.c,kain_simd_affine_fold_mod,69,86,18,,,,,,,,3,0,0,0,0,0,,"static int64_t kain_simd_affine_fold_mod( KainSimdAffineStats stats, int64_t passes, int64_t bias_mod, int64_t phase_mod, int64_t modulus ) {","static int64_t kain_simd_affine_fold_mod( || KainSimdAffineStats stats, || int64_t passes,"
0,simd.c,abi_simd_i64_dot_i32_domain_scalar_mod,92,104,13,,,,,,,,3,0,0,0,0,0,,"int64_t abi_simd_i64_dot_i32_domain_scalar_mod( const int64_t* left, const int64_t* right, int64_t cells, int64_t lane_bias, int64_t modulus ) {","int64_t abi_simd_i64_dot_i32_domain_scalar_mod( || const int64_t* left, || const int64_t* right,"
0,simd.c,abi_simd_i64_dot_i32_domain_affine_accumulate_scalar_mod,105,125,21,,,,,,,,3,0,0,0,0,0,,"int64_t abi_simd_i64_dot_i32_domain_affine_accumulate_scalar_mod( const int64_t* left, const int64_t* right, int64_t cells, int64_t passes, int64_t bias_mod, int64_t phase_mod, int64_t modulus ) {","int64_t abi_simd_i64_dot_i32_domain_affine_accumulate_scalar_mod( || const int64_t* left, || const int64_t* right,"
0,stdlib_abi.c,abi_diag,95,100,6,,,,,,,,0,0,0,0,0,0,,static KainDiagnostic abi_diag(void) {,static KainDiagnostic abi_diag(void) { || KainDiagnostic diag; || kain_diagnostic_init(&diag);
0,stdlib_abi.c,abi_runtime_init,535,547,13,,,,,,,,1,0,0,0,0,0,,int64_t abi_runtime_init(void) {,int64_t abi_runtime_init(void) { || /* Actors lazy-init on first spawn or registry touch so pure native || * programs skip pooled scheduler startup during process bring-up. */
0,stdlib_abi.c,abi_attrition_checkpoint,571,578,8,,,,,,,,1,0,0,0,0,0,,"int64_t abi_attrition_checkpoint(const char* label, int64_t subject_id) {","int64_t abi_attrition_checkpoint(const char* label, int64_t subject_id) { || if (!abi_attrition_capture_enabled()) { || return 0;"
0,stdlib_abi.c,abi_attrition_note_progress,579,589,11,,,,,,,,0,0,0,0,0,0,,"int64_t abi_attrition_note_progress(int64_t iteration, int64_t checksum) {","int64_t abi_attrition_note_progress(int64_t iteration, int64_t checksum) { || if (!abi_attrition_capture_enabled()) { || return 0;"
0,stdlib_abi.c,abi_runtime_heap_validate,605,616,12,,,,,,,,0,0,0,0,0,0,,int64_t abi_runtime_heap_validate(void) {,int64_t abi_runtime_heap_validate(void) { || #ifdef _WIN32 || HANDLE process_heap = GetProcessHeap();
0,stdlib_abi.c,abi_as_tagged,649,655,7,,,,,,,,2,0,0,0,0,0,,static const KainNativeTaggedValue* abi_as_tagged(const void* value) {,static const KainNativeTaggedValue* abi_as_tagged(const void* value) { || if (value == 0) { || return 0;
0,stdlib_abi.c,abi_option_none,656,659,4,,,,,,,,1,0,0,0,0,0,,void* abi_option_none(void) {,"void* abi_option_none(void) { || return abi_tagged_new(ABI_TAG_OPTION_NONE, 0, 0); || }"
0,stdlib_abi.c,abi_option_is_some,664,668,5,,,,,,,,3,1,0,0,0,0,,int64_t abi_option_is_some(const void* value) {,int64_t abi_option_is_some(const void* value) { || const KainNativeTaggedValue* tagged = abi_as_tagged(value); || return tagged != 0 && tagged->tag == ABI_TAG_OPTION_SOME;
0,stdlib_abi.c,abi_option_is_none,669,673,5,,,,,,,,3,1,0,0,0,0,,int64_t abi_option_is_none(const void* value) {,int64_t abi_option_is_none(const void* value) { || const KainNativeTaggedValue* tagged = abi_as_tagged(value); || return tagged == 0 || tagged->tag == ABI_TAG_OPTION_NONE;
0,stdlib_abi.c,abi_tagged_matches,674,678,5,,,,,,,,3,1,0,0,0,0,,"int64_t abi_tagged_matches(const void* value, int64_t tag) {","int64_t abi_tagged_matches(const void* value, int64_t tag) { || const KainNativeTaggedValue* tagged = abi_as_tagged(value); || return tagged != 0 && tagged->tag == tag;"
0,stdlib_abi.c,abi_tagged_is_success,679,684,6,,,,,,,,3,1,0,0,0,0,,int64_t abi_tagged_is_success(const void* value) {,int64_t abi_tagged_is_success(const void* value) { || const KainNativeTaggedValue* tagged = abi_as_tagged(value); || return tagged != 0 &&
0,stdlib_abi.c,abi_result_is_ok,721,725,5,,,,,,,,3,1,0,0,0,0,,int64_t abi_result_is_ok(const void* value) {,int64_t abi_result_is_ok(const void* value) { || const KainNativeTaggedValue* tagged = abi_as_tagged(value); || return tagged != 0 && tagged->tag == ABI_TAG_RESULT_OK;
0,stdlib_abi.c,abi_result_is_err,726,730,5,,,,,,,,3,1,0,0,0,0,,int64_t abi_result_is_err(const void* value) {,int64_t abi_result_is_err(const void* value) { || const KainNativeTaggedValue* tagged = abi_as_tagged(value); || return tagged != 0 && tagged->tag == ABI_TAG_RESULT_ERR;
0,stdlib_abi.c,abi_as_future,793,800,8,,,,,,,,3,1,0,0,0,0,,static KainNativeFutureValue* abi_as_future(const void* future_value) {,static KainNativeFutureValue* abi_as_future(const void* future_value) { || KainNativeFutureValue* future = (KainNativeFutureValue*)future_value; || if (future == 0 || future->tag != ABI_TAG_FUTURE) {
0,stdlib_abi.c,abi_actor_abi_version,870,873,4,,,,,,,,0,0,0,0,0,0,,int64_t abi_actor_abi_version(void) {,int64_t abi_actor_abi_version(void) { || return (int64_t)KAIN_ACTOR_ABI_VERSION; || }
0,stdlib_abi.c,abi_actor_invalid_id,874,877,4,,,,,,,,0,0,0,0,0,0,,int64_t abi_actor_invalid_id(void) {,int64_t abi_actor_invalid_id(void) { || return (int64_t)KAIN_ACTOR_ID_INVALID; || }
0,stdlib_abi.c,abi_actor_default_ask_timeout_ms,886,889,4,,,,,,,,0,0,0,0,0,0,,int64_t abi_actor_default_ask_timeout_ms(void) {,int64_t abi_actor_default_ask_timeout_ms(void) { || return (int64_t)KAIN_ACTOR_DEFAULT_ASK_TIMEOUT_MS; || }
0,stdlib_abi.c,abi_actor_default_shutdown_grace_ms,890,893,4,,,,,,,,0,0,0,0,0,0,,int64_t abi_actor_default_shutdown_grace_ms(void) {,int64_t abi_actor_default_shutdown_grace_ms(void) { || return (int64_t)KAIN_ACTOR_DEFAULT_SHUTDOWN_GRACE_MS; || }
0,stdlib_abi.c,abi_actor_supervision_max_restarts,894,897,4,,,,,,,,0,0,0,0,0,0,,int64_t abi_actor_supervision_max_restarts(void) {,int64_t abi_actor_supervision_max_restarts(void) { || return (int64_t)KAIN_SUPERVISION_MAX_RESTARTS; || }
0,stdlib_abi.c,abi_actor_supervision_restart_window_millis,898,901,4,,,,,,,,0,0,0,0,0,0,,int64_t abi_actor_supervision_restart_window_millis(void) {,int64_t abi_actor_supervision_restart_window_millis(void) { || return (int64_t)KAIN_SUPERVISION_RESTART_WINDOW_MILLIS; || }
0,stdlib_abi.c,abi_actor_default_bootstrap,929,948,20,,,,,,,free(,2,0,0,0,0,0,,"static KainActorExitReason abi_actor_default_bootstrap( KainActorId actor_id, KainActorMailbox* mailbox, void* user_data ) {","static KainActorExitReason abi_actor_default_bootstrap( || KainActorId actor_id, || KainActorMailbox* mailbox,"
0,stdlib_abi.c,abi_actor_state_invalid,973,976,4,,,,,,,,0,0,0,0,0,0,,int abi_actor_state_invalid(int64_t actor_id) {,int abi_actor_state_invalid(int64_t actor_id) { || return actor_id <= 0 || kain_actor_get_state((KainActorId)actor_id) == KAIN_ACTOR_STATE_UNINITIALIZED; || }
0,stdlib_abi.c,abi_actor_get_state,977,980,4,,,,,,,,0,0,0,0,0,0,,int64_t abi_actor_get_state(int64_t actor_id) {,int64_t abi_actor_get_state(int64_t actor_id) { || return (int64_t)kain_actor_get_state((KainActorId)actor_id); || }
0,stdlib_abi.c,abi_actor_shutdown,981,985,5,,,,,,,,0,0,0,0,0,0,,int64_t abi_actor_shutdown(int64_t actor_id) {,"int64_t abi_actor_shutdown(int64_t actor_id) { || KainDiagnostic diag = abi_diag(); || return (int64_t)kain_actor_shutdown((KainActorId)actor_id, &diag);"
0,stdlib_abi.c,abi_actor_kill,986,990,5,,,,,,,,0,0,0,0,0,0,,int64_t abi_actor_kill(int64_t actor_id) {,"int64_t abi_actor_kill(int64_t actor_id) { || KainDiagnostic diag = abi_diag(); || return (int64_t)kain_actor_kill((KainActorId)actor_id, &diag);"
0,stdlib_abi.c,abi_actor_registry_lookup,991,997,7,,,,,,,,1,1,0,0,0,0,,int64_t abi_actor_registry_lookup(const char* name) {,int64_t abi_actor_registry_lookup(const char* name) { || if (name == 0 || name[0] == '\0') { || return (int64_t)KAIN_ACTOR_ID_INVALID;
0,stdlib_abi.c,abi_actor_registry_register,998,1005,8,,,,,,,,2,1,0,0,0,0,,"int64_t abi_actor_registry_register(const char* name, int64_t actor_id) {","int64_t abi_actor_registry_register(const char* name, int64_t actor_id) { || KainDiagnostic diag = abi_diag(); || if (name == 0 || name[0] == '\0' || actor_id <= 0) {"
0,stdlib_abi.c,abi_actor_registry_unregister,1006,1013,8,,,,,,,,2,1,0,0,0,0,,int64_t abi_actor_registry_unregister(const char* name) {,int64_t abi_actor_registry_unregister(const char* name) { || KainDiagnostic diag = abi_diag(); || if (name == 0 || name[0] == '\0') {
0,stdlib_abi.c,abi_actor_monitor,1014,1018,5,,,,,,,,0,0,0,0,0,0,,"int64_t abi_actor_monitor(int64_t monitor_id, int64_t monitored_id) {","int64_t abi_actor_monitor(int64_t monitor_id, int64_t monitored_id) { || KainDiagnostic diag = abi_diag(); || return (int64_t)kain_actor_monitor((KainActorId)monitor_id, (KainActorId)monitored_id, &diag);"
0,stdlib_abi.c,abi_actor_demonitor,1019,1023,5,,,,,,,,0,0,0,0,0,0,,"int64_t abi_actor_demonitor(int64_t monitor_id, int64_t monitored_id) {","int64_t abi_actor_demonitor(int64_t monitor_id, int64_t monitored_id) { || KainDiagnostic diag = abi_diag(); || return (int64_t)kain_actor_demonitor((KainActorId)monitor_id, (KainActorId)monitored_id, &diag);"
0,stdlib_abi.c,abi_actor_link,1024,1028,5,,,,,,,,0,0,0,0,0,0,,"int64_t abi_actor_link(int64_t actor_a, int64_t actor_b) {","int64_t abi_actor_link(int64_t actor_a, int64_t actor_b) { || KainDiagnostic diag = abi_diag(); || return (int64_t)kain_actor_link((KainActorId)actor_a, (KainActorId)actor_b, &diag);"
0,stdlib_abi.c,abi_actor_unlink,1029,1033,5,,,,,,,,0,0,0,0,0,0,,"int64_t abi_actor_unlink(int64_t actor_a, int64_t actor_b) {","int64_t abi_actor_unlink(int64_t actor_a, int64_t actor_b) { || KainDiagnostic diag = abi_diag(); || return (int64_t)kain_actor_unlink((KainActorId)actor_a, (KainActorId)actor_b, &diag);"
0,stdlib_abi.c,abi_actor_supervision_snapshot,1034,1044,11,,,,,,,,2,0,0,0,0,0,,"static int abi_actor_supervision_snapshot( int64_t actor_id, KainActorSupervisionSnapshot* snapshot ) {","static int abi_actor_supervision_snapshot( || int64_t actor_id, || KainActorSupervisionSnapshot* snapshot"
0,stdlib_abi.c,abi_actor_scheduler_snapshot,1077,1082,6,,,,,,,,0,0,0,0,0,0,,static KainActorSchedulerSnapshot abi_actor_scheduler_snapshot(void) {,static KainActorSchedulerSnapshot abi_actor_scheduler_snapshot(void) { || KainActorSchedulerSnapshot snapshot; || kain_actor_scheduler_snapshot(&snapshot);
0,stdlib_abi.c,abi_actor_scheduler_queue_depth,1083,1086,4,,,,,,,,0,0,0,0,0,0,,int64_t abi_actor_scheduler_queue_depth(void) {,int64_t abi_actor_scheduler_queue_depth(void) { || return (int64_t)abi_actor_scheduler_snapshot().queue_depth; || }
0,stdlib_abi.c,abi_actor_scheduler_max_queue_depth,1087,1090,4,,,,,,,,0,0,0,0,0,0,,int64_t abi_actor_scheduler_max_queue_depth(void) {,int64_t abi_actor_scheduler_max_queue_depth(void) { || return (int64_t)abi_actor_scheduler_snapshot().max_queue_depth; || }
0,stdlib_abi.c,abi_actor_scheduler_total_enqueued,1091,1094,4,,,,,,,,0,0,0,0,0,0,,int64_t abi_actor_scheduler_total_enqueued(void) {,int64_t abi_actor_scheduler_total_enqueued(void) { || return (int64_t)abi_actor_scheduler_snapshot().total_enqueued; || }
0,stdlib_abi.c,abi_actor_scheduler_total_dequeued,1095,1098,4,,,,,,,,0,0,0,0,0,0,,int64_t abi_actor_scheduler_total_dequeued(void) {,int64_t abi_actor_scheduler_total_dequeued(void) { || return (int64_t)abi_actor_scheduler_snapshot().total_dequeued; || }
0,stdlib_abi.c,abi_actor_scheduler_active_workers,1103,1106,4,,,,,,,,0,0,0,0,0,0,,int64_t abi_actor_scheduler_active_workers(void) {,int64_t abi_actor_scheduler_active_workers(void) { || return (int64_t)abi_actor_scheduler_snapshot().active_workers; || }
0,stdlib_abi.c,abi_actor_scheduler_busy_workers,1107,1110,4,,,,,,,,0,0,0,0,0,0,,int64_t abi_actor_scheduler_busy_workers(void) {,int64_t abi_actor_scheduler_busy_workers(void) { || return (int64_t)abi_actor_scheduler_snapshot().busy_workers; || }
0,stdlib_abi.c,abi_actor_scheduler_overflow_thread_spawns,1111,1114,4,,overflow,,,,,,0,0,0,0,0,0,,int64_t abi_actor_scheduler_overflow_thread_spawns(void) {,int64_t abi_actor_scheduler_overflow_thread_spawns(void) { || return (int64_t)abi_actor_scheduler_snapshot().overflow_thread_spawns; || }
0,stdlib_abi.c,abi_entangle_reset,1115,1119,5,,,,,,,,0,0,0,0,0,0,,int64_t abi_entangle_reset(void) {,int64_t abi_entangle_reset(void) { || entangle_registry_reset(); || return 0;
0,stdlib_abi.c,abi_entangle_last_authority,1267,1270,4,,,,,,,,1,0,0,0,0,0,,const char* abi_entangle_last_authority(void) {,const char* abi_entangle_last_authority(void) { || return string_new(g_kain_native_entangle_last_authority); || }
0,stdlib_abi.c,abi_entangle_last_mirror,1271,1274,4,,,,,,,,1,0,0,0,0,0,,const char* abi_entangle_last_mirror(void) {,const char* abi_entangle_last_mirror(void) { || return string_new(g_kain_native_entangle_last_mirror); || }
0,stdlib_abi.c,abi_orchestrate_stage_end_i64,1306,1311,6,,,,,,,,1,0,0,0,0,0,,"int64_t abi_orchestrate_stage_end_i64(const char* runtime_name, const char* function_name, int64_t status) {","int64_t abi_orchestrate_stage_end_i64(const char* runtime_name, const char* function_name, int64_t status) { || (void)runtime_name; || (void)function_name;"
0,stdlib_abi.c,abi_now_millis,1316,1319,4,,,,,,,,0,0,0,0,0,0,,int64_t abi_now_millis(void) {,int64_t abi_now_millis(void) { || return (int64_t)kain_attrition_now_millis(); || }
0,stdlib_abi.c,abi_sleep_millis,1320,1327,8,,,,,,,,1,0,0,0,0,0,,int64_t abi_sleep_millis(int64_t milliseconds) {,int64_t abi_sleep_millis(int64_t milliseconds) { || if (milliseconds < 0) { || return -1;
0,stdlib_abi.c,abi_fs_errno_kind,1362,1394,33,,,,,,,,1,0,0,0,0,0,,static const char* abi_fs_errno_kind(int error_code) {,static const char* abi_fs_errno_kind(int error_code) { || switch (error_code) { || case 0:
0,stdlib_abi.c,abi_fs_filetime_to_unix_seconds,1460,1470,11,,,,,,,,1,0,0,0,0,0,,static long long abi_fs_filetime_to_unix_seconds(FILETIME value) {,static long long abi_fs_filetime_to_unix_seconds(FILETIME value) { || ULARGE_INTEGER ticks; || const unsigned long long windows_epoch_delta_seconds = 11644473600ULL;
0,stdlib_abi.c,abi_fs_is_separator,1561,1564,4,,,,,,,,0,0,0,0,0,0,,static int abi_fs_is_separator(char ch) {,static int abi_fs_is_separator(char ch) { || return ch == '/' || ch == '\\'; || }
0,stdlib_abi.c,abi_fs_is_ascii_drive_letter,1565,1568,4,,,,,,,,0,0,0,0,0,0,,static int abi_fs_is_ascii_drive_letter(char ch) {,static int abi_fs_is_ascii_drive_letter(char ch) { || return (ch >= 'A' && ch <= 'Z') || (ch >= 'a' && ch <= 'z'); || }
0,version.c,version_check_abi_compatibility,96,119,24,,,,,,,,1,0,0,0,0,0,,int version_check_abi_compatibility( unsigned int required_abi_version_encoded ) {,int version_check_abi_compatibility( || unsigned int required_abi_version_encoded || ) {
0,version.c,version_print_info,120,133,14,,,,,,,,0,0,0,0,0,0,,void version_print_info(void) {,void version_print_info(void) { || KainRuntimeVersionInfo info; || if (version_get_info(&info) != 0) {
