current_path	target_path	size_bytes	area	action
clang/include/CMakeLists.txt	(keep-in-place)	24	clang	keep-in-place
clang/include/module.modulemap	(keep-in-place)	7827	clang	keep-in-place
clang/include/clang/CMakeLists.txt	(keep-in-place)	279	clang	keep-in-place
clang/include/clang/Analysis/AnalysisDeclContext.h	llvm-kain/clang/include/analysis/AnalysisDeclContext.h	13616	clang	move
clang/include/clang/Analysis/AnnexKDetection.h	llvm-kain/clang/include/analysis/AnnexKDetection.h	1508	clang	move
clang/include/clang/Analysis/AnyCall.h	llvm-kain/clang/include/analysis/AnyCall.h	6786	clang	move
clang/include/clang/Analysis/BodyFarm.h	llvm-kain/clang/include/analysis/BodyFarm.h	1566	clang	move
clang/include/clang/Analysis/CallGraph.h	llvm-kain/clang/include/analysis/CallGraph.h	10409	clang	move
clang/include/clang/Analysis/CFG.h	llvm-kain/clang/include/analysis/CFG.h	55098	clang	move
clang/include/clang/Analysis/CFGBackEdges.h	llvm-kain/clang/include/analysis/CFGBackEdges.h	2463	clang	move
clang/include/clang/Analysis/CFGStmtMap.h	llvm-kain/clang/include/analysis/CFGStmtMap.h	1278	clang	move
clang/include/clang/Analysis/CloneDetection.h	llvm-kain/clang/include/analysis/CloneDetection.h	16891	clang	move
clang/include/clang/Analysis/CodeInjector.h	llvm-kain/clang/include/analysis/CodeInjector.h	1632	clang	move
clang/include/clang/Analysis/ConstructionContext.h	llvm-kain/clang/include/analysis/ConstructionContext.h	28091	clang	move
clang/include/clang/Analysis/IssueHash.h	llvm-kain/clang/include/analysis/IssueHash.h	2112	clang	move
clang/include/clang/Analysis/MacroExpansionContext.h	llvm-kain/clang/include/analysis/MacroExpansionContext.h	5010	clang	move
clang/include/clang/Analysis/PathDiagnostic.h	llvm-kain/clang/include/analysis/PathDiagnostic.h	29642	clang	move
clang/include/clang/Analysis/ProgramPoint.h	llvm-kain/clang/include/analysis/ProgramPoint.h	24156	clang	move
clang/include/clang/Analysis/RetainSummaryManager.h	llvm-kain/clang/include/analysis/RetainSummaryManager.h	25959	clang	move
clang/include/clang/Analysis/SelectorExtras.h	llvm-kain/clang/include/analysis/SelectorExtras.h	1233	clang	move
clang/include/clang/Analysis/Analyses/CalledOnceCheck.h	llvm-kain/clang/include/analysis/Analyses/CalledOnceCheck.h	5539	clang	move
clang/include/clang/Analysis/Analyses/CFGReachabilityAnalysis.h	llvm-kain/clang/include/analysis/Analyses/CFGReachabilityAnalysis.h	1738	clang	move
clang/include/clang/Analysis/Analyses/Consumed.h	llvm-kain/clang/include/analysis/Analyses/Consumed.h	9845	clang	move
clang/include/clang/Analysis/Analyses/Dominators.h	llvm-kain/clang/include/analysis/Analyses/Dominators.h	10023	clang	move
clang/include/clang/Analysis/Analyses/ExprMutationAnalyzer.h	llvm-kain/clang/include/analysis/Analyses/ExprMutationAnalyzer.h	5548	clang	move
clang/include/clang/Analysis/Analyses/IntervalPartition.h	llvm-kain/clang/include/analysis/Analyses/IntervalPartition.h	5230	clang	move
clang/include/clang/Analysis/Analyses/LiveVariables.h	llvm-kain/clang/include/analysis/Analyses/LiveVariables.h	3672	clang	move
clang/include/clang/Analysis/Analyses/PostOrderCFGView.h	llvm-kain/clang/include/analysis/Analyses/PostOrderCFGView.h	3038	clang	move
clang/include/clang/Analysis/Analyses/ReachableCode.h	llvm-kain/clang/include/analysis/Analyses/ReachableCode.h	2046	clang	move
clang/include/clang/Analysis/Analyses/ThreadSafety.h	llvm-kain/clang/include/analysis/Analyses/ThreadSafety.h	14550	clang	move
clang/include/clang/Analysis/Analyses/ThreadSafetyCommon.h	llvm-kain/clang/include/analysis/Analyses/ThreadSafetyCommon.h	19096	clang	move
clang/include/clang/Analysis/Analyses/ThreadSafetyLogical.h	llvm-kain/clang/include/analysis/Analyses/ThreadSafetyLogical.h	2731	clang	move
clang/include/clang/Analysis/Analyses/ThreadSafetyOps.def	llvm-kain/clang/include/analysis/Analyses/ThreadSafetyOps.def	1394	clang	move
clang/include/clang/Analysis/Analyses/ThreadSafetyTIL.h	llvm-kain/clang/include/analysis/Analyses/ThreadSafetyTIL.h	55681	clang	move
clang/include/clang/Analysis/Analyses/ThreadSafetyTraverse.h	llvm-kain/clang/include/analysis/Analyses/ThreadSafetyTraverse.h	25802	clang	move
clang/include/clang/Analysis/Analyses/ThreadSafetyUtil.h	llvm-kain/clang/include/analysis/Analyses/ThreadSafetyUtil.h	9558	clang	move
clang/include/clang/Analysis/Analyses/UninitializedValues.h	llvm-kain/clang/include/analysis/Analyses/UninitializedValues.h	4464	clang	move
clang/include/clang/Analysis/Analyses/UnsafeBufferUsage.h	llvm-kain/clang/include/analysis/Analyses/UnsafeBufferUsage.h	8371	clang	move
clang/include/clang/Analysis/Analyses/UnsafeBufferUsageGadgets.def	llvm-kain/clang/include/analysis/Analyses/UnsafeBufferUsageGadgets.def	2272	clang	move
clang/include/clang/Analysis/Analyses/LifetimeSafety/Checker.h	llvm-kain/clang/include/analysis/Analyses/LifetimeSafety/Checker.h	1739	clang	move
clang/include/clang/Analysis/Analyses/LifetimeSafety/Facts.h	llvm-kain/clang/include/analysis/Analyses/LifetimeSafety/Facts.h	13938	clang	move
clang/include/clang/Analysis/Analyses/LifetimeSafety/FactsGenerator.h	llvm-kain/clang/include/analysis/Analyses/LifetimeSafety/FactsGenerator.h	7658	clang	move
clang/include/clang/Analysis/Analyses/LifetimeSafety/LifetimeAnnotations.h	llvm-kain/clang/include/analysis/Analyses/LifetimeSafety/LifetimeAnnotations.h	5480	clang	move
clang/include/clang/Analysis/Analyses/LifetimeSafety/LifetimeSafety.h	llvm-kain/clang/include/analysis/Analyses/LifetimeSafety/LifetimeSafety.h	9726	clang	move
clang/include/clang/Analysis/Analyses/LifetimeSafety/LifetimeStats.h	llvm-kain/clang/include/analysis/Analyses/LifetimeSafety/LifetimeStats.h	1526	clang	move
clang/include/clang/Analysis/Analyses/LifetimeSafety/LiveOrigins.h	llvm-kain/clang/include/analysis/Analyses/LifetimeSafety/LiveOrigins.h	4030	clang	move
clang/include/clang/Analysis/Analyses/LifetimeSafety/LoanPropagation.h	llvm-kain/clang/include/analysis/Analyses/LifetimeSafety/LoanPropagation.h	2551	clang	move
clang/include/clang/Analysis/Analyses/LifetimeSafety/Loans.h	llvm-kain/clang/include/analysis/Analyses/LifetimeSafety/Loans.h	5916	clang	move
clang/include/clang/Analysis/Analyses/LifetimeSafety/MovedLoans.h	llvm-kain/clang/include/analysis/Analyses/LifetimeSafety/MovedLoans.h	1823	clang	move
clang/include/clang/Analysis/Analyses/LifetimeSafety/Origins.h	llvm-kain/clang/include/analysis/Analyses/LifetimeSafety/Origins.h	8780	clang	move
clang/include/clang/Analysis/Analyses/LifetimeSafety/Utils.h	llvm-kain/clang/include/analysis/Analyses/LifetimeSafety/Utils.h	4183	clang	move
clang/include/clang/Analysis/DomainSpecific/CocoaConventions.h	llvm-kain/clang/include/analysis/DomainSpecific/CocoaConventions.h	1082	clang	move
clang/include/clang/Analysis/DomainSpecific/ObjCNoReturn.h	llvm-kain/clang/include/analysis/DomainSpecific/ObjCNoReturn.h	1323	clang	move
clang/include/clang/Analysis/FlowSensitive/AdornedCFG.h	llvm-kain/clang/include/analysis/FlowSensitive/AdornedCFG.h	4088	clang	move
clang/include/clang/Analysis/FlowSensitive/Arena.h	llvm-kain/clang/include/analysis/FlowSensitive/Arena.h	6365	clang	move
clang/include/clang/Analysis/FlowSensitive/ASTOps.h	llvm-kain/clang/include/analysis/FlowSensitive/ASTOps.h	6784	clang	move
clang/include/clang/Analysis/FlowSensitive/CachedConstAccessorsLattice.h	llvm-kain/clang/include/analysis/FlowSensitive/CachedConstAccessorsLattice.h	7983	clang	move
clang/include/clang/Analysis/FlowSensitive/CFGMatchSwitch.h	llvm-kain/clang/include/analysis/FlowSensitive/CFGMatchSwitch.h	3702	clang	move
clang/include/clang/Analysis/FlowSensitive/CNFFormula.h	llvm-kain/clang/include/analysis/FlowSensitive/CNFFormula.h	6516	clang	move
clang/include/clang/Analysis/FlowSensitive/DataflowAnalysis.h	llvm-kain/clang/include/analysis/FlowSensitive/DataflowAnalysis.h	17920	clang	move
clang/include/clang/Analysis/FlowSensitive/DataflowAnalysisContext.h	llvm-kain/clang/include/analysis/FlowSensitive/DataflowAnalysisContext.h	14735	clang	move
clang/include/clang/Analysis/FlowSensitive/DataflowEnvironment.h	llvm-kain/clang/include/analysis/FlowSensitive/DataflowEnvironment.h	36423	clang	move
clang/include/clang/Analysis/FlowSensitive/DataflowLattice.h	llvm-kain/clang/include/analysis/FlowSensitive/DataflowLattice.h	1066	clang	move
clang/include/clang/Analysis/FlowSensitive/DataflowValues.h	llvm-kain/clang/include/analysis/FlowSensitive/DataflowValues.h	7240	clang	move
clang/include/clang/Analysis/FlowSensitive/DataflowWorklist.h	llvm-kain/clang/include/analysis/FlowSensitive/DataflowWorklist.h	3743	clang	move
clang/include/clang/Analysis/FlowSensitive/DebugSupport.h	llvm-kain/clang/include/analysis/FlowSensitive/DebugSupport.h	1267	clang	move
clang/include/clang/Analysis/FlowSensitive/Formula.h	llvm-kain/clang/include/analysis/FlowSensitive/Formula.h	5027	clang	move
clang/include/clang/Analysis/FlowSensitive/FormulaSerialization.h	llvm-kain/clang/include/analysis/FlowSensitive/FormulaSerialization.h	1603	clang	move
clang/include/clang/Analysis/FlowSensitive/Logger.h	llvm-kain/clang/include/analysis/FlowSensitive/Logger.h	3587	clang	move
clang/include/clang/Analysis/FlowSensitive/MapLattice.h	llvm-kain/clang/include/analysis/FlowSensitive/MapLattice.h	4895	clang	move
clang/include/clang/Analysis/FlowSensitive/MatchSwitch.h	llvm-kain/clang/include/analysis/FlowSensitive/MatchSwitch.h	6933	clang	move
clang/include/clang/Analysis/FlowSensitive/NoopAnalysis.h	llvm-kain/clang/include/analysis/FlowSensitive/NoopAnalysis.h	1497	clang	move
clang/include/clang/Analysis/FlowSensitive/NoopLattice.h	llvm-kain/clang/include/analysis/FlowSensitive/NoopLattice.h	1732	clang	move
clang/include/clang/Analysis/FlowSensitive/RecordOps.h	llvm-kain/clang/include/analysis/FlowSensitive/RecordOps.h	3265	clang	move
clang/include/clang/Analysis/FlowSensitive/SimplifyConstraints.h	llvm-kain/clang/include/analysis/FlowSensitive/SimplifyConstraints.h	2354	clang	move
clang/include/clang/Analysis/FlowSensitive/SmartPointerAccessorCaching.h	llvm-kain/clang/include/analysis/FlowSensitive/SmartPointerAccessorCaching.h	6927	clang	move
clang/include/clang/Analysis/FlowSensitive/Solver.h	llvm-kain/clang/include/analysis/FlowSensitive/Solver.h	3529	clang	move
clang/include/clang/Analysis/FlowSensitive/StorageLocation.h	llvm-kain/clang/include/analysis/FlowSensitive/StorageLocation.h	7177	clang	move
clang/include/clang/Analysis/FlowSensitive/Transfer.h	llvm-kain/clang/include/analysis/FlowSensitive/Transfer.h	2410	clang	move
clang/include/clang/Analysis/FlowSensitive/TypeErasedDataflowAnalysis.h	llvm-kain/clang/include/analysis/FlowSensitive/TypeErasedDataflowAnalysis.h	6904	clang	move
clang/include/clang/Analysis/FlowSensitive/Value.h	llvm-kain/clang/include/analysis/FlowSensitive/Value.h	5663	clang	move
clang/include/clang/Analysis/FlowSensitive/WatchedLiteralsSolver.h	llvm-kain/clang/include/analysis/FlowSensitive/WatchedLiteralsSolver.h	2410	clang	move
clang/include/clang/Analysis/FlowSensitive/Models/ChromiumCheckModel.h	llvm-kain/clang/include/analysis/FlowSensitive/Models/ChromiumCheckModel.h	1461	clang	move
clang/include/clang/Analysis/FlowSensitive/Models/UncheckedOptionalAccessModel.h	llvm-kain/clang/include/analysis/FlowSensitive/Models/UncheckedOptionalAccessModel.h	4268	clang	move
clang/include/clang/Analysis/FlowSensitive/Models/UncheckedStatusOrAccessModel.h	llvm-kain/clang/include/analysis/FlowSensitive/Models/UncheckedStatusOrAccessModel.h	4766	clang	move
clang/include/clang/Analysis/Support/BumpVector.h	llvm-kain/clang/include/analysis/Support/BumpVector.h	7327	clang	move
clang/include/clang/Analysis/Support/FixitUtil.h	llvm-kain/clang/include/analysis/Support/FixitUtil.h	2964	clang	move
clang/include/clang/AST/AbstractBasicReader.h	llvm-kain/clang/include/ast/AbstractBasicReader.h	10285	clang	move
clang/include/clang/AST/AbstractBasicWriter.h	llvm-kain/clang/include/ast/AbstractBasicWriter.h	9791	clang	move
clang/include/clang/AST/AbstractTypeReader.h	llvm-kain/clang/include/ast/AbstractTypeReader.h	964	clang	move
clang/include/clang/AST/AbstractTypeWriter.h	llvm-kain/clang/include/ast/AbstractTypeWriter.h	954	clang	move
clang/include/clang/AST/APNumericStorage.h	llvm-kain/clang/include/ast/APNumericStorage.h	2400	clang	move
clang/include/clang/AST/APValue.h	llvm-kain/clang/include/ast/APValue.h	28882	clang	move
clang/include/clang/AST/AST.h	llvm-kain/clang/include/ast/AST.h	907	clang	move
clang/include/clang/AST/ASTConcept.h	llvm-kain/clang/include/ast/ASTConcept.h	10518	clang	move
clang/include/clang/AST/ASTConsumer.h	llvm-kain/clang/include/ast/ASTConsumer.h	6437	clang	move
clang/include/clang/AST/ASTContext.h	llvm-kain/clang/include/ast/ASTContext.h	164589	clang	move
clang/include/clang/AST/ASTContextAllocate.h	llvm-kain/clang/include/ast/ASTContextAllocate.h	1367	clang	move
clang/include/clang/AST/ASTDiagnostic.h	llvm-kain/clang/include/ast/ASTDiagnostic.h	1788	clang	move
clang/include/clang/AST/ASTDumper.h	llvm-kain/clang/include/ast/ASTDumper.h	1687	clang	move
clang/include/clang/AST/ASTDumperUtils.h	llvm-kain/clang/include/ast/ASTDumperUtils.h	3644	clang	move
clang/include/clang/AST/ASTFwd.h	llvm-kain/clang/include/ast/ASTFwd.h	1204	clang	move
clang/include/clang/AST/ASTImporter.h	llvm-kain/clang/include/ast/ASTImporter.h	23955	clang	move
clang/include/clang/AST/ASTImporterLookupTable.h	llvm-kain/clang/include/ast/ASTImporterLookupTable.h	3939	clang	move
clang/include/clang/AST/ASTImportError.h	llvm-kain/clang/include/ast/ASTImportError.h	1547	clang	move
clang/include/clang/AST/ASTImporterSharedState.h	llvm-kain/clang/include/ast/ASTImporterSharedState.h	2790	clang	move
clang/include/clang/AST/ASTLambda.h	llvm-kain/clang/include/ast/ASTLambda.h	3978	clang	move
clang/include/clang/AST/ASTMutationListener.h	llvm-kain/clang/include/ast/ASTMutationListener.h	8025	clang	move
clang/include/clang/AST/ASTNodeTraverser.h	llvm-kain/clang/include/ast/ASTNodeTraverser.h	32065	clang	move
clang/include/clang/AST/ASTStructuralEquivalence.h	llvm-kain/clang/include/ast/ASTStructuralEquivalence.h	7550	clang	move
clang/include/clang/AST/ASTTypeTraits.h	llvm-kain/clang/include/ast/ASTTypeTraits.h	21527	clang	move
clang/include/clang/AST/ASTUnresolvedSet.h	llvm-kain/clang/include/ast/ASTUnresolvedSet.h	3672	clang	move
clang/include/clang/AST/ASTVector.h	llvm-kain/clang/include/ast/ASTVector.h	12036	clang	move
clang/include/clang/AST/Attr.h	llvm-kain/clang/include/ast/Attr.h	15053	clang	move
clang/include/clang/AST/AttrIterator.h	llvm-kain/clang/include/ast/AttrIterator.h	4989	clang	move
clang/include/clang/AST/AttrVisitor.h	llvm-kain/clang/include/ast/AttrVisitor.h	2623	clang	move
clang/include/clang/AST/Availability.h	llvm-kain/clang/include/ast/Availability.h	4653	clang	move
clang/include/clang/AST/BaseSubobject.h	llvm-kain/clang/include/ast/BaseSubobject.h	2340	clang	move
clang/include/clang/AST/BuiltinTypes.def	llvm-kain/clang/include/ast/BuiltinTypes.def	10314	clang	move
clang/include/clang/AST/CanonicalType.h	llvm-kain/clang/include/ast/CanonicalType.h	25518	clang	move
clang/include/clang/AST/CharUnits.h	llvm-kain/clang/include/ast/CharUnits.h	8270	clang	move
clang/include/clang/AST/CMakeLists.txt	llvm-kain/clang/include/ast/CMakeLists.txt	2377	clang	move
clang/include/clang/AST/Comment.h	llvm-kain/clang/include/ast/Comment.h	33389	clang	move
clang/include/clang/AST/CommentBriefParser.h	llvm-kain/clang/include/ast/CommentBriefParser.h	1424	clang	move
clang/include/clang/AST/CommentCommands.td	llvm-kain/clang/include/ast/CommentCommands.td	14158	clang	move
clang/include/clang/AST/CommentCommandTraits.h	llvm-kain/clang/include/ast/CommentCommandTraits.h	6600	clang	move
clang/include/clang/AST/CommentDiagnostic.h	llvm-kain/clang/include/ast/CommentDiagnostic.h	509	clang	move
clang/include/clang/AST/CommentHTMLNamedCharacterReferences.td	llvm-kain/clang/include/ast/CommentHTMLNamedCharacterReferences.td	5101	clang	move
clang/include/clang/AST/CommentHTMLTags.td	llvm-kain/clang/include/ast/CommentHTMLTags.td	2382	clang	move
clang/include/clang/AST/CommentLexer.h	llvm-kain/clang/include/ast/CommentLexer.h	10562	clang	move
clang/include/clang/AST/CommentParser.h	llvm-kain/clang/include/ast/CommentParser.h	3570	clang	move
clang/include/clang/AST/CommentSema.h	llvm-kain/clang/include/ast/CommentSema.h	10017	clang	move
clang/include/clang/AST/CommentVisitor.h	llvm-kain/clang/include/ast/CommentVisitor.h	2538	clang	move
clang/include/clang/AST/ComparisonCategories.h	llvm-kain/clang/include/ast/ComparisonCategories.h	7571	clang	move
clang/include/clang/AST/ComputeDependence.h	llvm-kain/clang/include/ast/ComputeDependence.h	8553	clang	move
clang/include/clang/AST/CurrentSourceLocExprScope.h	llvm-kain/clang/include/ast/CurrentSourceLocExprScope.h	2508	clang	move
clang/include/clang/AST/CXXInheritance.h	llvm-kain/clang/include/ast/CXXInheritance.h	14934	clang	move
clang/include/clang/AST/CXXRecordDeclDefinitionBits.def	llvm-kain/clang/include/ast/CXXRecordDeclDefinitionBits.def	10624	clang	move
clang/include/clang/AST/DataCollection.h	llvm-kain/clang/include/ast/DataCollection.h	2513	clang	move
clang/include/clang/AST/Decl.h	llvm-kain/clang/include/ast/Decl.h	206378	clang	move
clang/include/clang/AST/DeclAccessPair.h	llvm-kain/clang/include/ast/DeclAccessPair.h	2742	clang	move
clang/include/clang/AST/DeclarationName.h	llvm-kain/clang/include/ast/DeclarationName.h	37411	clang	move
clang/include/clang/AST/DeclBase.h	llvm-kain/clang/include/ast/DeclBase.h	107623	clang	move
clang/include/clang/AST/DeclContextInternals.h	llvm-kain/clang/include/ast/DeclContextInternals.h	9649	clang	move
clang/include/clang/AST/DeclCXX.h	llvm-kain/clang/include/ast/DeclCXX.h	171971	clang	move
clang/include/clang/AST/DeclFriend.h	llvm-kain/clang/include/ast/DeclFriend.h	8586	clang	move
clang/include/clang/AST/DeclGroup.h	llvm-kain/clang/include/ast/DeclGroup.h	4094	clang	move
clang/include/clang/AST/DeclID.h	llvm-kain/clang/include/ast/DeclID.h	8316	clang	move
clang/include/clang/AST/DeclLookups.h	llvm-kain/clang/include/ast/DeclLookups.h	3730	clang	move
clang/include/clang/AST/DeclObjC.h	llvm-kain/clang/include/ast/DeclObjC.h	106121	clang	move
clang/include/clang/AST/DeclObjCCommon.h	llvm-kain/clang/include/ast/DeclObjCCommon.h	1748	clang	move
clang/include/clang/AST/DeclOpenACC.h	llvm-kain/clang/include/ast/DeclOpenACC.h	6345	clang	move
clang/include/clang/AST/DeclOpenMP.h	llvm-kain/clang/include/ast/DeclOpenMP.h	23309	clang	move
clang/include/clang/AST/DeclTemplate.h	llvm-kain/clang/include/ast/DeclTemplate.h	134709	clang	move
clang/include/clang/AST/DeclVisitor.h	llvm-kain/clang/include/ast/DeclVisitor.h	2604	clang	move
clang/include/clang/AST/DependenceFlags.h	llvm-kain/clang/include/ast/DependenceFlags.h	12878	clang	move
clang/include/clang/AST/DependentDiagnostic.h	llvm-kain/clang/include/ast/DependentDiagnostic.h	5546	clang	move
clang/include/clang/AST/DynamicRecursiveASTVisitor.h	llvm-kain/clang/include/ast/DynamicRecursiveASTVisitor.h	13303	clang	move
clang/include/clang/AST/EvaluatedExprVisitor.h	llvm-kain/clang/include/ast/EvaluatedExprVisitor.h	5037	clang	move
clang/include/clang/AST/Expr.h	llvm-kain/clang/include/ast/Expr.h	291450	clang	move
clang/include/clang/AST/ExprConcepts.h	llvm-kain/clang/include/ast/ExprConcepts.h	21230	clang	move
clang/include/clang/AST/ExprCXX.h	llvm-kain/clang/include/ast/ExprCXX.h	200290	clang	move
clang/include/clang/AST/ExprObjC.h	llvm-kain/clang/include/ast/ExprObjC.h	62366	clang	move
clang/include/clang/AST/ExprOpenMP.h	llvm-kain/clang/include/ast/ExprOpenMP.h	10993	clang	move
clang/include/clang/AST/ExternalASTMerger.h	llvm-kain/clang/include/ast/ExternalASTMerger.h	8350	clang	move
clang/include/clang/AST/ExternalASTSource.h	llvm-kain/clang/include/ast/ExternalASTSource.h	23202	clang	move
clang/include/clang/AST/FormatString.h	llvm-kain/clang/include/ast/FormatString.h	25433	clang	move
clang/include/clang/AST/GlobalDecl.h	llvm-kain/clang/include/ast/GlobalDecl.h	7596	clang	move
clang/include/clang/AST/HLSLResource.h	llvm-kain/clang/include/ast/HLSLResource.h	5187	clang	move
clang/include/clang/AST/IgnoreExpr.h	llvm-kain/clang/include/ast/IgnoreExpr.h	5257	clang	move
clang/include/clang/AST/InferAlloc.h	llvm-kain/clang/include/ast/InferAlloc.h	1222	clang	move
clang/include/clang/AST/JSONNodeDumper.h	llvm-kain/clang/include/ast/JSONNodeDumper.h	19703	clang	move
clang/include/clang/AST/LambdaCapture.h	llvm-kain/clang/include/ast/LambdaCapture.h	4835	clang	move
clang/include/clang/AST/LexicallyOrderedRecursiveASTVisitor.h	llvm-kain/clang/include/ast/LexicallyOrderedRecursiveASTVisitor.h	6060	clang	move
clang/include/clang/AST/LocInfoType.h	llvm-kain/clang/include/ast/LocInfoType.h	1878	clang	move
clang/include/clang/AST/Mangle.h	llvm-kain/clang/include/ast/Mangle.h	13898	clang	move
clang/include/clang/AST/MangleNumberingContext.h	llvm-kain/clang/include/ast/MangleNumberingContext.h	2660	clang	move
clang/include/clang/AST/MatrixUtils.h	llvm-kain/clang/include/ast/MatrixUtils.h	1735	clang	move
clang/include/clang/AST/NestedNameSpecifier.h	llvm-kain/clang/include/ast/NestedNameSpecifier.h	9086	clang	move
clang/include/clang/AST/NestedNameSpecifierBase.h	llvm-kain/clang/include/ast/NestedNameSpecifierBase.h	20810	clang	move
clang/include/clang/AST/NonTrivialTypeVisitor.h	llvm-kain/clang/include/ast/NonTrivialTypeVisitor.h	4199	clang	move
clang/include/clang/AST/NSAPI.h	llvm-kain/clang/include/ast/NSAPI.h	9462	clang	move
clang/include/clang/AST/ODRDiagsEmitter.h	llvm-kain/clang/include/ast/ODRDiagsEmitter.h	8493	clang	move
clang/include/clang/AST/ODRHash.h	llvm-kain/clang/include/ast/ODRHash.h	4411	clang	move
clang/include/clang/AST/OpenACCClause.h	llvm-kain/clang/include/ast/OpenACCClause.h	56819	clang	move
clang/include/clang/AST/OpenMPClause.h	llvm-kain/clang/include/ast/OpenMPClause.h	381628	clang	move
clang/include/clang/AST/OperationKinds.def	llvm-kain/clang/include/ast/OperationKinds.def	16203	clang	move
clang/include/clang/AST/OperationKinds.h	llvm-kain/clang/include/ast/OperationKinds.h	1541	clang	move
clang/include/clang/AST/OptionalDiagnostic.h	llvm-kain/clang/include/ast/OptionalDiagnostic.h	2453	clang	move
clang/include/clang/AST/OSLog.h	llvm-kain/clang/include/ast/OSLog.h	5171	clang	move
clang/include/clang/AST/ParentMap.h	llvm-kain/clang/include/ast/ParentMap.h	1934	clang	move
clang/include/clang/AST/ParentMapContext.h	llvm-kain/clang/include/ast/ParentMapContext.h	4570	clang	move
clang/include/clang/AST/pch.h	llvm-kain/clang/include/ast/pch.h	1165	clang	move
clang/include/clang/AST/PrettyDeclStackTrace.h	llvm-kain/clang/include/ast/PrettyDeclStackTrace.h	1404	clang	move
clang/include/clang/AST/PrettyPrinter.h	llvm-kain/clang/include/ast/PrettyPrinter.h	13356	clang	move
clang/include/clang/AST/PropertiesBase.td	llvm-kain/clang/include/ast/PropertiesBase.td	32319	clang	move
clang/include/clang/AST/QualTypeNames.h	llvm-kain/clang/include/ast/QualTypeNames.h	3729	clang	move
clang/include/clang/AST/Randstruct.h	llvm-kain/clang/include/ast/Randstruct.h	1035	clang	move
clang/include/clang/AST/RawCommentList.h	llvm-kain/clang/include/ast/RawCommentList.h	7780	clang	move
clang/include/clang/AST/RecordLayout.h	llvm-kain/clang/include/ast/RecordLayout.h	12910	clang	move
clang/include/clang/AST/RecursiveASTVisitor.h	llvm-kain/clang/include/ast/RecursiveASTVisitor.h	155056	clang	move
clang/include/clang/AST/Redeclarable.h	llvm-kain/clang/include/ast/Redeclarable.h	14857	clang	move
clang/include/clang/AST/SelectorLocationsKind.h	llvm-kain/clang/include/ast/SelectorLocationsKind.h	3359	clang	move
clang/include/clang/AST/Stmt.h	llvm-kain/clang/include/ast/Stmt.h	133902	clang	move
clang/include/clang/AST/StmtCXX.h	llvm-kain/clang/include/ast/StmtCXX.h	18439	clang	move
clang/include/clang/AST/StmtDataCollectors.td	llvm-kain/clang/include/ast/StmtDataCollectors.td	5776	clang	move
clang/include/clang/AST/StmtGraphTraits.h	llvm-kain/clang/include/ast/StmtGraphTraits.h	2233	clang	move
clang/include/clang/AST/StmtIterator.h	llvm-kain/clang/include/ast/StmtIterator.h	4298	clang	move
clang/include/clang/AST/StmtObjC.h	llvm-kain/clang/include/ast/StmtObjC.h	14131	clang	move
clang/include/clang/AST/StmtOpenACC.h	llvm-kain/clang/include/ast/StmtOpenACC.h	37973	clang	move
clang/include/clang/AST/StmtOpenMP.h	llvm-kain/clang/include/ast/StmtOpenMP.h	265389	clang	move
clang/include/clang/AST/StmtSYCL.h	llvm-kain/clang/include/ast/StmtSYCL.h	5826	clang	move
clang/include/clang/AST/StmtVisitor.h	llvm-kain/clang/include/ast/StmtVisitor.h	9020	clang	move
clang/include/clang/AST/SYCLKernelInfo.h	llvm-kain/clang/include/ast/SYCLKernelInfo.h	1427	clang	move
clang/include/clang/AST/TemplateArgumentVisitor.h	llvm-kain/clang/include/ast/TemplateArgumentVisitor.h	3613	clang	move
clang/include/clang/AST/TemplateBase.h	llvm-kain/clang/include/ast/TemplateBase.h	27834	clang	move
clang/include/clang/AST/TemplateName.h	llvm-kain/clang/include/ast/TemplateName.h	23476	clang	move
clang/include/clang/AST/TextNodeDumper.h	llvm-kain/clang/include/ast/TextNodeDumper.h	19661	clang	move
clang/include/clang/AST/Type.h	llvm-kain/clang/include/ast/Type.h	3110	clang	move
clang/include/clang/AST/TypeBase.h	llvm-kain/clang/include/ast/TypeBase.h	331270	clang	move
clang/include/clang/AST/TypeLoc.h	llvm-kain/clang/include/ast/TypeLoc.h	86699	clang	move
clang/include/clang/AST/TypeLocNodes.def	llvm-kain/clang/include/ast/TypeLocNodes.def	1481	clang	move
clang/include/clang/AST/TypeLocVisitor.h	llvm-kain/clang/include/ast/TypeLocVisitor.h	1800	clang	move
clang/include/clang/AST/TypeOrdering.h	llvm-kain/clang/include/ast/TypeOrdering.h	1883	clang	move
clang/include/clang/AST/TypeProperties.td	llvm-kain/clang/include/ast/TypeProperties.td	29478	clang	move
clang/include/clang/AST/TypeVisitor.h	llvm-kain/clang/include/ast/TypeVisitor.h	3403	clang	move
clang/include/clang/AST/UnresolvedSet.h	llvm-kain/clang/include/ast/UnresolvedSet.h	5449	clang	move
clang/include/clang/AST/VTableBuilder.h	llvm-kain/clang/include/ast/VTableBuilder.h	21108	clang	move
clang/include/clang/AST/VTTBuilder.h	llvm-kain/clang/include/ast/VTTBuilder.h	5310	clang	move
clang/include/clang/ASTMatchers/ASTMatchers.h	llvm-kain/clang/include/ast/ASTMatchers.h	272578	clang	move
clang/include/clang/ASTMatchers/ASTMatchersInternal.h	llvm-kain/clang/include/ast/ASTMatchersInternal.h	85124	clang	move
clang/include/clang/ASTMatchers/ASTMatchersMacros.h	llvm-kain/clang/include/ast/ASTMatchersMacros.h	37178	clang	move
clang/include/clang/ASTMatchers/ASTMatchFinder.h	llvm-kain/clang/include/ast/ASTMatchFinder.h	12737	clang	move
clang/include/clang/ASTMatchers/LowLevelHelpers.h	llvm-kain/clang/include/ast/LowLevelHelpers.h	1286	clang	move
clang/include/clang/ASTMatchers/Dynamic/Diagnostics.h	llvm-kain/clang/include/ast/Dynamic/Diagnostics.h	5490	clang	move
clang/include/clang/ASTMatchers/Dynamic/Parser.h	llvm-kain/clang/include/ast/Dynamic/Parser.h	11409	clang	move
clang/include/clang/ASTMatchers/Dynamic/Registry.h	llvm-kain/clang/include/ast/Dynamic/Registry.h	5967	clang	move
clang/include/clang/ASTMatchers/Dynamic/VariantValue.h	llvm-kain/clang/include/ast/Dynamic/VariantValue.h	11180	clang	move
clang/include/clang/Basic/AArch64ACLETypes.def	llvm-kain/clang/include/basic/AArch64ACLETypes.def	12359	clang	move
clang/include/clang/Basic/AArch64CodeGenUtils.h	llvm-kain/clang/include/basic/AArch64CodeGenUtils.h	39974	clang	move
clang/include/clang/Basic/ABI.h	llvm-kain/clang/include/basic/ABI.h	1453	clang	move
clang/include/clang/Basic/ABIVersions.def	llvm-kain/clang/include/basic/ABIVersions.def	5863	clang	move
clang/include/clang/Basic/AddressSpaces.h	llvm-kain/clang/include/basic/AddressSpaces.h	3024	clang	move
clang/include/clang/Basic/AlignedAllocation.h	llvm-kain/clang/include/basic/AlignedAllocation.h	1516	clang	move
clang/include/clang/Basic/AllDiagnosticKinds.inc	llvm-kain/clang/include/basic/AllDiagnosticKinds.inc	1482	clang	move
clang/include/clang/Basic/AllDiagnostics.h	llvm-kain/clang/include/basic/AllDiagnostics.h	1558	clang	move
clang/include/clang/Basic/AMDGPUTypes.def	llvm-kain/clang/include/basic/AMDGPUTypes.def	1586	clang	move
clang/include/clang/Basic/arm_bf16.td	llvm-kain/clang/include/basic/arm_bf16.td	590	clang	move
clang/include/clang/Basic/arm_cde.td	llvm-kain/clang/include/basic/arm_cde.td	9513	clang	move
clang/include/clang/Basic/arm_fp16.td	llvm-kain/clang/include/basic/arm_fp16.td	6340	clang	move
clang/include/clang/Basic/arm_immcheck_incl.td	llvm-kain/clang/include/basic/arm_immcheck_incl.td	2551	clang	move
clang/include/clang/Basic/arm_mve.td	llvm-kain/clang/include/basic/arm_mve.td	71963	clang	move
clang/include/clang/Basic/arm_mve_defs.td	llvm-kain/clang/include/basic/arm_mve_defs.td	27287	clang	move
clang/include/clang/Basic/arm_neon.td	llvm-kain/clang/include/basic/arm_neon.td	112079	clang	move
clang/include/clang/Basic/arm_neon_incl.td	llvm-kain/clang/include/basic/arm_neon_incl.td	14087	clang	move
clang/include/clang/Basic/arm_sme.td	llvm-kain/clang/include/basic/arm_sme.td	84432	clang	move
clang/include/clang/Basic/arm_sve.td	llvm-kain/clang/include/basic/arm_sve.td	229160	clang	move
clang/include/clang/Basic/arm_sve_sme_incl.td	llvm-kain/clang/include/basic/arm_sve_sme_incl.td	10882	clang	move
clang/include/clang/Basic/ASTNode.td	llvm-kain/clang/include/basic/ASTNode.td	120	clang	move
clang/include/clang/Basic/ASTSourceDescriptor.h	llvm-kain/clang/include/basic/ASTSourceDescriptor.h	1747	clang	move
clang/include/clang/Basic/Attr.td	llvm-kain/clang/include/basic/Attr.td	205093	clang	move
clang/include/clang/Basic/AttrDocs.td	llvm-kain/clang/include/basic/AttrDocs.td	405311	clang	move
clang/include/clang/Basic/AttributeCommonInfo.h	llvm-kain/clang/include/basic/AttributeCommonInfo.h	11299	clang	move
clang/include/clang/Basic/Attributes.h	llvm-kain/clang/include/basic/Attributes.h	1436	clang	move
clang/include/clang/Basic/AttributeScopeInfo.h	llvm-kain/clang/include/basic/AttributeScopeInfo.h	1543	clang	move
clang/include/clang/Basic/AttrKinds.h	llvm-kain/clang/include/basic/AttrKinds.h	929	clang	move
clang/include/clang/Basic/AttrSubjectMatchRules.h	llvm-kain/clang/include/basic/AttrSubjectMatchRules.h	1062	clang	move
clang/include/clang/Basic/BitmaskEnum.h	llvm-kain/clang/include/basic/BitmaskEnum.h	749	clang	move
clang/include/clang/Basic/BuiltinHeaders.def	llvm-kain/clang/include/basic/BuiltinHeaders.def	1660	clang	move
clang/include/clang/Basic/Builtins.def	llvm-kain/clang/include/basic/Builtins.def	5163	clang	move
clang/include/clang/Basic/Builtins.h	llvm-kain/clang/include/basic/Builtins.h	20615	clang	move
clang/include/clang/Basic/Builtins.td	llvm-kain/clang/include/basic/Builtins.td	176774	clang	move
clang/include/clang/Basic/BuiltinsAArch64.td	llvm-kain/clang/include/basic/BuiltinsAArch64.td	27224	clang	move
clang/include/clang/Basic/BuiltinsAArch64Base.td	llvm-kain/clang/include/basic/BuiltinsAArch64Base.td	1188	clang	move
clang/include/clang/Basic/BuiltinsAArch64NeonSVEBridge.def	llvm-kain/clang/include/basic/BuiltinsAArch64NeonSVEBridge.def	2590	clang	move
clang/include/clang/Basic/BuiltinsAArch64NeonSVEBridge_cg.def	llvm-kain/clang/include/basic/BuiltinsAArch64NeonSVEBridge_cg.def	1932	clang	move
clang/include/clang/Basic/BuiltinsAMDGPU.td	llvm-kain/clang/include/basic/BuiltinsAMDGPU.td	148293	clang	move
clang/include/clang/Basic/BuiltinsAMDGPUDocs.td	llvm-kain/clang/include/basic/BuiltinsAMDGPUDocs.td	23843	clang	move
clang/include/clang/Basic/BuiltinsARM.def	llvm-kain/clang/include/basic/BuiltinsARM.def	19685	clang	move
clang/include/clang/Basic/BuiltinsAVR.def	llvm-kain/clang/include/basic/BuiltinsAVR.def	1479	clang	move
clang/include/clang/Basic/BuiltinsBase.td	llvm-kain/clang/include/basic/BuiltinsBase.td	7243	clang	move
clang/include/clang/Basic/BuiltinsBPF.td	llvm-kain/clang/include/basic/BuiltinsBPF.td	1198	clang	move
clang/include/clang/Basic/BuiltinsDirectX.td	llvm-kain/clang/include/basic/BuiltinsDirectX.td	603	clang	move
clang/include/clang/Basic/BuiltinsHexagon.td	llvm-kain/clang/include/basic/BuiltinsHexagon.td	175449	clang	move
clang/include/clang/Basic/BuiltinsHexagonMapCustomDep.def	llvm-kain/clang/include/basic/BuiltinsHexagonMapCustomDep.def	853	clang	move
clang/include/clang/Basic/BuiltinsLoongArchBase.def	llvm-kain/clang/include/basic/BuiltinsLoongArchBase.def	3258	clang	move
clang/include/clang/Basic/BuiltinsLoongArchLASX.def	llvm-kain/clang/include/basic/BuiltinsLoongArchLASX.def	56199	clang	move
clang/include/clang/Basic/BuiltinsLoongArchLSX.def	llvm-kain/clang/include/basic/BuiltinsLoongArchLSX.def	50903	clang	move
clang/include/clang/Basic/BuiltinsMips.def	llvm-kain/clang/include/basic/BuiltinsMips.def	36364	clang	move
clang/include/clang/Basic/BuiltinsNVPTX.td	llvm-kain/clang/include/basic/BuiltinsNVPTX.td	84429	clang	move
clang/include/clang/Basic/BuiltinsPPC.def	llvm-kain/clang/include/basic/BuiltinsPPC.def	65842	clang	move
clang/include/clang/Basic/BuiltinsRISCV.td	llvm-kain/clang/include/basic/BuiltinsRISCV.td	13470	clang	move
clang/include/clang/Basic/BuiltinsRISCVXAndes.td	llvm-kain/clang/include/basic/BuiltinsRISCVXAndes.td	2118	clang	move
clang/include/clang/Basic/BuiltinsRISCVXCV.td	llvm-kain/clang/include/basic/BuiltinsRISCVXCV.td	2309	clang	move
clang/include/clang/Basic/BuiltinsRISCVXMIPS.td	llvm-kain/clang/include/basic/BuiltinsRISCVXMIPS.td	1019	clang	move
clang/include/clang/Basic/BuiltinsSPIRVBase.td	llvm-kain/clang/include/basic/BuiltinsSPIRVBase.td	605	clang	move
clang/include/clang/Basic/BuiltinsSPIRVCL.td	llvm-kain/clang/include/basic/BuiltinsSPIRVCL.td	728	clang	move
clang/include/clang/Basic/BuiltinsSPIRVCommon.td	llvm-kain/clang/include/basic/BuiltinsSPIRVCommon.td	1472	clang	move
clang/include/clang/Basic/BuiltinsSPIRVVK.td	llvm-kain/clang/include/basic/BuiltinsSPIRVVK.td	864	clang	move
clang/include/clang/Basic/BuiltinsSystemZ.td	llvm-kain/clang/include/basic/BuiltinsSystemZ.td	36996	clang	move
clang/include/clang/Basic/BuiltinsVE.def	llvm-kain/clang/include/basic/BuiltinsVE.def	1283	clang	move
clang/include/clang/Basic/BuiltinsVEVL.gen.def	llvm-kain/clang/include/basic/BuiltinsVEVL.gen.def	82768	clang	move
clang/include/clang/Basic/BuiltinsWebAssembly.def	llvm-kain/clang/include/basic/BuiltinsWebAssembly.def	12322	clang	move
clang/include/clang/Basic/BuiltinsX86.td	llvm-kain/clang/include/basic/BuiltinsX86.td	294857	clang	move
clang/include/clang/Basic/BuiltinsX86Base.td	llvm-kain/clang/include/basic/BuiltinsX86Base.td	1050	clang	move
clang/include/clang/Basic/BuiltinsX86_64.td	llvm-kain/clang/include/basic/BuiltinsX86_64.td	21611	clang	move
clang/include/clang/Basic/BuiltinsXCore.def	llvm-kain/clang/include/basic/BuiltinsXCore.def	846	clang	move
clang/include/clang/Basic/BuiltinTemplates.td	llvm-kain/clang/include/basic/BuiltinTemplates.td	2383	clang	move
clang/include/clang/Basic/CapturedStmt.h	llvm-kain/clang/include/basic/CapturedStmt.h	662	clang	move
clang/include/clang/Basic/CFProtectionOptions.def	llvm-kain/clang/include/basic/CFProtectionOptions.def	559	clang	move
clang/include/clang/Basic/CFProtectionOptions.h	llvm-kain/clang/include/basic/CFProtectionOptions.h	1296	clang	move
clang/include/clang/Basic/CharInfo.h	llvm-kain/clang/include/basic/CharInfo.h	8863	clang	move
clang/include/clang/Basic/CLWarnings.h	llvm-kain/clang/include/basic/CLWarnings.h	796	clang	move
clang/include/clang/Basic/CMakeLists.txt	llvm-kain/clang/include/basic/CMakeLists.txt	8525	clang	move
clang/include/clang/Basic/CodeGenOptions.def	llvm-kain/clang/include/basic/CodeGenOptions.def	34485	clang	move
clang/include/clang/Basic/CodeGenOptions.h	llvm-kain/clang/include/basic/CodeGenOptions.h	26274	clang	move
clang/include/clang/Basic/CommentNodes.td	llvm-kain/clang/include/basic/CommentNodes.td	1065	clang	move
clang/include/clang/Basic/CommentOptions.h	llvm-kain/clang/include/basic/CommentOptions.h	1124	clang	move
clang/include/clang/Basic/Cuda.h	llvm-kain/clang/include/basic/Cuda.h	2449	clang	move
clang/include/clang/Basic/CustomizableOptional.h	llvm-kain/clang/include/basic/CustomizableOptional.h	7604	clang	move
clang/include/clang/Basic/DarwinSDKInfo.h	llvm-kain/clang/include/basic/DarwinSDKInfo.h	10457	clang	move
clang/include/clang/Basic/DebugOptions.def	llvm-kain/clang/include/basic/DebugOptions.def	7008	clang	move
clang/include/clang/Basic/DeclNodes.td	llvm-kain/clang/include/basic/DeclNodes.td	5581	clang	move
clang/include/clang/Basic/Diagnostic.h	llvm-kain/clang/include/basic/Diagnostic.h	66718	clang	move
clang/include/clang/Basic/Diagnostic.td	llvm-kain/clang/include/basic/Diagnostic.td	9821	clang	move
clang/include/clang/Basic/DiagnosticAnalysis.h	llvm-kain/clang/include/basic/DiagnosticAnalysis.h	603	clang	move
clang/include/clang/Basic/DiagnosticAST.h	llvm-kain/clang/include/basic/DiagnosticAST.h	583	clang	move
clang/include/clang/Basic/DiagnosticASTKinds.td	llvm-kain/clang/include/basic/DiagnosticASTKinds.td	52723	clang	move
clang/include/clang/Basic/DiagnosticCategories.h	llvm-kain/clang/include/basic/DiagnosticCategories.h	990	clang	move
clang/include/clang/Basic/DiagnosticCategories.td	llvm-kain/clang/include/basic/DiagnosticCategories.td	543	clang	move
clang/include/clang/Basic/DiagnosticComment.h	llvm-kain/clang/include/basic/DiagnosticComment.h	599	clang	move
clang/include/clang/Basic/DiagnosticCommentKinds.td	llvm-kain/clang/include/basic/DiagnosticCommentKinds.td	6685	clang	move
clang/include/clang/Basic/DiagnosticCommonKinds.td	llvm-kain/clang/include/basic/DiagnosticCommonKinds.td	21527	clang	move
clang/include/clang/Basic/DiagnosticCrossTU.h	llvm-kain/clang/include/basic/DiagnosticCrossTU.h	599	clang	move
clang/include/clang/Basic/DiagnosticCrossTUKinds.td	llvm-kain/clang/include/basic/DiagnosticCrossTUKinds.td	1840	clang	move
clang/include/clang/Basic/DiagnosticDocs.td	llvm-kain/clang/include/basic/DiagnosticDocs.td	2755	clang	move
clang/include/clang/Basic/DiagnosticDriver.h	llvm-kain/clang/include/basic/DiagnosticDriver.h	595	clang	move
clang/include/clang/Basic/DiagnosticDriverKinds.td	llvm-kain/clang/include/basic/DiagnosticDriverKinds.td	49179	clang	move
clang/include/clang/Basic/DiagnosticError.h	llvm-kain/clang/include/basic/DiagnosticError.h	2063	clang	move
clang/include/clang/Basic/DiagnosticFrontend.h	llvm-kain/clang/include/basic/DiagnosticFrontend.h	603	clang	move
clang/include/clang/Basic/DiagnosticFrontendKinds.td	llvm-kain/clang/include/basic/DiagnosticFrontendKinds.td	24919	clang	move
clang/include/clang/Basic/DiagnosticGroups.td	llvm-kain/clang/include/basic/DiagnosticGroups.td	98903	clang	move
clang/include/clang/Basic/DiagnosticIDs.h	llvm-kain/clang/include/basic/DiagnosticIDs.h	20507	clang	move
clang/include/clang/Basic/DiagnosticInstallAPI.h	llvm-kain/clang/include/basic/DiagnosticInstallAPI.h	611	clang	move
clang/include/clang/Basic/DiagnosticInstallAPIKinds.td	llvm-kain/clang/include/basic/DiagnosticInstallAPIKinds.td	6334	clang	move
clang/include/clang/Basic/DiagnosticLex.h	llvm-kain/clang/include/basic/DiagnosticLex.h	583	clang	move
clang/include/clang/Basic/DiagnosticLexKinds.td	llvm-kain/clang/include/basic/DiagnosticLexKinds.td	52714	clang	move
clang/include/clang/Basic/DiagnosticOptions.def	llvm-kain/clang/include/basic/DiagnosticOptions.def	4965	clang	move
clang/include/clang/Basic/DiagnosticOptions.h	llvm-kain/clang/include/basic/DiagnosticOptions.h	4911	clang	move
clang/include/clang/Basic/DiagnosticParse.h	llvm-kain/clang/include/basic/DiagnosticParse.h	591	clang	move
clang/include/clang/Basic/DiagnosticParseKinds.td	llvm-kain/clang/include/basic/DiagnosticParseKinds.td	93951	clang	move
clang/include/clang/Basic/DiagnosticRefactoring.h	llvm-kain/clang/include/basic/DiagnosticRefactoring.h	615	clang	move
clang/include/clang/Basic/DiagnosticRefactoringKinds.td	llvm-kain/clang/include/basic/DiagnosticRefactoringKinds.td	1361	clang	move
clang/include/clang/Basic/DiagnosticSema.h	llvm-kain/clang/include/basic/DiagnosticSema.h	587	clang	move
clang/include/clang/Basic/DiagnosticSemaKinds.td	llvm-kain/clang/include/basic/DiagnosticSemaKinds.td	743766	clang	move
clang/include/clang/Basic/DiagnosticSerialization.h	llvm-kain/clang/include/basic/DiagnosticSerialization.h	622	clang	move
clang/include/clang/Basic/DiagnosticSerializationKinds.td	llvm-kain/clang/include/basic/DiagnosticSerializationKinds.td	9631	clang	move
clang/include/clang/Basic/DiagnosticTrap.h	llvm-kain/clang/include/basic/DiagnosticTrap.h	549	clang	move
clang/include/clang/Basic/DiagnosticTrapKinds.td	llvm-kain/clang/include/basic/DiagnosticTrapKinds.td	1234	clang	move
clang/include/clang/Basic/DirectoryEntry.h	llvm-kain/clang/include/basic/DirectoryEntry.h	6413	clang	move
clang/include/clang/Basic/ExceptionSpecificationType.h	llvm-kain/clang/include/basic/ExceptionSpecificationType.h	2725	clang	move
clang/include/clang/Basic/ExpressionTraits.h	llvm-kain/clang/include/basic/ExpressionTraits.h	1209	clang	move
clang/include/clang/Basic/Features.def	llvm-kain/clang/include/basic/Features.def	18741	clang	move
clang/include/clang/Basic/FileEntry.h	llvm-kain/clang/include/basic/FileEntry.h	11228	clang	move
clang/include/clang/Basic/FileManager.h	llvm-kain/clang/include/basic/FileManager.h	13891	clang	move
clang/include/clang/Basic/FileSystemOptions.h	llvm-kain/clang/include/basic/FileSystemOptions.h	924	clang	move
clang/include/clang/Basic/FPOptions.def	llvm-kain/clang/include/basic/FPOptions.def	1698	clang	move
clang/include/clang/Basic/HeaderInclude.h	llvm-kain/clang/include/basic/HeaderInclude.h	2796	clang	move
clang/include/clang/Basic/HLSLIntangibleTypes.def	llvm-kain/clang/include/basic/HLSLIntangibleTypes.def	1165	clang	move
clang/include/clang/Basic/HLSLIntrinsics.td	llvm-kain/clang/include/basic/HLSLIntrinsics.td	64581	clang	move
clang/include/clang/Basic/HLSLRuntime.h	llvm-kain/clang/include/basic/HLSLRuntime.h	2444	clang	move
clang/include/clang/Basic/IdentifierTable.h	llvm-kain/clang/include/basic/IdentifierTable.h	45637	clang	move
clang/include/clang/Basic/JsonSupport.h	llvm-kain/clang/include/basic/JsonSupport.h	3613	clang	move
clang/include/clang/Basic/Lambda.h	llvm-kain/clang/include/basic/Lambda.h	1399	clang	move
clang/include/clang/Basic/LangOptions.def	llvm-kain/clang/include/basic/LangOptions.def	38648	clang	move
clang/include/clang/Basic/LangOptions.h	llvm-kain/clang/include/basic/LangOptions.h	41136	clang	move
clang/include/clang/Basic/LangStandard.h	llvm-kain/clang/include/basic/LangStandard.h	5143	clang	move
clang/include/clang/Basic/LangStandards.def	llvm-kain/clang/include/basic/LangStandards.def	10927	clang	move
clang/include/clang/Basic/Linkage.h	llvm-kain/clang/include/basic/Linkage.h	4346	clang	move
clang/include/clang/Basic/LLVM.h	llvm-kain/clang/include/basic/LLVM.h	2512	clang	move
clang/include/clang/Basic/MacroBuilder.h	llvm-kain/clang/include/basic/MacroBuilder.h	1661	clang	move
clang/include/clang/Basic/MakeSupport.h	llvm-kain/clang/include/basic/MakeSupport.h	786	clang	move
clang/include/clang/Basic/Module.h	llvm-kain/clang/include/basic/Module.h	39923	clang	move
clang/include/clang/Basic/MSP430Target.def	llvm-kain/clang/include/basic/MSP430Target.def	23861	clang	move
clang/include/clang/Basic/NoSanitizeList.h	llvm-kain/clang/include/basic/NoSanitizeList.h	1986	clang	move
clang/include/clang/Basic/ObjCRuntime.h	llvm-kain/clang/include/basic/ObjCRuntime.h	16401	clang	move
clang/include/clang/Basic/OffloadArch.h	llvm-kain/clang/include/basic/OffloadArch.h	4176	clang	move
clang/include/clang/Basic/OpenACCClauses.def	llvm-kain/clang/include/basic/OpenACCClauses.def	2161	clang	move
clang/include/clang/Basic/OpenACCKinds.h	llvm-kain/clang/include/basic/OpenACCKinds.h	20622	clang	move
clang/include/clang/Basic/OpenCLExtensions.def	llvm-kain/clang/include/basic/OpenCLExtensions.def	9304	clang	move
clang/include/clang/Basic/OpenCLExtensionTypes.def	llvm-kain/clang/include/basic/OpenCLExtensionTypes.def	1644	clang	move
clang/include/clang/Basic/OpenCLImageTypes.def	llvm-kain/clang/include/basic/OpenCLImageTypes.def	4173	clang	move
clang/include/clang/Basic/OpenCLOptions.h	llvm-kain/clang/include/basic/OpenCLOptions.h	7649	clang	move
clang/include/clang/Basic/OpenMPKinds.def	llvm-kain/clang/include/basic/OpenMPKinds.def	9594	clang	move
clang/include/clang/Basic/OpenMPKinds.h	llvm-kain/clang/include/basic/OpenMPKinds.h	18945	clang	move
clang/include/clang/Basic/OperatorKinds.def	llvm-kain/clang/include/basic/OperatorKinds.def	6693	clang	move
clang/include/clang/Basic/OperatorKinds.h	llvm-kain/clang/include/basic/OperatorKinds.h	1778	clang	move
clang/include/clang/Basic/OperatorPrecedence.h	llvm-kain/clang/include/basic/OperatorPrecedence.h	1871	clang	move
clang/include/clang/Basic/OptionalUnsigned.h	llvm-kain/clang/include/basic/OptionalUnsigned.h	2614	clang	move
clang/include/clang/Basic/ParsedAttrInfo.h	llvm-kain/clang/include/basic/ParsedAttrInfo.h	7659	clang	move
clang/include/clang/Basic/PartialDiagnostic.h	llvm-kain/clang/include/basic/PartialDiagnostic.h	6471	clang	move
clang/include/clang/Basic/PlistSupport.h	llvm-kain/clang/include/basic/PlistSupport.h	3975	clang	move
clang/include/clang/Basic/PointerAuthOptions.h	llvm-kain/clang/include/basic/PointerAuthOptions.h	8755	clang	move
clang/include/clang/Basic/PPCTypes.def	llvm-kain/clang/include/basic/PPCTypes.def	1469	clang	move
clang/include/clang/Basic/PragmaKinds.h	llvm-kain/clang/include/basic/PragmaKinds.h	1559	clang	move
clang/include/clang/Basic/PrettyStackTrace.h	llvm-kain/clang/include/basic/PrettyStackTrace.h	1293	clang	move
clang/include/clang/Basic/ProfileList.h	llvm-kain/clang/include/basic/ProfileList.h	2076	clang	move
clang/include/clang/Basic/RISCVVTypes.def	llvm-kain/clang/include/basic/RISCVVTypes.def	34890	clang	move
clang/include/clang/Basic/riscv_andes_vector.td	llvm-kain/clang/include/basic/riscv_andes_vector.td	6228	clang	move
clang/include/clang/Basic/riscv_sifive_vector.td	llvm-kain/clang/include/basic/riscv_sifive_vector.td	17252	clang	move
clang/include/clang/Basic/riscv_vector.td	llvm-kain/clang/include/basic/riscv_vector.td	86539	clang	move
clang/include/clang/Basic/riscv_vector_common.td	llvm-kain/clang/include/basic/riscv_vector_common.td	36075	clang	move
clang/include/clang/Basic/Sanitizers.def	llvm-kain/clang/include/basic/Sanitizers.def	7052	clang	move
clang/include/clang/Basic/Sanitizers.h	llvm-kain/clang/include/basic/Sanitizers.h	8781	clang	move
clang/include/clang/Basic/SanitizerSpecialCaseList.h	llvm-kain/clang/include/basic/SanitizerSpecialCaseList.h	2275	clang	move
clang/include/clang/Basic/Sarif.h	llvm-kain/clang/include/basic/Sarif.h	19321	clang	move
clang/include/clang/Basic/SimpleTypoCorrection.h	llvm-kain/clang/include/basic/SimpleTypoCorrection.h	1506	clang	move
clang/include/clang/Basic/SourceLocation.h	llvm-kain/clang/include/basic/SourceLocation.h	18100	clang	move
clang/include/clang/Basic/SourceManager.h	llvm-kain/clang/include/basic/SourceManager.h	79631	clang	move
clang/include/clang/Basic/SourceManagerInternals.h	llvm-kain/clang/include/basic/SourceManagerInternals.h	4368	clang	move
clang/include/clang/Basic/SourceMgrAdapter.h	llvm-kain/clang/include/basic/SourceMgrAdapter.h	2912	clang	move
clang/include/clang/Basic/Specifiers.h	llvm-kain/clang/include/basic/Specifiers.h	16049	clang	move
clang/include/clang/Basic/Stack.h	llvm-kain/clang/include/basic/Stack.h	2148	clang	move
clang/include/clang/Basic/StackExhaustionHandler.h	llvm-kain/clang/include/basic/StackExhaustionHandler.h	1691	clang	move
clang/include/clang/Basic/StmtNodes.td	llvm-kain/clang/include/basic/StmtNodes.td	14908	clang	move
clang/include/clang/Basic/SyncScope.h	llvm-kain/clang/include/basic/SyncScope.h	9538	clang	move
clang/include/clang/Basic/TargetBuiltins.h	llvm-kain/clang/include/basic/TargetBuiltins.h	14246	clang	move
clang/include/clang/Basic/TargetCXXABI.def	llvm-kain/clang/include/basic/TargetCXXABI.def	4932	clang	move
clang/include/clang/Basic/TargetCXXABI.h	llvm-kain/clang/include/basic/TargetCXXABI.h	10517	clang	move
clang/include/clang/Basic/TargetID.h	llvm-kain/clang/include/basic/TargetID.h	3046	clang	move
clang/include/clang/Basic/TargetInfo.h	llvm-kain/clang/include/basic/TargetInfo.h	75762	clang	move
clang/include/clang/Basic/TargetOptions.h	llvm-kain/clang/include/basic/TargetOptions.h	4306	clang	move
clang/include/clang/Basic/TargetOSMacros.def	llvm-kain/clang/include/basic/TargetOSMacros.def	2503	clang	move
clang/include/clang/Basic/TemplateKinds.h	llvm-kain/clang/include/basic/TemplateKinds.h	2272	clang	move
clang/include/clang/Basic/Thunk.h	llvm-kain/clang/include/basic/Thunk.h	5718	clang	move
clang/include/clang/Basic/TokenKinds.def	llvm-kain/clang/include/basic/TokenKinds.def	43013	clang	move
clang/include/clang/Basic/TokenKinds.h	llvm-kain/clang/include/basic/TokenKinds.h	4880	clang	move
clang/include/clang/Basic/TransformTypeTraits.def	llvm-kain/clang/include/basic/TransformTypeTraits.def	1430	clang	move
clang/include/clang/Basic/TypeNodes.td	llvm-kain/clang/include/basic/TypeNodes.td	5743	clang	move
clang/include/clang/Basic/TypeTraits.h	llvm-kain/clang/include/basic/TypeTraits.h	2833	clang	move
clang/include/clang/Basic/Version.h	llvm-kain/clang/include/basic/Version.h	2355	clang	move
clang/include/clang/Basic/Version.inc.in	llvm-kain/clang/include/basic/Version.inc.in	372	clang	move
clang/include/clang/Basic/Visibility.h	llvm-kain/clang/include/basic/Visibility.h	4742	clang	move
clang/include/clang/Basic/WebAssemblyReferenceTypes.def	llvm-kain/clang/include/basic/WebAssemblyReferenceTypes.def	1355	clang	move
clang/include/clang/Basic/XRayInstr.h	llvm-kain/clang/include/basic/XRayInstr.h	2183	clang	move
clang/include/clang/Basic/XRayLists.h	llvm-kain/clang/include/basic/XRayLists.h	1767	clang	move
clang/include/clang/Basic/Target/MSP430/gen-msp430-def.py	llvm-kain/clang/include/basic/Target/MSP430/gen-msp430-def.py	3852	clang	move
clang/include/clang/CodeGen/BackendUtil.h	llvm-kain/clang/include/codegen/BackendUtil.h	1895	clang	move
clang/include/clang/CodeGen/CGFunctionInfo.h	llvm-kain/clang/include/codegen/CGFunctionInfo.h	29610	clang	move
clang/include/clang/CodeGen/CodeGenABITypes.h	llvm-kain/clang/include/codegen/CodeGenABITypes.h	11229	clang	move
clang/include/clang/CodeGen/CodeGenAction.h	llvm-kain/clang/include/codegen/CodeGenAction.h	2910	clang	move
clang/include/clang/CodeGen/ConstantInitBuilder.h	llvm-kain/clang/include/codegen/ConstantInitBuilder.h	22100	clang	move
clang/include/clang/CodeGen/ConstantInitFuture.h	llvm-kain/clang/include/codegen/ConstantInitFuture.h	3381	clang	move
clang/include/clang/CodeGen/ModuleBuilder.h	llvm-kain/clang/include/codegen/ModuleBuilder.h	5891	clang	move
clang/include/clang/CodeGen/ModuleLinker.h	llvm-kain/clang/include/codegen/ModuleLinker.h	2802	clang	move
clang/include/clang/CodeGen/ObjectFilePCHContainerWriter.h	llvm-kain/clang/include/codegen/ObjectFilePCHContainerWriter.h	1360	clang	move
clang/include/clang/Config/config.h.cmake	(keep-in-place)	3132	clang	keep-in-place
clang/include/clang/Edit/Commit.h	llvm-kain/clang/include/edit/Commit.h	5336	clang	move
clang/include/clang/Edit/EditedSource.h	llvm-kain/clang/include/edit/EditedSource.h	3576	clang	move
clang/include/clang/Edit/EditsReceiver.h	llvm-kain/clang/include/edit/EditsReceiver.h	980	clang	move
clang/include/clang/Edit/FileOffset.h	llvm-kain/clang/include/edit/FileOffset.h	1662	clang	move
clang/include/clang/Edit/Rewriters.h	llvm-kain/clang/include/edit/Rewriters.h	1166	clang	move
clang/include/clang/Frontend/ASTConsumers.h	llvm-kain/clang/include/frontend/ASTConsumers.h	2069	clang	move
clang/include/clang/Frontend/ASTUnit.h	llvm-kain/clang/include/frontend/ASTUnit.h	37240	clang	move
clang/include/clang/Frontend/ChainedDiagnosticConsumer.h	llvm-kain/clang/include/frontend/ChainedDiagnosticConsumer.h	2365	clang	move
clang/include/clang/Frontend/CommandLineSourceLoc.h	llvm-kain/clang/include/frontend/CommandLineSourceLoc.h	4865	clang	move
clang/include/clang/Frontend/CompilerInstance.h	llvm-kain/clang/include/frontend/CompilerInstance.h	35367	clang	move
clang/include/clang/Frontend/CompilerInvocation.h	llvm-kain/clang/include/frontend/CompilerInvocation.h	16837	clang	move
clang/include/clang/Frontend/DependencyOutputOptions.h	llvm-kain/clang/include/frontend/DependencyOutputOptions.h	4096	clang	move
clang/include/clang/Frontend/DiagnosticRenderer.h	llvm-kain/clang/include/frontend/DiagnosticRenderer.h	6814	clang	move
clang/include/clang/Frontend/FrontendAction.h	llvm-kain/clang/include/frontend/FrontendAction.h	12692	clang	move
clang/include/clang/Frontend/FrontendActions.h	llvm-kain/clang/include/frontend/FrontendActions.h	11965	clang	move
clang/include/clang/Frontend/FrontendDiagnostic.h	llvm-kain/clang/include/frontend/FrontendDiagnostic.h	521	clang	move
clang/include/clang/Frontend/FrontendOptions.h	llvm-kain/clang/include/frontend/FrontendOptions.h	17250	clang	move
clang/include/clang/Frontend/FrontendPluginRegistry.h	llvm-kain/clang/include/frontend/FrontendPluginRegistry.h	1026	clang	move
clang/include/clang/Frontend/LayoutOverrideSource.h	llvm-kain/clang/include/frontend/LayoutOverrideSource.h	2345	clang	move
clang/include/clang/Frontend/LogDiagnosticPrinter.h	llvm-kain/clang/include/frontend/LogDiagnosticPrinter.h	2380	clang	move
clang/include/clang/Frontend/MigratorOptions.h	llvm-kain/clang/include/frontend/MigratorOptions.h	969	clang	move
clang/include/clang/Frontend/MultiplexConsumer.h	llvm-kain/clang/include/frontend/MultiplexConsumer.h	3910	clang	move
clang/include/clang/Frontend/PCHContainerOperations.h	llvm-kain/clang/include/frontend/PCHContainerOperations.h	541	clang	move
clang/include/clang/Frontend/PrecompiledPreamble.h	llvm-kain/clang/include/frontend/PrecompiledPreamble.h	10753	clang	move
clang/include/clang/Frontend/PreprocessorOutputOptions.h	llvm-kain/clang/include/frontend/PreprocessorOutputOptions.h	2426	clang	move
clang/include/clang/Frontend/SARIFDiagnostic.h	llvm-kain/clang/include/frontend/SARIFDiagnostic.h	3229	clang	move
clang/include/clang/Frontend/SARIFDiagnosticPrinter.h	llvm-kain/clang/include/frontend/SARIFDiagnosticPrinter.h	2509	clang	move
clang/include/clang/Frontend/SerializedDiagnosticPrinter.h	llvm-kain/clang/include/frontend/SerializedDiagnosticPrinter.h	1417	clang	move
clang/include/clang/Frontend/SerializedDiagnosticReader.h	llvm-kain/clang/include/frontend/SerializedDiagnosticReader.h	4285	clang	move
clang/include/clang/Frontend/SerializedDiagnostics.h	llvm-kain/clang/include/frontend/SerializedDiagnostics.h	1505	clang	move
clang/include/clang/Frontend/SSAFOptions.h	llvm-kain/clang/include/frontend/SSAFOptions.h	1581	clang	move
clang/include/clang/Frontend/StandaloneDiagnostic.h	llvm-kain/clang/include/frontend/StandaloneDiagnostic.h	2902	clang	move
clang/include/clang/Frontend/TextDiagnostic.h	llvm-kain/clang/include/frontend/TextDiagnostic.h	5374	clang	move
clang/include/clang/Frontend/TextDiagnosticBuffer.h	llvm-kain/clang/include/frontend/TextDiagnosticBuffer.h	2485	clang	move
clang/include/clang/Frontend/TextDiagnosticPrinter.h	llvm-kain/clang/include/frontend/TextDiagnosticPrinter.h	1877	clang	move
clang/include/clang/Frontend/Utils.h	llvm-kain/clang/include/frontend/Utils.h	7634	clang	move
clang/include/clang/Frontend/VerifyDiagnosticConsumer.h	llvm-kain/clang/include/frontend/VerifyDiagnosticConsumer.h	6649	clang	move
clang/include/clang/FrontendTool/Utils.h	(keep-in-place)	1290	clang	keep-in-place
clang/include/clang/Lex/CodeCompletionHandler.h	llvm-kain/clang/include/lex/CodeCompletionHandler.h	3465	clang	move
clang/include/clang/Lex/DependencyDirectivesScanner.h	llvm-kain/clang/include/lex/DependencyDirectivesScanner.h	5589	clang	move
clang/include/clang/Lex/DirectoryLookup.h	llvm-kain/clang/include/lex/DirectoryLookup.h	7311	clang	move
clang/include/clang/Lex/ExternalPreprocessorSource.h	llvm-kain/clang/include/lex/ExternalPreprocessorSource.h	3029	clang	move
clang/include/clang/Lex/HeaderMap.h	llvm-kain/clang/include/lex/HeaderMap.h	3605	clang	move
clang/include/clang/Lex/HeaderMapTypes.h	llvm-kain/clang/include/lex/HeaderMapTypes.h	1482	clang	move
clang/include/clang/Lex/HeaderSearch.h	llvm-kain/clang/include/lex/HeaderSearch.h	44379	clang	move
clang/include/clang/Lex/HeaderSearchOptions.h	llvm-kain/clang/include/lex/HeaderSearchOptions.h	12426	clang	move
clang/include/clang/Lex/HLSLRootSignatureTokenKinds.def	llvm-kain/clang/include/lex/HLSLRootSignatureTokenKinds.def	10576	clang	move
clang/include/clang/Lex/LexDiagnostic.h	llvm-kain/clang/include/lex/LexDiagnostic.h	496	clang	move
clang/include/clang/Lex/Lexer.h	llvm-kain/clang/include/lex/Lexer.h	37845	clang	move
clang/include/clang/Lex/LexHLSLRootSignature.h	llvm-kain/clang/include/lex/LexHLSLRootSignature.h	3056	clang	move
clang/include/clang/Lex/LiteralSupport.h	llvm-kain/clang/include/lex/LiteralSupport.h	11513	clang	move
clang/include/clang/Lex/MacroArgs.h	llvm-kain/clang/include/lex/MacroArgs.h	5539	clang	move
clang/include/clang/Lex/MacroBase.h	llvm-kain/clang/include/lex/MacroBase.h	1445	clang	move
clang/include/clang/Lex/MacroInfo.h	llvm-kain/clang/include/lex/MacroInfo.h	21709	clang	move
clang/include/clang/Lex/ModuleLoader.h	llvm-kain/clang/include/lex/ModuleLoader.h	7559	clang	move
clang/include/clang/Lex/ModuleMap.h	llvm-kain/clang/include/lex/ModuleMap.h	33874	clang	move
clang/include/clang/Lex/ModuleMapFile.h	llvm-kain/clang/include/lex/ModuleMapFile.h	4666	clang	move
clang/include/clang/Lex/MultipleIncludeOpt.h	llvm-kain/clang/include/lex/MultipleIncludeOpt.h	6877	clang	move
clang/include/clang/Lex/NoTrivialPPDirectiveTracer.h	llvm-kain/clang/include/lex/NoTrivialPPDirectiveTracer.h	13102	clang	move
clang/include/clang/Lex/PPCallbacks.h	llvm-kain/clang/include/lex/PPCallbacks.h	32134	clang	move
clang/include/clang/Lex/PPConditionalDirectiveRecord.h	llvm-kain/clang/include/lex/PPConditionalDirectiveRecord.h	4292	clang	move
clang/include/clang/Lex/PPDirectiveParameter.h	llvm-kain/clang/include/lex/PPDirectiveParameter.h	998	clang	move
clang/include/clang/Lex/PPEmbedParameters.h	llvm-kain/clang/include/lex/PPEmbedParameters.h	2939	clang	move
clang/include/clang/Lex/Pragma.h	llvm-kain/clang/include/lex/Pragma.h	4711	clang	move
clang/include/clang/Lex/PreprocessingRecord.h	llvm-kain/clang/include/lex/PreprocessingRecord.h	21462	clang	move
clang/include/clang/Lex/Preprocessor.h	llvm-kain/clang/include/lex/Preprocessor.h	122970	clang	move
clang/include/clang/Lex/PreprocessorLexer.h	llvm-kain/clang/include/lex/PreprocessorLexer.h	6282	clang	move
clang/include/clang/Lex/PreprocessorOptions.h	llvm-kain/clang/include/lex/PreprocessorOptions.h	9574	clang	move
clang/include/clang/Lex/ScratchBuffer.h	llvm-kain/clang/include/lex/ScratchBuffer.h	1448	clang	move
clang/include/clang/Lex/Token.h	llvm-kain/clang/include/lex/Token.h	13380	clang	move
clang/include/clang/Lex/TokenConcatenation.h	llvm-kain/clang/include/lex/TokenConcatenation.h	2608	clang	move
clang/include/clang/Lex/TokenLexer.h	llvm-kain/clang/include/lex/TokenLexer.h	10706	clang	move
clang/include/clang/Lex/VariadicMacroSupport.h	llvm-kain/clang/include/lex/VariadicMacroSupport.h	9214	clang	move
clang/include/clang/Options/ClangOptionDocs.td	(keep-in-place)	1302	clang	keep-in-place
clang/include/clang/Options/CMakeLists.txt	(keep-in-place)	135	clang	keep-in-place
clang/include/clang/Options/FlangOptions.td	(keep-in-place)	24017	clang	keep-in-place
clang/include/clang/Options/Options.h	(keep-in-place)	1577	clang	keep-in-place
clang/include/clang/Options/Options.td	(keep-in-place)	570825	clang	keep-in-place
clang/include/clang/Options/OptionUtils.h	(keep-in-place)	3493	clang	keep-in-place
clang/include/clang/Parse/CMakeLists.txt	llvm-kain/clang/include/parse/CMakeLists.txt	427	clang	move
clang/include/clang/Parse/LoopHint.h	llvm-kain/clang/include/parse/LoopHint.h	1432	clang	move
clang/include/clang/Parse/ParseAST.h	llvm-kain/clang/include/parse/ParseAST.h	1880	clang	move
clang/include/clang/Parse/ParseHLSLRootSignature.h	llvm-kain/clang/include/parse/ParseHLSLRootSignature.h	10137	clang	move
clang/include/clang/Parse/Parser.h	llvm-kain/clang/include/parse/Parser.h	347375	clang	move
clang/include/clang/Parse/RAIIObjectsForParser.h	llvm-kain/clang/include/parse/RAIIObjectsForParser.h	15896	clang	move
clang/include/clang/Sema/AnalysisBasedWarnings.h	llvm-kain/clang/include/sema/AnalysisBasedWarnings.h	4118	clang	move
clang/include/clang/Sema/Attr.h	llvm-kain/clang/include/sema/Attr.h	7475	clang	move
clang/include/clang/Sema/CleanupInfo.h	llvm-kain/clang/include/sema/CleanupInfo.h	1311	clang	move
clang/include/clang/Sema/CMakeLists.txt	llvm-kain/clang/include/sema/CMakeLists.txt	883	clang	move
clang/include/clang/Sema/CodeCompleteConsumer.h	llvm-kain/clang/include/sema/CodeCompleteConsumer.h	45346	clang	move
clang/include/clang/Sema/CodeCompleteOptions.h	llvm-kain/clang/include/sema/CodeCompleteOptions.h	2126	clang	move
clang/include/clang/Sema/CXXFieldCollector.h	llvm-kain/clang/include/sema/CXXFieldCollector.h	2560	clang	move
clang/include/clang/Sema/DeclSpec.h	llvm-kain/clang/include/sema/DeclSpec.h	109427	clang	move
clang/include/clang/Sema/DelayedDiagnostic.h	llvm-kain/clang/include/sema/DelayedDiagnostic.h	11059	clang	move
clang/include/clang/Sema/Designator.h	llvm-kain/clang/include/sema/Designator.h	7332	clang	move
clang/include/clang/Sema/EnterExpressionEvaluationContext.h	llvm-kain/clang/include/sema/EnterExpressionEvaluationContext.h	2986	clang	move
clang/include/clang/Sema/ExternalSemaSource.h	llvm-kain/clang/include/sema/ExternalSemaSource.h	10679	clang	move
clang/include/clang/Sema/HeuristicResolver.h	llvm-kain/clang/include/sema/HeuristicResolver.h	4675	clang	move
clang/include/clang/Sema/HLSLExternalSemaSource.h	llvm-kain/clang/include/sema/HLSLExternalSemaSource.h	1814	clang	move
clang/include/clang/Sema/IdentifierResolver.h	llvm-kain/clang/include/sema/IdentifierResolver.h	6832	clang	move
clang/include/clang/Sema/Initialization.h	llvm-kain/clang/include/sema/Initialization.h	52405	clang	move
clang/include/clang/Sema/Lookup.h	llvm-kain/clang/include/sema/Lookup.h	29251	clang	move
clang/include/clang/Sema/MultiplexExternalSemaSource.h	llvm-kain/clang/include/sema/MultiplexExternalSemaSource.h	17261	clang	move
clang/include/clang/Sema/ObjCMethodList.h	llvm-kain/clang/include/sema/ObjCMethodList.h	2268	clang	move
clang/include/clang/Sema/Overload.h	llvm-kain/clang/include/sema/Overload.h	56528	clang	move
clang/include/clang/Sema/Ownership.h	llvm-kain/clang/include/sema/Ownership.h	9291	clang	move
clang/include/clang/Sema/ParsedAttr.h	llvm-kain/clang/include/sema/ParsedAttr.h	41139	clang	move
clang/include/clang/Sema/ParsedTemplate.h	llvm-kain/clang/include/sema/ParsedTemplate.h	10365	clang	move
clang/include/clang/Sema/Redeclaration.h	llvm-kain/clang/include/sema/Redeclaration.h	1250	clang	move
clang/include/clang/Sema/RISCVIntrinsicManager.h	llvm-kain/clang/include/sema/RISCVIntrinsicManager.h	1284	clang	move
clang/include/clang/Sema/Scope.h	llvm-kain/clang/include/sema/Scope.h	23024	clang	move
clang/include/clang/Sema/ScopeInfo.h	llvm-kain/clang/include/sema/ScopeInfo.h	39706	clang	move
clang/include/clang/Sema/Sema.h	llvm-kain/clang/include/sema/Sema.h	705579	clang	move
clang/include/clang/Sema/SemaAMDGPU.h	llvm-kain/clang/include/sema/SemaAMDGPU.h	3980	clang	move
clang/include/clang/Sema/SemaARM.h	llvm-kain/clang/include/sema/SemaARM.h	4926	clang	move
clang/include/clang/Sema/SemaAVR.h	llvm-kain/clang/include/sema/SemaAVR.h	943	clang	move
clang/include/clang/Sema/SemaBase.h	llvm-kain/clang/include/sema/SemaBase.h	8510	clang	move
clang/include/clang/Sema/SemaBPF.h	llvm-kain/clang/include/sema/SemaBPF.h	1019	clang	move
clang/include/clang/Sema/SemaCodeCompletion.h	llvm-kain/clang/include/sema/SemaCodeCompletion.h	11847	clang	move
clang/include/clang/Sema/SemaConcept.h	llvm-kain/clang/include/sema/SemaConcept.h	18258	clang	move
clang/include/clang/Sema/SemaConsumer.h	llvm-kain/clang/include/sema/SemaConsumer.h	1521	clang	move
clang/include/clang/Sema/SemaCUDA.h	llvm-kain/clang/include/sema/SemaCUDA.h	13604	clang	move
clang/include/clang/Sema/SemaDiagnostic.h	llvm-kain/clang/include/sema/SemaDiagnostic.h	501	clang	move
clang/include/clang/Sema/SemaDirectX.h	llvm-kain/clang/include/sema/SemaDirectX.h	904	clang	move
clang/include/clang/Sema/SemaFixItUtils.h	llvm-kain/clang/include/sema/SemaFixItUtils.h	3286	clang	move
clang/include/clang/Sema/SemaHexagon.h	llvm-kain/clang/include/sema/SemaHexagon.h	986	clang	move
clang/include/clang/Sema/SemaHLSL.h	llvm-kain/clang/include/sema/SemaHLSL.h	14812	clang	move
clang/include/clang/Sema/SemaInternal.h	llvm-kain/clang/include/sema/SemaInternal.h	12841	clang	move
clang/include/clang/Sema/SemaLambda.h	llvm-kain/clang/include/sema/SemaLambda.h	1333	clang	move
clang/include/clang/Sema/SemaLoongArch.h	llvm-kain/clang/include/sema/SemaLoongArch.h	1007	clang	move
clang/include/clang/Sema/SemaM68k.h	llvm-kain/clang/include/sema/SemaM68k.h	892	clang	move
clang/include/clang/Sema/SemaMIPS.h	llvm-kain/clang/include/sema/SemaMIPS.h	1232	clang	move
clang/include/clang/Sema/SemaMSP430.h	llvm-kain/clang/include/sema/SemaMSP430.h	904	clang	move
clang/include/clang/Sema/SemaNVPTX.h	llvm-kain/clang/include/sema/SemaNVPTX.h	975	clang	move
clang/include/clang/Sema/SemaObjC.h	llvm-kain/clang/include/sema/SemaObjC.h	48614	clang	move
clang/include/clang/Sema/SemaOpenACC.h	llvm-kain/clang/include/sema/SemaOpenACC.h	48419	clang	move
clang/include/clang/Sema/SemaOpenCL.h	llvm-kain/clang/include/sema/SemaOpenCL.h	4503	clang	move
clang/include/clang/Sema/SemaOpenMP.h	llvm-kain/clang/include/sema/SemaOpenMP.h	88253	clang	move
clang/include/clang/Sema/SemaPPC.h	llvm-kain/clang/include/sema/SemaPPC.h	2814	clang	move
clang/include/clang/Sema/SemaPseudoObject.h	llvm-kain/clang/include/sema/SemaPseudoObject.h	1355	clang	move
clang/include/clang/Sema/SemaRISCV.h	llvm-kain/clang/include/sema/SemaRISCV.h	2516	clang	move
clang/include/clang/Sema/SemaSPIRV.h	llvm-kain/clang/include/sema/SemaSPIRV.h	949	clang	move
clang/include/clang/Sema/SemaSwift.h	llvm-kain/clang/include/sema/SemaSwift.h	2142	clang	move
clang/include/clang/Sema/SemaSYCL.h	llvm-kain/clang/include/sema/SemaSYCL.h	4634	clang	move
clang/include/clang/Sema/SemaSystemZ.h	llvm-kain/clang/include/sema/SemaSystemZ.h	911	clang	move
clang/include/clang/Sema/SemaWasm.h	llvm-kain/clang/include/sema/SemaWasm.h	2042	clang	move
clang/include/clang/Sema/SemaX86.h	llvm-kain/clang/include/sema/SemaX86.h	1914	clang	move
clang/include/clang/Sema/Template.h	llvm-kain/clang/include/sema/Template.h	29018	clang	move
clang/include/clang/Sema/TemplateDeduction.h	llvm-kain/clang/include/sema/TemplateDeduction.h	13845	clang	move
clang/include/clang/Sema/TemplateInstCallback.h	llvm-kain/clang/include/sema/TemplateInstCallback.h	2618	clang	move
clang/include/clang/Sema/TypoCorrection.h	llvm-kain/clang/include/sema/TypoCorrection.h	16676	clang	move
clang/include/clang/Sema/Weak.h	llvm-kain/clang/include/sema/Weak.h	1729	clang	move
clang/include/clang/Serialization/ASTBitCodes.h	llvm-kain/clang/include/serialization/ASTBitCodes.h	62992	clang	move
clang/include/clang/Serialization/ASTDeserializationListener.h	llvm-kain/clang/include/serialization/ASTDeserializationListener.h	5018	clang	move
clang/include/clang/Serialization/ASTReader.h	llvm-kain/clang/include/serialization/ASTReader.h	107866	clang	move
clang/include/clang/Serialization/ASTRecordReader.h	llvm-kain/clang/include/serialization/ASTRecordReader.h	12413	clang	move
clang/include/clang/Serialization/ASTRecordWriter.h	llvm-kain/clang/include/serialization/ASTRecordWriter.h	10999	clang	move
clang/include/clang/Serialization/ASTWriter.h	llvm-kain/clang/include/serialization/ASTWriter.h	44960	clang	move
clang/include/clang/Serialization/CMakeLists.txt	llvm-kain/clang/include/serialization/CMakeLists.txt	302	clang	move
clang/include/clang/Serialization/ContinuousRangeMap.h	llvm-kain/clang/include/serialization/ContinuousRangeMap.h	4458	clang	move
clang/include/clang/Serialization/GlobalModuleIndex.h	llvm-kain/clang/include/serialization/GlobalModuleIndex.h	6567	clang	move
clang/include/clang/Serialization/InMemoryModuleCache.h	llvm-kain/clang/include/serialization/InMemoryModuleCache.h	4502	clang	move
clang/include/clang/Serialization/ModuleCache.h	llvm-kain/clang/include/serialization/ModuleCache.h	4517	clang	move
clang/include/clang/Serialization/ModuleFile.h	llvm-kain/clang/include/serialization/ModuleFile.h	19248	clang	move
clang/include/clang/Serialization/ModuleFileExtension.h	llvm-kain/clang/include/serialization/ModuleFileExtension.h	5294	clang	move
clang/include/clang/Serialization/ModuleManager.h	llvm-kain/clang/include/serialization/ModuleManager.h	11782	clang	move
clang/include/clang/Serialization/ObjectFilePCHContainerReader.h	llvm-kain/clang/include/serialization/ObjectFilePCHContainerReader.h	981	clang	move
clang/include/clang/Serialization/PCHContainerOperations.h	llvm-kain/clang/include/serialization/PCHContainerOperations.h	4301	clang	move
clang/include/clang/Serialization/SerializationDiagnostic.h	llvm-kain/clang/include/serialization/SerializationDiagnostic.h	545	clang	move
clang/include/clang/Serialization/SourceLocationEncoding.h	llvm-kain/clang/include/serialization/SourceLocationEncoding.h	3921	clang	move
clang/include/clang/Serialization/TypeBitCodes.def	llvm-kain/clang/include/serialization/TypeBitCodes.def	3507	clang	move
clang/lib/CMakeLists.txt	(keep-in-place)	363	clang	keep-in-place
clang/lib/Analysis/AnalysisDeclContext.cpp	llvm-kain/clang/src/analysis/AnalysisDeclContext.cpp	20194	clang	move
clang/lib/Analysis/AnnexKDetection.cpp	llvm-kain/clang/src/analysis/AnnexKDetection.cpp	1359	clang	move
clang/lib/Analysis/BodyFarm.cpp	llvm-kain/clang/src/analysis/BodyFarm.cpp	32792	clang	move
clang/lib/Analysis/CalledOnceCheck.cpp	llvm-kain/clang/src/analysis/CalledOnceCheck.cpp	66698	clang	move
clang/lib/Analysis/CallGraph.cpp	llvm-kain/clang/src/analysis/CallGraph.cpp	7836	clang	move
clang/lib/Analysis/CFG.cpp	llvm-kain/clang/src/analysis/CFG.cpp	224480	clang	move
clang/lib/Analysis/CFGBackEdges.cpp	llvm-kain/clang/src/analysis/CFGBackEdges.cpp	3343	clang	move
clang/lib/Analysis/CFGReachabilityAnalysis.cpp	llvm-kain/clang/src/analysis/CFGReachabilityAnalysis.cpp	2579	clang	move
clang/lib/Analysis/CFGStmtMap.cpp	llvm-kain/clang/src/analysis/CFGStmtMap.cpp	1769	clang	move
clang/lib/Analysis/CloneDetection.cpp	llvm-kain/clang/src/analysis/CloneDetection.cpp	22634	clang	move
clang/lib/Analysis/CMakeLists.txt	llvm-kain/clang/src/analysis/CMakeLists.txt	994	clang	move
clang/lib/Analysis/CocoaConventions.cpp	llvm-kain/clang/src/analysis/CocoaConventions.cpp	4568	clang	move
clang/lib/Analysis/CodeInjector.cpp	llvm-kain/clang/src/analysis/CodeInjector.cpp	501	clang	move
clang/lib/Analysis/ConstructionContext.cpp	llvm-kain/clang/src/analysis/ConstructionContext.cpp	9890	clang	move
clang/lib/Analysis/Consumed.cpp	llvm-kain/clang/src/analysis/Consumed.cpp	44011	clang	move
clang/lib/Analysis/Dominators.cpp	llvm-kain/clang/src/analysis/Dominators.cpp	611	clang	move
clang/lib/Analysis/ExprMutationAnalyzer.cpp	llvm-kain/clang/src/analysis/ExprMutationAnalyzer.cpp	36382	clang	move
clang/lib/Analysis/FixitUtil.cpp	llvm-kain/clang/src/analysis/FixitUtil.cpp	9280	clang	move
clang/lib/Analysis/IntervalPartition.cpp	llvm-kain/clang/src/analysis/IntervalPartition.cpp	8820	clang	move
clang/lib/Analysis/IssueHash.cpp	llvm-kain/clang/src/analysis/IssueHash.cpp	6300	clang	move
clang/lib/Analysis/LiveVariables.cpp	llvm-kain/clang/src/analysis/LiveVariables.cpp	23112	clang	move
clang/lib/Analysis/MacroExpansionContext.cpp	llvm-kain/clang/src/analysis/MacroExpansionContext.cpp	8334	clang	move
clang/lib/Analysis/ObjCNoReturn.cpp	llvm-kain/clang/src/analysis/ObjCNoReturn.cpp	1966	clang	move
clang/lib/Analysis/PathDiagnostic.cpp	llvm-kain/clang/src/analysis/PathDiagnostic.cpp	44274	clang	move
clang/lib/Analysis/PostOrderCFGView.cpp	llvm-kain/clang/src/analysis/PostOrderCFGView.cpp	3022	clang	move
clang/lib/Analysis/ProgramPoint.cpp	llvm-kain/clang/src/analysis/ProgramPoint.cpp	11685	clang	move
clang/lib/Analysis/ReachableCode.cpp	llvm-kain/clang/src/analysis/ReachableCode.cpp	27181	clang	move
clang/lib/Analysis/RetainSummaryManager.cpp	llvm-kain/clang/src/analysis/RetainSummaryManager.cpp	48716	clang	move
clang/lib/Analysis/ThreadSafety.cpp	llvm-kain/clang/src/analysis/ThreadSafety.cpp	111179	clang	move
clang/lib/Analysis/ThreadSafetyCommon.cpp	llvm-kain/clang/src/analysis/ThreadSafetyCommon.cpp	41739	clang	move
clang/lib/Analysis/ThreadSafetyLogical.cpp	llvm-kain/clang/src/analysis/ThreadSafetyLogical.cpp	4198	clang	move
clang/lib/Analysis/ThreadSafetyTIL.cpp	llvm-kain/clang/src/analysis/ThreadSafetyTIL.cpp	11355	clang	move
clang/lib/Analysis/UninitializedValues.cpp	llvm-kain/clang/src/analysis/UninitializedValues.cpp	32861	clang	move
clang/lib/Analysis/UnsafeBufferUsage.cpp	llvm-kain/clang/src/analysis/UnsafeBufferUsage.cpp	176178	clang	move
clang/lib/Analysis/FlowSensitive/AdornedCFG.cpp	llvm-kain/clang/src/analysis/FlowSensitive/AdornedCFG.cpp	6703	clang	move
clang/lib/Analysis/FlowSensitive/Arena.cpp	llvm-kain/clang/src/analysis/FlowSensitive/Arena.cpp	6334	clang	move
clang/lib/Analysis/FlowSensitive/ASTOps.cpp	llvm-kain/clang/src/analysis/FlowSensitive/ASTOps.cpp	11202	clang	move
clang/lib/Analysis/FlowSensitive/CMakeLists.txt	llvm-kain/clang/src/analysis/FlowSensitive/CMakeLists.txt	1160	clang	move
clang/lib/Analysis/FlowSensitive/CNFFormula.cpp	llvm-kain/clang/src/analysis/FlowSensitive/CNFFormula.cpp	11039	clang	move
clang/lib/Analysis/FlowSensitive/DataflowAnalysisContext.cpp	llvm-kain/clang/src/analysis/FlowSensitive/DataflowAnalysisContext.cpp	16929	clang	move
clang/lib/Analysis/FlowSensitive/DataflowEnvironment.cpp	llvm-kain/clang/src/analysis/FlowSensitive/DataflowEnvironment.cpp	48142	clang	move
clang/lib/Analysis/FlowSensitive/DebugSupport.cpp	llvm-kain/clang/src/analysis/FlowSensitive/DebugSupport.cpp	2461	clang	move
clang/lib/Analysis/FlowSensitive/Formula.cpp	llvm-kain/clang/src/analysis/FlowSensitive/Formula.cpp	2759	clang	move
clang/lib/Analysis/FlowSensitive/FormulaSerialization.cpp	llvm-kain/clang/src/analysis/FlowSensitive/FormulaSerialization.cpp	6859	clang	move
clang/lib/Analysis/FlowSensitive/HTMLLogger.cpp	llvm-kain/clang/src/analysis/FlowSensitive/HTMLLogger.cpp	21852	clang	move
clang/lib/Analysis/FlowSensitive/HTMLLogger.css	llvm-kain/clang/src/analysis/FlowSensitive/HTMLLogger.css	3531	clang	move
clang/lib/Analysis/FlowSensitive/HTMLLogger.html	llvm-kain/clang/src/analysis/FlowSensitive/HTMLLogger.html	4015	clang	move
clang/lib/Analysis/FlowSensitive/HTMLLogger.js	llvm-kain/clang/src/analysis/FlowSensitive/HTMLLogger.js	8438	clang	move
clang/lib/Analysis/FlowSensitive/Logger.cpp	llvm-kain/clang/src/analysis/FlowSensitive/Logger.cpp	3885	clang	move
clang/lib/Analysis/FlowSensitive/RecordOps.cpp	llvm-kain/clang/src/analysis/FlowSensitive/RecordOps.cpp	7596	clang	move
clang/lib/Analysis/FlowSensitive/SimplifyConstraints.cpp	llvm-kain/clang/src/analysis/FlowSensitive/SimplifyConstraints.cpp	6329	clang	move
clang/lib/Analysis/FlowSensitive/SmartPointerAccessorCaching.cpp	llvm-kain/clang/src/analysis/FlowSensitive/SmartPointerAccessorCaching.cpp	6539	clang	move
clang/lib/Analysis/FlowSensitive/Transfer.cpp	llvm-kain/clang/src/analysis/FlowSensitive/Transfer.cpp	36542	clang	move
clang/lib/Analysis/FlowSensitive/TypeErasedDataflowAnalysis.cpp	llvm-kain/clang/src/analysis/FlowSensitive/TypeErasedDataflowAnalysis.cpp	24771	clang	move
clang/lib/Analysis/FlowSensitive/Value.cpp	llvm-kain/clang/src/analysis/FlowSensitive/Value.cpp	2113	clang	move
clang/lib/Analysis/FlowSensitive/WatchedLiteralsSolver.cpp	llvm-kain/clang/src/analysis/FlowSensitive/WatchedLiteralsSolver.cpp	16201	clang	move
clang/lib/Analysis/FlowSensitive/Models/ChromiumCheckModel.cpp	llvm-kain/clang/src/analysis/FlowSensitive/Models/ChromiumCheckModel.cpp	2492	clang	move
clang/lib/Analysis/FlowSensitive/Models/CMakeLists.txt	llvm-kain/clang/src/analysis/FlowSensitive/Models/CMakeLists.txt	251	clang	move
clang/lib/Analysis/FlowSensitive/Models/UncheckedOptionalAccessModel.cpp	llvm-kain/clang/src/analysis/FlowSensitive/Models/UncheckedOptionalAccessModel.cpp	53711	clang	move
clang/lib/Analysis/FlowSensitive/Models/UncheckedStatusOrAccessModel.cpp	llvm-kain/clang/src/analysis/FlowSensitive/Models/UncheckedStatusOrAccessModel.cpp	58384	clang	move
clang/lib/Analysis/LifetimeSafety/Checker.cpp	llvm-kain/clang/src/analysis/LifetimeSafety/Checker.cpp	23956	clang	move
clang/lib/Analysis/LifetimeSafety/CMakeLists.txt	llvm-kain/clang/src/analysis/LifetimeSafety/CMakeLists.txt	301	clang	move
clang/lib/Analysis/LifetimeSafety/Dataflow.h	llvm-kain/clang/src/analysis/LifetimeSafety/Dataflow.h	7991	clang	move
clang/lib/Analysis/LifetimeSafety/Facts.cpp	llvm-kain/clang/src/analysis/LifetimeSafety/Facts.cpp	5178	clang	move
clang/lib/Analysis/LifetimeSafety/FactsGenerator.cpp	llvm-kain/clang/src/analysis/LifetimeSafety/FactsGenerator.cpp	48716	clang	move
clang/lib/Analysis/LifetimeSafety/LifetimeAnnotations.cpp	llvm-kain/clang/src/analysis/LifetimeSafety/LifetimeAnnotations.cpp	17981	clang	move
clang/lib/Analysis/LifetimeSafety/LifetimeSafety.cpp	llvm-kain/clang/src/analysis/LifetimeSafety/LifetimeSafety.cpp	5655	clang	move
clang/lib/Analysis/LifetimeSafety/LifetimeStats.cpp	llvm-kain/clang/src/analysis/LifetimeSafety/LifetimeStats.cpp	1725	clang	move
clang/lib/Analysis/LifetimeSafety/LiveOrigins.cpp	llvm-kain/clang/src/analysis/LifetimeSafety/LiveOrigins.cpp	8394	clang	move
clang/lib/Analysis/LifetimeSafety/LoanPropagation.cpp	llvm-kain/clang/src/analysis/LifetimeSafety/LoanPropagation.cpp	12250	clang	move
clang/lib/Analysis/LifetimeSafety/Loans.cpp	llvm-kain/clang/src/analysis/LifetimeSafety/Loans.cpp	1335	clang	move
clang/lib/Analysis/LifetimeSafety/MovedLoans.cpp	llvm-kain/clang/src/analysis/LifetimeSafety/MovedLoans.cpp	4886	clang	move
clang/lib/Analysis/LifetimeSafety/Origins.cpp	llvm-kain/clang/src/analysis/LifetimeSafety/Origins.cpp	12849	clang	move
clang/lib/Analysis/plugins/CMakeLists.txt	llvm-kain/clang/src/analysis/plugins/CMakeLists.txt	455	clang	move
clang/lib/Analysis/plugins/CheckerDependencyHandling/CheckerDependencyHandling.cpp	llvm-kain/clang/src/analysis/plugins/CheckerDependencyHandling/CheckerDependencyHandling.cpp	1130	clang	move
clang/lib/Analysis/plugins/CheckerDependencyHandling/CheckerDependencyHandlingAnalyzerPlugin.exports	llvm-kain/clang/src/analysis/plugins/CheckerDependencyHandling/CheckerDependencyHandlingAnalyzerPlugin.exports	54	clang	move
clang/lib/Analysis/plugins/CheckerDependencyHandling/CMakeLists.txt	llvm-kain/clang/src/analysis/plugins/CheckerDependencyHandling/CMakeLists.txt	421	clang	move
clang/lib/Analysis/plugins/CheckerOptionHandling/CheckerOptionHandling.cpp	llvm-kain/clang/src/analysis/plugins/CheckerOptionHandling/CheckerOptionHandling.cpp	1647	clang	move
clang/lib/Analysis/plugins/CheckerOptionHandling/CheckerOptionHandlingAnalyzerPlugin.exports	llvm-kain/clang/src/analysis/plugins/CheckerOptionHandling/CheckerOptionHandlingAnalyzerPlugin.exports	54	clang	move
clang/lib/Analysis/plugins/CheckerOptionHandling/CMakeLists.txt	llvm-kain/clang/src/analysis/plugins/CheckerOptionHandling/CMakeLists.txt	405	clang	move
clang/lib/Analysis/plugins/SampleAnalyzer/CMakeLists.txt	llvm-kain/clang/src/analysis/plugins/SampleAnalyzer/CMakeLists.txt	354	clang	move
clang/lib/Analysis/plugins/SampleAnalyzer/MainCallChecker.cpp	llvm-kain/clang/src/analysis/plugins/SampleAnalyzer/MainCallChecker.cpp	1667	clang	move
clang/lib/Analysis/plugins/SampleAnalyzer/SampleAnalyzerPlugin.exports	llvm-kain/clang/src/analysis/plugins/SampleAnalyzer/SampleAnalyzerPlugin.exports	54	clang	move
clang/lib/AST/APValue.cpp	llvm-kain/clang/src/ast/APValue.cpp	38860	clang	move
clang/lib/AST/ASTConcept.cpp	llvm-kain/clang/src/ast/ASTConcept.cpp	8687	clang	move
clang/lib/AST/ASTConsumer.cpp	llvm-kain/clang/src/ast/ASTConsumer.cpp	954	clang	move
clang/lib/AST/ASTContext.cpp	llvm-kain/clang/src/ast/ASTContext.cpp	596975	clang	move
clang/lib/AST/ASTDiagnostic.cpp	llvm-kain/clang/src/ast/ASTDiagnostic.cpp	82991	clang	move
clang/lib/AST/ASTDumper.cpp	llvm-kain/clang/src/ast/ASTDumper.cpp	13960	clang	move
clang/lib/AST/ASTImporterLookupTable.cpp	llvm-kain/clang/src/ast/ASTImporterLookupTable.cpp	6837	clang	move
clang/lib/AST/ASTStructuralEquivalence.cpp	llvm-kain/clang/src/ast/ASTStructuralEquivalence.cpp	111108	clang	move
clang/lib/AST/ASTTypeTraits.cpp	llvm-kain/clang/src/ast/ASTTypeTraits.cpp	10385	clang	move
clang/lib/AST/AttrDocTable.cpp	llvm-kain/clang/src/ast/AttrDocTable.cpp	868	clang	move
clang/lib/AST/AttrImpl.cpp	llvm-kain/clang/src/ast/AttrImpl.cpp	15067	clang	move
clang/lib/AST/Availability.cpp	llvm-kain/clang/src/ast/Availability.cpp	4253	clang	move
clang/lib/AST/CMakeLists.txt	llvm-kain/clang/src/ast/CMakeLists.txt	2005	clang	move
clang/lib/AST/Comment.cpp	llvm-kain/clang/src/ast/Comment.cpp	13000	clang	move
clang/lib/AST/CommentBriefParser.cpp	llvm-kain/clang/src/ast/CommentBriefParser.cpp	4078	clang	move
clang/lib/AST/CommentCommandTraits.cpp	llvm-kain/clang/src/ast/CommentCommandTraits.cpp	4672	clang	move
clang/lib/AST/CommentLexer.cpp	llvm-kain/clang/src/ast/CommentLexer.cpp	28305	clang	move
clang/lib/AST/CommentParser.cpp	llvm-kain/clang/src/ast/CommentParser.cpp	28418	clang	move
clang/lib/AST/CommentSema.cpp	llvm-kain/clang/src/ast/CommentSema.cpp	38165	clang	move
clang/lib/AST/ComputeDependence.cpp	llvm-kain/clang/src/ast/ComputeDependence.cpp	36024	clang	move
clang/lib/AST/CXXABI.h	llvm-kain/clang/src/ast/CXXABI.h	2816	clang	move
clang/lib/AST/DataCollection.cpp	llvm-kain/clang/src/ast/DataCollection.cpp	1846	clang	move
clang/lib/AST/Decl.cpp	llvm-kain/clang/src/ast/Decl.cpp	224402	clang	move
clang/lib/AST/DeclarationName.cpp	llvm-kain/clang/src/ast/DeclarationName.cpp	17659	clang	move
clang/lib/AST/DeclBase.cpp	llvm-kain/clang/src/ast/DeclBase.cpp	73464	clang	move
clang/lib/AST/DeclGroup.cpp	llvm-kain/clang/src/ast/DeclGroup.cpp	1156	clang	move
clang/lib/AST/DeclPrinter.cpp	llvm-kain/clang/src/ast/DeclPrinter.cpp	64589	clang	move
clang/lib/AST/DynamicRecursiveASTVisitor.cpp	llvm-kain/clang/src/ast/DynamicRecursiveASTVisitor.cpp	18472	clang	move
clang/lib/AST/Expr.cpp	llvm-kain/clang/src/ast/Expr.cpp	213002	clang	move
clang/lib/AST/ExprClassification.cpp	llvm-kain/clang/src/ast/ExprClassification.cpp	32081	clang	move
clang/lib/AST/ExprConstant.cpp	llvm-kain/clang/src/ast/ExprConstant.cpp	845882	clang	move
clang/lib/AST/ExprConstShared.h	llvm-kain/clang/src/ast/ExprConstShared.h	3405	clang	move
clang/lib/AST/ExternalASTSource.cpp	llvm-kain/clang/src/ast/ExternalASTSource.cpp	4179	clang	move
clang/lib/AST/FormatString.cpp	llvm-kain/clang/src/ast/FormatString.cpp	42630	clang	move
clang/lib/AST/FormatStringParsing.h	llvm-kain/clang/src/ast/FormatStringParsing.h	3177	clang	move
clang/lib/AST/InferAlloc.cpp	llvm-kain/clang/src/ast/InferAlloc.cpp	7295	clang	move
clang/lib/AST/InheritViz.cpp	llvm-kain/clang/src/ast/InheritViz.cpp	5160	clang	move
clang/lib/AST/JSONNodeDumper.cpp	llvm-kain/clang/src/ast/JSONNodeDumper.cpp	71016	clang	move
clang/lib/AST/Linkage.h	llvm-kain/clang/src/ast/Linkage.h	6317	clang	move
clang/lib/AST/NestedNameSpecifier.cpp	llvm-kain/clang/src/ast/NestedNameSpecifier.cpp	12752	clang	move
clang/lib/AST/ODRDiagsEmitter.cpp	llvm-kain/clang/src/ast/ODRDiagsEmitter.cpp	85503	clang	move
clang/lib/AST/ODRHash.cpp	llvm-kain/clang/src/ast/ODRHash.cpp	37433	clang	move
clang/lib/AST/OSLog.cpp	llvm-kain/clang/src/ast/OSLog.cpp	8419	clang	move
clang/lib/AST/ParentMap.cpp	llvm-kain/clang/src/ast/ParentMap.cpp	6297	clang	move
clang/lib/AST/ParentMapContext.cpp	llvm-kain/clang/src/ast/ParentMapContext.cpp	17180	clang	move
clang/lib/AST/PrintfFormatString.cpp	llvm-kain/clang/src/ast/PrintfFormatString.cpp	39910	clang	move
clang/lib/AST/QualTypeNames.cpp	llvm-kain/clang/src/ast/QualTypeNames.cpp	20117	clang	move
clang/lib/AST/Randstruct.cpp	llvm-kain/clang/src/ast/Randstruct.cpp	7376	clang	move
clang/lib/AST/RawCommentList.cpp	llvm-kain/clang/src/ast/RawCommentList.cpp	17395	clang	move
clang/lib/AST/RecordLayout.cpp	llvm-kain/clang/src/ast/RecordLayout.cpp	3813	clang	move
clang/lib/AST/RecordLayoutBuilder.cpp	llvm-kain/clang/src/ast/RecordLayoutBuilder.cpp	151585	clang	move
clang/lib/AST/ScanfFormatString.cpp	llvm-kain/clang/src/ast/ScanfFormatString.cpp	19636	clang	move
clang/lib/AST/Stmt.cpp	llvm-kain/clang/src/ast/Stmt.cpp	53675	clang	move
clang/lib/AST/StmtIterator.cpp	llvm-kain/clang/src/ast/StmtIterator.cpp	2957	clang	move
clang/lib/AST/StmtPrinter.cpp	llvm-kain/clang/src/ast/StmtPrinter.cpp	85611	clang	move
clang/lib/AST/StmtProfile.cpp	llvm-kain/clang/src/ast/StmtProfile.cpp	85138	clang	move
clang/lib/AST/StmtViz.cpp	llvm-kain/clang/src/ast/StmtViz.cpp	1750	clang	move
clang/lib/AST/TextNodeDumper.cpp	llvm-kain/clang/src/ast/TextNodeDumper.cpp	96769	clang	move
clang/lib/AST/Type.cpp	llvm-kain/clang/src/ast/Type.cpp	208641	clang	move
clang/lib/AST/TypeLoc.cpp	llvm-kain/clang/src/ast/TypeLoc.cpp	29013	clang	move
clang/lib/AST/TypePrinter.cpp	llvm-kain/clang/src/ast/TypePrinter.cpp	95731	clang	move
clang/lib/ASTMatchers/ASTMatchersInternal.cpp	llvm-kain/clang/src/ast/ASTMatchersInternal.cpp	48422	clang	move
clang/lib/ASTMatchers/ASTMatchFinder.cpp	llvm-kain/clang/src/ast/ASTMatchFinder.cpp	65226	clang	move
clang/lib/ASTMatchers/CMakeLists.txt	llvm-kain/clang/src/ast/CMakeLists.txt	280	clang	move
clang/lib/ASTMatchers/LowLevelHelpers.cpp	llvm-kain/clang/src/ast/LowLevelHelpers.cpp	3750	clang	move
clang/lib/ASTMatchers/Dynamic/CMakeLists.txt	llvm-kain/clang/src/ast/Dynamic/CMakeLists.txt	282	clang	move
clang/lib/ASTMatchers/Dynamic/Diagnostics.cpp	llvm-kain/clang/src/ast/Dynamic/Diagnostics.cpp	8328	clang	move
clang/lib/ASTMatchers/Dynamic/Marshallers.cpp	llvm-kain/clang/src/ast/Dynamic/Marshallers.cpp	5572	clang	move
clang/lib/ASTMatchers/Dynamic/Marshallers.h	llvm-kain/clang/src/ast/Dynamic/Marshallers.h	42697	clang	move
clang/lib/ASTMatchers/Dynamic/Parser.cpp	llvm-kain/clang/src/ast/Dynamic/Parser.cpp	30170	clang	move
clang/lib/ASTMatchers/Dynamic/Registry.cpp	llvm-kain/clang/src/ast/Dynamic/Registry.cpp	30055	clang	move
clang/lib/ASTMatchers/Dynamic/VariantValue.cpp	llvm-kain/clang/src/ast/Dynamic/VariantValue.cpp	12793	clang	move
clang/lib/Basic/ASTSourceDescriptor.cpp	llvm-kain/clang/src/basic/ASTSourceDescriptor.cpp	1032	clang	move
clang/lib/Basic/Attributes.cpp	llvm-kain/clang/src/basic/Attributes.cpp	10974	clang	move
clang/lib/Basic/Builtins.cpp	llvm-kain/clang/src/basic/Builtins.cpp	17353	clang	move
clang/lib/Basic/BuiltinTargetFeatures.h	llvm-kain/clang/src/basic/BuiltinTargetFeatures.h	3310	clang	move
clang/lib/Basic/CharInfo.cpp	llvm-kain/clang/src/basic/CharInfo.cpp	4124	clang	move
clang/lib/Basic/CLWarnings.cpp	llvm-kain/clang/src/basic/CLWarnings.cpp	1042	clang	move
clang/lib/Basic/CMakeLists.txt	llvm-kain/clang/src/basic/CMakeLists.txt	3798	clang	move
clang/lib/Basic/CodeGenOptions.cpp	llvm-kain/clang/src/basic/CodeGenOptions.cpp	2201	clang	move
clang/lib/Basic/Cuda.cpp	llvm-kain/clang/src/basic/Cuda.cpp	7590	clang	move
clang/lib/Basic/DarwinSDKInfo.cpp	llvm-kain/clang/src/basic/DarwinSDKInfo.cpp	17002	clang	move
clang/lib/Basic/Diagnostic.cpp	llvm-kain/clang/src/basic/Diagnostic.cpp	53931	clang	move
clang/lib/Basic/DiagnosticIDs.cpp	llvm-kain/clang/src/basic/DiagnosticIDs.cpp	35339	clang	move
clang/lib/Basic/DiagnosticOptions.cpp	llvm-kain/clang/src/basic/DiagnosticOptions.cpp	833	clang	move
clang/lib/Basic/ExpressionTraits.cpp	llvm-kain/clang/src/basic/ExpressionTraits.cpp	1203	clang	move
clang/lib/Basic/FileEntry.cpp	llvm-kain/clang/src/basic/FileEntry.cpp	776	clang	move
clang/lib/Basic/FileManager.cpp	llvm-kain/clang/src/basic/FileManager.cpp	27806	clang	move
clang/lib/Basic/IdentifierTable.cpp	llvm-kain/clang/src/basic/IdentifierTable.cpp	29499	clang	move
clang/lib/Basic/LangOptions.cpp	llvm-kain/clang/src/basic/LangOptions.cpp	10887	clang	move
clang/lib/Basic/LangStandards.cpp	llvm-kain/clang/src/basic/LangStandards.cpp	3927	clang	move
clang/lib/Basic/MakeSupport.cpp	llvm-kain/clang/src/basic/MakeSupport.cpp	973	clang	move
clang/lib/Basic/Module.cpp	llvm-kain/clang/src/basic/Module.cpp	22169	clang	move
clang/lib/Basic/NoSanitizeList.cpp	llvm-kain/clang/src/basic/NoSanitizeList.cpp	3063	clang	move
clang/lib/Basic/ObjCRuntime.cpp	llvm-kain/clang/src/basic/ObjCRuntime.cpp	3069	clang	move
clang/lib/Basic/OffloadArch.cpp	llvm-kain/clang/src/basic/OffloadArch.cpp	6262	clang	move
clang/lib/Basic/OpenCLOptions.cpp	llvm-kain/clang/src/basic/OpenCLOptions.cpp	5360	clang	move
clang/lib/Basic/OpenMPKinds.cpp	llvm-kain/clang/src/basic/OpenMPKinds.cpp	37776	clang	move
clang/lib/Basic/OperatorPrecedence.cpp	llvm-kain/clang/src/basic/OperatorPrecedence.cpp	3004	clang	move
clang/lib/Basic/ParsedAttrInfo.cpp	llvm-kain/clang/src/basic/ParsedAttrInfo.cpp	1216	clang	move
clang/lib/Basic/ProfileList.cpp	llvm-kain/clang/src/basic/ProfileList.cpp	5064	clang	move
clang/lib/Basic/Sanitizers.cpp	llvm-kain/clang/src/basic/Sanitizers.cpp	6984	clang	move
clang/lib/Basic/SanitizerSpecialCaseList.cpp	llvm-kain/clang/src/basic/SanitizerSpecialCaseList.cpp	2691	clang	move
clang/lib/Basic/Sarif.cpp	llvm-kain/clang/src/basic/Sarif.cpp	15605	clang	move
clang/lib/Basic/SimpleTypoCorrection.cpp	llvm-kain/clang/src/basic/SimpleTypoCorrection.cpp	1902	clang	move
clang/lib/Basic/SourceLocation.cpp	llvm-kain/clang/src/basic/SourceLocation.cpp	8129	clang	move
clang/lib/Basic/SourceManager.cpp	llvm-kain/clang/src/basic/SourceManager.cpp	92498	clang	move
clang/lib/Basic/SourceMgrAdapter.cpp	llvm-kain/clang/src/basic/SourceMgrAdapter.cpp	4756	clang	move
clang/lib/Basic/Stack.cpp	llvm-kain/clang/src/basic/Stack.cpp	2064	clang	move
clang/lib/Basic/StackExhaustionHandler.cpp	llvm-kain/clang/src/basic/StackExhaustionHandler.cpp	1257	clang	move
clang/lib/Basic/TargetDefines.h	llvm-kain/clang/src/basic/TargetDefines.h	1462	clang	move
clang/lib/Basic/TargetID.cpp	llvm-kain/clang/src/basic/TargetID.cpp	7141	clang	move
clang/lib/Basic/TargetInfo.cpp	llvm-kain/clang/src/basic/TargetInfo.cpp	37883	clang	move
clang/lib/Basic/Targets.cpp	llvm-kain/clang/src/basic/Targets.cpp	39492	clang	move
clang/lib/Basic/Targets.h	llvm-kain/clang/src/basic/Targets.h	852	clang	move
clang/lib/Basic/TokenKinds.cpp	llvm-kain/clang/src/basic/TokenKinds.cpp	2292	clang	move
clang/lib/Basic/TypeTraits.cpp	llvm-kain/clang/src/basic/TypeTraits.cpp	3809	clang	move
clang/lib/Basic/Version.cpp	llvm-kain/clang/src/basic/Version.cpp	2924	clang	move
clang/lib/Basic/Warnings.cpp	llvm-kain/clang/src/basic/Warnings.cpp	9479	clang	move
clang/lib/Basic/XRayInstr.cpp	llvm-kain/clang/src/basic/XRayInstr.cpp	2008	clang	move
clang/lib/Basic/XRayLists.cpp	llvm-kain/clang/src/basic/XRayLists.cpp	3389	clang	move
clang/lib/Basic/Targets/AArch64.cpp	llvm-kain/clang/src/basic/Targets/AArch64.cpp	62492	clang	move
clang/lib/Basic/Targets/AArch64.h	llvm-kain/clang/src/basic/Targets/AArch64.h	12998	clang	move
clang/lib/Basic/Targets/AMDGPU.cpp	llvm-kain/clang/src/basic/Targets/AMDGPU.cpp	15397	clang	move
clang/lib/Basic/Targets/AMDGPU.h	llvm-kain/clang/src/basic/Targets/AMDGPU.h	16096	clang	move
clang/lib/Basic/Targets/ARC.cpp	llvm-kain/clang/src/basic/Targets/ARC.cpp	817	clang	move
clang/lib/Basic/Targets/ARC.h	llvm-kain/clang/src/basic/Targets/ARC.h	2477	clang	move
clang/lib/Basic/Targets/ARM.cpp	llvm-kain/clang/src/basic/Targets/ARM.cpp	51785	clang	move
clang/lib/Basic/Targets/ARM.h	llvm-kain/clang/src/basic/Targets/ARM.h	10164	clang	move
clang/lib/Basic/Targets/AVR.cpp	llvm-kain/clang/src/basic/Targets/AVR.cpp	25958	clang	move
clang/lib/Basic/Targets/AVR.h	llvm-kain/clang/src/basic/Targets/AVR.h	6477	clang	move
clang/lib/Basic/Targets/BPF.cpp	llvm-kain/clang/src/basic/Targets/BPF.cpp	3377	clang	move
clang/lib/Basic/Targets/BPF.h	llvm-kain/clang/src/basic/Targets/BPF.h	3453	clang	move
clang/lib/Basic/Targets/CSKY.cpp	llvm-kain/clang/src/basic/Targets/CSKY.cpp	7473	clang	move
clang/lib/Basic/Targets/CSKY.h	llvm-kain/clang/src/basic/Targets/CSKY.h	3192	clang	move
clang/lib/Basic/Targets/DirectX.cpp	llvm-kain/clang/src/basic/Targets/DirectX.cpp	1363	clang	move
clang/lib/Basic/Targets/DirectX.h	llvm-kain/clang/src/basic/Targets/DirectX.h	3522	clang	move
clang/lib/Basic/Targets/Hexagon.cpp	llvm-kain/clang/src/basic/Targets/Hexagon.cpp	10772	clang	move
clang/lib/Basic/Targets/Hexagon.h	llvm-kain/clang/src/basic/Targets/Hexagon.h	4758	clang	move
clang/lib/Basic/Targets/Lanai.cpp	llvm-kain/clang/src/basic/Targets/Lanai.cpp	2351	clang	move
clang/lib/Basic/Targets/Lanai.h	llvm-kain/clang/src/basic/Targets/Lanai.h	2704	clang	move
clang/lib/Basic/Targets/LoongArch.cpp	llvm-kain/clang/src/basic/Targets/LoongArch.cpp	17575	clang	move
clang/lib/Basic/Targets/LoongArch.h	llvm-kain/clang/src/basic/Targets/LoongArch.h	5424	clang	move
clang/lib/Basic/Targets/M68k.cpp	llvm-kain/clang/src/basic/Targets/M68k.cpp	6340	clang	move
clang/lib/Basic/Targets/M68k.h	llvm-kain/clang/src/basic/Targets/M68k.h	2291	clang	move
clang/lib/Basic/Targets/Mips.cpp	llvm-kain/clang/src/basic/Targets/Mips.cpp	12006	clang	move
clang/lib/Basic/Targets/Mips.h	llvm-kain/clang/src/basic/Targets/Mips.h	16085	clang	move
clang/lib/Basic/Targets/MSP430.cpp	llvm-kain/clang/src/basic/Targets/MSP430.cpp	1162	clang	move
clang/lib/Basic/Targets/MSP430.h	llvm-kain/clang/src/basic/Targets/MSP430.h	3027	clang	move
clang/lib/Basic/Targets/NVPTX.cpp	llvm-kain/clang/src/basic/Targets/NVPTX.cpp	7596	clang	move
clang/lib/Basic/Targets/NVPTX.h	llvm-kain/clang/src/basic/Targets/NVPTX.h	7579	clang	move
clang/lib/Basic/Targets/OSTargets.cpp	llvm-kain/clang/src/basic/Targets/OSTargets.cpp	12402	clang	move
clang/lib/Basic/Targets/OSTargets.h	llvm-kain/clang/src/basic/Targets/OSTargets.h	37016	clang	move
clang/lib/Basic/Targets/PPC.cpp	llvm-kain/clang/src/basic/Targets/PPC.cpp	38229	clang	move
clang/lib/Basic/Targets/PPC.h	llvm-kain/clang/src/basic/Targets/PPC.h	19967	clang	move
clang/lib/Basic/Targets/RISCV.cpp	llvm-kain/clang/src/basic/Targets/RISCV.cpp	23271	clang	move
clang/lib/Basic/Targets/RISCV.h	llvm-kain/clang/src/basic/Targets/RISCV.h	7282	clang	move
clang/lib/Basic/Targets/Sparc.cpp	llvm-kain/clang/src/basic/Targets/Sparc.cpp	8183	clang	move
clang/lib/Basic/Targets/Sparc.h	llvm-kain/clang/src/basic/Targets/Sparc.h	7500	clang	move
clang/lib/Basic/Targets/SPIR.cpp	llvm-kain/clang/src/basic/Targets/SPIR.cpp	7053	clang	move
clang/lib/Basic/Targets/SPIR.h	llvm-kain/clang/src/basic/Targets/SPIR.h	20280	clang	move
clang/lib/Basic/Targets/SystemZ.cpp	llvm-kain/clang/src/basic/Targets/SystemZ.cpp	7313	clang	move
clang/lib/Basic/Targets/SystemZ.h	llvm-kain/clang/src/basic/Targets/SystemZ.h	9057	clang	move
clang/lib/Basic/Targets/TCE.cpp	llvm-kain/clang/src/basic/Targets/TCE.cpp	1637	clang	move
clang/lib/Basic/Targets/TCE.h	llvm-kain/clang/src/basic/Targets/TCE.h	6075	clang	move
clang/lib/Basic/Targets/VE.cpp	llvm-kain/clang/src/basic/Targets/VE.cpp	1903	clang	move
clang/lib/Basic/Targets/VE.h	llvm-kain/clang/src/basic/Targets/VE.h	5350	clang	move
clang/lib/Basic/Targets/WebAssembly.cpp	llvm-kain/clang/src/basic/Targets/WebAssembly.cpp	13379	clang	move
clang/lib/Basic/Targets/WebAssembly.h	llvm-kain/clang/src/basic/Targets/WebAssembly.h	7584	clang	move
clang/lib/Basic/Targets/X86.cpp	llvm-kain/clang/src/basic/Targets/X86.cpp	61951	clang	move
clang/lib/Basic/Targets/X86.h	llvm-kain/clang/src/basic/Targets/X86.h	35398	clang	move
clang/lib/Basic/Targets/XCore.cpp	llvm-kain/clang/src/basic/Targets/XCore.cpp	1490	clang	move
clang/lib/Basic/Targets/XCore.h	llvm-kain/clang/src/basic/Targets/XCore.h	2563	clang	move
clang/lib/Basic/Targets/Xtensa.cpp	llvm-kain/clang/src/basic/Targets/Xtensa.cpp	1272	clang	move
clang/lib/Basic/Targets/Xtensa.h	llvm-kain/clang/src/basic/Targets/Xtensa.h	3232	clang	move
clang/lib/CodeGen/ABIInfo.cpp	llvm-kain/clang/src/codegen/ABIInfo.cpp	10351	clang	move
clang/lib/CodeGen/ABIInfo.h	llvm-kain/clang/src/codegen/ABIInfo.h	6936	clang	move
clang/lib/CodeGen/ABIInfoImpl.cpp	llvm-kain/clang/src/codegen/ABIInfoImpl.cpp	17482	clang	move
clang/lib/CodeGen/ABIInfoImpl.h	llvm-kain/clang/src/codegen/ABIInfoImpl.h	7243	clang	move
clang/lib/CodeGen/Address.h	llvm-kain/clang/src/codegen/Address.h	11974	clang	move
clang/lib/CodeGen/BackendConsumer.h	llvm-kain/clang/src/codegen/BackendConsumer.h	5795	clang	move
clang/lib/CodeGen/BackendUtil.cpp	llvm-kain/clang/src/codegen/BackendUtil.cpp	66760	clang	move
clang/lib/CodeGen/CGAtomic.cpp	llvm-kain/clang/src/codegen/CGAtomic.cpp	93223	clang	move
clang/lib/CodeGen/CGBuilder.h	llvm-kain/clang/src/codegen/CGBuilder.h	20655	clang	move
clang/lib/CodeGen/CGBuiltin.cpp	llvm-kain/clang/src/codegen/CGBuiltin.cpp	298412	clang	move
clang/lib/CodeGen/CGBuiltin.h	llvm-kain/clang/src/codegen/CGBuiltin.h	4253	clang	move
clang/lib/CodeGen/CGCall.cpp	llvm-kain/clang/src/codegen/CGCall.cpp	269693	clang	move
clang/lib/CodeGen/CGCall.h	llvm-kain/clang/src/codegen/CGCall.h	13259	clang	move
clang/lib/CodeGen/CGCleanup.cpp	llvm-kain/clang/src/codegen/CGCleanup.cpp	53028	clang	move
clang/lib/CodeGen/CGCleanup.h	llvm-kain/clang/src/codegen/CGCleanup.h	22274	clang	move
clang/lib/CodeGen/CGDebugInfo.cpp	llvm-kain/clang/src/codegen/CGDebugInfo.cpp	268884	clang	move
clang/lib/CodeGen/CGDebugInfo.h	llvm-kain/clang/src/codegen/CGDebugInfo.h	45703	clang	move
clang/lib/CodeGen/CGDecl.cpp	llvm-kain/clang/src/codegen/CGDecl.cpp	118673	clang	move
clang/lib/CodeGen/CGException.cpp	llvm-kain/clang/src/codegen/CGException.cpp	89046	clang	move
clang/lib/CodeGen/CGExpr.cpp	llvm-kain/clang/src/codegen/CGExpr.cpp	304943	clang	move
clang/lib/CodeGen/CGExprAgg.cpp	llvm-kain/clang/src/codegen/CGExprAgg.cpp	95457	clang	move
clang/lib/CodeGen/CGExprComplex.cpp	llvm-kain/clang/src/codegen/CGExprComplex.cpp	61600	clang	move
clang/lib/CodeGen/CGExprConstant.cpp	llvm-kain/clang/src/codegen/CGExprConstant.cpp	111323	clang	move
clang/lib/CodeGen/CGExprScalar.cpp	llvm-kain/clang/src/codegen/CGExprScalar.cpp	268138	clang	move
clang/lib/CodeGen/CGLoopInfo.cpp	llvm-kain/clang/src/codegen/CGLoopInfo.cpp	32658	clang	move
clang/lib/CodeGen/CGLoopInfo.h	llvm-kain/clang/src/codegen/CGLoopInfo.h	11972	clang	move
clang/lib/CodeGen/CGNonTrivialStruct.cpp	llvm-kain/clang/src/codegen/CGNonTrivialStruct.cpp	42665	clang	move
clang/lib/CodeGen/CGOpenCLRuntime.cpp	llvm-kain/clang/src/codegen/CGOpenCLRuntime.cpp	5833	clang	move
clang/lib/CodeGen/CGOpenCLRuntime.h	llvm-kain/clang/src/codegen/CGOpenCLRuntime.h	3429	clang	move
clang/lib/CodeGen/CGPointerAuthInfo.h	llvm-kain/clang/src/codegen/CGPointerAuthInfo.h	3130	clang	move
clang/lib/CodeGen/CGRecordLayout.h	llvm-kain/clang/src/codegen/CGRecordLayout.h	8877	clang	move
clang/lib/CodeGen/CGRecordLayoutBuilder.cpp	llvm-kain/clang/src/codegen/CGRecordLayoutBuilder.cpp	54969	clang	move
clang/lib/CodeGen/CGStmt.cpp	llvm-kain/clang/src/codegen/CGStmt.cpp	133808	clang	move
clang/lib/CodeGen/CGValue.h	llvm-kain/clang/src/codegen/CGValue.h	24214	clang	move
clang/lib/CodeGen/CGVTables.h	llvm-kain/clang/src/codegen/CGVTables.h	6401	clang	move
clang/lib/CodeGen/CMakeLists.txt	llvm-kain/clang/src/codegen/CMakeLists.txt	1430	clang	move
clang/lib/CodeGen/CodeGenABITypes.cpp	llvm-kain/clang/src/codegen/CodeGenABITypes.cpp	5346	clang	move
clang/lib/CodeGen/CodeGenAction.cpp	llvm-kain/clang/src/codegen/CodeGenAction.cpp	46449	clang	move
clang/lib/CodeGen/CodeGenFunction.cpp	llvm-kain/clang/src/codegen/CodeGenFunction.cpp	138958	clang	move
clang/lib/CodeGen/CodeGenFunction.h	llvm-kain/clang/src/codegen/CodeGenFunction.h	251990	clang	move
clang/lib/CodeGen/CodeGenModule.cpp	llvm-kain/clang/src/codegen/CodeGenModule.cpp	351315	clang	move
clang/lib/CodeGen/CodeGenModule.h	llvm-kain/clang/src/codegen/CodeGenModule.h	89706	clang	move
clang/lib/CodeGen/CodeGenPGO.cpp	llvm-kain/clang/src/codegen/CodeGenPGO.cpp	55150	clang	move
clang/lib/CodeGen/CodeGenPGO.h	llvm-kain/clang/src/codegen/CodeGenPGO.h	6188	clang	move
clang/lib/CodeGen/CodeGenTBAA.cpp	llvm-kain/clang/src/codegen/CodeGenTBAA.cpp	28313	clang	move
clang/lib/CodeGen/CodeGenTBAA.h	llvm-kain/clang/src/codegen/CodeGenTBAA.h	8974	clang	move
clang/lib/CodeGen/CodeGenTypeCache.h	llvm-kain/clang/src/codegen/CodeGenTypeCache.h	3632	clang	move
clang/lib/CodeGen/CodeGenTypes.cpp	llvm-kain/clang/src/codegen/CodeGenTypes.cpp	36157	clang	move
clang/lib/CodeGen/CodeGenTypes.h	llvm-kain/clang/src/codegen/CodeGenTypes.h	14486	clang	move
clang/lib/CodeGen/ConstantEmitter.h	llvm-kain/clang/src/codegen/ConstantEmitter.h	7213	clang	move
clang/lib/CodeGen/ConstantInitBuilder.cpp	llvm-kain/clang/src/codegen/ConstantInitBuilder.cpp	11111	clang	move
clang/lib/CodeGen/CoverageMappingGen.cpp	llvm-kain/clang/src/codegen/CoverageMappingGen.cpp	101268	clang	move
clang/lib/CodeGen/CoverageMappingGen.h	llvm-kain/clang/src/codegen/CoverageMappingGen.h	6156	clang	move
clang/lib/CodeGen/EHScopeStack.h	llvm-kain/clang/src/codegen/EHScopeStack.h	15551	clang	move
clang/lib/CodeGen/LinkInModulesPass.cpp	llvm-kain/clang/src/codegen/LinkInModulesPass.cpp	942	clang	move
clang/lib/CodeGen/LinkInModulesPass.h	llvm-kain/clang/src/codegen/LinkInModulesPass.h	1211	clang	move
clang/lib/CodeGen/MacroPPCallbacks.cpp	llvm-kain/clang/src/codegen/MacroPPCallbacks.cpp	6594	clang	move
clang/lib/CodeGen/MacroPPCallbacks.h	llvm-kain/clang/src/codegen/MacroPPCallbacks.h	4687	clang	move
clang/lib/CodeGen/MCDCState.h	llvm-kain/clang/src/codegen/MCDCState.h	1697	clang	move
clang/lib/CodeGen/ModuleBuilder.cpp	llvm-kain/clang/src/codegen/ModuleBuilder.cpp	16234	clang	move
clang/lib/CodeGen/ModuleLinker.cpp	llvm-kain/clang/src/codegen/ModuleLinker.cpp	1727	clang	move
clang/lib/CodeGen/ObjectFilePCHContainerWriter.cpp	llvm-kain/clang/src/codegen/ObjectFilePCHContainerWriter.cpp	13116	clang	move
clang/lib/CodeGen/PatternInit.cpp	llvm-kain/clang/src/codegen/PatternInit.cpp	4350	clang	move
clang/lib/CodeGen/PatternInit.h	llvm-kain/clang/src/codegen/PatternInit.h	722	clang	move
clang/lib/CodeGen/pch.h	llvm-kain/clang/src/codegen/pch.h	772	clang	move
clang/lib/CodeGen/QualTypeMapper.cpp	llvm-kain/clang/src/codegen/QualTypeMapper.cpp	22313	clang	move
clang/lib/CodeGen/QualTypeMapper.h	llvm-kain/clang/src/codegen/QualTypeMapper.h	3134	clang	move
clang/lib/CodeGen/README.txt	llvm-kain/clang/src/codegen/README.txt	1834	clang	move
clang/lib/CodeGen/SanitizerHandler.h	llvm-kain/clang/src/codegen/SanitizerHandler.h	5710	clang	move
clang/lib/CodeGen/SanitizerMetadata.cpp	llvm-kain/clang/src/codegen/SanitizerMetadata.cpp	5017	clang	move
clang/lib/CodeGen/SanitizerMetadata.h	llvm-kain/clang/src/codegen/SanitizerMetadata.h	1592	clang	move
clang/lib/CodeGen/TargetInfo.cpp	llvm-kain/clang/src/codegen/TargetInfo.cpp	11155	clang	move
clang/lib/CodeGen/TargetInfo.h	llvm-kain/clang/src/codegen/TargetInfo.h	25243	clang	move
clang/lib/CodeGen/TrapReasonBuilder.cpp	llvm-kain/clang/src/codegen/TrapReasonBuilder.cpp	1688	clang	move
clang/lib/CodeGen/TrapReasonBuilder.h	llvm-kain/clang/src/codegen/TrapReasonBuilder.h	4028	clang	move
clang/lib/CodeGen/VarBypassDetector.cpp	llvm-kain/clang/src/codegen/VarBypassDetector.cpp	5445	clang	move
clang/lib/CodeGen/VarBypassDetector.h	llvm-kain/clang/src/codegen/VarBypassDetector.h	2474	clang	move
clang/lib/CodeGen/TargetBuiltins/AMDGPU.cpp	llvm-kain/clang/src/codegen/TargetBuiltins/AMDGPU.cpp	107153	clang	move
clang/lib/CodeGen/TargetBuiltins/ARM.cpp	llvm-kain/clang/src/codegen/TargetBuiltins/ARM.cpp	313812	clang	move
clang/lib/CodeGen/TargetBuiltins/AVR.cpp	llvm-kain/clang/src/codegen/TargetBuiltins/AVR.cpp	1581	clang	move
clang/lib/CodeGen/TargetBuiltins/DirectX.cpp	llvm-kain/clang/src/codegen/TargetBuiltins/DirectX.cpp	1562	clang	move
clang/lib/CodeGen/TargetBuiltins/Hexagon.cpp	llvm-kain/clang/src/codegen/TargetBuiltins/Hexagon.cpp	12161	clang	move
clang/lib/CodeGen/TargetBuiltins/NVPTX.cpp	llvm-kain/clang/src/codegen/TargetBuiltins/NVPTX.cpp	56380	clang	move
clang/lib/CodeGen/TargetBuiltins/PPC.cpp	llvm-kain/clang/src/codegen/TargetBuiltins/PPC.cpp	64033	clang	move
clang/lib/CodeGen/TargetBuiltins/RISCV.cpp	llvm-kain/clang/src/codegen/TargetBuiltins/RISCV.cpp	60567	clang	move
clang/lib/CodeGen/TargetBuiltins/SPIR.cpp	llvm-kain/clang/src/codegen/TargetBuiltins/SPIR.cpp	8391	clang	move
clang/lib/CodeGen/TargetBuiltins/SystemZ.cpp	llvm-kain/clang/src/codegen/TargetBuiltins/SystemZ.cpp	17178	clang	move
clang/lib/CodeGen/TargetBuiltins/WebAssembly.cpp	llvm-kain/clang/src/codegen/TargetBuiltins/WebAssembly.cpp	29968	clang	move
clang/lib/CodeGen/TargetBuiltins/X86.cpp	llvm-kain/clang/src/codegen/TargetBuiltins/X86.cpp	128543	clang	move
clang/lib/CodeGen/Targets/AArch64.cpp	llvm-kain/clang/src/codegen/Targets/AArch64.cpp	54293	clang	move
clang/lib/CodeGen/Targets/AMDGPU.cpp	llvm-kain/clang/src/codegen/Targets/AMDGPU.cpp	30941	clang	move
clang/lib/CodeGen/Targets/ARC.cpp	llvm-kain/clang/src/codegen/Targets/ARC.cpp	5538	clang	move
clang/lib/CodeGen/Targets/ARM.cpp	llvm-kain/clang/src/codegen/Targets/ARM.cpp	32371	clang	move
clang/lib/CodeGen/Targets/AVR.cpp	llvm-kain/clang/src/codegen/Targets/AVR.cpp	6180	clang	move
clang/lib/CodeGen/Targets/BPF.cpp	llvm-kain/clang/src/codegen/Targets/BPF.cpp	3508	clang	move
clang/lib/CodeGen/Targets/CSKY.cpp	llvm-kain/clang/src/codegen/Targets/CSKY.cpp	6365	clang	move
clang/lib/CodeGen/Targets/DirectX.cpp	llvm-kain/clang/src/codegen/Targets/DirectX.cpp	5178	clang	move
clang/lib/CodeGen/Targets/Hexagon.cpp	llvm-kain/clang/src/codegen/Targets/Hexagon.cpp	16565	clang	move
clang/lib/CodeGen/Targets/Lanai.cpp	llvm-kain/clang/src/codegen/Targets/Lanai.cpp	5170	clang	move
clang/lib/CodeGen/Targets/LoongArch.cpp	llvm-kain/clang/src/codegen/Targets/LoongArch.cpp	17958	clang	move
clang/lib/CodeGen/Targets/M68k.cpp	llvm-kain/clang/src/codegen/Targets/M68k.cpp	1925	clang	move
clang/lib/CodeGen/Targets/Mips.cpp	llvm-kain/clang/src/codegen/Targets/Mips.cpp	16783	clang	move
clang/lib/CodeGen/Targets/MSP430.cpp	llvm-kain/clang/src/codegen/Targets/MSP430.cpp	3192	clang	move
clang/lib/CodeGen/Targets/NVPTX.cpp	llvm-kain/clang/src/codegen/Targets/NVPTX.cpp	15054	clang	move
clang/lib/CodeGen/Targets/PPC.cpp	llvm-kain/clang/src/codegen/Targets/PPC.cpp	41626	clang	move
clang/lib/CodeGen/Targets/RISCV.cpp	llvm-kain/clang/src/codegen/Targets/RISCV.cpp	41786	clang	move
clang/lib/CodeGen/Targets/Sparc.cpp	llvm-kain/clang/src/codegen/Targets/Sparc.cpp	14535	clang	move
clang/lib/CodeGen/Targets/SPIR.cpp	llvm-kain/clang/src/codegen/Targets/SPIR.cpp	36185	clang	move
clang/lib/CodeGen/Targets/SystemZ.cpp	llvm-kain/clang/src/codegen/Targets/SystemZ.cpp	35271	clang	move
clang/lib/CodeGen/Targets/TCE.cpp	llvm-kain/clang/src/codegen/Targets/TCE.cpp	3137	clang	move
clang/lib/CodeGen/Targets/VE.cpp	llvm-kain/clang/src/codegen/Targets/VE.cpp	2382	clang	move
clang/lib/CodeGen/Targets/WebAssembly.cpp	llvm-kain/clang/src/codegen/Targets/WebAssembly.cpp	7228	clang	move
clang/lib/CodeGen/Targets/X86.cpp	llvm-kain/clang/src/codegen/Targets/X86.cpp	137651	clang	move
clang/lib/CodeGen/Targets/XCore.cpp	llvm-kain/clang/src/codegen/Targets/XCore.cpp	23807	clang	move
clang/lib/Edit/CMakeLists.txt	llvm-kain/clang/src/edit/CMakeLists.txt	183	clang	move
clang/lib/Edit/Commit.cpp	llvm-kain/clang/src/edit/Commit.cpp	10194	clang	move
clang/lib/Edit/EditedSource.cpp	llvm-kain/clang/src/edit/EditedSource.cpp	14357	clang	move
clang/lib/Edit/RewriteObjCFoundationAPI.cpp	llvm-kain/clang/src/edit/RewriteObjCFoundationAPI.cpp	41870	clang	move
clang/lib/Frontend/ASTConsumers.cpp	llvm-kain/clang/src/frontend/ASTConsumers.cpp	8206	clang	move
clang/lib/Frontend/ASTMerge.cpp	llvm-kain/clang/src/frontend/ASTMerge.cpp	4270	clang	move
clang/lib/Frontend/ASTUnit.cpp	llvm-kain/clang/src/frontend/ASTUnit.cpp	92459	clang	move
clang/lib/Frontend/ChainedDiagnosticConsumer.cpp	llvm-kain/clang/src/frontend/ChainedDiagnosticConsumer.cpp	494	clang	move
clang/lib/Frontend/ChainedIncludesSource.cpp	llvm-kain/clang/src/frontend/ChainedIncludesSource.cpp	8374	clang	move
clang/lib/Frontend/CMakeLists.txt	llvm-kain/clang/src/frontend/CMakeLists.txt	1082	clang	move
clang/lib/Frontend/CompilerInstance.cpp	llvm-kain/clang/src/frontend/CompilerInstance.cpp	96018	clang	move
clang/lib/Frontend/CompilerInvocation.cpp	llvm-kain/clang/src/frontend/CompilerInvocation.cpp	220031	clang	move
clang/lib/Frontend/DependencyFile.cpp	llvm-kain/clang/src/frontend/DependencyFile.cpp	17538	clang	move
clang/lib/Frontend/DependencyGraph.cpp	llvm-kain/clang/src/frontend/DependencyGraph.cpp	5152	clang	move
clang/lib/Frontend/DiagnosticRenderer.cpp	llvm-kain/clang/src/frontend/DiagnosticRenderer.cpp	23141	clang	move
clang/lib/Frontend/FrontendAction.cpp	llvm-kain/clang/src/frontend/FrontendAction.cpp	60577	clang	move
clang/lib/Frontend/FrontendActions.cpp	llvm-kain/clang/src/frontend/FrontendActions.cpp	50260	clang	move
clang/lib/Frontend/FrontendOptions.cpp	llvm-kain/clang/src/frontend/FrontendOptions.cpp	1730	clang	move
clang/lib/Frontend/HeaderIncludeGen.cpp	llvm-kain/clang/src/frontend/HeaderIncludeGen.cpp	17730	clang	move
clang/lib/Frontend/InitPreprocessor.cpp	llvm-kain/clang/src/frontend/InitPreprocessor.cpp	74384	clang	move
clang/lib/Frontend/InterfaceStubFunctionsConsumer.cpp	llvm-kain/clang/src/frontend/InterfaceStubFunctionsConsumer.cpp	12456	clang	move
clang/lib/Frontend/LayoutOverrideSource.cpp	llvm-kain/clang/src/frontend/LayoutOverrideSource.cpp	8421	clang	move
clang/lib/Frontend/LogDiagnosticPrinter.cpp	llvm-kain/clang/src/frontend/LogDiagnosticPrinter.cpp	5156	clang	move
clang/lib/Frontend/ModuleDependencyCollector.cpp	llvm-kain/clang/src/frontend/ModuleDependencyCollector.cpp	7051	clang	move
clang/lib/Frontend/MultiplexConsumer.cpp	llvm-kain/clang/src/frontend/MultiplexConsumer.cpp	16641	clang	move
clang/lib/Frontend/PrecompiledPreamble.cpp	llvm-kain/clang/src/frontend/PrecompiledPreamble.cpp	32393	clang	move
clang/lib/Frontend/PrintPreprocessedOutput.cpp	llvm-kain/clang/src/frontend/PrintPreprocessedOutput.cpp	44974	clang	move
clang/lib/Frontend/SARIFDiagnostic.cpp	llvm-kain/clang/src/frontend/SARIFDiagnostic.cpp	9779	clang	move
clang/lib/Frontend/SARIFDiagnosticPrinter.cpp	llvm-kain/clang/src/frontend/SARIFDiagnosticPrinter.cpp	3187	clang	move
clang/lib/Frontend/SerializedDiagnosticPrinter.cpp	llvm-kain/clang/src/frontend/SerializedDiagnosticPrinter.cpp	32439	clang	move
clang/lib/Frontend/SerializedDiagnosticReader.cpp	llvm-kain/clang/src/frontend/SerializedDiagnosticReader.cpp	11738	clang	move
clang/lib/Frontend/StandaloneDiagnostic.cpp	llvm-kain/clang/src/frontend/StandaloneDiagnostic.cpp	4758	clang	move
clang/lib/Frontend/TestModuleFileExtension.cpp	llvm-kain/clang/src/frontend/TestModuleFileExtension.cpp	4623	clang	move
clang/lib/Frontend/TestModuleFileExtension.h	llvm-kain/clang/src/frontend/TestModuleFileExtension.h	2436	clang	move
clang/lib/Frontend/TextDiagnostic.cpp	llvm-kain/clang/src/frontend/TextDiagnostic.cpp	59454	clang	move
clang/lib/Frontend/TextDiagnosticBuffer.cpp	llvm-kain/clang/src/frontend/TextDiagnosticBuffer.cpp	2632	clang	move
clang/lib/Frontend/TextDiagnosticPrinter.cpp	llvm-kain/clang/src/frontend/TextDiagnosticPrinter.cpp	6111	clang	move
clang/lib/Frontend/VerifyDiagnosticConsumer.cpp	llvm-kain/clang/src/frontend/VerifyDiagnosticConsumer.cpp	53143	clang	move
clang/lib/Frontend/Rewrite/CMakeLists.txt	llvm-kain/clang/src/frontend/Rewrite/CMakeLists.txt	378	clang	move
clang/lib/Frontend/Rewrite/FixItRewriter.cpp	llvm-kain/clang/src/frontend/Rewrite/FixItRewriter.cpp	6799	clang	move
clang/lib/Frontend/Rewrite/FrontendActions.cpp	llvm-kain/clang/src/frontend/Rewrite/FrontendActions.cpp	11414	clang	move
clang/lib/Frontend/Rewrite/HTMLPrint.cpp	llvm-kain/clang/src/frontend/Rewrite/HTMLPrint.cpp	3386	clang	move
clang/lib/Frontend/Rewrite/InclusionRewriter.cpp	llvm-kain/clang/src/frontend/Rewrite/InclusionRewriter.cpp	25388	clang	move
clang/lib/Frontend/Rewrite/RewriteMacros.cpp	llvm-kain/clang/src/frontend/Rewrite/RewriteMacros.cpp	8115	clang	move
clang/lib/Frontend/Rewrite/RewriteModernObjC.cpp	llvm-kain/clang/src/frontend/Rewrite/RewriteModernObjC.cpp	293270	clang	move
clang/lib/Frontend/Rewrite/RewriteObjC.cpp	llvm-kain/clang/src/frontend/Rewrite/RewriteObjC.cpp	228842	clang	move
clang/lib/Frontend/Rewrite/RewriteTest.cpp	llvm-kain/clang/src/frontend/Rewrite/RewriteTest.cpp	1281	clang	move
clang/lib/FrontendTool/CMakeLists.txt	llvm-kain/clang/src/frontend/CMakeLists.txt	259	clang	move
clang/lib/FrontendTool/ExecuteCompilerInvocation.cpp	llvm-kain/clang/src/frontend/ExecuteCompilerInvocation.cpp	12178	clang	move
clang/lib/Headers/builtins.h	llvm-kain/clang/include/builtins.h	846	clang	move
clang/lib/Headers/CMakeLists.txt	llvm-kain/clang/include/CMakeLists.txt	25890	clang	move
clang/lib/Headers/float.h	llvm-kain/clang/include/float.h	1416	clang	move
clang/lib/Headers/inttypes.h	llvm-kain/clang/include/inttypes.h	2427	clang	move
clang/lib/Headers/iso646.h	llvm-kain/clang/include/iso646.h	763	clang	move
clang/lib/Headers/limits.h	llvm-kain/clang/include/limits.h	3794	clang	move
clang/lib/Headers/module.modulemap	llvm-kain/clang/include/module.modulemap	7365	clang	move
clang/lib/Headers/stdalign.h	llvm-kain/clang/include/stdalign.h	756	clang	move
clang/lib/Headers/stdarg.h	llvm-kain/clang/include/stdarg.h	2497	clang	move
clang/lib/Headers/stdatomic.h	llvm-kain/clang/include/stdatomic.h	8662	clang	move
clang/lib/Headers/stdbool.h	llvm-kain/clang/include/stdbool.h	1172	clang	move
clang/lib/Headers/stdckdint.h	llvm-kain/clang/include/stdckdint.h	1666	clang	move
clang/lib/Headers/stdcountof.h	llvm-kain/clang/include/stdcountof.h	473	clang	move
clang/lib/Headers/stddef.h	llvm-kain/clang/include/stddef.h	5053	clang	move
clang/lib/Headers/stddefer.h	llvm-kain/clang/include/stddefer.h	610	clang	move
clang/lib/Headers/stdint.h	llvm-kain/clang/include/stdint.h	27519	clang	move
clang/lib/Headers/stdnoreturn.h	llvm-kain/clang/include/stdnoreturn.h	1316	clang	move
clang/lib/Headers/tgmath.h	llvm-kain/clang/include/tgmath.h	30389	clang	move
clang/lib/Headers/unwind.h	llvm-kain/clang/include/unwind.h	11477	clang	move
clang/lib/Headers/vadefs.h	llvm-kain/clang/include/vadefs.h	1420	clang	move
clang/lib/Headers/varargs.h	llvm-kain/clang/include/varargs.h	584	clang	move
clang/lib/Headers/__float_float.h	llvm-kain/clang/include/__float_float.h	5890	clang	move
clang/lib/Headers/__float_header_macro.h	llvm-kain/clang/include/__float_header_macro.h	449	clang	move
clang/lib/Headers/__float_infinity_nan.h	llvm-kain/clang/include/__float_infinity_nan.h	613	clang	move
clang/lib/Headers/__stdarg_header_macro.h	llvm-kain/clang/include/__stdarg_header_macro.h	417	clang	move
clang/lib/Headers/__stdarg_va_arg.h	llvm-kain/clang/include/__stdarg_va_arg.h	771	clang	move
clang/lib/Headers/__stdarg_va_copy.h	llvm-kain/clang/include/__stdarg_va_copy.h	451	clang	move
clang/lib/Headers/__stdarg_va_list.h	llvm-kain/clang/include/__stdarg_va_list.h	448	clang	move
clang/lib/Headers/__stdarg___gnuc_va_list.h	llvm-kain/clang/include/__stdarg___gnuc_va_list.h	467	clang	move
clang/lib/Headers/__stdarg___va_copy.h	llvm-kain/clang/include/__stdarg___va_copy.h	445	clang	move
clang/lib/Headers/__stddef_header_macro.h	llvm-kain/clang/include/__stddef_header_macro.h	417	clang	move
clang/lib/Headers/__stddef_max_align_t.h	llvm-kain/clang/include/__stddef_max_align_t.h	857	clang	move
clang/lib/Headers/__stddef_null.h	llvm-kain/clang/include/__stddef_null.h	875	clang	move
clang/lib/Headers/__stddef_nullptr_t.h	llvm-kain/clang/include/__stddef_nullptr_t.h	958	clang	move
clang/lib/Headers/__stddef_offsetof.h	llvm-kain/clang/include/__stddef_offsetof.h	708	clang	move
clang/lib/Headers/__stddef_ptrdiff_t.h	llvm-kain/clang/include/__stddef_ptrdiff_t.h	717	clang	move
clang/lib/Headers/__stddef_rsize_t.h	llvm-kain/clang/include/__stddef_rsize_t.h	710	clang	move
clang/lib/Headers/__stddef_size_t.h	llvm-kain/clang/include/__stddef_size_t.h	708	clang	move
clang/lib/Headers/__stddef_unreachable.h	llvm-kain/clang/include/__stddef_unreachable.h	735	clang	move
clang/lib/Headers/__stddef_wchar_t.h	llvm-kain/clang/include/__stddef_wchar_t.h	853	clang	move
clang/lib/Headers/__stddef_wint_t.h	llvm-kain/clang/include/__stddef_wint_t.h	443	clang	move
clang/lib/Lex/CMakeLists.txt	llvm-kain/clang/src/lex/CMakeLists.txt	672	clang	move
clang/lib/Lex/DependencyDirectivesScanner.cpp	llvm-kain/clang/src/lex/DependencyDirectivesScanner.cpp	38732	clang	move
clang/lib/Lex/HeaderMap.cpp	llvm-kain/clang/src/lex/HeaderMap.cpp	9462	clang	move
clang/lib/Lex/HeaderSearch.cpp	llvm-kain/clang/src/lex/HeaderSearch.cpp	102116	clang	move
clang/lib/Lex/InitHeaderSearch.cpp	llvm-kain/clang/src/lex/InitHeaderSearch.cpp	18026	clang	move
clang/lib/Lex/Lexer.cpp	llvm-kain/clang/src/lex/Lexer.cpp	173618	clang	move
clang/lib/Lex/LexHLSLRootSignature.cpp	llvm-kain/clang/src/lex/LexHLSLRootSignature.cpp	4293	clang	move
clang/lib/Lex/LiteralSupport.cpp	llvm-kain/clang/src/lex/LiteralSupport.cpp	86488	clang	move
clang/lib/Lex/MacroArgs.cpp	llvm-kain/clang/src/lex/MacroArgs.cpp	11587	clang	move
clang/lib/Lex/MacroInfo.cpp	llvm-kain/clang/src/lex/MacroInfo.cpp	9052	clang	move
clang/lib/Lex/ModuleMap.cpp	llvm-kain/clang/src/lex/ModuleMap.cpp	96262	clang	move
clang/lib/Lex/ModuleMapFile.cpp	llvm-kain/clang/src/lex/ModuleMapFile.cpp	34659	clang	move
clang/lib/Lex/PPCaching.cpp	llvm-kain/clang/src/lex/PPCaching.cpp	7233	clang	move
clang/lib/Lex/PPCallbacks.cpp	llvm-kain/clang/src/lex/PPCallbacks.cpp	1144	clang	move
clang/lib/Lex/PPConditionalDirectiveRecord.cpp	llvm-kain/clang/src/lex/PPConditionalDirectiveRecord.cpp	5730	clang	move
clang/lib/Lex/PPDirectives.cpp	llvm-kain/clang/src/lex/PPDirectives.cpp	175387	clang	move
clang/lib/Lex/PPExpressions.cpp	llvm-kain/clang/src/lex/PPExpressions.cpp	39268	clang	move
clang/lib/Lex/PPLexerChange.cpp	llvm-kain/clang/src/lex/PPLexerChange.cpp	35669	clang	move
clang/lib/Lex/PPMacroExpansion.cpp	llvm-kain/clang/src/lex/PPMacroExpansion.cpp	83767	clang	move
clang/lib/Lex/Pragma.cpp	llvm-kain/clang/src/lex/Pragma.cpp	77112	clang	move
clang/lib/Lex/PreprocessingRecord.cpp	llvm-kain/clang/src/lex/PreprocessingRecord.cpp	19229	clang	move
clang/lib/Lex/Preprocessor.cpp	llvm-kain/clang/src/lex/Preprocessor.cpp	67994	clang	move
clang/lib/Lex/PreprocessorLexer.cpp	llvm-kain/clang/src/lex/PreprocessorLexer.cpp	1702	clang	move
clang/lib/Lex/ScratchBuffer.cpp	llvm-kain/clang/src/lex/ScratchBuffer.cpp	3286	clang	move
clang/lib/Lex/TokenConcatenation.cpp	llvm-kain/clang/src/lex/TokenConcatenation.cpp	12523	clang	move
clang/lib/Lex/TokenLexer.cpp	llvm-kain/clang/src/lex/TokenLexer.cpp	47363	clang	move
clang/lib/Lex/UnicodeCharSets.h	llvm-kain/clang/src/lex/UnicodeCharSets.h	33739	clang	move
clang/lib/Options/CMakeLists.txt	llvm-kain/clang/src/options/CMakeLists.txt	270	clang	move
clang/lib/Options/DriverOptions.cpp	llvm-kain/clang/src/options/DriverOptions.cpp	1458	clang	move
clang/lib/Options/OptionUtils.cpp	llvm-kain/clang/src/options/OptionUtils.cpp	10340	clang	move
clang/lib/Parse/CMakeLists.txt	llvm-kain/clang/src/parse/CMakeLists.txt	333	clang	move
clang/lib/Parse/ParseAST.cpp	llvm-kain/clang/src/parse/ParseAST.cpp	7327	clang	move
clang/lib/Parse/ParseDecl.cpp	llvm-kain/clang/src/parse/ParseDecl.cpp	312623	clang	move
clang/lib/Parse/ParseExpr.cpp	llvm-kain/clang/src/parse/ParseExpr.cpp	136380	clang	move
clang/lib/Parse/ParseInit.cpp	llvm-kain/clang/src/parse/ParseInit.cpp	23168	clang	move
clang/lib/Parse/ParsePragma.cpp	llvm-kain/clang/src/parse/ParsePragma.cpp	153061	clang	move
clang/lib/Parse/Parser.cpp	llvm-kain/clang/src/parse/Parser.cpp	98082	clang	move
clang/lib/Parse/ParseReflect.cpp	llvm-kain/clang/src/parse/ParseReflect.cpp	1892	clang	move
clang/lib/Parse/ParseStmt.cpp	llvm-kain/clang/src/parse/ParseStmt.cpp	97053	clang	move
clang/lib/Parse/ParseStmtAsm.cpp	llvm-kain/clang/src/parse/ParseStmtAsm.cpp	32059	clang	move
clang/lib/Parse/ParseTentative.cpp	llvm-kain/clang/src/parse/ParseTentative.cpp	71274	clang	move
clang/lib/Sema/AnalysisBasedWarnings.cpp	llvm-kain/clang/src/sema/AnalysisBasedWarnings.cpp	122519	clang	move
clang/lib/Sema/CheckExprLifetime.cpp	llvm-kain/clang/src/sema/CheckExprLifetime.cpp	60255	clang	move
clang/lib/Sema/CheckExprLifetime.h	llvm-kain/clang/src/sema/CheckExprLifetime.h	2433	clang	move
clang/lib/Sema/CMakeLists.txt	llvm-kain/clang/src/sema/CMakeLists.txt	1040	clang	move
clang/lib/Sema/CoroutineStmtBuilder.h	llvm-kain/clang/src/sema/CoroutineStmtBuilder.h	2393	clang	move
clang/lib/Sema/DeclSpec.cpp	llvm-kain/clang/src/sema/DeclSpec.cpp	59128	clang	move
clang/lib/Sema/DelayedDiagnostic.cpp	llvm-kain/clang/src/sema/DelayedDiagnostic.cpp	2523	clang	move
clang/lib/Sema/HeuristicResolver.cpp	llvm-kain/clang/src/sema/HeuristicResolver.cpp	26330	clang	move
clang/lib/Sema/IdentifierResolver.cpp	llvm-kain/clang/src/sema/IdentifierResolver.cpp	13680	clang	move
clang/lib/Sema/JumpDiagnostics.cpp	llvm-kain/clang/src/sema/JumpDiagnostics.cpp	43825	clang	move
clang/lib/Sema/MultiplexExternalSemaSource.cpp	llvm-kain/clang/src/sema/MultiplexExternalSemaSource.cpp	13401	clang	move
clang/lib/Sema/OpenCLBuiltins.td	llvm-kain/clang/src/sema/OpenCLBuiltins.td	134746	clang	move
clang/lib/Sema/ParsedAttr.cpp	llvm-kain/clang/src/sema/ParsedAttr.cpp	10836	clang	move
clang/lib/Sema/Scope.cpp	llvm-kain/clang/src/sema/Scope.cpp	8939	clang	move
clang/lib/Sema/ScopeInfo.cpp	llvm-kain/clang/src/sema/ScopeInfo.cpp	8542	clang	move
clang/lib/Sema/Sema.cpp	llvm-kain/clang/src/sema/Sema.cpp	119904	clang	move
clang/lib/Sema/SemaAMDGPU.cpp	llvm-kain/clang/src/sema/SemaAMDGPU.cpp	43111	clang	move
clang/lib/Sema/SemaARM.cpp	llvm-kain/clang/src/sema/SemaARM.cpp	66272	clang	move
clang/lib/Sema/SemaAttr.cpp	llvm-kain/clang/src/sema/SemaAttr.cpp	62623	clang	move
clang/lib/Sema/SemaAvailability.cpp	llvm-kain/clang/src/sema/SemaAvailability.cpp	45751	clang	move
clang/lib/Sema/SemaAVR.cpp	llvm-kain/clang/src/sema/SemaAVR.cpp	2481	clang	move
clang/lib/Sema/SemaBase.cpp	llvm-kain/clang/src/sema/SemaBase.cpp	4008	clang	move
clang/lib/Sema/SemaBoundsSafety.cpp	llvm-kain/clang/src/sema/SemaBoundsSafety.cpp	16428	clang	move
clang/lib/Sema/SemaBPF.cpp	llvm-kain/clang/src/sema/SemaBPF.cpp	6092	clang	move
clang/lib/Sema/SemaChecking.cpp	llvm-kain/clang/src/sema/SemaChecking.cpp	661725	clang	move
clang/lib/Sema/SemaConsumer.cpp	llvm-kain/clang/src/sema/SemaConsumer.cpp	464	clang	move
clang/lib/Sema/SemaDecl.cpp	llvm-kain/clang/src/sema/SemaDecl.cpp	859393	clang	move
clang/lib/Sema/SemaDeclAttr.cpp	llvm-kain/clang/src/sema/SemaDeclAttr.cpp	320511	clang	move
clang/lib/Sema/SemaDirectX.cpp	llvm-kain/clang/src/sema/SemaDirectX.cpp	829	clang	move
clang/lib/Sema/SemaExpr.cpp	llvm-kain/clang/src/sema/SemaExpr.cpp	891404	clang	move
clang/lib/Sema/SemaExprMember.cpp	llvm-kain/clang/src/sema/SemaExprMember.cpp	77656	clang	move
clang/lib/Sema/SemaFixItUtils.cpp	llvm-kain/clang/src/sema/SemaFixItUtils.cpp	7876	clang	move
clang/lib/Sema/SemaFunctionEffects.cpp	llvm-kain/clang/src/sema/SemaFunctionEffects.cpp	62867	clang	move
clang/lib/Sema/SemaHexagon.cpp	llvm-kain/clang/src/sema/SemaHexagon.cpp	18300	clang	move
clang/lib/Sema/SemaInit.cpp	llvm-kain/clang/src/sema/SemaInit.cpp	427997	clang	move
clang/lib/Sema/SemaLifetimeSafety.h	llvm-kain/clang/src/sema/SemaLifetimeSafety.h	28703	clang	move
clang/lib/Sema/SemaLookup.cpp	llvm-kain/clang/src/sema/SemaLookup.cpp	224316	clang	move
clang/lib/Sema/SemaLoongArch.cpp	llvm-kain/clang/src/sema/SemaLoongArch.cpp	25274	clang	move
clang/lib/Sema/SemaM68k.cpp	llvm-kain/clang/src/sema/SemaM68k.cpp	1883	clang	move
clang/lib/Sema/SemaMIPS.cpp	llvm-kain/clang/src/sema/SemaMIPS.cpp	12659	clang	move
clang/lib/Sema/SemaMSP430.cpp	llvm-kain/clang/src/sema/SemaMSP430.cpp	2680	clang	move
clang/lib/Sema/SemaNVPTX.cpp	llvm-kain/clang/src/sema/SemaNVPTX.cpp	1231	clang	move
clang/lib/Sema/SemaPPC.cpp	llvm-kain/clang/src/sema/SemaPPC.cpp	26226	clang	move
clang/lib/Sema/SemaPseudoObject.cpp	llvm-kain/clang/src/sema/SemaPseudoObject.cpp	62952	clang	move
clang/lib/Sema/SemaRISCV.cpp	llvm-kain/clang/src/sema/SemaRISCV.cpp	81594	clang	move
clang/lib/Sema/SemaSPIRV.cpp	llvm-kain/clang/src/sema/SemaSPIRV.cpp	14877	clang	move
clang/lib/Sema/SemaStmt.cpp	llvm-kain/clang/src/sema/SemaStmt.cpp	185573	clang	move
clang/lib/Sema/SemaStmtAsm.cpp	llvm-kain/clang/src/sema/SemaStmtAsm.cpp	40045	clang	move
clang/lib/Sema/SemaStmtAttr.cpp	llvm-kain/clang/src/sema/SemaStmtAttr.cpp	31235	clang	move
clang/lib/Sema/SemaSystemZ.cpp	llvm-kain/clang/src/sema/SemaSystemZ.cpp	4151	clang	move
clang/lib/Sema/SemaType.cpp	llvm-kain/clang/src/sema/SemaType.cpp	401349	clang	move
clang/lib/Sema/SemaTypeTraits.cpp	llvm-kain/clang/src/sema/SemaTypeTraits.cpp	103721	clang	move
clang/lib/Sema/SemaWasm.cpp	llvm-kain/clang/src/sema/SemaWasm.cpp	13928	clang	move
clang/lib/Sema/SemaX86.cpp	llvm-kain/clang/src/sema/SemaX86.cpp	44384	clang	move
clang/lib/Sema/TreeTransform.h	llvm-kain/clang/src/sema/TreeTransform.h	714497	clang	move
clang/lib/Sema/TypeLocBuilder.cpp	llvm-kain/clang/src/sema/TypeLocBuilder.cpp	6164	clang	move
clang/lib/Sema/TypeLocBuilder.h	llvm-kain/clang/src/sema/TypeLocBuilder.h	4922	clang	move
clang/lib/Sema/UsedDeclVisitor.h	llvm-kain/clang/src/sema/UsedDeclVisitor.h	3945	clang	move
clang/lib/Serialization/ASTCommon.cpp	llvm-kain/clang/src/serialization/ASTCommon.cpp	15306	clang	move
clang/lib/Serialization/ASTCommon.h	llvm-kain/clang/src/serialization/ASTCommon.h	3981	clang	move
clang/lib/Serialization/ASTReader.cpp	llvm-kain/clang/src/serialization/ASTReader.cpp	493322	clang	move
clang/lib/Serialization/ASTReaderDecl.cpp	llvm-kain/clang/src/serialization/ASTReaderDecl.cpp	193752	clang	move
clang/lib/Serialization/ASTReaderInternals.h	llvm-kain/clang/src/serialization/ASTReaderInternals.h	12693	clang	move
clang/lib/Serialization/ASTReaderStmt.cpp	llvm-kain/clang/src/serialization/ASTReaderStmt.cpp	153586	clang	move
clang/lib/Serialization/ASTWriter.cpp	llvm-kain/clang/src/serialization/ASTWriter.cpp	342348	clang	move
clang/lib/Serialization/ASTWriterDecl.cpp	llvm-kain/clang/src/serialization/ASTWriterDecl.cpp	125658	clang	move
clang/lib/Serialization/ASTWriterStmt.cpp	llvm-kain/clang/src/serialization/ASTWriterStmt.cpp	107013	clang	move
clang/lib/Serialization/CMakeLists.txt	llvm-kain/clang/src/serialization/CMakeLists.txt	667	clang	move
clang/lib/Serialization/GeneratePCH.cpp	llvm-kain/clang/src/serialization/GeneratePCH.cpp	4820	clang	move
clang/lib/Serialization/GlobalModuleIndex.cpp	llvm-kain/clang/src/serialization/GlobalModuleIndex.cpp	31408	clang	move
clang/lib/Serialization/InMemoryModuleCache.cpp	llvm-kain/clang/src/serialization/InMemoryModuleCache.cpp	2882	clang	move
clang/lib/Serialization/ModuleCache.cpp	llvm-kain/clang/src/serialization/ModuleCache.cpp	10647	clang	move
clang/lib/Serialization/ModuleFile.cpp	llvm-kain/clang/src/serialization/ModuleFile.cpp	3295	clang	move
clang/lib/Serialization/ModuleFileExtension.cpp	llvm-kain/clang/src/serialization/ModuleFileExtension.cpp	731	clang	move
clang/lib/Serialization/ModuleManager.cpp	llvm-kain/clang/src/serialization/ModuleManager.cpp	18207	clang	move
clang/lib/Serialization/MultiOnDiskHashTable.h	llvm-kain/clang/src/serialization/MultiOnDiskHashTable.h	11216	clang	move
clang/lib/Serialization/ObjectFilePCHContainerReader.cpp	llvm-kain/clang/src/serialization/ObjectFilePCHContainerReader.cpp	1872	clang	move
clang/lib/Serialization/PCHContainerOperations.cpp	llvm-kain/clang/src/serialization/PCHContainerOperations.cpp	2359	clang	move
clang/lib/Serialization/TemplateArgumentHasher.cpp	llvm-kain/clang/src/serialization/TemplateArgumentHasher.cpp	11871	clang	move
clang/lib/Serialization/TemplateArgumentHasher.h	llvm-kain/clang/src/serialization/TemplateArgumentHasher.h	1752	clang	move
compiler-rt/lib/builtins/absvdi2.c	llvm-kain/rt/builtins/absvdi2.c	825	rt	move
compiler-rt/lib/builtins/absvsi2.c	llvm-kain/rt/builtins/absvsi2.c	825	rt	move
compiler-rt/lib/builtins/absvti2.c	llvm-kain/rt/builtins/absvti2.c	872	rt	move
compiler-rt/lib/builtins/adddf3.c	llvm-kain/rt/builtins/adddf3.c	859	rt	move
compiler-rt/lib/builtins/addsf3.c	llvm-kain/rt/builtins/addsf3.c	853	rt	move
compiler-rt/lib/builtins/addtf3.c	llvm-kain/rt/builtins/addtf3.c	703	rt	move
compiler-rt/lib/builtins/addvdi3.c	llvm-kain/rt/builtins/addvdi3.c	819	rt	move
compiler-rt/lib/builtins/addvsi3.c	llvm-kain/rt/builtins/addvsi3.c	819	rt	move
compiler-rt/lib/builtins/addvti3.c	llvm-kain/rt/builtins/addvti3.c	868	rt	move
compiler-rt/lib/builtins/apple_versioning.c	llvm-kain/rt/builtins/apple_versioning.c	13421	rt	move
compiler-rt/lib/builtins/ashldi3.c	llvm-kain/rt/builtins/ashldi3.c	1217	rt	move
compiler-rt/lib/builtins/ashlti3.c	llvm-kain/rt/builtins/ashlti3.c	1195	rt	move
compiler-rt/lib/builtins/ashrdi3.c	llvm-kain/rt/builtins/ashrdi3.c	1312	rt	move
compiler-rt/lib/builtins/ashrti3.c	llvm-kain/rt/builtins/ashrti3.c	1291	rt	move
compiler-rt/lib/builtins/assembly.h	llvm-kain/rt/builtins/assembly.h	13632	rt	move
compiler-rt/lib/builtins/atomic.c	llvm-kain/rt/builtins/atomic.c	18592	rt	move
compiler-rt/lib/builtins/atomic_flag_clear.c	llvm-kain/rt/builtins/atomic_flag_clear.c	791	rt	move
compiler-rt/lib/builtins/atomic_flag_clear_explicit.c	llvm-kain/rt/builtins/atomic_flag_clear_explicit.c	859	rt	move
compiler-rt/lib/builtins/atomic_flag_test_and_set.c	llvm-kain/rt/builtins/atomic_flag_test_and_set.c	823	rt	move
compiler-rt/lib/builtins/atomic_flag_test_and_set_explicit.c	llvm-kain/rt/builtins/atomic_flag_test_and_set_explicit.c	898	rt	move
compiler-rt/lib/builtins/atomic_signal_fence.c	llvm-kain/rt/builtins/atomic_signal_fence.c	761	rt	move
compiler-rt/lib/builtins/atomic_thread_fence.c	llvm-kain/rt/builtins/atomic_thread_fence.c	761	rt	move
compiler-rt/lib/builtins/bswapdi2.c	llvm-kain/rt/builtins/bswapdi2.c	958	rt	move
compiler-rt/lib/builtins/bswapsi2.c	llvm-kain/rt/builtins/bswapsi2.c	743	rt	move
compiler-rt/lib/builtins/clear_cache.c	llvm-kain/rt/builtins/clear_cache.c	8742	rt	move
compiler-rt/lib/builtins/clzdi2.c	llvm-kain/rt/builtins/clzdi2.c	1260	rt	move
compiler-rt/lib/builtins/clzsi2.c	llvm-kain/rt/builtins/clzsi2.c	1511	rt	move
compiler-rt/lib/builtins/clzti2.c	llvm-kain/rt/builtins/clzti2.c	884	rt	move
compiler-rt/lib/builtins/CMakeLists.txt	llvm-kain/rt/builtins/CMakeLists.txt	33183	rt	move
compiler-rt/lib/builtins/cmpdi2.c	llvm-kain/rt/builtins/cmpdi2.c	1148	rt	move
compiler-rt/lib/builtins/cmpti2.c	llvm-kain/rt/builtins/cmpti2.c	974	rt	move
compiler-rt/lib/builtins/comparedf2.c	llvm-kain/rt/builtins/comparedf2.c	2524	rt	move
compiler-rt/lib/builtins/comparesf2.c	llvm-kain/rt/builtins/comparesf2.c	2520	rt	move
compiler-rt/lib/builtins/comparetf2.c	llvm-kain/rt/builtins/comparetf2.c	1988	rt	move
compiler-rt/lib/builtins/crtbegin.c	llvm-kain/rt/builtins/crtbegin.c	5750	rt	move
compiler-rt/lib/builtins/crtend.c	llvm-kain/rt/builtins/crtend.c	890	rt	move
compiler-rt/lib/builtins/ctzdi2.c	llvm-kain/rt/builtins/ctzdi2.c	1298	rt	move
compiler-rt/lib/builtins/ctzsi2.c	llvm-kain/rt/builtins/ctzsi2.c	1644	rt	move
compiler-rt/lib/builtins/ctzti2.c	llvm-kain/rt/builtins/ctzti2.c	884	rt	move
compiler-rt/lib/builtins/divdc3.c	llvm-kain/rt/builtins/divdc3.c	2349	rt	move
compiler-rt/lib/builtins/divdf3.c	llvm-kain/rt/builtins/divdf3.c	986	rt	move
compiler-rt/lib/builtins/divdi3.c	llvm-kain/rt/builtins/divdi3.c	780	rt	move
compiler-rt/lib/builtins/divmoddi4.c	llvm-kain/rt/builtins/divmoddi4.c	1294	rt	move
compiler-rt/lib/builtins/divmodsi4.c	llvm-kain/rt/builtins/divmodsi4.c	1296	rt	move
compiler-rt/lib/builtins/divmodti4.c	llvm-kain/rt/builtins/divmodti4.c	1343	rt	move
compiler-rt/lib/builtins/divsc3.c	llvm-kain/rt/builtins/divsc3.c	2248	rt	move
compiler-rt/lib/builtins/divsf3.c	llvm-kain/rt/builtins/divsf3.c	1021	rt	move
compiler-rt/lib/builtins/divsi3.c	llvm-kain/rt/builtins/divsi3.c	1058	rt	move
compiler-rt/lib/builtins/divtc3.c	llvm-kain/rt/builtins/divtc3.c	2366	rt	move
compiler-rt/lib/builtins/divtf3.c	llvm-kain/rt/builtins/divtf3.c	840	rt	move
compiler-rt/lib/builtins/divti3.c	llvm-kain/rt/builtins/divti3.c	829	rt	move
compiler-rt/lib/builtins/divxc3.c	llvm-kain/rt/builtins/divxc3.c	2207	rt	move
compiler-rt/lib/builtins/emutls.c	llvm-kain/rt/builtins/emutls.c	13710	rt	move
compiler-rt/lib/builtins/enable_execute_stack.c	llvm-kain/rt/builtins/enable_execute_stack.c	2129	rt	move
compiler-rt/lib/builtins/eprintf.c	llvm-kain/rt/builtins/eprintf.c	988	rt	move
compiler-rt/lib/builtins/extendbfsf2.c	llvm-kain/rt/builtins/extendbfsf2.c	517	rt	move
compiler-rt/lib/builtins/extenddftf2.c	llvm-kain/rt/builtins/extenddftf2.c	594	rt	move
compiler-rt/lib/builtins/extendhfdf2.c	llvm-kain/rt/builtins/extendhfdf2.c	524	rt	move
compiler-rt/lib/builtins/extendhfsf2.c	llvm-kain/rt/builtins/extendhfsf2.c	1062	rt	move
compiler-rt/lib/builtins/extendhftf2.c	llvm-kain/rt/builtins/extendhftf2.c	615	rt	move
compiler-rt/lib/builtins/extendhfxf2.c	llvm-kain/rt/builtins/extendhfxf2.c	604	rt	move
compiler-rt/lib/builtins/extendsfdf2.c	llvm-kain/rt/builtins/extendsfdf2.c	716	rt	move
compiler-rt/lib/builtins/extendsftf2.c	llvm-kain/rt/builtins/extendsftf2.c	594	rt	move
compiler-rt/lib/builtins/extendxftf2.c	llvm-kain/rt/builtins/extendxftf2.c	736	rt	move
compiler-rt/lib/builtins/ffsdi2.c	llvm-kain/rt/builtins/ffsdi2.c	900	rt	move
compiler-rt/lib/builtins/ffssi2.c	llvm-kain/rt/builtins/ffssi2.c	776	rt	move
compiler-rt/lib/builtins/ffsti2.c	llvm-kain/rt/builtins/ffsti2.c	969	rt	move
compiler-rt/lib/builtins/fixdfdi.c	llvm-kain/rt/builtins/fixdfdi.c	1343	rt	move
compiler-rt/lib/builtins/fixdfsi.c	llvm-kain/rt/builtins/fixdfsi.c	755	rt	move
compiler-rt/lib/builtins/fixdfti.c	llvm-kain/rt/builtins/fixdfti.c	633	rt	move
compiler-rt/lib/builtins/fixsfdi.c	llvm-kain/rt/builtins/fixsfdi.c	1342	rt	move
compiler-rt/lib/builtins/fixsfsi.c	llvm-kain/rt/builtins/fixsfsi.c	755	rt	move
compiler-rt/lib/builtins/fixsfti.c	llvm-kain/rt/builtins/fixsfti.c	633	rt	move
compiler-rt/lib/builtins/fixtfdi.c	llvm-kain/rt/builtins/fixtfdi.c	597	rt	move
compiler-rt/lib/builtins/fixtfsi.c	llvm-kain/rt/builtins/fixtfsi.c	597	rt	move
compiler-rt/lib/builtins/fixtfti.c	llvm-kain/rt/builtins/fixtfti.c	597	rt	move
compiler-rt/lib/builtins/fixunsdfdi.c	llvm-kain/rt/builtins/fixunsdfdi.c	1410	rt	move
compiler-rt/lib/builtins/fixunsdfsi.c	llvm-kain/rt/builtins/fixunsdfsi.c	743	rt	move
compiler-rt/lib/builtins/fixunsdfti.c	llvm-kain/rt/builtins/fixunsdfti.c	611	rt	move
compiler-rt/lib/builtins/fixunssfdi.c	llvm-kain/rt/builtins/fixunssfdi.c	1430	rt	move
compiler-rt/lib/builtins/fixunssfsi.c	llvm-kain/rt/builtins/fixunssfsi.c	896	rt	move
compiler-rt/lib/builtins/fixunssfti.c	llvm-kain/rt/builtins/fixunssfti.c	731	rt	move
compiler-rt/lib/builtins/fixunstfdi.c	llvm-kain/rt/builtins/fixunstfdi.c	577	rt	move
compiler-rt/lib/builtins/fixunstfsi.c	llvm-kain/rt/builtins/fixunstfsi.c	577	rt	move
compiler-rt/lib/builtins/fixunstfti.c	llvm-kain/rt/builtins/fixunstfti.c	577	rt	move
compiler-rt/lib/builtins/fixunsxfdi.c	llvm-kain/rt/builtins/fixunsxfdi.c	1677	rt	move
compiler-rt/lib/builtins/fixunsxfsi.c	llvm-kain/rt/builtins/fixunsxfsi.c	1645	rt	move
compiler-rt/lib/builtins/fixunsxfti.c	llvm-kain/rt/builtins/fixunsxfti.c	1434	rt	move
compiler-rt/lib/builtins/fixxfdi.c	llvm-kain/rt/builtins/fixxfdi.c	1784	rt	move
compiler-rt/lib/builtins/fixxfti.c	llvm-kain/rt/builtins/fixxfti.c	1507	rt	move
compiler-rt/lib/builtins/floatdidf.c	llvm-kain/rt/builtins/floatdidf.c	1962	rt	move
compiler-rt/lib/builtins/floatdisf.c	llvm-kain/rt/builtins/floatdisf.c	1181	rt	move
compiler-rt/lib/builtins/floatditf.c	llvm-kain/rt/builtins/floatditf.c	1514	rt	move
compiler-rt/lib/builtins/floatdixf.c	llvm-kain/rt/builtins/floatdixf.c	1393	rt	move
compiler-rt/lib/builtins/floatsidf.c	llvm-kain/rt/builtins/floatsidf.c	1776	rt	move
compiler-rt/lib/builtins/floatsisf.c	llvm-kain/rt/builtins/floatsisf.c	1980	rt	move
compiler-rt/lib/builtins/floatsitf.c	llvm-kain/rt/builtins/floatsitf.c	1490	rt	move
compiler-rt/lib/builtins/floattidf.c	llvm-kain/rt/builtins/floattidf.c	989	rt	move
compiler-rt/lib/builtins/floattisf.c	llvm-kain/rt/builtins/floattisf.c	942	rt	move
compiler-rt/lib/builtins/floattitf.c	llvm-kain/rt/builtins/floattitf.c	1198	rt	move
compiler-rt/lib/builtins/floattixf.c	llvm-kain/rt/builtins/floattixf.c	2576	rt	move
compiler-rt/lib/builtins/floatundidf.c	llvm-kain/rt/builtins/floatundidf.c	2146	rt	move
compiler-rt/lib/builtins/floatundisf.c	llvm-kain/rt/builtins/floatundisf.c	1192	rt	move
compiler-rt/lib/builtins/floatunditf.c	llvm-kain/rt/builtins/floatunditf.c	1275	rt	move
compiler-rt/lib/builtins/floatundixf.c	llvm-kain/rt/builtins/floatundixf.c	1260	rt	move
compiler-rt/lib/builtins/floatunsidf.c	llvm-kain/rt/builtins/floatunsidf.c	1465	rt	move
compiler-rt/lib/builtins/floatunsisf.c	llvm-kain/rt/builtins/floatunsisf.c	1774	rt	move
compiler-rt/lib/builtins/floatunsitf.c	llvm-kain/rt/builtins/floatunsitf.c	1275	rt	move
compiler-rt/lib/builtins/floatuntidf.c	llvm-kain/rt/builtins/floatuntidf.c	994	rt	move
compiler-rt/lib/builtins/floatuntisf.c	llvm-kain/rt/builtins/floatuntisf.c	946	rt	move
compiler-rt/lib/builtins/floatuntitf.c	llvm-kain/rt/builtins/floatuntitf.c	1200	rt	move
compiler-rt/lib/builtins/floatuntixf.c	llvm-kain/rt/builtins/floatuntixf.c	2431	rt	move
compiler-rt/lib/builtins/fp_add_impl.inc	llvm-kain/rt/builtins/fp_add_impl.inc	5559	rt	move
compiler-rt/lib/builtins/fp_compare_impl.inc	llvm-kain/rt/builtins/fp_compare_impl.inc	3739	rt	move
compiler-rt/lib/builtins/fp_div_impl.inc	llvm-kain/rt/builtins/fp_div_impl.inc	18923	rt	move
compiler-rt/lib/builtins/fp_extend.h	llvm-kain/rt/builtins/fp_extend.h	5234	rt	move
compiler-rt/lib/builtins/fp_extend_impl.inc	llvm-kain/rt/builtins/fp_extend_impl.inc	4342	rt	move
compiler-rt/lib/builtins/fp_fixint_impl.inc	llvm-kain/rt/builtins/fp_fixint_impl.inc	1582	rt	move
compiler-rt/lib/builtins/fp_fixuint_impl.inc	llvm-kain/rt/builtins/fp_fixuint_impl.inc	1453	rt	move
compiler-rt/lib/builtins/fp_lib.h	llvm-kain/rt/builtins/fp_lib.h	13790	rt	move
compiler-rt/lib/builtins/fp_mode.c	llvm-kain/rt/builtins/fp_mode.c	826	rt	move
compiler-rt/lib/builtins/fp_mode.h	llvm-kain/rt/builtins/fp_mode.h	852	rt	move
compiler-rt/lib/builtins/fp_mul_impl.inc	llvm-kain/rt/builtins/fp_mul_impl.inc	4478	rt	move
compiler-rt/lib/builtins/fp_trunc.h	llvm-kain/rt/builtins/fp_trunc.h	5121	rt	move
compiler-rt/lib/builtins/fp_trunc_impl.inc	llvm-kain/rt/builtins/fp_trunc_impl.inc	6307	rt	move
compiler-rt/lib/builtins/gcc_personality_v0.c	llvm-kain/rt/builtins/gcc_personality_v0.c	12327	rt	move
compiler-rt/lib/builtins/int_div_impl.inc	llvm-kain/rt/builtins/int_div_impl.inc	3429	rt	move
compiler-rt/lib/builtins/int_endianness.h	llvm-kain/rt/builtins/int_endianness.h	2804	rt	move
compiler-rt/lib/builtins/int_lib.h	llvm-kain/rt/builtins/int_lib.h	5146	rt	move
compiler-rt/lib/builtins/int_math.h	llvm-kain/rt/builtins/int_math.h	4170	rt	move
compiler-rt/lib/builtins/int_mulo_impl.inc	llvm-kain/rt/builtins/int_mulo_impl.inc	1383	rt	move
compiler-rt/lib/builtins/int_mulv_impl.inc	llvm-kain/rt/builtins/int_mulv_impl.inc	1315	rt	move
compiler-rt/lib/builtins/int_to_fp.h	llvm-kain/rt/builtins/int_to_fp.h	1884	rt	move
compiler-rt/lib/builtins/int_to_fp_impl.inc	llvm-kain/rt/builtins/int_to_fp_impl.inc	2752	rt	move
compiler-rt/lib/builtins/int_types.h	llvm-kain/rt/builtins/int_types.h	7220	rt	move
compiler-rt/lib/builtins/int_util.c	llvm-kain/rt/builtins/int_util.c	1915	rt	move
compiler-rt/lib/builtins/int_util.h	llvm-kain/rt/builtins/int_util.h	2221	rt	move
compiler-rt/lib/builtins/lshrdi3.c	llvm-kain/rt/builtins/lshrdi3.c	1213	rt	move
compiler-rt/lib/builtins/lshrti3.c	llvm-kain/rt/builtins/lshrti3.c	1191	rt	move
compiler-rt/lib/builtins/moddi3.c	llvm-kain/rt/builtins/moddi3.c	779	rt	move
compiler-rt/lib/builtins/modsi3.c	llvm-kain/rt/builtins/modsi3.c	649	rt	move
compiler-rt/lib/builtins/modti3.c	llvm-kain/rt/builtins/modti3.c	828	rt	move
compiler-rt/lib/builtins/muldc3.c	llvm-kain/rt/builtins/muldc3.c	2218	rt	move
compiler-rt/lib/builtins/muldf3.c	llvm-kain/rt/builtins/muldf3.c	918	rt	move
compiler-rt/lib/builtins/muldi3.c	llvm-kain/rt/builtins/muldi3.c	1583	rt	move
compiler-rt/lib/builtins/mulodi4.c	llvm-kain/rt/builtins/mulodi4.c	779	rt	move
compiler-rt/lib/builtins/mulosi4.c	llvm-kain/rt/builtins/mulosi4.c	779	rt	move
compiler-rt/lib/builtins/muloti4.c	llvm-kain/rt/builtins/muloti4.c	850	rt	move
compiler-rt/lib/builtins/mulsc3.c	llvm-kain/rt/builtins/mulsc3.c	2163	rt	move
compiler-rt/lib/builtins/mulsf3.c	llvm-kain/rt/builtins/mulsf3.c	918	rt	move
compiler-rt/lib/builtins/multc3.c	llvm-kain/rt/builtins/multc3.c	2114	rt	move
compiler-rt/lib/builtins/multf3.c	llvm-kain/rt/builtins/multf3.c	772	rt	move
compiler-rt/lib/builtins/multi3.c	llvm-kain/rt/builtins/multi3.c	1568	rt	move
compiler-rt/lib/builtins/mulvdi3.c	llvm-kain/rt/builtins/mulvdi3.c	738	rt	move
compiler-rt/lib/builtins/mulvsi3.c	llvm-kain/rt/builtins/mulvsi3.c	738	rt	move
compiler-rt/lib/builtins/mulvti3.c	llvm-kain/rt/builtins/mulvti3.c	809	rt	move
compiler-rt/lib/builtins/mulxc3.c	llvm-kain/rt/builtins/mulxc3.c	2245	rt	move
compiler-rt/lib/builtins/negdf2.c	llvm-kain/rt/builtins/negdf2.c	832	rt	move
compiler-rt/lib/builtins/negdi2.c	llvm-kain/rt/builtins/negdi2.c	727	rt	move
compiler-rt/lib/builtins/negsf2.c	llvm-kain/rt/builtins/negsf2.c	832	rt	move
compiler-rt/lib/builtins/negti2.c	llvm-kain/rt/builtins/negti2.c	776	rt	move
compiler-rt/lib/builtins/negvdi2.c	llvm-kain/rt/builtins/negvdi2.c	784	rt	move
compiler-rt/lib/builtins/negvsi2.c	llvm-kain/rt/builtins/negvsi2.c	784	rt	move
compiler-rt/lib/builtins/negvti2.c	llvm-kain/rt/builtins/negvti2.c	817	rt	move
compiler-rt/lib/builtins/os_version_check.c	llvm-kain/rt/builtins/os_version_check.c	12502	rt	move
compiler-rt/lib/builtins/paritydi2.c	llvm-kain/rt/builtins/paritydi2.c	793	rt	move
compiler-rt/lib/builtins/paritysi2.c	llvm-kain/rt/builtins/paritysi2.c	751	rt	move
compiler-rt/lib/builtins/parityti2.c	llvm-kain/rt/builtins/parityti2.c	888	rt	move
compiler-rt/lib/builtins/popcountdi2.c	llvm-kain/rt/builtins/popcountdi2.c	1363	rt	move
compiler-rt/lib/builtins/popcountsi2.c	llvm-kain/rt/builtins/popcountsi2.c	1157	rt	move
compiler-rt/lib/builtins/popcountti2.c	llvm-kain/rt/builtins/popcountti2.c	1731	rt	move
compiler-rt/lib/builtins/powidf2.c	llvm-kain/rt/builtins/powidf2.c	786	rt	move
compiler-rt/lib/builtins/powisf2.c	llvm-kain/rt/builtins/powisf2.c	783	rt	move
compiler-rt/lib/builtins/powitf2.c	llvm-kain/rt/builtins/powitf2.c	840	rt	move
compiler-rt/lib/builtins/powixf2.c	llvm-kain/rt/builtins/powixf2.c	816	rt	move
compiler-rt/lib/builtins/README.txt	llvm-kain/rt/builtins/README.txt	15334	rt	move
compiler-rt/lib/builtins/subdf3.c	llvm-kain/rt/builtins/subdf3.c	917	rt	move
compiler-rt/lib/builtins/subsf3.c	llvm-kain/rt/builtins/subsf3.c	917	rt	move
compiler-rt/lib/builtins/subtf3.c	llvm-kain/rt/builtins/subtf3.c	798	rt	move
compiler-rt/lib/builtins/subvdi3.c	llvm-kain/rt/builtins/subvdi3.c	819	rt	move
compiler-rt/lib/builtins/subvsi3.c	llvm-kain/rt/builtins/subvsi3.c	819	rt	move
compiler-rt/lib/builtins/subvti3.c	llvm-kain/rt/builtins/subvti3.c	868	rt	move
compiler-rt/lib/builtins/trampoline_setup.c	llvm-kain/rt/builtins/trampoline_setup.c	1802	rt	move
compiler-rt/lib/builtins/truncdfbf2.c	llvm-kain/rt/builtins/truncdfbf2.c	513	rt	move
compiler-rt/lib/builtins/truncdfhf2.c	llvm-kain/rt/builtins/truncdfhf2.c	709	rt	move
compiler-rt/lib/builtins/truncdfsf2.c	llvm-kain/rt/builtins/truncdfsf2.c	711	rt	move
compiler-rt/lib/builtins/truncsfbf2.c	llvm-kain/rt/builtins/truncsfbf2.c	512	rt	move
compiler-rt/lib/builtins/truncsfhf2.c	llvm-kain/rt/builtins/truncsfhf2.c	1054	rt	move
compiler-rt/lib/builtins/trunctfbf2.c	llvm-kain/rt/builtins/trunctfbf2.c	613	rt	move
compiler-rt/lib/builtins/trunctfdf2.c	llvm-kain/rt/builtins/trunctfdf2.c	591	rt	move
compiler-rt/lib/builtins/trunctfhf2.c	llvm-kain/rt/builtins/trunctfhf2.c	612	rt	move
compiler-rt/lib/builtins/trunctfsf2.c	llvm-kain/rt/builtins/trunctfsf2.c	591	rt	move
compiler-rt/lib/builtins/trunctfxf2.c	llvm-kain/rt/builtins/trunctfxf2.c	732	rt	move
compiler-rt/lib/builtins/truncxfbf2.c	llvm-kain/rt/builtins/truncxfbf2.c	687	rt	move
compiler-rt/lib/builtins/truncxfhf2.c	llvm-kain/rt/builtins/truncxfhf2.c	522	rt	move
compiler-rt/lib/builtins/ucmpdi2.c	llvm-kain/rt/builtins/ucmpdi2.c	1155	rt	move
compiler-rt/lib/builtins/ucmpti2.c	llvm-kain/rt/builtins/ucmpti2.c	978	rt	move
compiler-rt/lib/builtins/udivdi3.c	llvm-kain/rt/builtins/udivdi3.c	724	rt	move
compiler-rt/lib/builtins/udivmoddi4.c	llvm-kain/rt/builtins/udivmoddi4.c	5522	rt	move
compiler-rt/lib/builtins/udivmodsi4.c	llvm-kain/rt/builtins/udivmodsi4.c	715	rt	move
compiler-rt/lib/builtins/udivmodti4.c	llvm-kain/rt/builtins/udivmodti4.c	5013	rt	move
compiler-rt/lib/builtins/udivsi3.c	llvm-kain/rt/builtins/udivsi3.c	802	rt	move
compiler-rt/lib/builtins/udivti3.c	llvm-kain/rt/builtins/udivti3.c	699	rt	move
compiler-rt/lib/builtins/umoddi3.c	llvm-kain/rt/builtins/umoddi3.c	724	rt	move
compiler-rt/lib/builtins/umodsi3.c	llvm-kain/rt/builtins/umodsi3.c	724	rt	move
compiler-rt/lib/builtins/umodti3.c	llvm-kain/rt/builtins/umodti3.c	717	rt	move
compiler-rt/lib/builtins/unwind-ehabi-helpers.h	llvm-kain/rt/builtins/unwind-ehabi-helpers.h	1908	rt	move
compiler-rt/lib/builtins/aarch64/arm_apple_sme_abi.s	llvm-kain/rt/builtins/aarch64/arm_apple_sme_abi.s	2955	rt	move
compiler-rt/lib/builtins/aarch64/chkstk.S	llvm-kain/rt/builtins/aarch64/chkstk.S	1081	rt	move
compiler-rt/lib/builtins/aarch64/emupac.cpp	llvm-kain/rt/builtins/aarch64/emupac.cpp	5942	rt	move
compiler-rt/lib/builtins/aarch64/fp_mode.c	llvm-kain/rt/builtins/aarch64/fp_mode.c	1711	rt	move
compiler-rt/lib/builtins/aarch64/lse.S	llvm-kain/rt/builtins/aarch64/lse.S	5851	rt	move
compiler-rt/lib/builtins/aarch64/sme-abi-assert.c	llvm-kain/rt/builtins/aarch64/sme-abi-assert.c	559	rt	move
compiler-rt/lib/builtins/aarch64/sme-abi.S	llvm-kain/rt/builtins/aarch64/sme-abi.S	9877	rt	move
compiler-rt/lib/builtins/aarch64/sme-libc-memcpy-memmove.c	llvm-kain/rt/builtins/aarch64/sme-libc-memcpy-memmove.c	1946	rt	move
compiler-rt/lib/builtins/aarch64/sme-libc-memset-memchr.c	llvm-kain/rt/builtins/aarch64/sme-libc-memset-memchr.c	1279	rt	move
compiler-rt/lib/builtins/aarch64/sme-libc-opt-memcpy-memmove-sve.S	llvm-kain/rt/builtins/aarch64/sme-libc-opt-memcpy-memmove-sve.S	4802	rt	move
compiler-rt/lib/builtins/aarch64/sme-libc-opt-memcpy-memmove.S	llvm-kain/rt/builtins/aarch64/sme-libc-opt-memcpy-memmove.S	8035	rt	move
compiler-rt/lib/builtins/aarch64/sme-libc-opt-memset-memchr.S	llvm-kain/rt/builtins/aarch64/sme-libc-opt-memset-memchr.S	7265	rt	move
compiler-rt/lib/builtins/arm/adddf3.S	llvm-kain/rt/builtins/arm/adddf3.S	54803	rt	move
compiler-rt/lib/builtins/arm/adddf3vfp.S	llvm-kain/rt/builtins/arm/adddf3vfp.S	1043	rt	move
compiler-rt/lib/builtins/arm/addsf3.S	llvm-kain/rt/builtins/arm/addsf3.S	34369	rt	move
compiler-rt/lib/builtins/arm/addsf3vfp.S	llvm-kain/rt/builtins/arm/addsf3vfp.S	989	rt	move
compiler-rt/lib/builtins/arm/aeabi_cdcmp.S	llvm-kain/rt/builtins/arm/aeabi_cdcmp.S	3814	rt	move
compiler-rt/lib/builtins/arm/aeabi_cdcmpeq_check_nan.c	llvm-kain/rt/builtins/arm/aeabi_cdcmpeq_check_nan.c	570	rt	move
compiler-rt/lib/builtins/arm/aeabi_cfcmp.S	llvm-kain/rt/builtins/arm/aeabi_cfcmp.S	3724	rt	move
compiler-rt/lib/builtins/arm/aeabi_cfcmpeq_check_nan.c	llvm-kain/rt/builtins/arm/aeabi_cfcmpeq_check_nan.c	568	rt	move
compiler-rt/lib/builtins/arm/aeabi_dcmp.S	llvm-kain/rt/builtins/arm/aeabi_dcmp.S	2328	rt	move
compiler-rt/lib/builtins/arm/aeabi_div0.c	llvm-kain/rt/builtins/arm/aeabi_div0.c	1466	rt	move
compiler-rt/lib/builtins/arm/aeabi_drsub.c	llvm-kain/rt/builtins/arm/aeabi_drsub.c	541	rt	move
compiler-rt/lib/builtins/arm/aeabi_fcmp.S	llvm-kain/rt/builtins/arm/aeabi_fcmp.S	2357	rt	move
compiler-rt/lib/builtins/arm/aeabi_frsub.c	llvm-kain/rt/builtins/arm/aeabi_frsub.c	541	rt	move
compiler-rt/lib/builtins/arm/aeabi_idivmod.S	llvm-kain/rt/builtins/arm/aeabi_idivmod.S	1657	rt	move
compiler-rt/lib/builtins/arm/aeabi_ldivmod.S	llvm-kain/rt/builtins/arm/aeabi_ldivmod.S	1470	rt	move
compiler-rt/lib/builtins/arm/aeabi_memcmp.S	llvm-kain/rt/builtins/arm/aeabi_memcmp.S	883	rt	move
compiler-rt/lib/builtins/arm/aeabi_memcpy.S	llvm-kain/rt/builtins/arm/aeabi_memcpy.S	941	rt	move
compiler-rt/lib/builtins/arm/aeabi_memmove.S	llvm-kain/rt/builtins/arm/aeabi_memmove.S	925	rt	move
compiler-rt/lib/builtins/arm/aeabi_memset.S	llvm-kain/rt/builtins/arm/aeabi_memset.S	1540	rt	move
compiler-rt/lib/builtins/arm/aeabi_uidivmod.S	llvm-kain/rt/builtins/arm/aeabi_uidivmod.S	1805	rt	move
compiler-rt/lib/builtins/arm/aeabi_uldivmod.S	llvm-kain/rt/builtins/arm/aeabi_uldivmod.S	1452	rt	move
compiler-rt/lib/builtins/arm/aeabi_uread4.S	llvm-kain/rt/builtins/arm/aeabi_uread4.S	1936	rt	move
compiler-rt/lib/builtins/arm/aeabi_uread8.S	llvm-kain/rt/builtins/arm/aeabi_uread8.S	3015	rt	move
compiler-rt/lib/builtins/arm/aeabi_uwrite4.S	llvm-kain/rt/builtins/arm/aeabi_uwrite4.S	1207	rt	move
compiler-rt/lib/builtins/arm/aeabi_uwrite8.S	llvm-kain/rt/builtins/arm/aeabi_uwrite8.S	1615	rt	move
compiler-rt/lib/builtins/arm/bswapdi2.S	llvm-kain/rt/builtins/arm/bswapdi2.S	1094	rt	move
compiler-rt/lib/builtins/arm/bswapsi2.S	llvm-kain/rt/builtins/arm/bswapsi2.S	856	rt	move
compiler-rt/lib/builtins/arm/chkstk.S	llvm-kain/rt/builtins/arm/chkstk.S	1044	rt	move
compiler-rt/lib/builtins/arm/clzdi2.S	llvm-kain/rt/builtins/arm/clzdi2.S	2009	rt	move
compiler-rt/lib/builtins/arm/clzsi2.S	llvm-kain/rt/builtins/arm/clzsi2.S	1715	rt	move
compiler-rt/lib/builtins/arm/cmpdf2.S	llvm-kain/rt/builtins/arm/cmpdf2.S	1714	rt	move
compiler-rt/lib/builtins/arm/cmpsf2.S	llvm-kain/rt/builtins/arm/cmpsf2.S	1563	rt	move
compiler-rt/lib/builtins/arm/comparesf2.S	llvm-kain/rt/builtins/arm/comparesf2.S	7380	rt	move
compiler-rt/lib/builtins/arm/crt_endian.h	llvm-kain/rt/builtins/arm/crt_endian.h	1272	rt	move
compiler-rt/lib/builtins/arm/dcmp.h	llvm-kain/rt/builtins/arm/dcmp.h	10411	rt	move
compiler-rt/lib/builtins/arm/divdf3.S	llvm-kain/rt/builtins/arm/divdf3.S	34560	rt	move
compiler-rt/lib/builtins/arm/divdf3vfp.S	llvm-kain/rt/builtins/arm/divdf3vfp.S	1041	rt	move
compiler-rt/lib/builtins/arm/divmodsi4.S	llvm-kain/rt/builtins/arm/divmodsi4.S	2118	rt	move
compiler-rt/lib/builtins/arm/divsf3.S	llvm-kain/rt/builtins/arm/divsf3.S	32445	rt	move
compiler-rt/lib/builtins/arm/divsf3vfp.S	llvm-kain/rt/builtins/arm/divsf3vfp.S	1002	rt	move
compiler-rt/lib/builtins/arm/divsi3.S	llvm-kain/rt/builtins/arm/divsi3.S	2311	rt	move
compiler-rt/lib/builtins/arm/dnan2.c	llvm-kain/rt/builtins/arm/dnan2.c	2313	rt	move
compiler-rt/lib/builtins/arm/dnorm2.c	llvm-kain/rt/builtins/arm/dnorm2.c	2211	rt	move
compiler-rt/lib/builtins/arm/dunder.c	llvm-kain/rt/builtins/arm/dunder.c	3012	rt	move
compiler-rt/lib/builtins/arm/eqdf2vfp.S	llvm-kain/rt/builtins/arm/eqdf2vfp.S	1045	rt	move
compiler-rt/lib/builtins/arm/eqsf2vfp.S	llvm-kain/rt/builtins/arm/eqsf2vfp.S	1030	rt	move
compiler-rt/lib/builtins/arm/extendsfdf2.S	llvm-kain/rt/builtins/arm/extendsfdf2.S	9405	rt	move
compiler-rt/lib/builtins/arm/extendsfdf2vfp.S	llvm-kain/rt/builtins/arm/extendsfdf2vfp.S	1044	rt	move
compiler-rt/lib/builtins/arm/fcmp.h	llvm-kain/rt/builtins/arm/fcmp.h	8448	rt	move
compiler-rt/lib/builtins/arm/fixdfdi.S	llvm-kain/rt/builtins/arm/fixdfdi.S	9932	rt	move
compiler-rt/lib/builtins/arm/fixdfsi.S	llvm-kain/rt/builtins/arm/fixdfsi.S	5697	rt	move
compiler-rt/lib/builtins/arm/fixdfsivfp.S	llvm-kain/rt/builtins/arm/fixdfsivfp.S	1020	rt	move
compiler-rt/lib/builtins/arm/fixsfdi.S	llvm-kain/rt/builtins/arm/fixsfdi.S	5702	rt	move
compiler-rt/lib/builtins/arm/fixsfsi.S	llvm-kain/rt/builtins/arm/fixsfsi.S	4080	rt	move
compiler-rt/lib/builtins/arm/fixsfsivfp.S	llvm-kain/rt/builtins/arm/fixsfsivfp.S	996	rt	move
compiler-rt/lib/builtins/arm/fixunsdfdi.S	llvm-kain/rt/builtins/arm/fixunsdfdi.S	7385	rt	move
compiler-rt/lib/builtins/arm/fixunsdfsi.S	llvm-kain/rt/builtins/arm/fixunsdfsi.S	5385	rt	move
compiler-rt/lib/builtins/arm/fixunsdfsivfp.S	llvm-kain/rt/builtins/arm/fixunsdfsivfp.S	1091	rt	move
compiler-rt/lib/builtins/arm/fixunssfdi.S	llvm-kain/rt/builtins/arm/fixunssfdi.S	3966	rt	move
compiler-rt/lib/builtins/arm/fixunssfsi.S	llvm-kain/rt/builtins/arm/fixunssfsi.S	3314	rt	move
compiler-rt/lib/builtins/arm/fixunssfsivfp.S	llvm-kain/rt/builtins/arm/fixunssfsivfp.S	1072	rt	move
compiler-rt/lib/builtins/arm/floatdidf.S	llvm-kain/rt/builtins/arm/floatdidf.S	9946	rt	move
compiler-rt/lib/builtins/arm/floatdisf.S	llvm-kain/rt/builtins/arm/floatdisf.S	8283	rt	move
compiler-rt/lib/builtins/arm/floatsidf.S	llvm-kain/rt/builtins/arm/floatsidf.S	2639	rt	move
compiler-rt/lib/builtins/arm/floatsidfvfp.S	llvm-kain/rt/builtins/arm/floatsidfvfp.S	1029	rt	move
compiler-rt/lib/builtins/arm/floatsisf.S	llvm-kain/rt/builtins/arm/floatsisf.S	4391	rt	move
compiler-rt/lib/builtins/arm/floatsisfvfp.S	llvm-kain/rt/builtins/arm/floatsisfvfp.S	1014	rt	move
compiler-rt/lib/builtins/arm/floatundidf.S	llvm-kain/rt/builtins/arm/floatundidf.S	8470	rt	move
compiler-rt/lib/builtins/arm/floatunsidf.S	llvm-kain/rt/builtins/arm/floatunsidf.S	2254	rt	move
compiler-rt/lib/builtins/arm/floatunsisf.S	llvm-kain/rt/builtins/arm/floatunsisf.S	4206	rt	move
compiler-rt/lib/builtins/arm/floatunssidfvfp.S	llvm-kain/rt/builtins/arm/floatunssidfvfp.S	1043	rt	move
compiler-rt/lib/builtins/arm/floatunssisfvfp.S	llvm-kain/rt/builtins/arm/floatunssisfvfp.S	1032	rt	move
compiler-rt/lib/builtins/arm/fnan2.c	llvm-kain/rt/builtins/arm/fnan2.c	2195	rt	move
compiler-rt/lib/builtins/arm/fnorm2.c	llvm-kain/rt/builtins/arm/fnorm2.c	2375	rt	move
compiler-rt/lib/builtins/arm/fp_mode.c	llvm-kain/rt/builtins/arm/fp_mode.c	1637	rt	move
compiler-rt/lib/builtins/arm/funder.c	llvm-kain/rt/builtins/arm/funder.c	2973	rt	move
compiler-rt/lib/builtins/arm/gedf2.S	llvm-kain/rt/builtins/arm/gedf2.S	1613	rt	move
compiler-rt/lib/builtins/arm/gedf2vfp.S	llvm-kain/rt/builtins/arm/gedf2vfp.S	1070	rt	move
compiler-rt/lib/builtins/arm/gesf2.S	llvm-kain/rt/builtins/arm/gesf2.S	1463	rt	move
compiler-rt/lib/builtins/arm/gesf2vfp.S	llvm-kain/rt/builtins/arm/gesf2vfp.S	1046	rt	move
compiler-rt/lib/builtins/arm/gtdf2vfp.S	llvm-kain/rt/builtins/arm/gtdf2vfp.S	1052	rt	move
compiler-rt/lib/builtins/arm/gtsf2vfp.S	llvm-kain/rt/builtins/arm/gtsf2vfp.S	1019	rt	move
compiler-rt/lib/builtins/arm/ledf2vfp.S	llvm-kain/rt/builtins/arm/ledf2vfp.S	1053	rt	move
compiler-rt/lib/builtins/arm/lesf2vfp.S	llvm-kain/rt/builtins/arm/lesf2vfp.S	1030	rt	move
compiler-rt/lib/builtins/arm/ltdf2vfp.S	llvm-kain/rt/builtins/arm/ltdf2vfp.S	1052	rt	move
compiler-rt/lib/builtins/arm/ltsf2vfp.S	llvm-kain/rt/builtins/arm/ltsf2vfp.S	1029	rt	move
compiler-rt/lib/builtins/arm/modsi3.S	llvm-kain/rt/builtins/arm/modsi3.S	1738	rt	move
compiler-rt/lib/builtins/arm/muldf3.S	llvm-kain/rt/builtins/arm/muldf3.S	18625	rt	move
compiler-rt/lib/builtins/arm/muldf3vfp.S	llvm-kain/rt/builtins/arm/muldf3vfp.S	1065	rt	move
compiler-rt/lib/builtins/arm/mulsf3.S	llvm-kain/rt/builtins/arm/mulsf3.S	15826	rt	move
compiler-rt/lib/builtins/arm/mulsf3vfp.S	llvm-kain/rt/builtins/arm/mulsf3vfp.S	1005	rt	move
compiler-rt/lib/builtins/arm/nedf2vfp.S	llvm-kain/rt/builtins/arm/nedf2vfp.S	1063	rt	move
compiler-rt/lib/builtins/arm/negdf2vfp.S	llvm-kain/rt/builtins/arm/negdf2vfp.S	982	rt	move
compiler-rt/lib/builtins/arm/negsf2vfp.S	llvm-kain/rt/builtins/arm/negsf2vfp.S	868	rt	move
compiler-rt/lib/builtins/arm/nesf2vfp.S	llvm-kain/rt/builtins/arm/nesf2vfp.S	1032	rt	move
compiler-rt/lib/builtins/arm/restore_vfp_d8_d15_regs.S	llvm-kain/rt/builtins/arm/restore_vfp_d8_d15_regs.S	1264	rt	move
compiler-rt/lib/builtins/arm/save_vfp_d8_d15_regs.S	llvm-kain/rt/builtins/arm/save_vfp_d8_d15_regs.S	1257	rt	move
compiler-rt/lib/builtins/arm/softfloat-alias.list	llvm-kain/rt/builtins/arm/softfloat-alias.list	580	rt	move
compiler-rt/lib/builtins/arm/subdf3vfp.S	llvm-kain/rt/builtins/arm/subdf3vfp.S	1081	rt	move
compiler-rt/lib/builtins/arm/subsf3vfp.S	llvm-kain/rt/builtins/arm/subsf3vfp.S	1028	rt	move
compiler-rt/lib/builtins/arm/switch16.S	llvm-kain/rt/builtins/arm/switch16.S	1947	rt	move
compiler-rt/lib/builtins/arm/switch32.S	llvm-kain/rt/builtins/arm/switch32.S	1949	rt	move
compiler-rt/lib/builtins/arm/switch8.S	llvm-kain/rt/builtins/arm/switch8.S	1788	rt	move
compiler-rt/lib/builtins/arm/switchu8.S	llvm-kain/rt/builtins/arm/switchu8.S	1785	rt	move
compiler-rt/lib/builtins/arm/sync-ops.h	llvm-kain/rt/builtins/arm/sync-ops.h	3778	rt	move
compiler-rt/lib/builtins/arm/sync_fetch_and_add_4.S	llvm-kain/rt/builtins/arm/sync_fetch_and_add_4.S	696	rt	move
compiler-rt/lib/builtins/arm/sync_fetch_and_add_8.S	llvm-kain/rt/builtins/arm/sync_fetch_and_add_8.S	769	rt	move
compiler-rt/lib/builtins/arm/sync_fetch_and_and_4.S	llvm-kain/rt/builtins/arm/sync_fetch_and_and_4.S	655	rt	move
compiler-rt/lib/builtins/arm/sync_fetch_and_and_8.S	llvm-kain/rt/builtins/arm/sync_fetch_and_and_8.S	768	rt	move
compiler-rt/lib/builtins/arm/sync_fetch_and_max_4.S	llvm-kain/rt/builtins/arm/sync_fetch_and_max_4.S	665	rt	move
compiler-rt/lib/builtins/arm/sync_fetch_and_max_8.S	llvm-kain/rt/builtins/arm/sync_fetch_and_max_8.S	769	rt	move
compiler-rt/lib/builtins/arm/sync_fetch_and_min_4.S	llvm-kain/rt/builtins/arm/sync_fetch_and_min_4.S	664	rt	move
compiler-rt/lib/builtins/arm/sync_fetch_and_min_8.S	llvm-kain/rt/builtins/arm/sync_fetch_and_min_8.S	769	rt	move
compiler-rt/lib/builtins/arm/sync_fetch_and_nand_4.S	llvm-kain/rt/builtins/arm/sync_fetch_and_nand_4.S	658	rt	move
compiler-rt/lib/builtins/arm/sync_fetch_and_nand_8.S	llvm-kain/rt/builtins/arm/sync_fetch_and_nand_8.S	772	rt	move
compiler-rt/lib/builtins/arm/sync_fetch_and_or_4.S	llvm-kain/rt/builtins/arm/sync_fetch_and_or_4.S	652	rt	move
compiler-rt/lib/builtins/arm/sync_fetch_and_or_8.S	llvm-kain/rt/builtins/arm/sync_fetch_and_or_8.S	765	rt	move
compiler-rt/lib/builtins/arm/sync_fetch_and_sub_4.S	llvm-kain/rt/builtins/arm/sync_fetch_and_sub_4.S	696	rt	move
compiler-rt/lib/builtins/arm/sync_fetch_and_sub_8.S	llvm-kain/rt/builtins/arm/sync_fetch_and_sub_8.S	769	rt	move
compiler-rt/lib/builtins/arm/sync_fetch_and_umax_4.S	llvm-kain/rt/builtins/arm/sync_fetch_and_umax_4.S	669	rt	move
compiler-rt/lib/builtins/arm/sync_fetch_and_umax_8.S	llvm-kain/rt/builtins/arm/sync_fetch_and_umax_8.S	773	rt	move
compiler-rt/lib/builtins/arm/sync_fetch_and_umin_4.S	llvm-kain/rt/builtins/arm/sync_fetch_and_umin_4.S	668	rt	move
compiler-rt/lib/builtins/arm/sync_fetch_and_umin_8.S	llvm-kain/rt/builtins/arm/sync_fetch_and_umin_8.S	773	rt	move
compiler-rt/lib/builtins/arm/sync_fetch_and_xor_4.S	llvm-kain/rt/builtins/arm/sync_fetch_and_xor_4.S	655	rt	move
compiler-rt/lib/builtins/arm/sync_fetch_and_xor_8.S	llvm-kain/rt/builtins/arm/sync_fetch_and_xor_8.S	768	rt	move
compiler-rt/lib/builtins/arm/sync_synchronize.S	llvm-kain/rt/builtins/arm/sync_synchronize.S	973	rt	move
compiler-rt/lib/builtins/arm/truncdfsf2.S	llvm-kain/rt/builtins/arm/truncdfsf2.S	9840	rt	move
compiler-rt/lib/builtins/arm/truncdfsf2vfp.S	llvm-kain/rt/builtins/arm/truncdfsf2vfp.S	1051	rt	move
compiler-rt/lib/builtins/arm/udivmodsi4.S	llvm-kain/rt/builtins/arm/udivmodsi4.S	3845	rt	move
compiler-rt/lib/builtins/arm/udivsi3.S	llvm-kain/rt/builtins/arm/udivsi3.S	5985	rt	move
compiler-rt/lib/builtins/arm/umodsi3.S	llvm-kain/rt/builtins/arm/umodsi3.S	3320	rt	move
compiler-rt/lib/builtins/arm/unorddf2.S	llvm-kain/rt/builtins/arm/unorddf2.S	2640	rt	move
compiler-rt/lib/builtins/arm/unorddf2vfp.S	llvm-kain/rt/builtins/arm/unorddf2vfp.S	1067	rt	move
compiler-rt/lib/builtins/arm/unordsf2.S	llvm-kain/rt/builtins/arm/unordsf2.S	1832	rt	move
compiler-rt/lib/builtins/arm/unordsf2vfp.S	llvm-kain/rt/builtins/arm/unordsf2vfp.S	1042	rt	move
compiler-rt/lib/builtins/arm/thumb1/addsf3.S	llvm-kain/rt/builtins/arm/thumb1/addsf3.S	7261	rt	move
compiler-rt/lib/builtins/arm/thumb1/addsf3fast.S	llvm-kain/rt/builtins/arm/thumb1/addsf3fast.S	37816	rt	move
compiler-rt/lib/builtins/arm/thumb1/cmpdf2.S	llvm-kain/rt/builtins/arm/thumb1/cmpdf2.S	1802	rt	move
compiler-rt/lib/builtins/arm/thumb1/cmpsf2.S	llvm-kain/rt/builtins/arm/thumb1/cmpsf2.S	1471	rt	move
compiler-rt/lib/builtins/arm/thumb1/dcmp.h	llvm-kain/rt/builtins/arm/thumb1/dcmp.h	11002	rt	move
compiler-rt/lib/builtins/arm/thumb1/fcmp.h	llvm-kain/rt/builtins/arm/thumb1/fcmp.h	8452	rt	move
compiler-rt/lib/builtins/arm/thumb1/gedf2.S	llvm-kain/rt/builtins/arm/thumb1/gedf2.S	1722	rt	move
compiler-rt/lib/builtins/arm/thumb1/gesf2.S	llvm-kain/rt/builtins/arm/thumb1/gesf2.S	1391	rt	move
compiler-rt/lib/builtins/arm/thumb1/mulsf3.S	llvm-kain/rt/builtins/arm/thumb1/mulsf3.S	10952	rt	move
compiler-rt/lib/builtins/arm/thumb1/unorddf2.S	llvm-kain/rt/builtins/arm/thumb1/unorddf2.S	2341	rt	move
compiler-rt/lib/builtins/arm/thumb1/unordsf2.S	llvm-kain/rt/builtins/arm/thumb1/unordsf2.S	1497	rt	move
compiler-rt/lib/builtins/avr/divmodhi4.S	llvm-kain/rt/builtins/avr/divmodhi4.S	1555	rt	move
compiler-rt/lib/builtins/avr/divmodqi4.S	llvm-kain/rt/builtins/avr/divmodqi4.S	1287	rt	move
compiler-rt/lib/builtins/avr/exit.S	llvm-kain/rt/builtins/avr/exit.S	549	rt	move
compiler-rt/lib/builtins/avr/mulhi3.S	llvm-kain/rt/builtins/avr/mulhi3.S	1794	rt	move
compiler-rt/lib/builtins/avr/mulqi3.S	llvm-kain/rt/builtins/avr/mulqi3.S	1425	rt	move
compiler-rt/lib/builtins/avr/udivmodhi4.S	llvm-kain/rt/builtins/avr/udivmodhi4.S	1544	rt	move
compiler-rt/lib/builtins/avr/udivmodqi4.S	llvm-kain/rt/builtins/avr/udivmodqi4.S	1364	rt	move
compiler-rt/lib/builtins/cpu_model/aarch64.c	llvm-kain/rt/builtins/cpu_model/aarch64.c	3026	rt	move
compiler-rt/lib/builtins/cpu_model/aarch64.h	llvm-kain/rt/builtins/cpu_model/aarch64.h	736	rt	move
compiler-rt/lib/builtins/cpu_model/AArch64CPUFeatures.inc	llvm-kain/rt/builtins/cpu_model/AArch64CPUFeatures.inc	2879	rt	move
compiler-rt/lib/builtins/cpu_model/cpu_model.h	llvm-kain/rt/builtins/cpu_model/cpu_model.h	1788	rt	move
compiler-rt/lib/builtins/cpu_model/riscv.c	llvm-kain/rt/builtins/cpu_model/riscv.c	1050	rt	move
compiler-rt/lib/builtins/cpu_model/riscv.h	llvm-kain/rt/builtins/cpu_model/riscv.h	522	rt	move
compiler-rt/lib/builtins/cpu_model/x86.c	llvm-kain/rt/builtins/cpu_model/x86.c	37594	rt	move
compiler-rt/lib/builtins/cpu_model/aarch64/hwcap.inc	llvm-kain/rt/builtins/cpu_model/aarch64/hwcap.inc	3610	rt	move
compiler-rt/lib/builtins/cpu_model/aarch64/fmv/android.inc	llvm-kain/rt/builtins/cpu_model/aarch64/fmv/android.inc	1245	rt	move
compiler-rt/lib/builtins/cpu_model/aarch64/fmv/apple.inc	llvm-kain/rt/builtins/cpu_model/aarch64/fmv/apple.inc	5597	rt	move
compiler-rt/lib/builtins/cpu_model/aarch64/fmv/baremetal.inc	llvm-kain/rt/builtins/cpu_model/aarch64/fmv/baremetal.inc	1234	rt	move
compiler-rt/lib/builtins/cpu_model/aarch64/fmv/elf_aux_info.inc	llvm-kain/rt/builtins/cpu_model/aarch64/fmv/elf_aux_info.inc	745	rt	move
compiler-rt/lib/builtins/cpu_model/aarch64/fmv/fuchsia.inc	llvm-kain/rt/builtins/cpu_model/aarch64/fmv/fuchsia.inc	1635	rt	move
compiler-rt/lib/builtins/cpu_model/aarch64/fmv/getauxval.inc	llvm-kain/rt/builtins/cpu_model/aarch64/fmv/getauxval.inc	702	rt	move
compiler-rt/lib/builtins/cpu_model/aarch64/fmv/hwcap.inc	llvm-kain/rt/builtins/cpu_model/aarch64/fmv/hwcap.inc	3185	rt	move
compiler-rt/lib/builtins/cpu_model/aarch64/fmv/unimplemented.inc	llvm-kain/rt/builtins/cpu_model/aarch64/fmv/unimplemented.inc	347	rt	move
compiler-rt/lib/builtins/cpu_model/aarch64/fmv/windows.inc	llvm-kain/rt/builtins/cpu_model/aarch64/fmv/windows.inc	4679	rt	move
compiler-rt/lib/builtins/cpu_model/aarch64/lse_atomics/android.inc	llvm-kain/rt/builtins/cpu_model/aarch64/lse_atomics/android.inc	1064	rt	move
compiler-rt/lib/builtins/cpu_model/aarch64/lse_atomics/elf_aux_info.inc	llvm-kain/rt/builtins/cpu_model/aarch64/lse_atomics/elf_aux_info.inc	226	rt	move
compiler-rt/lib/builtins/cpu_model/aarch64/lse_atomics/fuchsia.inc	llvm-kain/rt/builtins/cpu_model/aarch64/lse_atomics/fuchsia.inc	472	rt	move
compiler-rt/lib/builtins/cpu_model/aarch64/lse_atomics/getauxval.inc	llvm-kain/rt/builtins/cpu_model/aarch64/lse_atomics/getauxval.inc	172	rt	move
compiler-rt/lib/builtins/cpu_model/aarch64/lse_atomics/windows.inc	llvm-kain/rt/builtins/cpu_model/aarch64/lse_atomics/windows.inc	370	rt	move
compiler-rt/lib/builtins/cpu_model/riscv/hwprobe.inc	llvm-kain/rt/builtins/cpu_model/riscv/hwprobe.inc	15706	rt	move
compiler-rt/lib/builtins/cpu_model/riscv/unimplemented.inc	llvm-kain/rt/builtins/cpu_model/riscv/unimplemented.inc	858	rt	move
compiler-rt/lib/builtins/Darwin-excludes/CMakeLists.txt	llvm-kain/rt/builtins/Darwin-excludes/CMakeLists.txt	189	rt	move
compiler-rt/lib/builtins/Darwin-excludes/ios-armv7.txt	llvm-kain/rt/builtins/Darwin-excludes/ios-armv7.txt	593	rt	move
compiler-rt/lib/builtins/Darwin-excludes/ios-armv7s.txt	llvm-kain/rt/builtins/Darwin-excludes/ios-armv7s.txt	592	rt	move
compiler-rt/lib/builtins/Darwin-excludes/ios.txt	llvm-kain/rt/builtins/Darwin-excludes/ios.txt	17	rt	move
compiler-rt/lib/builtins/Darwin-excludes/ios6-armv7.txt	llvm-kain/rt/builtins/Darwin-excludes/ios6-armv7.txt	1084	rt	move
compiler-rt/lib/builtins/Darwin-excludes/ios6-armv7s.txt	llvm-kain/rt/builtins/Darwin-excludes/ios6-armv7s.txt	1084	rt	move
compiler-rt/lib/builtins/Darwin-excludes/ios7-arm64.txt	llvm-kain/rt/builtins/Darwin-excludes/ios7-arm64.txt	154	rt	move
compiler-rt/lib/builtins/Darwin-excludes/iossim-i386.txt	llvm-kain/rt/builtins/Darwin-excludes/iossim-i386.txt	722	rt	move
compiler-rt/lib/builtins/Darwin-excludes/iossim-x86_64.txt	llvm-kain/rt/builtins/Darwin-excludes/iossim-x86_64.txt	106	rt	move
compiler-rt/lib/builtins/Darwin-excludes/iossim.txt	llvm-kain/rt/builtins/Darwin-excludes/iossim.txt	17	rt	move
compiler-rt/lib/builtins/Darwin-excludes/osx-i386.txt	llvm-kain/rt/builtins/Darwin-excludes/osx-i386.txt	308	rt	move
compiler-rt/lib/builtins/Darwin-excludes/osx.txt	llvm-kain/rt/builtins/Darwin-excludes/osx.txt	70	rt	move
compiler-rt/lib/builtins/Darwin-excludes/README.TXT	llvm-kain/rt/builtins/Darwin-excludes/README.TXT	634	rt	move
compiler-rt/lib/builtins/hexagon/common_entry_exit_abi1.S	llvm-kain/rt/builtins/hexagon/common_entry_exit_abi1.S	2528	rt	move
compiler-rt/lib/builtins/hexagon/common_entry_exit_abi2.S	llvm-kain/rt/builtins/hexagon/common_entry_exit_abi2.S	7068	rt	move
compiler-rt/lib/builtins/hexagon/common_entry_exit_legacy.S	llvm-kain/rt/builtins/hexagon/common_entry_exit_legacy.S	4412	rt	move
compiler-rt/lib/builtins/hexagon/dfaddsub.S	llvm-kain/rt/builtins/hexagon/dfaddsub.S	8292	rt	move
compiler-rt/lib/builtins/hexagon/dfdiv.S	llvm-kain/rt/builtins/hexagon/dfdiv.S	9854	rt	move
compiler-rt/lib/builtins/hexagon/dffma.S	llvm-kain/rt/builtins/hexagon/dffma.S	13711	rt	move
compiler-rt/lib/builtins/hexagon/dfminmax.S	llvm-kain/rt/builtins/hexagon/dfminmax.S	1782	rt	move
compiler-rt/lib/builtins/hexagon/dfmul.S	llvm-kain/rt/builtins/hexagon/dfmul.S	9532	rt	move
compiler-rt/lib/builtins/hexagon/dfsqrt.S	llvm-kain/rt/builtins/hexagon/dfsqrt.S	8604	rt	move
compiler-rt/lib/builtins/hexagon/divdi3.S	llvm-kain/rt/builtins/hexagon/divdi3.S	2459	rt	move
compiler-rt/lib/builtins/hexagon/divsi3.S	llvm-kain/rt/builtins/hexagon/divsi3.S	1394	rt	move
compiler-rt/lib/builtins/hexagon/fastmath2_dlib_asm.S	llvm-kain/rt/builtins/hexagon/fastmath2_dlib_asm.S	12403	rt	move
compiler-rt/lib/builtins/hexagon/fastmath2_ldlib_asm.S	llvm-kain/rt/builtins/hexagon/fastmath2_ldlib_asm.S	8779	rt	move
compiler-rt/lib/builtins/hexagon/fastmath_dlib_asm.S	llvm-kain/rt/builtins/hexagon/fastmath_dlib_asm.S	10774	rt	move
compiler-rt/lib/builtins/hexagon/memcpy_forward_vp4cp4n2.S	llvm-kain/rt/builtins/hexagon/memcpy_forward_vp4cp4n2.S	3499	rt	move
compiler-rt/lib/builtins/hexagon/memcpy_likely_aligned.S	llvm-kain/rt/builtins/hexagon/memcpy_likely_aligned.S	1344	rt	move
compiler-rt/lib/builtins/hexagon/moddi3.S	llvm-kain/rt/builtins/hexagon/moddi3.S	2412	rt	move
compiler-rt/lib/builtins/hexagon/modsi3.S	llvm-kain/rt/builtins/hexagon/modsi3.S	1117	rt	move
compiler-rt/lib/builtins/hexagon/sfdiv_opt.S	llvm-kain/rt/builtins/hexagon/sfdiv_opt.S	1474	rt	move
compiler-rt/lib/builtins/hexagon/sfsqrt_opt.S	llvm-kain/rt/builtins/hexagon/sfsqrt_opt.S	1809	rt	move
compiler-rt/lib/builtins/hexagon/udivdi3.S	llvm-kain/rt/builtins/hexagon/udivdi3.S	2286	rt	move
compiler-rt/lib/builtins/hexagon/udivmoddi4.S	llvm-kain/rt/builtins/hexagon/udivmoddi4.S	2294	rt	move
compiler-rt/lib/builtins/hexagon/udivmodsi4.S	llvm-kain/rt/builtins/hexagon/udivmodsi4.S	1164	rt	move
compiler-rt/lib/builtins/hexagon/udivsi3.S	llvm-kain/rt/builtins/hexagon/udivsi3.S	1081	rt	move
compiler-rt/lib/builtins/hexagon/umoddi3.S	llvm-kain/rt/builtins/hexagon/umoddi3.S	2310	rt	move
compiler-rt/lib/builtins/hexagon/umodsi3.S	llvm-kain/rt/builtins/hexagon/umodsi3.S	1013	rt	move
compiler-rt/lib/builtins/i386/ashldi3.S	llvm-kain/rt/builtins/i386/ashldi3.S	1828	rt	move
compiler-rt/lib/builtins/i386/ashrdi3.S	llvm-kain/rt/builtins/i386/ashrdi3.S	1968	rt	move
compiler-rt/lib/builtins/i386/chkstk.S	llvm-kain/rt/builtins/i386/chkstk.S	1014	rt	move
compiler-rt/lib/builtins/i386/chkstk2.S	llvm-kain/rt/builtins/i386/chkstk2.S	2213	rt	move
compiler-rt/lib/builtins/i386/divdi3.S	llvm-kain/rt/builtins/i386/divdi3.S	5136	rt	move
compiler-rt/lib/builtins/i386/floatdidf.S	llvm-kain/rt/builtins/i386/floatdidf.S	1010	rt	move
compiler-rt/lib/builtins/i386/floatdisf.S	llvm-kain/rt/builtins/i386/floatdisf.S	1077	rt	move
compiler-rt/lib/builtins/i386/floatdixf.S	llvm-kain/rt/builtins/i386/floatdixf.S	1049	rt	move
compiler-rt/lib/builtins/i386/floatundidf.S	llvm-kain/rt/builtins/i386/floatundidf.S	1406	rt	move
compiler-rt/lib/builtins/i386/floatundisf.S	llvm-kain/rt/builtins/i386/floatundisf.S	2750	rt	move
compiler-rt/lib/builtins/i386/floatundixf.S	llvm-kain/rt/builtins/i386/floatundixf.S	1032	rt	move
compiler-rt/lib/builtins/i386/fp_mode.c	llvm-kain/rt/builtins/i386/fp_mode.c	1203	rt	move
compiler-rt/lib/builtins/i386/lshrdi3.S	llvm-kain/rt/builtins/i386/lshrdi3.S	1834	rt	move
compiler-rt/lib/builtins/i386/moddi3.S	llvm-kain/rt/builtins/i386/moddi3.S	5207	rt	move
compiler-rt/lib/builtins/i386/muldi3.S	llvm-kain/rt/builtins/i386/muldi3.S	751	rt	move
compiler-rt/lib/builtins/i386/udivdi3.S	llvm-kain/rt/builtins/i386/udivdi3.S	3602	rt	move
compiler-rt/lib/builtins/i386/umoddi3.S	llvm-kain/rt/builtins/i386/umoddi3.S	3820	rt	move
compiler-rt/lib/builtins/loongarch/fp_mode.c	llvm-kain/rt/builtins/loongarch/fp_mode.c	1723	rt	move
compiler-rt/lib/builtins/macho_embedded/arm.txt	llvm-kain/rt/builtins/macho_embedded/arm.txt	212	rt	move
compiler-rt/lib/builtins/macho_embedded/CMakeLists.txt	llvm-kain/rt/builtins/macho_embedded/CMakeLists.txt	189	rt	move
compiler-rt/lib/builtins/macho_embedded/common.txt	llvm-kain/rt/builtins/macho_embedded/common.txt	903	rt	move
compiler-rt/lib/builtins/macho_embedded/i386.txt	llvm-kain/rt/builtins/macho_embedded/i386.txt	154	rt	move
compiler-rt/lib/builtins/macho_embedded/thumb2-64.txt	llvm-kain/rt/builtins/macho_embedded/thumb2-64.txt	212	rt	move
compiler-rt/lib/builtins/macho_embedded/thumb2.txt	llvm-kain/rt/builtins/macho_embedded/thumb2.txt	247	rt	move
compiler-rt/lib/builtins/ppc/atomic.exp	llvm-kain/rt/builtins/ppc/atomic.exp	835	rt	move
compiler-rt/lib/builtins/ppc/DD.h	llvm-kain/rt/builtins/ppc/DD.h	1151	rt	move
compiler-rt/lib/builtins/ppc/divtc3.c	llvm-kain/rt/builtins/ppc/divtc3.c	3443	rt	move
compiler-rt/lib/builtins/ppc/fixtfdi.c	llvm-kain/rt/builtins/ppc/fixtfdi.c	3372	rt	move
compiler-rt/lib/builtins/ppc/fixtfti.c	llvm-kain/rt/builtins/ppc/fixtfti.c	1351	rt	move
compiler-rt/lib/builtins/ppc/fixunstfdi.c	llvm-kain/rt/builtins/ppc/fixunstfdi.c	1986	rt	move
compiler-rt/lib/builtins/ppc/fixunstfti.c	llvm-kain/rt/builtins/ppc/fixunstfti.c	4695	rt	move
compiler-rt/lib/builtins/ppc/floatditf.c	llvm-kain/rt/builtins/ppc/floatditf.c	1044	rt	move
compiler-rt/lib/builtins/ppc/floattitf.c	llvm-kain/rt/builtins/ppc/floattitf.c	2018	rt	move
compiler-rt/lib/builtins/ppc/floatunditf.c	llvm-kain/rt/builtins/ppc/floatunditf.c	1283	rt	move
compiler-rt/lib/builtins/ppc/gcc_qadd.c	llvm-kain/rt/builtins/ppc/gcc_qadd.c	1926	rt	move
compiler-rt/lib/builtins/ppc/gcc_qdiv.c	llvm-kain/rt/builtins/ppc/gcc_qdiv.c	1276	rt	move
compiler-rt/lib/builtins/ppc/gcc_qmul.c	llvm-kain/rt/builtins/ppc/gcc_qmul.c	1276	rt	move
compiler-rt/lib/builtins/ppc/gcc_qsub.c	llvm-kain/rt/builtins/ppc/gcc_qsub.c	1928	rt	move
compiler-rt/lib/builtins/ppc/init_ifuncs.c	llvm-kain/rt/builtins/ppc/init_ifuncs.c	1317	rt	move
compiler-rt/lib/builtins/ppc/multc3.c	llvm-kain/rt/builtins/ppc/multc3.c	2609	rt	move
compiler-rt/lib/builtins/ppc/restFP.S	llvm-kain/rt/builtins/ppc/restFP.S	1477	rt	move
compiler-rt/lib/builtins/ppc/saveFP.S	llvm-kain/rt/builtins/ppc/saveFP.S	1358	rt	move
compiler-rt/lib/builtins/riscv/fp_mode.c	llvm-kain/rt/builtins/riscv/fp_mode.c	1156	rt	move
compiler-rt/lib/builtins/riscv/int_mul_impl.inc	llvm-kain/rt/builtins/riscv/int_mul_impl.inc	815	rt	move
compiler-rt/lib/builtins/riscv/muldi3.S	llvm-kain/rt/builtins/riscv/muldi3.S	453	rt	move
compiler-rt/lib/builtins/riscv/mulsi3.S	llvm-kain/rt/builtins/riscv/mulsi3.S	454	rt	move
compiler-rt/lib/builtins/riscv/restore.S	llvm-kain/rt/builtins/riscv/restore.S	5665	rt	move
compiler-rt/lib/builtins/riscv/save.S	llvm-kain/rt/builtins/riscv/save.S	5272	rt	move
compiler-rt/lib/builtins/ve/grow_stack.S	llvm-kain/rt/builtins/ve/grow_stack.S	1082	rt	move
compiler-rt/lib/builtins/ve/grow_stack_align.S	llvm-kain/rt/builtins/ve/grow_stack_align.S	1094	rt	move
compiler-rt/lib/builtins/x86_64/chkstk.S	llvm-kain/rt/builtins/x86_64/chkstk.S	1009	rt	move
compiler-rt/lib/builtins/x86_64/floatdidf.c	llvm-kain/rt/builtins/x86_64/floatdidf.c	379	rt	move
compiler-rt/lib/builtins/x86_64/floatdisf.c	llvm-kain/rt/builtins/x86_64/floatdisf.c	343	rt	move
compiler-rt/lib/builtins/x86_64/floatdixf.c	llvm-kain/rt/builtins/x86_64/floatdixf.c	358	rt	move
compiler-rt/lib/builtins/x86_64/floatundidf.S	llvm-kain/rt/builtins/x86_64/floatundidf.S	1355	rt	move
compiler-rt/lib/builtins/x86_64/floatundisf.S	llvm-kain/rt/builtins/x86_64/floatundisf.S	692	rt	move
compiler-rt/lib/builtins/x86_64/floatundixf.S	llvm-kain/rt/builtins/x86_64/floatundixf.S	1527	rt	move
lld/CMakeLists.txt	(keep-in-place)	8199	lld	keep-in-place
lld/LICENSE.TXT	(keep-in-place)	15138	lld	keep-in-place
lld/Maintainers.md	(keep-in-place)	1028	lld	keep-in-place
lld/README.md	(keep-in-place)	678	lld	keep-in-place
lld/COFF/CallGraphSort.cpp	llvm-kain/lld/coff/CallGraphSort.cpp	7994	lld	move
lld/COFF/CallGraphSort.h	llvm-kain/lld/coff/CallGraphSort.h	670	lld	move
lld/COFF/Chunks.cpp	llvm-kain/lld/coff/Chunks.cpp	47770	lld	move
lld/COFF/Chunks.h	llvm-kain/lld/coff/Chunks.h	33784	lld	move
lld/COFF/CMakeLists.txt	llvm-kain/lld/coff/CMakeLists.txt	823	lld	move
lld/COFF/COFFLinkerContext.cpp	llvm-kain/lld/coff/COFFLinkerContext.cpp	1994	lld	move
lld/COFF/COFFLinkerContext.h	llvm-kain/lld/coff/COFFLinkerContext.h	3651	lld	move
lld/COFF/Config.h	llvm-kain/lld/coff/Config.h	11939	lld	move
lld/COFF/DebugTypes.cpp	llvm-kain/lld/coff/DebugTypes.cpp	47575	lld	move
lld/COFF/DebugTypes.h	llvm-kain/lld/coff/DebugTypes.h	6233	lld	move
lld/COFF/DLL.cpp	llvm-kain/lld/coff/DLL.cpp	40093	lld	move
lld/COFF/DLL.h	llvm-kain/lld/coff/DLL.h	2661	lld	move
lld/COFF/Driver.cpp	llvm-kain/lld/coff/Driver.cpp	106543	lld	move
lld/COFF/Driver.h	llvm-kain/lld/coff/Driver.h	9525	lld	move
lld/COFF/DriverUtils.cpp	llvm-kain/lld/coff/DriverUtils.cpp	33063	lld	move
lld/COFF/ICF.cpp	llvm-kain/lld/coff/ICF.cpp	11660	lld	move
lld/COFF/ICF.h	llvm-kain/lld/coff/ICF.h	617	lld	move
lld/COFF/InputFiles.cpp	llvm-kain/lld/coff/InputFiles.cpp	59897	lld	move
lld/COFF/InputFiles.h	llvm-kain/lld/coff/InputFiles.h	15136	lld	move
lld/COFF/LLDMapFile.cpp	llvm-kain/lld/coff/LLDMapFile.cpp	4394	lld	move
lld/COFF/LLDMapFile.h	llvm-kain/lld/coff/LLDMapFile.h	540	lld	move
lld/COFF/LTO.cpp	llvm-kain/lld/coff/LTO.cpp	10994	lld	move
lld/COFF/LTO.h	llvm-kain/lld/coff/LTO.h	1857	lld	move
lld/COFF/MapFile.cpp	llvm-kain/lld/coff/MapFile.cpp	11239	lld	move
lld/COFF/MapFile.h	llvm-kain/lld/coff/MapFile.h	525	lld	move
lld/COFF/MarkLive.cpp	llvm-kain/lld/coff/MarkLive.cpp	2770	lld	move
lld/COFF/MarkLive.h	llvm-kain/lld/coff/MarkLive.h	602	lld	move
lld/COFF/MinGW.cpp	llvm-kain/lld/coff/MinGW.cpp	9184	lld	move
lld/COFF/MinGW.h	llvm-kain/lld/coff/MinGW.h	1957	lld	move
lld/COFF/Options.td	llvm-kain/lld/coff/Options.td	20563	lld	move
lld/COFF/PDB.cpp	llvm-kain/lld/coff/PDB.cpp	71113	lld	move
lld/COFF/PDB.h	llvm-kain/lld/coff/PDB.h	1244	lld	move
lld/COFF/README.md	llvm-kain/lld/coff/README.md	20	lld	move
lld/COFF/Symbols.cpp	llvm-kain/lld/coff/Symbols.cpp	5681	lld	move
lld/COFF/Symbols.h	llvm-kain/lld/coff/Symbols.h	18109	lld	move
lld/COFF/SymbolTable.cpp	llvm-kain/lld/coff/SymbolTable.cpp	52455	lld	move
lld/COFF/SymbolTable.h	llvm-kain/lld/coff/SymbolTable.h	8322	lld	move
lld/COFF/TypeMerger.h	llvm-kain/lld/coff/TypeMerger.h	2557	lld	move
lld/COFF/Writer.cpp	llvm-kain/lld/coff/Writer.cpp	115882	lld	move
lld/COFF/Writer.h	llvm-kain/lld/coff/Writer.h	3024	lld	move
lld/Common/Args.cpp	llvm-kain/lld/common/Args.cpp	2812	lld	move
lld/Common/CMakeLists.txt	llvm-kain/lld/common/CMakeLists.txt	1379	lld	move
lld/Common/CommonLinkerContext.cpp	llvm-kain/lld/common/CommonLinkerContext.cpp	1570	lld	move
lld/Common/DriverDispatcher.cpp	llvm-kain/lld/common/DriverDispatcher.cpp	6609	lld	move
lld/Common/DWARF.cpp	llvm-kain/lld/common/DWARF.cpp	3869	lld	move
lld/Common/ErrorHandler.cpp	llvm-kain/lld/common/ErrorHandler.cpp	10319	lld	move
lld/Common/Filesystem.cpp	llvm-kain/lld/common/Filesystem.cpp	5870	lld	move
lld/Common/Memory.cpp	llvm-kain/lld/common/Memory.cpp	884	lld	move
lld/Common/Reproduce.cpp	llvm-kain/lld/common/Reproduce.cpp	2299	lld	move
lld/Common/Strings.cpp	llvm-kain/lld/common/Strings.cpp	2364	lld	move
lld/Common/TargetOptionsCommandFlags.cpp	llvm-kain/lld/common/TargetOptionsCommandFlags.cpp	1090	lld	move
lld/Common/Timer.cpp	llvm-kain/lld/common/Timer.cpp	2109	lld	move
lld/Common/Utils.cpp	llvm-kain/lld/common/Utils.cpp	777	lld	move
lld/Common/Version.cpp	llvm-kain/lld/common/Version.cpp	1174	lld	move
lld/ELF/AArch64ErrataFix.cpp	llvm-kain/lld/elf/AArch64ErrataFix.cpp	26566	lld	move
lld/ELF/AArch64ErrataFix.h	llvm-kain/lld/elf/AArch64ErrataFix.h	1584	lld	move
lld/ELF/ARMErrataFix.cpp	llvm-kain/lld/elf/ARMErrataFix.cpp	22796	lld	move
lld/ELF/ARMErrataFix.h	llvm-kain/lld/elf/ARMErrataFix.h	1423	lld	move
lld/ELF/BPSectionOrderer.cpp	llvm-kain/lld/elf/BPSectionOrderer.cpp	3874	lld	move
lld/ELF/BPSectionOrderer.h	llvm-kain/lld/elf/BPSectionOrderer.h	1470	lld	move
lld/ELF/CallGraphSort.cpp	llvm-kain/lld/elf/CallGraphSort.cpp	12410	lld	move
lld/ELF/CallGraphSort.h	llvm-kain/lld/elf/CallGraphSort.h	644	lld	move
lld/ELF/CMakeLists.txt	llvm-kain/lld/elf/CMakeLists.txt	1522	lld	move
lld/ELF/Config.h	llvm-kain/lld/elf/Config.h	27663	lld	move
lld/ELF/Driver.cpp	llvm-kain/lld/elf/Driver.cpp	140899	lld	move
lld/ELF/Driver.h	llvm-kain/lld/elf/Driver.h	1341	lld	move
lld/ELF/DriverUtils.cpp	llvm-kain/lld/elf/DriverUtils.cpp	9609	lld	move
lld/ELF/DWARF.cpp	llvm-kain/lld/elf/DWARF.cpp	6254	lld	move
lld/ELF/DWARF.h	llvm-kain/lld/elf/DWARF.h	3215	lld	move
lld/ELF/EhFrame.cpp	llvm-kain/lld/elf/EhFrame.cpp	5496	lld	move
lld/ELF/EhFrame.h	llvm-kain/lld/elf/EhFrame.h	590	lld	move
lld/ELF/ICF.cpp	llvm-kain/lld/elf/ICF.cpp	22510	lld	move
lld/ELF/ICF.h	llvm-kain/lld/elf/ICF.h	500	lld	move
lld/ELF/InputFiles.cpp	llvm-kain/lld/elf/InputFiles.cpp	78333	lld	move
lld/ELF/InputFiles.h	llvm-kain/lld/elf/InputFiles.h	12988	lld	move
lld/ELF/InputSection.cpp	llvm-kain/lld/elf/InputSection.cpp	64620	lld	move
lld/ELF/InputSection.h	llvm-kain/lld/elf/InputSection.h	18687	lld	move
lld/ELF/LinkerScript.cpp	llvm-kain/lld/elf/LinkerScript.cpp	73113	lld	move
lld/ELF/LinkerScript.h	llvm-kain/lld/elf/LinkerScript.h	16529	lld	move
lld/ELF/LTO.cpp	llvm-kain/lld/elf/LTO.cpp	17241	lld	move
lld/ELF/LTO.h	llvm-kain/lld/elf/LTO.h	1864	lld	move
lld/ELF/MapFile.cpp	llvm-kain/lld/elf/MapFile.cpp	9794	lld	move
lld/ELF/MapFile.h	llvm-kain/lld/elf/MapFile.h	495	lld	move
lld/ELF/MarkLive.cpp	llvm-kain/lld/elf/MarkLive.cpp	23656	lld	move
lld/ELF/MarkLive.h	llvm-kain/lld/elf/MarkLive.h	535	lld	move
lld/ELF/Options.td	llvm-kain/lld/elf/Options.td	39318	lld	move
lld/ELF/OutputSections.cpp	llvm-kain/lld/elf/OutputSections.cpp	36836	lld	move
lld/ELF/OutputSections.h	llvm-kain/lld/elf/OutputSections.h	5896	lld	move
lld/ELF/README.md	llvm-kain/lld/elf/README.md	20	lld	move
lld/ELF/Relocations.cpp	llvm-kain/lld/elf/Relocations.cpp	82300	lld	move
lld/ELF/Relocations.h	llvm-kain/lld/elf/Relocations.h	11247	lld	move
lld/ELF/RelocScan.h	llvm-kain/lld/elf/RelocScan.h	8394	lld	move
lld/ELF/ScriptLexer.cpp	llvm-kain/lld/elf/ScriptLexer.cpp	8178	lld	move
lld/ELF/ScriptLexer.h	llvm-kain/lld/elf/ScriptLexer.h	2393	lld	move
lld/ELF/ScriptParser.cpp	llvm-kain/lld/elf/ScriptParser.cpp	61940	lld	move
lld/ELF/ScriptParser.h	llvm-kain/lld/elf/ScriptParser.h	975	lld	move
lld/ELF/Symbols.cpp	llvm-kain/lld/elf/Symbols.cpp	25378	lld	move
lld/ELF/Symbols.h	llvm-kain/lld/elf/Symbols.h	20516	lld	move
lld/ELF/SymbolTable.cpp	llvm-kain/lld/elf/SymbolTable.cpp	14101	lld	move
lld/ELF/SymbolTable.h	llvm-kain/lld/elf/SymbolTable.h	4132	lld	move
lld/ELF/SyntheticSections.cpp	llvm-kain/lld/elf/SyntheticSections.cpp	174475	lld	move
lld/ELF/SyntheticSections.h	llvm-kain/lld/elf/SyntheticSections.h	48813	lld	move
lld/ELF/Target.cpp	llvm-kain/lld/elf/Target.cpp	5939	lld	move
lld/ELF/Target.h	llvm-kain/lld/elf/Target.h	15673	lld	move
lld/ELF/Thunks.cpp	llvm-kain/lld/elf/Thunks.cpp	68608	lld	move
lld/ELF/Thunks.h	llvm-kain/lld/elf/Thunks.h	3359	lld	move
lld/ELF/Writer.cpp	llvm-kain/lld/elf/Writer.cpp	118418	lld	move
lld/ELF/Writer.h	llvm-kain/lld/elf/Writer.h	701	lld	move
lld/ELF/Arch/AArch64.cpp	llvm-kain/lld/elf/Arch/AArch64.cpp	53817	lld	move
lld/ELF/Arch/AMDGPU.cpp	llvm-kain/lld/elf/Arch/AMDGPU.cpp	6545	lld	move
lld/ELF/Arch/ARM.cpp	llvm-kain/lld/elf/Arch/ARM.cpp	62906	lld	move
lld/ELF/Arch/AVR.cpp	llvm-kain/lld/elf/Arch/AVR.cpp	8676	lld	move
lld/ELF/Arch/Hexagon.cpp	llvm-kain/lld/elf/Arch/Hexagon.cpp	22588	lld	move
lld/ELF/Arch/LoongArch.cpp	llvm-kain/lld/elf/Arch/LoongArch.cpp	64919	lld	move
lld/ELF/Arch/Mips.cpp	llvm-kain/lld/elf/Arch/Mips.cpp	38546	lld	move
lld/ELF/Arch/MipsArchTree.cpp	llvm-kain/lld/elf/Arch/MipsArchTree.cpp	12315	lld	move
lld/ELF/Arch/MSP430.cpp	llvm-kain/lld/elf/Arch/MSP430.cpp	2787	lld	move
lld/ELF/Arch/PPC.cpp	llvm-kain/lld/elf/Arch/PPC.cpp	21267	lld	move
lld/ELF/Arch/PPC64.cpp	llvm-kain/lld/elf/Arch/PPC64.cpp	67965	lld	move
lld/ELF/Arch/PPCInsns.def	llvm-kain/lld/elf/Arch/PPCInsns.def	894	lld	move
lld/ELF/Arch/RISCV.cpp	llvm-kain/lld/elf/Arch/RISCV.cpp	55012	lld	move
lld/ELF/Arch/SPARCV9.cpp	llvm-kain/lld/elf/Arch/SPARCV9.cpp	5683	lld	move
lld/ELF/Arch/SystemZ.cpp	llvm-kain/lld/elf/Arch/SystemZ.cpp	19480	lld	move
lld/ELF/Arch/TargetImpl.h	llvm-kain/lld/elf/Arch/TargetImpl.h	4136	lld	move
lld/ELF/Arch/X86.cpp	llvm-kain/lld/elf/Arch/X86.cpp	26358	lld	move
lld/ELF/Arch/X86_64.cpp	llvm-kain/lld/elf/Arch/X86_64.cpp	59899	lld	move
lld/include/lld/Common/Args.h	llvm-kain/lld/include/lld/Common/Args.h	1260	lld	move
lld/include/lld/Common/Arrays.h	llvm-kain/lld/include/lld/Common/Arrays.h	942	lld	move
lld/include/lld/Common/BPSectionOrdererBase.h	llvm-kain/lld/include/lld/Common/BPSectionOrdererBase.h	1738	lld	move
lld/include/lld/Common/BPSectionOrdererBase.inc	llvm-kain/lld/include/lld/Common/BPSectionOrdererBase.inc	19147	lld	move
lld/include/lld/Common/CommonLinkerContext.h	llvm-kain/lld/include/lld/Common/CommonLinkerContext.h	2030	lld	move
lld/include/lld/Common/Driver.h	llvm-kain/lld/include/lld/Common/Driver.h	2849	lld	move
lld/include/lld/Common/DWARF.h	llvm-kain/lld/include/lld/Common/DWARF.h	1385	lld	move
lld/include/lld/Common/ErrorHandler.h	llvm-kain/lld/include/lld/Common/ErrorHandler.h	7858	lld	move
lld/include/lld/Common/Filesystem.h	llvm-kain/lld/include/lld/Common/Filesystem.h	792	lld	move
lld/include/lld/Common/LLVM.h	llvm-kain/lld/include/lld/Common/LLVM.h	2709	lld	move
lld/include/lld/Common/Memory.h	llvm-kain/lld/include/lld/Common/Memory.h	3790	lld	move
lld/include/lld/Common/Reproduce.h	llvm-kain/lld/include/lld/Common/Reproduce.h	1039	lld	move
lld/include/lld/Common/Strings.h	llvm-kain/lld/include/lld/Common/Strings.h	2560	lld	move
lld/include/lld/Common/TargetOptionsCommandFlags.h	llvm-kain/lld/include/lld/Common/TargetOptionsCommandFlags.h	977	lld	move
lld/include/lld/Common/Timer.h	llvm-kain/lld/include/lld/Common/Timer.h	1292	lld	move
lld/include/lld/Common/Utils.h	llvm-kain/lld/include/lld/Common/Utils.h	1120	lld	move
lld/include/lld/Common/Version.h	llvm-kain/lld/include/lld/Common/Version.h	750	lld	move
lld/include/lld/Common/Version.inc.in	llvm-kain/lld/include/lld/Common/Version.inc.in	43	lld	move
lld/MachO/BPSectionOrderer.cpp	llvm-kain/lld/macho/BPSectionOrderer.cpp	6367	lld	move
lld/MachO/BPSectionOrderer.h	llvm-kain/lld/macho/BPSectionOrderer.h	1413	lld	move
lld/MachO/CMakeLists.txt	llvm-kain/lld/macho/CMakeLists.txt	1112	lld	move
lld/MachO/ConcatOutputSection.cpp	llvm-kain/lld/macho/ConcatOutputSection.cpp	16432	lld	move
lld/MachO/ConcatOutputSection.h	llvm-kain/lld/macho/ConcatOutputSection.h	7043	lld	move
lld/MachO/Config.h	llvm-kain/lld/macho/Config.h	8314	lld	move
lld/MachO/Driver.cpp	llvm-kain/lld/macho/Driver.cpp	95256	lld	move
lld/MachO/Driver.h	llvm-kain/lld/macho/Driver.h	3770	lld	move
lld/MachO/DriverUtils.cpp	llvm-kain/lld/macho/DriverUtils.cpp	15075	lld	move
lld/MachO/Dwarf.cpp	llvm-kain/lld/macho/Dwarf.cpp	1706	lld	move
lld/MachO/Dwarf.h	llvm-kain/lld/macho/Dwarf.h	1821	lld	move
lld/MachO/EhFrame.cpp	llvm-kain/lld/macho/EhFrame.cpp	4495	lld	move
lld/MachO/EhFrame.h	llvm-kain/lld/macho/EhFrame.h	4434	lld	move
lld/MachO/ExportTrie.cpp	llvm-kain/lld/macho/ExportTrie.cpp	11189	lld	move
lld/MachO/ExportTrie.h	llvm-kain/lld/macho/ExportTrie.h	1380	lld	move
lld/MachO/ICF.cpp	llvm-kain/lld/macho/ICF.cpp	26871	lld	move
lld/MachO/ICF.h	llvm-kain/lld/macho/ICF.h	967	lld	move
lld/MachO/InputFiles.cpp	llvm-kain/lld/macho/InputFiles.cpp	101292	lld	move
lld/MachO/InputFiles.h	llvm-kain/lld/macho/InputFiles.h	12912	lld	move
lld/MachO/InputSection.cpp	llvm-kain/lld/macho/InputSection.cpp	14759	lld	move
lld/MachO/InputSection.h	llvm-kain/lld/macho/InputSection.h	15887	lld	move
lld/MachO/Layout.h	llvm-kain/lld/macho/Layout.h	3294	lld	move
lld/MachO/LinkerOptimizationHints.cpp	llvm-kain/lld/macho/LinkerOptimizationHints.cpp	16302	lld	move
lld/MachO/LinkerOptimizationHints.h	llvm-kain/lld/macho/LinkerOptimizationHints.h	586	lld	move
lld/MachO/LTO.cpp	llvm-kain/lld/macho/LTO.cpp	11766	lld	move
lld/MachO/LTO.h	llvm-kain/lld/macho/LTO.h	1169	lld	move
lld/MachO/MachOStructs.h	llvm-kain/lld/macho/MachOStructs.h	1350	lld	move
lld/MachO/MapFile.cpp	llvm-kain/lld/macho/MapFile.cpp	11174	lld	move
lld/MachO/MapFile.h	llvm-kain/lld/macho/MapFile.h	505	lld	move
lld/MachO/MarkLive.cpp	llvm-kain/lld/macho/MarkLive.cpp	10030	lld	move
lld/MachO/MarkLive.h	llvm-kain/lld/macho/MarkLive.h	529	lld	move
lld/MachO/ObjC.cpp	llvm-kain/lld/macho/ObjC.cpp	60800	lld	move
lld/MachO/ObjC.h	llvm-kain/lld/macho/ObjC.h	1690	lld	move
lld/MachO/Options.td	llvm-kain/lld/macho/Options.td	69400	lld	move
lld/MachO/OutputSection.cpp	llvm-kain/lld/macho/OutputSection.cpp	772	lld	move
lld/MachO/OutputSection.h	llvm-kain/lld/macho/OutputSection.h	3780	lld	move
lld/MachO/OutputSegment.cpp	llvm-kain/lld/macho/OutputSegment.cpp	8248	lld	move
lld/MachO/OutputSegment.h	llvm-kain/lld/macho/OutputSegment.h	2126	lld	move
lld/MachO/Relocations.cpp	llvm-kain/lld/macho/Relocations.cpp	5542	lld	move
lld/MachO/Relocations.h	llvm-kain/lld/macho/Relocations.h	4346	lld	move
lld/MachO/SectionPriorities.cpp	llvm-kain/lld/macho/SectionPriorities.cpp	15798	lld	move
lld/MachO/SectionPriorities.h	llvm-kain/lld/macho/SectionPriorities.h	4630	lld	move
lld/MachO/Sections.cpp	llvm-kain/lld/macho/Sections.cpp	1080	lld	move
lld/MachO/Sections.h	llvm-kain/lld/macho/Sections.h	668	lld	move
lld/MachO/Symbols.cpp	llvm-kain/lld/macho/Symbols.cpp	4619	lld	move
lld/MachO/Symbols.h	llvm-kain/lld/macho/Symbols.h	14291	lld	move
lld/MachO/SymbolTable.cpp	llvm-kain/lld/macho/SymbolTable.cpp	25852	lld	move
lld/MachO/SymbolTable.h	llvm-kain/lld/macho/SymbolTable.h	3023	lld	move
lld/MachO/SyntheticSections.cpp	llvm-kain/lld/macho/SyntheticSections.cpp	97066	lld	move
lld/MachO/SyntheticSections.h	llvm-kain/lld/macho/SyntheticSections.h	32555	lld	move
lld/MachO/Target.cpp	llvm-kain/lld/macho/Target.cpp	478	lld	move
lld/MachO/Target.h	llvm-kain/lld/macho/Target.h	7114	lld	move
lld/MachO/UnwindInfoSection.cpp	llvm-kain/lld/macho/UnwindInfoSection.cpp	32175	lld	move
lld/MachO/UnwindInfoSection.h	llvm-kain/lld/macho/UnwindInfoSection.h	1131	lld	move
lld/MachO/Writer.cpp	llvm-kain/lld/macho/Writer.cpp	49294	lld	move
lld/MachO/Writer.h	llvm-kain/lld/macho/Writer.h	1055	lld	move
lld/MachO/Arch/ARM64.cpp	llvm-kain/lld/macho/Arch/ARM64.cpp	9146	lld	move
lld/MachO/Arch/ARM64Common.cpp	llvm-kain/lld/macho/Arch/ARM64Common.cpp	5287	lld	move
lld/MachO/Arch/ARM64Common.h	llvm-kain/lld/macho/Arch/ARM64Common.h	8461	lld	move
lld/MachO/Arch/ARM64_32.cpp	llvm-kain/lld/macho/Arch/ARM64_32.cpp	4440	lld	move
lld/MachO/Arch/X86_64.cpp	llvm-kain/lld/macho/Arch/X86_64.cpp	9035	lld	move
llvm/include/CMakeLists.txt	(keep-in-place)	325	llvm-core	keep-in-place
llvm/include/module.extern.modulemap	(keep-in-place)	270	llvm-core	keep-in-place
llvm/include/module.install.modulemap	(keep-in-place)	969	llvm-core	keep-in-place
llvm/include/module.modulemap	(keep-in-place)	13168	llvm-core	keep-in-place
llvm/include/module.modulemap.build	(keep-in-place)	316	llvm-core	keep-in-place
llvm/include/llvm/CMakeLists.txt	(keep-in-place)	687	llvm-core	keep-in-place
llvm/include/llvm/InitializePasses.h	llvm-kain/include/core/InitializePasses.h	21223	include	move
llvm/include/llvm/LinkAllIR.h	llvm-kain/include/core/LinkAllIR.h	1899	include	move
llvm/include/llvm/LinkAllPasses.h	llvm-kain/include/core/LinkAllPasses.h	6841	include	move
llvm/include/llvm/Pass.h	llvm-kain/include/core/Pass.h	13743	include	move
llvm/include/llvm/PassAnalysisSupport.h	llvm-kain/include/core/PassAnalysisSupport.h	9987	include	move
llvm/include/llvm/PassInfo.h	llvm-kain/include/core/PassInfo.h	3287	include	move
llvm/include/llvm/PassRegistry.h	llvm-kain/include/core/PassRegistry.h	3393	include	move
llvm/include/llvm/PassSupport.h	llvm-kain/include/core/PassSupport.h	5466	include	move
llvm/include/llvm/ABI/FunctionInfo.h	llvm-kain/include/support/abi/FunctionInfo.h	8378	include	move
llvm/include/llvm/ABI/IRTypeMapper.h	llvm-kain/include/support/abi/IRTypeMapper.h	1983	include	move
llvm/include/llvm/ABI/TargetInfo.h	llvm-kain/include/support/abi/TargetInfo.h	3080	include	move
llvm/include/llvm/ABI/Types.h	llvm-kain/include/support/abi/Types.h	14815	include	move
llvm/include/llvm/ADT/AddressRanges.h	llvm-kain/include/support/adt/AddressRanges.h	6675	include	move
llvm/include/llvm/ADT/ADL.h	llvm-kain/include/support/adt/ADL.h	4244	include	move
llvm/include/llvm/ADT/AllocatorList.h	llvm-kain/include/support/adt/AllocatorList.h	7506	include	move
llvm/include/llvm/ADT/Any.h	llvm-kain/include/support/adt/Any.h	6095	include	move
llvm/include/llvm/ADT/APFixedPoint.h	llvm-kain/include/support/adt/APFixedPoint.h	13748	include	move
llvm/include/llvm/ADT/APFloat.h	llvm-kain/include/support/adt/APFloat.h	73910	include	move
llvm/include/llvm/ADT/APInt.h	llvm-kain/include/support/adt/APInt.h	88609	include	move
llvm/include/llvm/ADT/APSInt.h	llvm-kain/include/support/adt/APSInt.h	13234	include	move
llvm/include/llvm/ADT/ArrayRef.h	llvm-kain/include/support/adt/ArrayRef.h	19238	include	move
llvm/include/llvm/ADT/bit.h	llvm-kain/include/support/adt/bit.h	13232	include	move
llvm/include/llvm/ADT/Bitfields.h	llvm-kain/include/support/adt/Bitfields.h	9812	include	move
llvm/include/llvm/ADT/BitmaskEnum.h	llvm-kain/include/support/adt/BitmaskEnum.h	8554	include	move
llvm/include/llvm/ADT/Bitset.h	llvm-kain/include/support/adt/Bitset.h	8835	include	move
llvm/include/llvm/ADT/BitVector.h	llvm-kain/include/support/adt/BitVector.h	27445	include	move
llvm/include/llvm/ADT/BreadthFirstIterator.h	llvm-kain/include/support/adt/BreadthFirstIterator.h	4983	include	move
llvm/include/llvm/ADT/CachedHashString.h	llvm-kain/include/support/adt/CachedHashString.h	4700	include	move
llvm/include/llvm/ADT/CoalescingBitVector.h	llvm-kain/include/support/adt/CoalescingBitVector.h	15296	include	move
llvm/include/llvm/ADT/CombinationGenerator.h	llvm-kain/include/support/adt/CombinationGenerator.h	5530	include	move
llvm/include/llvm/ADT/ConcurrentHashtable.h	llvm-kain/include/support/adt/ConcurrentHashtable.h	12949	include	move
llvm/include/llvm/ADT/DAGDeltaAlgorithm.h	llvm-kain/include/support/adt/DAGDeltaAlgorithm.h	3188	include	move
llvm/include/llvm/ADT/DeltaAlgorithm.h	llvm-kain/include/support/adt/DeltaAlgorithm.h	3562	include	move
llvm/include/llvm/ADT/DeltaTree.h	llvm-kain/include/support/adt/DeltaTree.h	1911	include	move
llvm/include/llvm/ADT/DenseMap.h	llvm-kain/include/support/adt/DenseMap.h	49285	include	move
llvm/include/llvm/ADT/DenseMapInfo.h	llvm-kain/include/support/adt/DenseMapInfo.h	5822	include	move
llvm/include/llvm/ADT/DenseMapInfoVariant.h	llvm-kain/include/support/adt/DenseMapInfoVariant.h	2266	include	move
llvm/include/llvm/ADT/DenseSet.h	llvm-kain/include/support/adt/DenseSet.h	10036	include	move
llvm/include/llvm/ADT/DepthFirstIterator.h	llvm-kain/include/support/adt/DepthFirstIterator.h	10847	include	move
llvm/include/llvm/ADT/DirectedGraph.h	llvm-kain/include/support/adt/DirectedGraph.h	9109	include	move
llvm/include/llvm/ADT/DynamicAPInt.h	llvm-kain/include/support/adt/DynamicAPInt.h	26457	include	move
llvm/include/llvm/ADT/edit_distance.h	llvm-kain/include/support/adt/edit_distance.h	4394	include	move
llvm/include/llvm/ADT/EnumeratedArray.h	llvm-kain/include/support/adt/EnumeratedArray.h	2695	include	move
llvm/include/llvm/ADT/EpochTracker.h	llvm-kain/include/support/adt/EpochTracker.h	3483	include	move
llvm/include/llvm/ADT/EquivalenceClasses.h	llvm-kain/include/support/adt/EquivalenceClasses.h	14097	include	move
llvm/include/llvm/ADT/fallible_iterator.h	llvm-kain/include/support/adt/fallible_iterator.h	8449	include	move
llvm/include/llvm/ADT/FloatingPointMode.h	llvm-kain/include/support/adt/FloatingPointMode.h	15659	include	move
llvm/include/llvm/ADT/FoldingSet.h	llvm-kain/include/support/adt/FoldingSet.h	32362	include	move
llvm/include/llvm/ADT/FunctionExtras.h	llvm-kain/include/support/adt/FunctionExtras.h	15531	include	move
llvm/include/llvm/ADT/GenericConvergenceVerifier.h	llvm-kain/include/support/adt/GenericConvergenceVerifier.h	2822	include	move
llvm/include/llvm/ADT/GenericCycleImpl.h	llvm-kain/include/support/adt/GenericCycleImpl.h	22284	include	move
llvm/include/llvm/ADT/GenericCycleInfo.h	llvm-kain/include/support/adt/GenericCycleInfo.h	14333	include	move
llvm/include/llvm/ADT/GenericSSAContext.h	llvm-kain/include/support/adt/GenericSSAContext.h	4348	include	move
llvm/include/llvm/ADT/GenericUniformityImpl.h	llvm-kain/include/support/adt/GenericUniformityImpl.h	51811	include	move
llvm/include/llvm/ADT/GenericUniformityInfo.h	llvm-kain/include/support/adt/GenericUniformityInfo.h	3854	include	move
llvm/include/llvm/ADT/GraphTraits.h	llvm-kain/include/support/adt/GraphTraits.h	7085	include	move
llvm/include/llvm/ADT/Hashing.h	llvm-kain/include/support/adt/Hashing.h	15950	include	move
llvm/include/llvm/ADT/ilist.h	llvm-kain/include/support/adt/ilist.h	11886	include	move
llvm/include/llvm/ADT/ilist_base.h	llvm-kain/include/support/adt/ilist_base.h	2807	include	move
llvm/include/llvm/ADT/ilist_iterator.h	llvm-kain/include/support/adt/ilist_iterator.h	15607	include	move
llvm/include/llvm/ADT/ilist_node.h	llvm-kain/include/support/adt/ilist_node.h	12988	include	move
llvm/include/llvm/ADT/ilist_node_base.h	llvm-kain/include/support/adt/ilist_node_base.h	2565	include	move
llvm/include/llvm/ADT/ilist_node_options.h	llvm-kain/include/support/adt/ilist_node_options.h	7745	include	move
llvm/include/llvm/ADT/ImmutableList.h	llvm-kain/include/support/adt/ImmutableList.h	7670	include	move
llvm/include/llvm/ADT/ImmutableMap.h	llvm-kain/include/support/adt/ImmutableMap.h	10574	include	move
llvm/include/llvm/ADT/ImmutableSet.h	llvm-kain/include/support/adt/ImmutableSet.h	38356	include	move
llvm/include/llvm/ADT/IndexedMap.h	llvm-kain/include/support/adt/IndexedMap.h	2685	include	move
llvm/include/llvm/ADT/IntEqClasses.h	llvm-kain/include/support/adt/IntEqClasses.h	3030	include	move
llvm/include/llvm/ADT/IntervalMap.h	llvm-kain/include/support/adt/IntervalMap.h	76310	include	move
llvm/include/llvm/ADT/IntervalTree.h	llvm-kain/include/support/adt/IntervalTree.h	26928	include	move
llvm/include/llvm/ADT/IntrusiveRefCntPtr.h	llvm-kain/include/support/adt/IntrusiveRefCntPtr.h	9901	include	move
llvm/include/llvm/ADT/iterator.h	llvm-kain/include/support/adt/iterator.h	14307	include	move
llvm/include/llvm/ADT/iterator_range.h	llvm-kain/include/support/adt/iterator_range.h	2746	include	move
llvm/include/llvm/ADT/LazyAtomicPointer.h	llvm-kain/include/support/adt/LazyAtomicPointer.h	5779	include	move
llvm/include/llvm/ADT/MapVector.h	llvm-kain/include/support/adt/MapVector.h	11754	include	move
llvm/include/llvm/ADT/PackedVector.h	llvm-kain/include/support/adt/PackedVector.h	3943	include	move
llvm/include/llvm/ADT/PagedVector.h	llvm-kain/include/support/adt/PagedVector.h	9779	include	move
llvm/include/llvm/ADT/PointerEmbeddedInt.h	llvm-kain/include/support/adt/PointerEmbeddedInt.h	3857	include	move
llvm/include/llvm/ADT/PointerIntPair.h	llvm-kain/include/support/adt/PointerIntPair.h	9740	include	move
llvm/include/llvm/ADT/PointerSumType.h	llvm-kain/include/support/adt/PointerSumType.h	10675	include	move
llvm/include/llvm/ADT/PointerUnion.h	llvm-kain/include/support/adt/PointerUnion.h	16562	include	move
llvm/include/llvm/ADT/PostOrderIterator.h	llvm-kain/include/support/adt/PostOrderIterator.h	10792	include	move
llvm/include/llvm/ADT/PriorityQueue.h	llvm-kain/include/support/adt/PriorityQueue.h	2763	include	move
llvm/include/llvm/ADT/PriorityWorklist.h	llvm-kain/include/support/adt/PriorityWorklist.h	7692	include	move
llvm/include/llvm/ADT/RadixTree.h	llvm-kain/include/support/adt/RadixTree.h	12391	include	move
llvm/include/llvm/ADT/Repeated.h	llvm-kain/include/support/adt/Repeated.h	3864	include	move
llvm/include/llvm/ADT/RewriteBuffer.h	llvm-kain/include/support/adt/RewriteBuffer.h	4791	include	move
llvm/include/llvm/ADT/RewriteRope.h	llvm-kain/include/support/adt/RewriteRope.h	7407	include	move
llvm/include/llvm/ADT/SCCIterator.h	llvm-kain/include/support/adt/SCCIterator.h	13161	include	move
llvm/include/llvm/ADT/ScopedHashTable.h	llvm-kain/include/support/adt/ScopedHashTable.h	10340	include	move
llvm/include/llvm/ADT/ScopeExit.h	llvm-kain/include/support/adt/ScopeExit.h	1953	include	move
llvm/include/llvm/ADT/Sequence.h	llvm-kain/include/support/adt/Sequence.h	14159	include	move
llvm/include/llvm/ADT/SetOperations.h	llvm-kain/include/support/adt/SetOperations.h	5414	include	move
llvm/include/llvm/ADT/SetVector.h	llvm-kain/include/support/adt/SetVector.h	11541	include	move
llvm/include/llvm/ADT/simple_ilist.h	llvm-kain/include/support/adt/simple_ilist.h	11071	include	move
llvm/include/llvm/ADT/SlowDynamicAPInt.h	llvm-kain/include/support/adt/SlowDynamicAPInt.h	7109	include	move
llvm/include/llvm/ADT/SmallBitVector.h	llvm-kain/include/support/adt/SmallBitVector.h	20973	include	move
llvm/include/llvm/ADT/SmallPtrSet.h	llvm-kain/include/support/adt/SmallPtrSet.h	20921	include	move
llvm/include/llvm/ADT/SmallSet.h	llvm-kain/include/support/adt/SmallSet.h	9713	include	move
llvm/include/llvm/ADT/SmallString.h	llvm-kain/include/support/adt/SmallString.h	9716	include	move
llvm/include/llvm/ADT/SmallVector.h	llvm-kain/include/support/adt/SmallVector.h	48426	include	move
llvm/include/llvm/ADT/SmallVectorExtras.h	llvm-kain/include/support/adt/SmallVectorExtras.h	2083	include	move
llvm/include/llvm/ADT/SparseBitVector.h	llvm-kain/include/support/adt/SparseBitVector.h	26763	include	move
llvm/include/llvm/ADT/SparseMultiSet.h	llvm-kain/include/support/adt/SparseMultiSet.h	18037	include	move
llvm/include/llvm/ADT/SparseSet.h	llvm-kain/include/support/adt/SparseSet.h	11895	include	move
llvm/include/llvm/ADT/StableHashing.h	llvm-kain/include/support/adt/StableHashing.h	3508	include	move
llvm/include/llvm/ADT/Statistic.h	llvm-kain/include/support/adt/Statistic.h	7456	include	move
llvm/include/llvm/ADT/STLExtras.h	llvm-kain/include/support/adt/STLExtras.h	102966	include	move
llvm/include/llvm/ADT/STLForwardCompat.h	llvm-kain/include/support/adt/STLForwardCompat.h	15056	include	move
llvm/include/llvm/ADT/STLFunctionalExtras.h	llvm-kain/include/support/adt/STLFunctionalExtras.h	2879	include	move
llvm/include/llvm/ADT/StringExtras.h	llvm-kain/include/support/adt/StringExtras.h	21144	include	move
llvm/include/llvm/ADT/StringMap.h	llvm-kain/include/support/adt/StringMap.h	19460	include	move
llvm/include/llvm/ADT/StringMapEntry.h	llvm-kain/include/support/adt/StringMapEntry.h	6509	include	move
llvm/include/llvm/ADT/StringRef.h	llvm-kain/include/support/adt/StringRef.h	34608	include	move
llvm/include/llvm/ADT/StringSet.h	llvm-kain/include/support/adt/StringSet.h	1986	include	move
llvm/include/llvm/ADT/StringSwitch.h	llvm-kain/include/support/adt/StringSwitch.h	5076	include	move
llvm/include/llvm/ADT/StringTable.h	llvm-kain/include/support/adt/StringTable.h	5459	include	move
llvm/include/llvm/ADT/TinyPtrVector.h	llvm-kain/include/support/adt/TinyPtrVector.h	9089	include	move
llvm/include/llvm/ADT/TrieHashIndexGenerator.h	llvm-kain/include/support/adt/TrieHashIndexGenerator.h	4397	include	move
llvm/include/llvm/ADT/TrieRawHashMap.h	llvm-kain/include/support/adt/TrieRawHashMap.h	12765	include	move
llvm/include/llvm/ADT/Twine.h	llvm-kain/include/support/adt/Twine.h	18333	include	move
llvm/include/llvm/ADT/TypeSwitch.h	llvm-kain/include/support/adt/TypeSwitch.h	7197	include	move
llvm/include/llvm/ADT/Uniformity.h	llvm-kain/include/support/adt/Uniformity.h	1207	include	move
llvm/include/llvm/ADT/UniqueVector.h	llvm-kain/include/support/adt/UniqueVector.h	3161	include	move
llvm/include/llvm/Analysis/AliasAnalysis.h	llvm-kain/include/core/analysis/AliasAnalysis.h	46353	include	move
llvm/include/llvm/Analysis/AliasAnalysisEvaluator.h	llvm-kain/include/core/analysis/AliasAnalysisEvaluator.h	2223	include	move
llvm/include/llvm/Analysis/AliasSetTracker.h	llvm-kain/include/core/analysis/AliasSetTracker.h	10062	include	move
llvm/include/llvm/Analysis/AssumeBundleQueries.h	llvm-kain/include/core/analysis/AssumeBundleQueries.h	6825	include	move
llvm/include/llvm/Analysis/AssumptionCache.h	llvm-kain/include/core/analysis/AssumptionCache.h	9376	include	move
llvm/include/llvm/Analysis/BasicAliasAnalysis.h	llvm-kain/include/core/analysis/BasicAliasAnalysis.h	7530	include	move
llvm/include/llvm/Analysis/BlockFrequencyInfo.h	llvm-kain/include/core/analysis/BlockFrequencyInfo.h	6150	include	move
llvm/include/llvm/Analysis/BlockFrequencyInfoImpl.h	llvm-kain/include/core/analysis/BlockFrequencyInfoImpl.h	67315	include	move
llvm/include/llvm/Analysis/BranchProbabilityInfo.h	llvm-kain/include/core/analysis/BranchProbabilityInfo.h	10007	include	move
llvm/include/llvm/Analysis/CallGraph.h	llvm-kain/include/core/analysis/CallGraph.h	18752	include	move
llvm/include/llvm/Analysis/CallGraphSCCPass.h	llvm-kain/include/core/analysis/CallGraphSCCPass.h	4833	include	move
llvm/include/llvm/Analysis/CallPrinter.h	llvm-kain/include/core/analysis/CallPrinter.h	1313	include	move
llvm/include/llvm/Analysis/CaptureTracking.h	llvm-kain/include/core/analysis/CaptureTracking.h	9999	include	move
llvm/include/llvm/Analysis/CFG.h	llvm-kain/include/core/analysis/CFG.h	9419	include	move
llvm/include/llvm/Analysis/CFGPrinter.h	llvm-kain/include/core/analysis/CFGPrinter.h	11261	include	move
llvm/include/llvm/Analysis/CFGSCCPrinter.h	llvm-kain/include/core/analysis/CFGSCCPrinter.h	768	include	move
llvm/include/llvm/Analysis/CGSCCPassManager.h	llvm-kain/include/core/analysis/CGSCCPassManager.h	25913	include	move
llvm/include/llvm/Analysis/CMakeLists.txt	llvm-kain/include/core/analysis/CMakeLists.txt	153	include	move
llvm/include/llvm/Analysis/CmpInstAnalysis.h	llvm-kain/include/core/analysis/CmpInstAnalysis.h	5214	include	move
llvm/include/llvm/Analysis/CodeMetrics.h	llvm-kain/include/core/analysis/CodeMetrics.h	3421	include	move
llvm/include/llvm/Analysis/ConstantFolding.h	llvm-kain/include/core/analysis/ConstantFolding.h	10313	include	move
llvm/include/llvm/Analysis/ConstraintSystem.h	llvm-kain/include/core/analysis/ConstraintSystem.h	5338	include	move
llvm/include/llvm/Analysis/CostModel.h	llvm-kain/include/core/analysis/CostModel.h	850	include	move
llvm/include/llvm/Analysis/CtxProfAnalysis.h	llvm-kain/include/core/analysis/CtxProfAnalysis.h	7876	include	move
llvm/include/llvm/Analysis/CycleAnalysis.h	llvm-kain/include/core/analysis/CycleAnalysis.h	2441	include	move
llvm/include/llvm/Analysis/DDG.h	llvm-kain/include/core/analysis/DDG.h	20354	include	move
llvm/include/llvm/Analysis/DDGPrinter.h	llvm-kain/include/core/analysis/DDGPrinter.h	4088	include	move
llvm/include/llvm/Analysis/Delinearization.h	llvm-kain/include/core/analysis/Delinearization.h	7556	include	move
llvm/include/llvm/Analysis/DemandedBits.h	llvm-kain/include/core/analysis/DemandedBits.h	4522	include	move
llvm/include/llvm/Analysis/DependenceAnalysis.h	llvm-kain/include/core/analysis/DependenceAnalysis.h	33498	include	move
llvm/include/llvm/Analysis/DependenceGraphBuilder.h	llvm-kain/include/core/analysis/DependenceGraphBuilder.h	7924	include	move
llvm/include/llvm/Analysis/DomConditionCache.h	llvm-kain/include/core/analysis/DomConditionCache.h	1851	include	move
llvm/include/llvm/Analysis/DominanceFrontier.h	llvm-kain/include/core/analysis/DominanceFrontier.h	5293	include	move
llvm/include/llvm/Analysis/DominanceFrontierImpl.h	llvm-kain/include/core/analysis/DominanceFrontierImpl.h	5580	include	move
llvm/include/llvm/Analysis/DomPrinter.h	llvm-kain/include/core/analysis/DomPrinter.h	4350	include	move
llvm/include/llvm/Analysis/DomTreeUpdater.h	llvm-kain/include/core/analysis/DomTreeUpdater.h	5289	include	move
llvm/include/llvm/Analysis/DOTGraphTraitsPass.h	llvm-kain/include/core/analysis/DOTGraphTraitsPass.h	11390	include	move
llvm/include/llvm/Analysis/DXILMetadataAnalysis.h	llvm-kain/include/core/analysis/DXILMetadataAnalysis.h	3112	include	move
llvm/include/llvm/Analysis/DXILResource.h	llvm-kain/include/core/analysis/DXILResource.h	24778	include	move
llvm/include/llvm/Analysis/EHUtils.h	llvm-kain/include/core/analysis/EHUtils.h	2434	include	move
llvm/include/llvm/Analysis/EphemeralValuesCache.h	llvm-kain/include/core/analysis/EphemeralValuesCache.h	1750	include	move
llvm/include/llvm/Analysis/FloatingPointPredicateUtils.h	llvm-kain/include/core/analysis/FloatingPointPredicateUtils.h	3626	include	move
llvm/include/llvm/Analysis/FunctionPropertiesAnalysis.h	llvm-kain/include/core/analysis/FunctionPropertiesAnalysis.h	7791	include	move
llvm/include/llvm/Analysis/GenericDomTreeUpdater.h	llvm-kain/include/core/analysis/GenericDomTreeUpdater.h	10644	include	move
llvm/include/llvm/Analysis/GenericDomTreeUpdaterImpl.h	llvm-kain/include/core/analysis/GenericDomTreeUpdaterImpl.h	16005	include	move
llvm/include/llvm/Analysis/GlobalsModRef.h	llvm-kain/include/core/analysis/GlobalsModRef.h	6255	include	move
llvm/include/llvm/Analysis/GuardUtils.h	llvm-kain/include/core/analysis/GuardUtils.h	3077	include	move
llvm/include/llvm/Analysis/HashRecognize.h	llvm-kain/include/core/analysis/HashRecognize.h	3668	include	move
llvm/include/llvm/Analysis/HeatUtils.h	llvm-kain/include/core/analysis/HeatUtils.h	1331	include	move
llvm/include/llvm/Analysis/IndirectCallPromotionAnalysis.h	llvm-kain/include/core/analysis/IndirectCallPromotionAnalysis.h	2765	include	move
llvm/include/llvm/Analysis/IndirectCallVisitor.h	llvm-kain/include/core/analysis/IndirectCallVisitor.h	3426	include	move
llvm/include/llvm/Analysis/InlineAdvisor.h	llvm-kain/include/core/analysis/InlineAdvisor.h	15210	include	move
llvm/include/llvm/Analysis/InlineCost.h	llvm-kain/include/core/analysis/InlineCost.h	14625	include	move
llvm/include/llvm/Analysis/InlineModelFeatureMaps.h	llvm-kain/include/core/analysis/InlineModelFeatureMaps.h	9681	include	move
llvm/include/llvm/Analysis/InlineOrder.h	llvm-kain/include/core/analysis/InlineOrder.h	2431	include	move
llvm/include/llvm/Analysis/InstCount.h	llvm-kain/include/core/analysis/InstCount.h	1015	include	move
llvm/include/llvm/Analysis/InstructionPrecedenceTracking.h	llvm-kain/include/core/analysis/InstructionPrecedenceTracking.h	6351	include	move
llvm/include/llvm/Analysis/InstructionSimplify.h	llvm-kain/include/core/analysis/InstructionSimplify.h	14842	include	move
llvm/include/llvm/Analysis/InstSimplifyFolder.h	llvm-kain/include/core/analysis/InstSimplifyFolder.h	5488	include	move
llvm/include/llvm/Analysis/InteractiveModelRunner.h	llvm-kain/include/core/analysis/InteractiveModelRunner.h	2770	include	move
llvm/include/llvm/Analysis/InterestingMemoryOperand.h	llvm-kain/include/core/analysis/InterestingMemoryOperand.h	2272	include	move
llvm/include/llvm/Analysis/IR2Vec.h	llvm-kain/include/core/analysis/IR2Vec.h	26630	include	move
llvm/include/llvm/Analysis/IRSimilarityIdentifier.h	llvm-kain/include/core/analysis/IRSimilarityIdentifier.h	51638	include	move
llvm/include/llvm/Analysis/IteratedDominanceFrontier.h	llvm-kain/include/core/analysis/IteratedDominanceFrontier.h	2519	include	move
llvm/include/llvm/Analysis/IVDescriptors.h	llvm-kain/include/core/analysis/IVDescriptors.h	22335	include	move
llvm/include/llvm/Analysis/IVUsers.h	llvm-kain/include/core/analysis/IVUsers.h	6409	include	move
llvm/include/llvm/Analysis/KernelInfo.h	llvm-kain/include/core/analysis/KernelInfo.h	1056	include	move
llvm/include/llvm/Analysis/LastRunTrackingAnalysis.h	llvm-kain/include/core/analysis/LastRunTrackingAnalysis.h	4301	include	move
llvm/include/llvm/Analysis/LazyBlockFrequencyInfo.h	llvm-kain/include/core/analysis/LazyBlockFrequencyInfo.h	4274	include	move
llvm/include/llvm/Analysis/LazyBranchProbabilityInfo.h	llvm-kain/include/core/analysis/LazyBranchProbabilityInfo.h	4319	include	move
llvm/include/llvm/Analysis/LazyCallGraph.h	llvm-kain/include/core/analysis/LazyCallGraph.h	51359	include	move
llvm/include/llvm/Analysis/LazyValueInfo.h	llvm-kain/include/core/analysis/LazyValueInfo.h	7173	include	move
llvm/include/llvm/Analysis/Lint.h	llvm-kain/include/core/analysis/Lint.h	1660	include	move
llvm/include/llvm/Analysis/Loads.h	llvm-kain/include/core/analysis/Loads.h	11399	include	move
llvm/include/llvm/Analysis/LoopAccessAnalysis.h	llvm-kain/include/core/analysis/LoopAccessAnalysis.h	43276	include	move
llvm/include/llvm/Analysis/LoopAnalysisManager.h	llvm-kain/include/core/analysis/LoopAnalysisManager.h	5997	include	move
llvm/include/llvm/Analysis/LoopCacheAnalysis.h	llvm-kain/include/core/analysis/LoopCacheAnalysis.h	12791	include	move
llvm/include/llvm/Analysis/LoopInfo.h	llvm-kain/include/core/analysis/LoopInfo.h	28426	include	move
llvm/include/llvm/Analysis/LoopIterator.h	llvm-kain/include/core/analysis/LoopIterator.h	8260	include	move
llvm/include/llvm/Analysis/LoopNestAnalysis.h	llvm-kain/include/core/analysis/LoopNestAnalysis.h	8294	include	move
llvm/include/llvm/Analysis/LoopPass.h	llvm-kain/include/core/analysis/LoopPass.h	4459	include	move
llvm/include/llvm/Analysis/LoopUnrollAnalyzer.h	llvm-kain/include/core/analysis/LoopUnrollAnalyzer.h	3434	include	move
llvm/include/llvm/Analysis/MemDerefPrinter.h	llvm-kain/include/core/analysis/MemDerefPrinter.h	803	include	move
llvm/include/llvm/Analysis/MemoryBuiltins.h	llvm-kain/include/core/analysis/MemoryBuiltins.h	15942	include	move
llvm/include/llvm/Analysis/MemoryDependenceAnalysis.h	llvm-kain/include/core/analysis/MemoryDependenceAnalysis.h	23655	include	move
llvm/include/llvm/Analysis/MemoryLocation.h	llvm-kain/include/core/analysis/MemoryLocation.h	13324	include	move
llvm/include/llvm/Analysis/MemoryProfileInfo.h	llvm-kain/include/core/analysis/MemoryProfileInfo.h	11125	include	move
llvm/include/llvm/Analysis/MemorySSA.h	llvm-kain/include/core/analysis/MemorySSA.h	50709	include	move
llvm/include/llvm/Analysis/MemorySSAUpdater.h	llvm-kain/include/core/analysis/MemorySSAUpdater.h	15315	include	move
llvm/include/llvm/Analysis/MLInlineAdvisor.h	llvm-kain/include/core/analysis/MLInlineAdvisor.h	4928	include	move
llvm/include/llvm/Analysis/MLModelRunner.h	llvm-kain/include/core/analysis/MLModelRunner.h	2730	include	move
llvm/include/llvm/Analysis/ModelUnderTrainingRunner.h	llvm-kain/include/core/analysis/ModelUnderTrainingRunner.h	2880	include	move
llvm/include/llvm/Analysis/ModuleDebugInfoPrinter.h	llvm-kain/include/core/analysis/ModuleDebugInfoPrinter.h	933	include	move
llvm/include/llvm/Analysis/ModuleSummaryAnalysis.h	llvm-kain/include/core/analysis/ModuleSummaryAnalysis.h	3827	include	move
llvm/include/llvm/Analysis/MustExecute.h	llvm-kain/include/core/analysis/MustExecute.h	21392	include	move
llvm/include/llvm/Analysis/NoInferenceModelRunner.h	llvm-kain/include/core/analysis/NoInferenceModelRunner.h	1231	include	move
llvm/include/llvm/Analysis/ObjCARCAliasAnalysis.h	llvm-kain/include/core/analysis/ObjCARCAliasAnalysis.h	3013	include	move
llvm/include/llvm/Analysis/ObjCARCAnalysisUtils.h	llvm-kain/include/core/analysis/ObjCARCAnalysisUtils.h	9846	include	move
llvm/include/llvm/Analysis/ObjCARCInstKind.h	llvm-kain/include/core/analysis/ObjCARCInstKind.h	5108	include	move
llvm/include/llvm/Analysis/ObjCARCUtil.h	llvm-kain/include/core/analysis/ObjCARCUtil.h	3371	include	move
llvm/include/llvm/Analysis/OptimizationRemarkEmitter.h	llvm-kain/include/core/analysis/OptimizationRemarkEmitter.h	6909	include	move
llvm/include/llvm/Analysis/OverflowInstAnalysis.h	llvm-kain/include/core/analysis/OverflowInstAnalysis.h	1844	include	move
llvm/include/llvm/Analysis/Passes.h	llvm-kain/include/core/analysis/Passes.h	1530	include	move
llvm/include/llvm/Analysis/PHITransAddr.h	llvm-kain/include/core/analysis/PHITransAddr.h	6794	include	move
llvm/include/llvm/Analysis/PhiValues.h	llvm-kain/include/core/analysis/PhiValues.h	5444	include	move
llvm/include/llvm/Analysis/PostDominators.h	llvm-kain/include/core/analysis/PostDominators.h	3545	include	move
llvm/include/llvm/Analysis/ProfileSummaryInfo.h	llvm-kain/include/core/analysis/ProfileSummaryInfo.h	15825	include	move
llvm/include/llvm/Analysis/PtrUseVisitor.h	llvm-kain/include/core/analysis/PtrUseVisitor.h	10651	include	move
llvm/include/llvm/Analysis/RegionInfo.h	llvm-kain/include/core/analysis/RegionInfo.h	36110	include	move
llvm/include/llvm/Analysis/RegionInfoImpl.h	llvm-kain/include/core/analysis/RegionInfoImpl.h	24766	include	move
llvm/include/llvm/Analysis/RegionIterator.h	llvm-kain/include/core/analysis/RegionIterator.h	14450	include	move
llvm/include/llvm/Analysis/RegionPass.h	llvm-kain/include/core/analysis/RegionPass.h	4149	include	move
llvm/include/llvm/Analysis/RegionPrinter.h	llvm-kain/include/core/analysis/RegionPrinter.h	2627	include	move
llvm/include/llvm/Analysis/ReleaseModeModelRunner.h	llvm-kain/include/core/analysis/ReleaseModeModelRunner.h	6697	include	move
llvm/include/llvm/Analysis/ReplayInlineAdvisor.h	llvm-kain/include/core/analysis/ReplayInlineAdvisor.h	3057	include	move
llvm/include/llvm/Analysis/RuntimeLibcallInfo.h	llvm-kain/include/core/analysis/RuntimeLibcallInfo.h	2268	include	move
llvm/include/llvm/Analysis/ScalarEvolution.h	llvm-kain/include/core/analysis/ScalarEvolution.h	123923	include	move
llvm/include/llvm/Analysis/ScalarEvolutionAliasAnalysis.h	llvm-kain/include/core/analysis/ScalarEvolutionAliasAnalysis.h	2330	include	move
llvm/include/llvm/Analysis/ScalarEvolutionDivision.h	llvm-kain/include/core/analysis/ScalarEvolutionDivision.h	3883	include	move
llvm/include/llvm/Analysis/ScalarEvolutionExpressions.h	llvm-kain/include/core/analysis/ScalarEvolutionExpressions.h	36664	include	move
llvm/include/llvm/Analysis/ScalarEvolutionNormalization.h	llvm-kain/include/core/analysis/ScalarEvolutionNormalization.h	2920	include	move
llvm/include/llvm/Analysis/ScalarEvolutionPatternMatch.h	llvm-kain/include/core/analysis/ScalarEvolutionPatternMatch.h	13638	include	move
llvm/include/llvm/Analysis/ScalarFuncs.def	llvm-kain/include/core/analysis/ScalarFuncs.def	4667	include	move
llvm/include/llvm/Analysis/ScopedNoAliasAA.h	llvm-kain/include/core/analysis/ScopedNoAliasAA.h	3530	include	move
llvm/include/llvm/Analysis/SimplifyQuery.h	llvm-kain/include/core/analysis/SimplifyQuery.h	4637	include	move
llvm/include/llvm/Analysis/SparsePropagation.h	llvm-kain/include/core/analysis/SparsePropagation.h	19920	include	move
llvm/include/llvm/Analysis/StackLifetime.h	llvm-kain/include/core/analysis/StackLifetime.h	6473	include	move
llvm/include/llvm/Analysis/StackSafetyAnalysis.h	llvm-kain/include/core/analysis/StackSafetyAnalysis.h	5662	include	move
llvm/include/llvm/Analysis/StaticDataProfileInfo.h	llvm-kain/include/core/analysis/StaticDataProfileInfo.h	4386	include	move
llvm/include/llvm/Analysis/StructuralHash.h	llvm-kain/include/core/analysis/StructuralHash.h	1217	include	move
llvm/include/llvm/Analysis/SyntheticCountsUtils.h	llvm-kain/include/core/analysis/SyntheticCountsUtils.h	1931	include	move
llvm/include/llvm/Analysis/TargetFolder.h	llvm-kain/include/core/analysis/TargetFolder.h	7750	include	move
llvm/include/llvm/Analysis/TargetLibraryInfo.h	llvm-kain/include/core/analysis/TargetLibraryInfo.h	25990	include	move
llvm/include/llvm/Analysis/TargetLibraryInfo.td	llvm-kain/include/core/analysis/TargetLibraryInfo.td	59533	include	move
llvm/include/llvm/Analysis/TargetLibraryInfoImpl.td	llvm-kain/include/core/analysis/TargetLibraryInfoImpl.td	1703	include	move
llvm/include/llvm/Analysis/TargetTransformInfo.h	llvm-kain/include/core/analysis/TargetTransformInfo.h	105796	include	move
llvm/include/llvm/Analysis/TargetTransformInfoImpl.h	llvm-kain/include/core/analysis/TargetTransformInfoImpl.h	67448	include	move
llvm/include/llvm/Analysis/TensorSpec.h	llvm-kain/include/core/analysis/TensorSpec.h	5286	include	move
llvm/include/llvm/Analysis/Trace.h	llvm-kain/include/core/analysis/Trace.h	4266	include	move
llvm/include/llvm/Analysis/TypeBasedAliasAnalysis.h	llvm-kain/include/core/analysis/TypeBasedAliasAnalysis.h	3961	include	move
llvm/include/llvm/Analysis/TypeMetadataUtils.h	llvm-kain/include/core/analysis/TypeMetadataUtils.h	3500	include	move
llvm/include/llvm/Analysis/UniformityAnalysis.h	llvm-kain/include/core/analysis/UniformityAnalysis.h	2348	include	move
llvm/include/llvm/Analysis/ValueLattice.h	llvm-kain/include/core/analysis/ValueLattice.h	16936	include	move
llvm/include/llvm/Analysis/ValueLatticeUtils.h	llvm-kain/include/core/analysis/ValueLatticeUtils.h	1764	include	move
llvm/include/llvm/Analysis/ValueTracking.h	llvm-kain/include/core/analysis/ValueTracking.h	53462	include	move
llvm/include/llvm/Analysis/VecFuncs.def	llvm-kain/include/core/analysis/VecFuncs.def	130630	include	move
llvm/include/llvm/Analysis/VectorUtils.h	llvm-kain/include/core/analysis/VectorUtils.h	37491	include	move
llvm/include/llvm/Analysis/WithCache.h	llvm-kain/include/core/analysis/WithCache.h	2532	include	move
llvm/include/llvm/Analysis/Utils/ImportedFunctionsInliningStatistics.h	llvm-kain/include/core/analysis/Utils/ImportedFunctionsInliningStatistics.h	4596	include	move
llvm/include/llvm/Analysis/Utils/Local.h	llvm-kain/include/core/analysis/Utils/Local.h	1260	include	move
llvm/include/llvm/Analysis/Utils/TFUtils.h	llvm-kain/include/core/analysis/Utils/TFUtils.h	3956	include	move
llvm/include/llvm/Analysis/Utils/TrainingLogger.h	llvm-kain/include/core/analysis/Utils/TrainingLogger.h	5627	include	move
llvm/include/llvm/AsmParser/AsmParserContext.h	llvm-kain/include/core/ir/AsmParserContext.h	4673	include	move
llvm/include/llvm/AsmParser/FileLoc.h	llvm-kain/include/core/ir/FileLoc.h	1576	include	move
llvm/include/llvm/AsmParser/LLLexer.h	llvm-kain/include/core/ir/LLLexer.h	4783	include	move
llvm/include/llvm/AsmParser/LLParser.h	llvm-kain/include/core/ir/LLParser.h	31484	include	move
llvm/include/llvm/AsmParser/LLToken.h	llvm-kain/include/core/ir/LLToken.h	9485	include	move
llvm/include/llvm/AsmParser/NumberedValues.h	llvm-kain/include/core/ir/NumberedValues.h	985	include	move
llvm/include/llvm/AsmParser/Parser.h	llvm-kain/include/core/ir/Parser.h	9656	include	move
llvm/include/llvm/AsmParser/SlotMapping.h	llvm-kain/include/core/ir/SlotMapping.h	1348	include	move
llvm/include/llvm/BinaryFormat/AMDGPUMetadataVerifier.h	llvm-kain/include/core/support/AMDGPUMetadataVerifier.h	2780	include	move
llvm/include/llvm/BinaryFormat/COFF.h	llvm-kain/include/core/support/COFF.h	29118	include	move
llvm/include/llvm/BinaryFormat/Dwarf.def	llvm-kain/include/core/support/Dwarf.def	58375	include	move
llvm/include/llvm/BinaryFormat/Dwarf.h	llvm-kain/include/core/support/Dwarf.h	39082	include	move
llvm/include/llvm/BinaryFormat/DXContainer.h	llvm-kain/include/core/support/DXContainer.h	28506	include	move
llvm/include/llvm/BinaryFormat/DXContainerConstants.def	llvm-kain/include/core/support/DXContainerConstants.def	14481	include	move
llvm/include/llvm/BinaryFormat/DynamicTags.def	llvm-kain/include/core/support/DynamicTags.def	14845	include	move
llvm/include/llvm/BinaryFormat/ELF.h	llvm-kain/include/core/support/ELF.h	81448	include	move
llvm/include/llvm/BinaryFormat/GOFF.h	llvm-kain/include/core/support/GOFF.h	8033	include	move
llvm/include/llvm/BinaryFormat/MachO.def	llvm-kain/include/core/support/MachO.def	7457	include	move
llvm/include/llvm/BinaryFormat/MachO.h	llvm-kain/include/core/support/MachO.h	68804	include	move
llvm/include/llvm/BinaryFormat/Magic.h	llvm-kain/include/core/support/Magic.h	3868	include	move
llvm/include/llvm/BinaryFormat/Minidump.h	llvm-kain/include/core/support/Minidump.h	9429	include	move
llvm/include/llvm/BinaryFormat/MinidumpConstants.def	llvm-kain/include/core/support/MinidumpConstants.def	6780	include	move
llvm/include/llvm/BinaryFormat/MsgPack.def	llvm-kain/include/core/support/MsgPack.def	3244	include	move
llvm/include/llvm/BinaryFormat/MsgPack.h	llvm-kain/include/core/support/MsgPack.h	3427	include	move
llvm/include/llvm/BinaryFormat/MsgPackDocument.h	llvm-kain/include/core/support/MsgPackDocument.h	16238	include	move
llvm/include/llvm/BinaryFormat/MsgPackReader.h	llvm-kain/include/core/support/MsgPackReader.h	4638	include	move
llvm/include/llvm/BinaryFormat/MsgPackWriter.h	llvm-kain/include/core/support/MsgPackWriter.h	4286	include	move
llvm/include/llvm/BinaryFormat/SFrame.h	llvm-kain/include/core/support/SFrame.h	6358	include	move
llvm/include/llvm/BinaryFormat/SFrameConstants.def	llvm-kain/include/core/support/SFrameConstants.def	2239	include	move
llvm/include/llvm/BinaryFormat/Swift.def	llvm-kain/include/core/support/Swift.def	1702	include	move
llvm/include/llvm/BinaryFormat/Swift.h	llvm-kain/include/core/support/Swift.h	663	include	move
llvm/include/llvm/BinaryFormat/Wasm.h	llvm-kain/include/core/support/Wasm.h	16494	include	move
llvm/include/llvm/BinaryFormat/WasmRelocs.def	llvm-kain/include/core/support/WasmRelocs.def	1351	include	move
llvm/include/llvm/BinaryFormat/WasmTraits.h	llvm-kain/include/core/support/WasmTraits.h	2653	include	move
llvm/include/llvm/BinaryFormat/XCOFF.h	llvm-kain/include/core/support/XCOFF.h	21315	include	move
llvm/include/llvm/BinaryFormat/ELFRelocs/AArch64.def	llvm-kain/include/core/support/ELFRelocs/AArch64.def	14858	include	move
llvm/include/llvm/BinaryFormat/ELFRelocs/AMDGPU.def	llvm-kain/include/core/support/ELFRelocs/AMDGPU.def	593	include	move
llvm/include/llvm/BinaryFormat/ELFRelocs/ARC.def	llvm-kain/include/core/support/ELFRelocs/ARC.def	2960	include	move
llvm/include/llvm/BinaryFormat/ELFRelocs/ARM.def	llvm-kain/include/core/support/ELFRelocs/ARM.def	6803	include	move
llvm/include/llvm/BinaryFormat/ELFRelocs/AVR.def	llvm-kain/include/core/support/ELFRelocs/AVR.def	1574	include	move
llvm/include/llvm/BinaryFormat/ELFRelocs/BPF.def	llvm-kain/include/core/support/ELFRelocs/BPF.def	270	include	move
llvm/include/llvm/BinaryFormat/ELFRelocs/CSKY.def	llvm-kain/include/core/support/ELFRelocs/CSKY.def	3581	include	move
llvm/include/llvm/BinaryFormat/ELFRelocs/Hexagon.def	llvm-kain/include/core/support/ELFRelocs/Hexagon.def	4169	include	move
llvm/include/llvm/BinaryFormat/ELFRelocs/i386.def	llvm-kain/include/core/support/ELFRelocs/i386.def	1559	include	move
llvm/include/llvm/BinaryFormat/ELFRelocs/Lanai.def	llvm-kain/include/core/support/ELFRelocs/Lanai.def	542	include	move
llvm/include/llvm/BinaryFormat/ELFRelocs/LoongArch.def	llvm-kain/include/core/support/ELFRelocs/LoongArch.def	7344	include	move
llvm/include/llvm/BinaryFormat/ELFRelocs/M68k.def	llvm-kain/include/core/support/ELFRelocs/M68k.def	2281	include	move
llvm/include/llvm/BinaryFormat/ELFRelocs/Mips.def	llvm-kain/include/core/support/ELFRelocs/Mips.def	4747	include	move
llvm/include/llvm/BinaryFormat/ELFRelocs/MSP430.def	llvm-kain/include/core/support/ELFRelocs/MSP430.def	525	include	move
llvm/include/llvm/BinaryFormat/ELFRelocs/PowerPC.def	llvm-kain/include/core/support/ELFRelocs/PowerPC.def	5220	include	move
llvm/include/llvm/BinaryFormat/ELFRelocs/PowerPC64.def	llvm-kain/include/core/support/ELFRelocs/PowerPC64.def	7529	include	move
llvm/include/llvm/BinaryFormat/ELFRelocs/RISCV.def	llvm-kain/include/core/support/ELFRelocs/RISCV.def	5064	include	move
llvm/include/llvm/BinaryFormat/ELFRelocs/RISCV_nonstandard.def	llvm-kain/include/core/support/ELFRelocs/RISCV_nonstandard.def	1920	include	move
llvm/include/llvm/BinaryFormat/ELFRelocs/Sparc.def	llvm-kain/include/core/support/ELFRelocs/Sparc.def	3331	include	move
llvm/include/llvm/BinaryFormat/ELFRelocs/SystemZ.def	llvm-kain/include/core/support/ELFRelocs/SystemZ.def	2306	include	move
llvm/include/llvm/BinaryFormat/ELFRelocs/VE.def	llvm-kain/include/core/support/ELFRelocs/VE.def	1494	include	move
llvm/include/llvm/BinaryFormat/ELFRelocs/x86_64.def	llvm-kain/include/core/support/ELFRelocs/x86_64.def	1687	include	move
llvm/include/llvm/BinaryFormat/ELFRelocs/Xtensa.def	llvm-kain/include/core/support/ELFRelocs/Xtensa.def	2352	include	move
llvm/include/llvm/Bitcode/BitcodeAnalyzer.h	llvm-kain/include/core/ir/BitcodeAnalyzer.h	3575	include	move
llvm/include/llvm/Bitcode/BitcodeCommon.h	llvm-kain/include/core/ir/BitcodeCommon.h	1287	include	move
llvm/include/llvm/Bitcode/BitcodeConvenience.h	llvm-kain/include/core/ir/BitcodeConvenience.h	18012	include	move
llvm/include/llvm/Bitcode/BitcodeReader.h	llvm-kain/include/core/ir/BitcodeReader.h	13897	include	move
llvm/include/llvm/Bitcode/BitcodeWriter.h	llvm-kain/include/core/ir/BitcodeWriter.h	7860	include	move
llvm/include/llvm/Bitcode/BitcodeWriterPass.h	llvm-kain/include/core/ir/BitcodeWriterPass.h	2490	include	move
llvm/include/llvm/Bitcode/LLVMBitCodes.h	llvm-kain/include/core/ir/LLVMBitCodes.h	34213	include	move
llvm/include/llvm/Bitstream/BitCodeEnums.h	llvm-kain/include/core/ir/BitCodeEnums.h	3414	include	move
llvm/include/llvm/Bitstream/BitCodes.h	llvm-kain/include/core/ir/BitCodes.h	4384	include	move
llvm/include/llvm/Bitstream/BitstreamReader.h	llvm-kain/include/core/ir/BitstreamReader.h	19025	include	move
llvm/include/llvm/Bitstream/BitstreamWriter.h	llvm-kain/include/core/ir/BitstreamWriter.h	25804	include	move
llvm/include/llvm/CodeGen/AccelTable.h	llvm-kain/include/target/shared/codegen/AccelTable.h	19414	include	move
llvm/include/llvm/CodeGen/Analysis.h	llvm-kain/include/target/shared/codegen/Analysis.h	7332	include	move
llvm/include/llvm/CodeGen/AntiDepBreaker.h	llvm-kain/include/target/shared/codegen/AntiDepBreaker.h	4046	include	move
llvm/include/llvm/CodeGen/AsmPrinter.h	llvm-kain/include/target/shared/codegen/AsmPrinter.h	40697	include	move
llvm/include/llvm/CodeGen/AsmPrinterAnalysis.h	llvm-kain/include/target/shared/codegen/AsmPrinterAnalysis.h	1573	include	move
llvm/include/llvm/CodeGen/AsmPrinterHandler.h	llvm-kain/include/target/shared/codegen/AsmPrinterHandler.h	3121	include	move
llvm/include/llvm/CodeGen/AssignmentTrackingAnalysis.h	llvm-kain/include/target/shared/codegen/AssignmentTrackingAnalysis.h	4960	include	move
llvm/include/llvm/CodeGen/AtomicExpand.h	llvm-kain/include/target/shared/codegen/AtomicExpand.h	852	include	move
llvm/include/llvm/CodeGen/BasicBlockMatchingAndInference.h	llvm-kain/include/target/shared/codegen/BasicBlockMatchingAndInference.h	2040	include	move
llvm/include/llvm/CodeGen/BasicBlockSectionsProfileReader.h	llvm-kain/include/target/shared/codegen/BasicBlockSectionsProfileReader.h	10007	include	move
llvm/include/llvm/CodeGen/BasicBlockSectionUtils.h	llvm-kain/include/target/shared/codegen/BasicBlockSectionUtils.h	1521	include	move
llvm/include/llvm/CodeGen/BasicTTIImpl.h	llvm-kain/include/target/shared/codegen/BasicTTIImpl.h	147741	include	move
llvm/include/llvm/CodeGen/BranchFoldingPass.h	llvm-kain/include/target/shared/codegen/BranchFoldingPass.h	1013	include	move
llvm/include/llvm/CodeGen/BranchRelaxation.h	llvm-kain/include/target/shared/codegen/BranchRelaxation.h	802	include	move
llvm/include/llvm/CodeGen/BreakFalseDeps.h	llvm-kain/include/target/shared/codegen/BreakFalseDeps.h	1273	include	move
llvm/include/llvm/CodeGen/ByteProvider.h	llvm-kain/include/target/shared/codegen/ByteProvider.h	3168	include	move
llvm/include/llvm/CodeGen/CalcSpillWeights.h	llvm-kain/include/target/shared/codegen/CalcSpillWeights.h	4793	include	move
llvm/include/llvm/CodeGen/CallingConvLower.h	llvm-kain/include/target/shared/codegen/CallingConvLower.h	21282	include	move
llvm/include/llvm/CodeGen/CFIFixup.h	llvm-kain/include/target/shared/codegen/CFIFixup.h	1316	include	move
llvm/include/llvm/CodeGen/CFIInstBuilder.h	llvm-kain/include/target/shared/codegen/CFIInstBuilder.h	4160	include	move
llvm/include/llvm/CodeGen/CMakeLists.txt	llvm-kain/include/target/shared/codegen/CMakeLists.txt	154	include	move
llvm/include/llvm/CodeGen/CodeGenCommonISel.h	llvm-kain/include/target/shared/codegen/CodeGenCommonISel.h	11108	include	move
llvm/include/llvm/CodeGen/CodeGenPrepare.h	llvm-kain/include/target/shared/codegen/CodeGenPrepare.h	986	include	move
llvm/include/llvm/CodeGen/CodeGenTargetMachineImpl.h	llvm-kain/include/target/shared/codegen/CodeGenTargetMachineImpl.h	4287	include	move
llvm/include/llvm/CodeGen/CommandFlags.h	llvm-kain/include/target/shared/codegen/CommandFlags.h	7495	include	move
llvm/include/llvm/CodeGen/ComplexDeinterleavingPass.h	llvm-kain/include/target/shared/codegen/ComplexDeinterleavingPass.h	1592	include	move
llvm/include/llvm/CodeGen/CostTable.h	llvm-kain/include/target/shared/codegen/CostTable.h	2704	include	move
llvm/include/llvm/CodeGen/CSEConfigBase.h	llvm-kain/include/target/shared/codegen/CSEConfigBase.h	1114	include	move
llvm/include/llvm/CodeGen/DAGCombine.h	llvm-kain/include/target/shared/codegen/DAGCombine.h	606	include	move
llvm/include/llvm/CodeGen/DbgEntityHistoryCalculator.h	llvm-kain/include/target/shared/codegen/DbgEntityHistoryCalculator.h	5839	include	move
llvm/include/llvm/CodeGen/DeadMachineInstructionElim.h	llvm-kain/include/target/shared/codegen/DeadMachineInstructionElim.h	852	include	move
llvm/include/llvm/CodeGen/DebugHandlerBase.h	llvm-kain/include/target/shared/codegen/DebugHandlerBase.h	5302	include	move
llvm/include/llvm/CodeGen/DetectDeadLanes.h	llvm-kain/include/target/shared/codegen/DetectDeadLanes.h	4743	include	move
llvm/include/llvm/CodeGen/DFAPacketizer.h	llvm-kain/include/target/shared/codegen/DFAPacketizer.h	8567	include	move
llvm/include/llvm/CodeGen/DIE.h	llvm-kain/include/target/shared/codegen/DIE.h	35969	include	move
llvm/include/llvm/CodeGen/DIEValue.def	llvm-kain/include/target/shared/codegen/DIEValue.def	1463	include	move
llvm/include/llvm/CodeGen/DroppedVariableStatsMIR.h	llvm-kain/include/target/shared/codegen/DroppedVariableStatsMIR.h	2468	include	move
llvm/include/llvm/CodeGen/DwarfEHPrepare.h	llvm-kain/include/target/shared/codegen/DwarfEHPrepare.h	1066	include	move
llvm/include/llvm/CodeGen/DwarfStringPoolEntry.h	llvm-kain/include/target/shared/codegen/DwarfStringPoolEntry.h	3829	include	move
llvm/include/llvm/CodeGen/EarlyIfConversion.h	llvm-kain/include/target/shared/codegen/EarlyIfConversion.h	805	include	move
llvm/include/llvm/CodeGen/EdgeBundles.h	llvm-kain/include/target/shared/codegen/EdgeBundles.h	3165	include	move
llvm/include/llvm/CodeGen/ExecutionDomainFix.h	llvm-kain/include/target/shared/codegen/ExecutionDomainFix.h	7908	include	move
llvm/include/llvm/CodeGen/ExpandIRInsts.h	llvm-kain/include/target/shared/codegen/ExpandIRInsts.h	1093	include	move
llvm/include/llvm/CodeGen/ExpandPostRAPseudos.h	llvm-kain/include/target/shared/codegen/ExpandPostRAPseudos.h	950	include	move
llvm/include/llvm/CodeGen/ExpandReductions.h	llvm-kain/include/target/shared/codegen/ExpandReductions.h	743	include	move
llvm/include/llvm/CodeGen/ExpandVectorPredication.h	llvm-kain/include/target/shared/codegen/ExpandVectorPredication.h	1150	include	move
llvm/include/llvm/CodeGen/FastISel.h	llvm-kain/include/target/shared/codegen/FastISel.h	22706	include	move
llvm/include/llvm/CodeGen/FaultMaps.h	llvm-kain/include/target/shared/codegen/FaultMaps.h	2097	include	move
llvm/include/llvm/CodeGen/FEntryInserter.h	llvm-kain/include/target/shared/codegen/FEntryInserter.h	788	include	move
llvm/include/llvm/CodeGen/FinalizeISel.h	llvm-kain/include/target/shared/codegen/FinalizeISel.h	774	include	move
llvm/include/llvm/CodeGen/FixupStatepointCallerSaved.h	llvm-kain/include/target/shared/codegen/FixupStatepointCallerSaved.h	852	include	move
llvm/include/llvm/CodeGen/FunctionLoweringInfo.h	llvm-kain/include/target/shared/codegen/FunctionLoweringInfo.h	11382	include	move
llvm/include/llvm/CodeGen/GCEmptyBasicBlocks.h	llvm-kain/include/target/shared/codegen/GCEmptyBasicBlocks.h	812	include	move
llvm/include/llvm/CodeGen/GCMetadata.h	llvm-kain/include/target/shared/codegen/GCMetadata.h	10633	include	move
llvm/include/llvm/CodeGen/GCMetadataPrinter.h	llvm-kain/include/target/shared/codegen/GCMetadataPrinter.h	2603	include	move
llvm/include/llvm/CodeGen/GlobalMerge.h	llvm-kain/include/target/shared/codegen/GlobalMerge.h	2048	include	move
llvm/include/llvm/CodeGen/GlobalMergeFunctions.h	llvm-kain/include/target/shared/codegen/GlobalMergeFunctions.h	3607	include	move
llvm/include/llvm/CodeGen/HardwareLoops.h	llvm-kain/include/target/shared/codegen/HardwareLoops.h	2089	include	move
llvm/include/llvm/CodeGen/IndirectBrExpand.h	llvm-kain/include/target/shared/codegen/IndirectBrExpand.h	852	include	move
llvm/include/llvm/CodeGen/IndirectThunks.h	llvm-kain/include/target/shared/codegen/IndirectThunks.h	8999	include	move
llvm/include/llvm/CodeGen/InitUndef.h	llvm-kain/include/target/shared/codegen/InitUndef.h	763	include	move
llvm/include/llvm/CodeGen/InlineAsmPrepare.h	llvm-kain/include/target/shared/codegen/InlineAsmPrepare.h	741	include	move
llvm/include/llvm/CodeGen/InsertCodePrefetch.h	llvm-kain/include/target/shared/codegen/InsertCodePrefetch.h	1185	include	move
llvm/include/llvm/CodeGen/InterleavedAccess.h	llvm-kain/include/target/shared/codegen/InterleavedAccess.h	1098	include	move
llvm/include/llvm/CodeGen/InterleavedLoadCombine.h	llvm-kain/include/target/shared/codegen/InterleavedLoadCombine.h	882	include	move
llvm/include/llvm/CodeGen/IntrinsicLowering.h	llvm-kain/include/target/shared/codegen/IntrinsicLowering.h	1729	include	move
llvm/include/llvm/CodeGen/ISDOpcodes.h	llvm-kain/include/target/shared/codegen/ISDOpcodes.h	79804	include	move
llvm/include/llvm/CodeGen/JMCInstrumenter.h	llvm-kain/include/target/shared/codegen/JMCInstrumenter.h	728	include	move
llvm/include/llvm/CodeGen/KCFI.h	llvm-kain/include/target/shared/codegen/KCFI.h	991	include	move
llvm/include/llvm/CodeGen/LatencyPriorityQueue.h	llvm-kain/include/target/shared/codegen/LatencyPriorityQueue.h	3189	include	move
llvm/include/llvm/CodeGen/LazyMachineBlockFrequencyInfo.h	llvm-kain/include/target/shared/codegen/LazyMachineBlockFrequencyInfo.h	2821	include	move
llvm/include/llvm/CodeGen/LexicalScopes.h	llvm-kain/include/target/shared/codegen/LexicalScopes.h	10507	include	move
llvm/include/llvm/CodeGen/LibcallLoweringInfo.h	llvm-kain/include/target/shared/codegen/LibcallLoweringInfo.h	4875	include	move
llvm/include/llvm/CodeGen/LinkAllAsmWriterComponents.h	llvm-kain/include/target/shared/codegen/LinkAllAsmWriterComponents.h	1438	include	move
llvm/include/llvm/CodeGen/LinkAllCodegenComponents.h	llvm-kain/include/target/shared/codegen/LinkAllCodegenComponents.h	2381	include	move
llvm/include/llvm/CodeGen/LiveDebugValuesPass.h	llvm-kain/include/target/shared/codegen/LiveDebugValuesPass.h	1094	include	move
llvm/include/llvm/CodeGen/LiveDebugVariables.h	llvm-kain/include/target/shared/codegen/LiveDebugVariables.h	3908	include	move
llvm/include/llvm/CodeGen/LiveInterval.h	llvm-kain/include/target/shared/codegen/LiveInterval.h	40029	include	move
llvm/include/llvm/CodeGen/LiveIntervalCalc.h	llvm-kain/include/target/shared/codegen/LiveIntervalCalc.h	3050	include	move
llvm/include/llvm/CodeGen/LiveIntervals.h	llvm-kain/include/target/shared/codegen/LiveIntervals.h	22344	include	move
llvm/include/llvm/CodeGen/LiveIntervalUnion.h	llvm-kain/include/target/shared/codegen/LiveIntervalUnion.h	7859	include	move
llvm/include/llvm/CodeGen/LivePhysRegs.h	llvm-kain/include/target/shared/codegen/LivePhysRegs.h	9237	include	move
llvm/include/llvm/CodeGen/LiveRangeCalc.h	llvm-kain/include/target/shared/codegen/LiveRangeCalc.h	11768	include	move
llvm/include/llvm/CodeGen/LiveRangeEdit.h	llvm-kain/include/target/shared/codegen/LiveRangeEdit.h	9557	include	move
llvm/include/llvm/CodeGen/LiveRegMatrix.h	llvm-kain/include/target/shared/codegen/LiveRegMatrix.h	8770	include	move
llvm/include/llvm/CodeGen/LiveRegUnits.h	llvm-kain/include/target/shared/codegen/LiveRegUnits.h	6413	include	move
llvm/include/llvm/CodeGen/LiveStacks.h	llvm-kain/include/target/shared/codegen/LiveStacks.h	4496	include	move
llvm/include/llvm/CodeGen/LiveVariables.h	llvm-kain/include/target/shared/codegen/LiveVariables.h	13999	include	move
llvm/include/llvm/CodeGen/LocalStackSlotAllocation.h	llvm-kain/include/target/shared/codegen/LocalStackSlotAllocation.h	837	include	move
llvm/include/llvm/CodeGen/LoopTraversal.h	llvm-kain/include/target/shared/codegen/LoopTraversal.h	4497	include	move
llvm/include/llvm/CodeGen/LowerEmuTLS.h	llvm-kain/include/target/shared/codegen/LowerEmuTLS.h	898	include	move
llvm/include/llvm/CodeGen/LowLevelTypeUtils.h	llvm-kain/include/target/shared/codegen/LowLevelTypeUtils.h	1664	include	move
llvm/include/llvm/CodeGen/MachineBasicBlock.h	llvm-kain/include/target/shared/codegen/MachineBasicBlock.h	64669	include	move
llvm/include/llvm/CodeGen/MachineBlockFrequencyInfo.h	llvm-kain/include/target/shared/codegen/MachineBlockFrequencyInfo.h	6118	include	move
llvm/include/llvm/CodeGen/MachineBlockHashInfo.h	llvm-kain/include/target/shared/codegen/MachineBlockHashInfo.h	5354	include	move
llvm/include/llvm/CodeGen/MachineBlockPlacement.h	llvm-kain/include/target/shared/codegen/MachineBlockPlacement.h	1326	include	move
llvm/include/llvm/CodeGen/MachineBranchProbabilityInfo.h	llvm-kain/include/target/shared/codegen/MachineBranchProbabilityInfo.h	3544	include	move
llvm/include/llvm/CodeGen/MachineCFGPrinter.h	llvm-kain/include/target/shared/codegen/MachineCFGPrinter.h	3315	include	move
llvm/include/llvm/CodeGen/MachineCombinerPattern.h	llvm-kain/include/target/shared/codegen/MachineCombinerPattern.h	1429	include	move
llvm/include/llvm/CodeGen/MachineConstantPool.h	llvm-kain/include/target/shared/codegen/MachineConstantPool.h	5530	include	move
llvm/include/llvm/CodeGen/MachineConvergenceVerifier.h	llvm-kain/include/target/shared/codegen/MachineConvergenceVerifier.h	936	include	move
llvm/include/llvm/CodeGen/MachineCopyPropagation.h	llvm-kain/include/target/shared/codegen/MachineCopyPropagation.h	1067	include	move
llvm/include/llvm/CodeGen/MachineCSE.h	llvm-kain/include/target/shared/codegen/MachineCSE.h	884	include	move
llvm/include/llvm/CodeGen/MachineCycleAnalysis.h	llvm-kain/include/target/shared/codegen/MachineCycleAnalysis.h	2649	include	move
llvm/include/llvm/CodeGen/MachineDebugify.h	llvm-kain/include/target/shared/codegen/MachineDebugify.h	1039	include	move
llvm/include/llvm/CodeGen/MachineDominanceFrontier.h	llvm-kain/include/target/shared/codegen/MachineDominanceFrontier.h	2428	include	move
llvm/include/llvm/CodeGen/MachineDominators.h	llvm-kain/include/target/shared/codegen/MachineDominators.h	6473	include	move
llvm/include/llvm/CodeGen/MachineDomTreeUpdater.h	llvm-kain/include/target/shared/codegen/MachineDomTreeUpdater.h	3340	include	move
llvm/include/llvm/CodeGen/MachineFrameInfo.h	llvm-kain/include/target/shared/codegen/MachineFrameInfo.h	38149	include	move
llvm/include/llvm/CodeGen/MachineFunction.h	llvm-kain/include/target/shared/codegen/MachineFunction.h	64255	include	move
llvm/include/llvm/CodeGen/MachineFunctionAnalysis.h	llvm-kain/include/target/shared/codegen/MachineFunctionAnalysis.h	1790	include	move
llvm/include/llvm/CodeGen/MachineFunctionAnalysisManager.h	llvm-kain/include/target/shared/codegen/MachineFunctionAnalysisManager.h	963	include	move
llvm/include/llvm/CodeGen/MachineFunctionPass.h	llvm-kain/include/target/shared/codegen/MachineFunctionPass.h	3100	include	move
llvm/include/llvm/CodeGen/MachineIDFSSAUpdater.h	llvm-kain/include/target/shared/codegen/MachineIDFSSAUpdater.h	2892	include	move
llvm/include/llvm/CodeGen/MachineInstr.h	llvm-kain/include/target/shared/codegen/MachineInstr.h	88172	include	move
llvm/include/llvm/CodeGen/MachineInstrBuilder.h	llvm-kain/include/target/shared/codegen/MachineInstrBuilder.h	28098	include	move
llvm/include/llvm/CodeGen/MachineInstrBundle.h	llvm-kain/include/target/shared/codegen/MachineInstrBundle.h	11607	include	move
llvm/include/llvm/CodeGen/MachineInstrBundleIterator.h	llvm-kain/include/target/shared/codegen/MachineInstrBundleIterator.h	11183	include	move
llvm/include/llvm/CodeGen/MachineJumpTableInfo.h	llvm-kain/include/target/shared/codegen/MachineJumpTableInfo.h	5755	include	move
llvm/include/llvm/CodeGen/MachineLateInstrsCleanup.h	llvm-kain/include/target/shared/codegen/MachineLateInstrsCleanup.h	960	include	move
llvm/include/llvm/CodeGen/MachineLICM.h	llvm-kain/include/target/shared/codegen/MachineLICM.h	1183	include	move
llvm/include/llvm/CodeGen/MachineLoopInfo.h	llvm-kain/include/target/shared/codegen/MachineLoopInfo.h	7883	include	move
llvm/include/llvm/CodeGen/MachineLoopUtils.h	llvm-kain/include/target/shared/codegen/MachineLoopUtils.h	1628	include	move
llvm/include/llvm/CodeGen/MachineMemOperand.h	llvm-kain/include/target/shared/codegen/MachineMemOperand.h	14822	include	move
llvm/include/llvm/CodeGen/MachineModuleInfo.h	llvm-kain/include/target/shared/codegen/MachineModuleInfo.h	8307	include	move
llvm/include/llvm/CodeGen/MachineModuleInfoImpls.h	llvm-kain/include/target/shared/codegen/MachineModuleInfoImpls.h	4912	include	move
llvm/include/llvm/CodeGen/MachineModuleSlotTracker.h	llvm-kain/include/target/shared/codegen/MachineModuleSlotTracker.h	1746	include	move
llvm/include/llvm/CodeGen/MachineOperand.h	llvm-kain/include/target/shared/codegen/MachineOperand.h	41505	include	move
llvm/include/llvm/CodeGen/MachineOptimizationRemarkEmitter.h	llvm-kain/include/target/shared/codegen/MachineOptimizationRemarkEmitter.h	10426	include	move
llvm/include/llvm/CodeGen/MachineOutliner.h	llvm-kain/include/target/shared/codegen/MachineOutliner.h	11302	include	move
llvm/include/llvm/CodeGen/MachinePassManager.h	llvm-kain/include/target/shared/codegen/MachinePassManager.h	9086	include	move
llvm/include/llvm/CodeGen/MachinePassRegistry.h	llvm-kain/include/target/shared/codegen/MachinePassRegistry.h	6246	include	move
llvm/include/llvm/CodeGen/MachinePipeliner.h	llvm-kain/include/target/shared/codegen/MachinePipeliner.h	31503	include	move
llvm/include/llvm/CodeGen/MachinePostDominators.h	llvm-kain/include/target/shared/codegen/MachinePostDominators.h	4101	include	move
llvm/include/llvm/CodeGen/MachineRegionInfo.h	llvm-kain/include/target/shared/codegen/MachineRegionInfo.h	7361	include	move
llvm/include/llvm/CodeGen/MachineRegisterInfo.h	llvm-kain/include/target/shared/codegen/MachineRegisterInfo.h	52539	include	move
llvm/include/llvm/CodeGen/MachineScheduler.h	llvm-kain/include/target/shared/codegen/MachineScheduler.h	53408	include	move
llvm/include/llvm/CodeGen/MachineSink.h	llvm-kain/include/target/shared/codegen/MachineSink.h	1028	include	move
llvm/include/llvm/CodeGen/MachineSizeOpts.h	llvm-kain/include/target/shared/codegen/MachineSizeOpts.h	1881	include	move
llvm/include/llvm/CodeGen/MachineSSAContext.h	llvm-kain/include/target/shared/codegen/MachineSSAContext.h	1317	include	move
llvm/include/llvm/CodeGen/MachineSSAUpdater.h	llvm-kain/include/target/shared/codegen/MachineSSAUpdater.h	4968	include	move
llvm/include/llvm/CodeGen/MachineStableHash.h	llvm-kain/include/target/shared/codegen/MachineStableHash.h	1321	include	move
llvm/include/llvm/CodeGen/MachineStripDebug.h	llvm-kain/include/target/shared/codegen/MachineStripDebug.h	1063	include	move
llvm/include/llvm/CodeGen/MachineTraceMetrics.h	llvm-kain/include/target/shared/codegen/MachineTraceMetrics.h	19724	include	move
llvm/include/llvm/CodeGen/MachineUniformityAnalysis.h	llvm-kain/include/target/shared/codegen/MachineUniformityAnalysis.h	2691	include	move
llvm/include/llvm/CodeGen/MachineVerifier.h	llvm-kain/include/target/shared/codegen/MachineVerifier.h	959	include	move
llvm/include/llvm/CodeGen/MachORelocation.h	llvm-kain/include/target/shared/codegen/MachORelocation.h	2244	include	move
llvm/include/llvm/CodeGen/MacroFusion.h	llvm-kain/include/target/shared/codegen/MacroFusion.h	2511	include	move
llvm/include/llvm/CodeGen/MBFIWrapper.h	llvm-kain/include/target/shared/codegen/MBFIWrapper.h	1559	include	move
llvm/include/llvm/CodeGen/MIR2Vec.h	llvm-kain/include/target/shared/codegen/MIR2Vec.h	17694	include	move
llvm/include/llvm/CodeGen/MIRFormatter.h	llvm-kain/include/target/shared/codegen/MIRFormatter.h	3522	include	move
llvm/include/llvm/CodeGen/MIRFSDiscriminator.h	llvm-kain/include/target/shared/codegen/MIRFSDiscriminator.h	2249	include	move
llvm/include/llvm/CodeGen/MIRFSDiscriminatorOptions.h	llvm-kain/include/target/shared/codegen/MIRFSDiscriminatorOptions.h	805	include	move
llvm/include/llvm/CodeGen/MIRPrinter.h	llvm-kain/include/target/shared/codegen/MIRPrinter.h	3006	include	move
llvm/include/llvm/CodeGen/MIRSampleProfile.h	llvm-kain/include/target/shared/codegen/MIRSampleProfile.h	2239	include	move
llvm/include/llvm/CodeGen/MIRYamlMapping.h	llvm-kain/include/target/shared/codegen/MIRYamlMapping.h	35531	include	move
llvm/include/llvm/CodeGen/ModuloSchedule.h	llvm-kain/include/target/shared/codegen/ModuloSchedule.h	19695	include	move
llvm/include/llvm/CodeGen/MultiHazardRecognizer.h	llvm-kain/include/target/shared/codegen/MultiHazardRecognizer.h	1751	include	move
llvm/include/llvm/CodeGen/NonRelocatableStringpool.h	llvm-kain/include/target/shared/codegen/NonRelocatableStringpool.h	2816	include	move
llvm/include/llvm/CodeGen/OptimizePHIs.h	llvm-kain/include/target/shared/codegen/OptimizePHIs.h	780	include	move
llvm/include/llvm/CodeGen/Passes.h	llvm-kain/include/target/shared/codegen/Passes.h	25718	include	move
llvm/include/llvm/CodeGen/PatchableFunction.h	llvm-kain/include/target/shared/codegen/PatchableFunction.h	925	include	move
llvm/include/llvm/CodeGen/PBQPRAConstraint.h	llvm-kain/include/target/shared/codegen/PBQPRAConstraint.h	2136	include	move
llvm/include/llvm/CodeGen/pch.h	llvm-kain/include/target/shared/codegen/pch.h	1022	include	move
llvm/include/llvm/CodeGen/PeepholeOptimizer.h	llvm-kain/include/target/shared/codegen/PeepholeOptimizer.h	923	include	move
llvm/include/llvm/CodeGen/PEI.h	llvm-kain/include/target/shared/codegen/PEI.h	771	include	move
llvm/include/llvm/CodeGen/PHIElimination.h	llvm-kain/include/target/shared/codegen/PHIElimination.h	788	include	move
llvm/include/llvm/CodeGen/PostRAHazardRecognizer.h	llvm-kain/include/target/shared/codegen/PostRAHazardRecognizer.h	832	include	move
llvm/include/llvm/CodeGen/PostRAMachineSink.h	llvm-kain/include/target/shared/codegen/PostRAMachineSink.h	931	include	move
llvm/include/llvm/CodeGen/PostRASchedulerList.h	llvm-kain/include/target/shared/codegen/PostRASchedulerList.h	1010	include	move
llvm/include/llvm/CodeGen/PreISelIntrinsicLowering.h	llvm-kain/include/target/shared/codegen/PreISelIntrinsicLowering.h	1078	include	move
llvm/include/llvm/CodeGen/ProcessImplicitDefs.h	llvm-kain/include/target/shared/codegen/ProcessImplicitDefs.h	932	include	move
llvm/include/llvm/CodeGen/PseudoSourceValue.h	llvm-kain/include/target/shared/codegen/PseudoSourceValue.h	4864	include	move
llvm/include/llvm/CodeGen/PseudoSourceValueManager.h	llvm-kain/include/target/shared/codegen/PseudoSourceValueManager.h	2528	include	move
llvm/include/llvm/CodeGen/RDFGraph.h	llvm-kain/include/target/shared/codegen/RDFGraph.h	34639	include	move
llvm/include/llvm/CodeGen/RDFLiveness.h	llvm-kain/include/target/shared/codegen/RDFLiveness.h	5356	include	move
llvm/include/llvm/CodeGen/RDFRegisters.h	llvm-kain/include/target/shared/codegen/RDFRegisters.h	10941	include	move
llvm/include/llvm/CodeGen/ReachingDefAnalysis.h	llvm-kain/include/target/shared/codegen/ReachingDefAnalysis.h	14523	include	move
llvm/include/llvm/CodeGen/RegAllocCommon.h	llvm-kain/include/target/shared/codegen/RegAllocCommon.h	954	include	move
llvm/include/llvm/CodeGen/RegAllocEvictionAdvisor.h	llvm-kain/include/target/shared/codegen/RegAllocEvictionAdvisor.h	11973	include	move
llvm/include/llvm/CodeGen/RegAllocFast.h	llvm-kain/include/target/shared/codegen/RegAllocFast.h	1723	include	move
llvm/include/llvm/CodeGen/RegAllocGreedyPass.h	llvm-kain/include/target/shared/codegen/RegAllocGreedyPass.h	1544	include	move
llvm/include/llvm/CodeGen/RegAllocPBQP.h	llvm-kain/include/target/shared/codegen/RegAllocPBQP.h	17011	include	move
llvm/include/llvm/CodeGen/RegAllocPriorityAdvisor.h	llvm-kain/include/target/shared/codegen/RegAllocPriorityAdvisor.h	6115	include	move
llvm/include/llvm/CodeGen/RegAllocRegistry.h	llvm-kain/include/target/shared/codegen/RegAllocRegistry.h	2387	include	move
llvm/include/llvm/CodeGen/Register.h	llvm-kain/include/target/shared/codegen/Register.h	7215	include	move
llvm/include/llvm/CodeGen/RegisterBank.h	llvm-kain/include/target/shared/codegen/RegisterBank.h	3149	include	move
llvm/include/llvm/CodeGen/RegisterBankInfo.h	llvm-kain/include/target/shared/codegen/RegisterBankInfo.h	31960	include	move
llvm/include/llvm/CodeGen/RegisterClassInfo.h	llvm-kain/include/target/shared/codegen/RegisterClassInfo.h	5401	include	move
llvm/include/llvm/CodeGen/RegisterCoalescerPass.h	llvm-kain/include/target/shared/codegen/RegisterCoalescerPass.h	936	include	move
llvm/include/llvm/CodeGen/RegisterPressure.h	llvm-kain/include/target/shared/codegen/RegisterPressure.h	22674	include	move
llvm/include/llvm/CodeGen/RegisterScavenging.h	llvm-kain/include/target/shared/codegen/RegisterScavenging.h	6383	include	move
llvm/include/llvm/CodeGen/RegisterUsageInfo.h	llvm-kain/include/target/shared/codegen/RegisterUsageInfo.h	3578	include	move
llvm/include/llvm/CodeGen/RegUsageInfoCollector.h	llvm-kain/include/target/shared/codegen/RegUsageInfoCollector.h	827	include	move
llvm/include/llvm/CodeGen/RegUsageInfoPropagate.h	llvm-kain/include/target/shared/codegen/RegUsageInfoPropagate.h	831	include	move
llvm/include/llvm/CodeGen/Rematerializer.h	llvm-kain/include/target/shared/codegen/Rematerializer.h	26567	include	move
llvm/include/llvm/CodeGen/RemoveLoadsIntoFakeUses.h	llvm-kain/include/target/shared/codegen/RemoveLoadsIntoFakeUses.h	955	include	move
llvm/include/llvm/CodeGen/RemoveRedundantDebugValues.h	llvm-kain/include/target/shared/codegen/RemoveRedundantDebugValues.h	852	include	move
llvm/include/llvm/CodeGen/RenameIndependentSubregs.h	llvm-kain/include/target/shared/codegen/RenameIndependentSubregs.h	848	include	move
llvm/include/llvm/CodeGen/ReplaceWithVeclib.h	llvm-kain/include/target/shared/codegen/ReplaceWithVeclib.h	1386	include	move
llvm/include/llvm/CodeGen/ResourcePriorityQueue.h	llvm-kain/include/target/shared/codegen/ResourcePriorityQueue.h	4308	include	move
llvm/include/llvm/CodeGen/RuntimeLibcallUtil.h	llvm-kain/include/target/shared/codegen/RuntimeLibcallUtil.h	6973	include	move
llvm/include/llvm/CodeGen/SafeStack.h	llvm-kain/include/target/shared/codegen/SafeStack.h	817	include	move
llvm/include/llvm/CodeGen/SanitizerBinaryMetadata.h	llvm-kain/include/target/shared/codegen/SanitizerBinaryMetadata.h	851	include	move
llvm/include/llvm/CodeGen/ScheduleDAG.h	llvm-kain/include/target/shared/codegen/ScheduleDAG.h	31718	include	move
llvm/include/llvm/CodeGen/ScheduleDAGInstrs.h	llvm-kain/include/target/shared/codegen/ScheduleDAGInstrs.h	15742	include	move
llvm/include/llvm/CodeGen/ScheduleDAGMutation.h	llvm-kain/include/target/shared/codegen/ScheduleDAGMutation.h	1066	include	move
llvm/include/llvm/CodeGen/ScheduleDFS.h	llvm-kain/include/target/shared/codegen/ScheduleDFS.h	5976	include	move
llvm/include/llvm/CodeGen/ScheduleHazardRecognizer.h	llvm-kain/include/target/shared/codegen/ScheduleHazardRecognizer.h	5072	include	move
llvm/include/llvm/CodeGen/SchedulerRegistry.h	llvm-kain/include/target/shared/codegen/SchedulerRegistry.h	4482	include	move
llvm/include/llvm/CodeGen/ScoreboardHazardRecognizer.h	llvm-kain/include/target/shared/codegen/ScoreboardHazardRecognizer.h	3934	include	move
llvm/include/llvm/CodeGen/SDNodeInfo.h	llvm-kain/include/target/shared/codegen/SDNodeInfo.h	3494	include	move
llvm/include/llvm/CodeGen/SDNodeProperties.td	llvm-kain/include/target/shared/codegen/SDNodeProperties.td	1453	include	move
llvm/include/llvm/CodeGen/SDPatternMatch.h	llvm-kain/include/target/shared/codegen/SDPatternMatch.h	56148	include	move
llvm/include/llvm/CodeGen/SelectionDAG.h	llvm-kain/include/target/shared/codegen/SelectionDAG.h	136105	include	move
llvm/include/llvm/CodeGen/SelectionDAGAddressAnalysis.h	llvm-kain/include/target/shared/codegen/SelectionDAGAddressAnalysis.h	4021	include	move
llvm/include/llvm/CodeGen/SelectionDAGISel.h	llvm-kain/include/target/shared/codegen/SelectionDAGISel.h	20167	include	move
llvm/include/llvm/CodeGen/SelectionDAGNodes.h	llvm-kain/include/target/shared/codegen/SelectionDAGNodes.h	127044	include	move
llvm/include/llvm/CodeGen/SelectionDAGTargetInfo.h	llvm-kain/include/target/shared/codegen/SelectionDAGTargetInfo.h	11293	include	move
llvm/include/llvm/CodeGen/SelectOptimize.h	llvm-kain/include/target/shared/codegen/SelectOptimize.h	1070	include	move
llvm/include/llvm/CodeGen/ShadowStackGCLowering.h	llvm-kain/include/target/shared/codegen/ShadowStackGCLowering.h	762	include	move
llvm/include/llvm/CodeGen/ShrinkWrap.h	llvm-kain/include/target/shared/codegen/ShrinkWrap.h	886	include	move
llvm/include/llvm/CodeGen/SjLjEHPrepare.h	llvm-kain/include/target/shared/codegen/SjLjEHPrepare.h	838	include	move
llvm/include/llvm/CodeGen/SlotIndexes.h	llvm-kain/include/target/shared/codegen/SlotIndexes.h	25947	include	move
llvm/include/llvm/CodeGen/Spiller.h	llvm-kain/include/target/shared/codegen/Spiller.h	2015	include	move
llvm/include/llvm/CodeGen/SpillPlacement.h	llvm-kain/include/target/shared/codegen/SpillPlacement.h	8003	include	move
llvm/include/llvm/CodeGen/StackColoring.h	llvm-kain/include/target/shared/codegen/StackColoring.h	795	include	move
llvm/include/llvm/CodeGen/StackFrameLayoutAnalysisPass.h	llvm-kain/include/target/shared/codegen/StackFrameLayoutAnalysisPass.h	854	include	move
llvm/include/llvm/CodeGen/StackMaps.h	llvm-kain/include/target/shared/codegen/StackMaps.h	13832	include	move
llvm/include/llvm/CodeGen/StackProtector.h	llvm-kain/include/target/shared/codegen/StackProtector.h	4326	include	move
llvm/include/llvm/CodeGen/StackSlotColoring.h	llvm-kain/include/target/shared/codegen/StackSlotColoring.h	807	include	move
llvm/include/llvm/CodeGen/SwiftErrorValueTracking.h	llvm-kain/include/target/shared/codegen/SwiftErrorValueTracking.h	4232	include	move
llvm/include/llvm/CodeGen/SwitchLoweringUtils.h	llvm-kain/include/target/shared/codegen/SwitchLoweringUtils.h	11403	include	move
llvm/include/llvm/CodeGen/TailDuplication.h	llvm-kain/include/target/shared/codegen/TailDuplication.h	1537	include	move
llvm/include/llvm/CodeGen/TailDuplicator.h	llvm-kain/include/target/shared/codegen/TailDuplicator.h	5699	include	move
llvm/include/llvm/CodeGen/TargetCallingConv.h	llvm-kain/include/target/shared/codegen/TargetCallingConv.h	9904	include	move
llvm/include/llvm/CodeGen/TargetFrameLowering.h	llvm-kain/include/target/shared/codegen/TargetFrameLowering.h	22311	include	move
llvm/include/llvm/CodeGen/TargetInstrInfo.h	llvm-kain/include/target/shared/codegen/TargetInstrInfo.h	112082	include	move
llvm/include/llvm/CodeGen/TargetLowering.h	llvm-kain/include/target/shared/codegen/TargetLowering.h	270491	include	move
llvm/include/llvm/CodeGen/TargetLoweringObjectFileImpl.h	llvm-kain/include/target/shared/codegen/TargetLoweringObjectFileImpl.h	15229	include	move
llvm/include/llvm/CodeGen/TargetOpcodes.h	llvm-kain/include/target/shared/codegen/TargetOpcodes.h	1734	include	move
llvm/include/llvm/CodeGen/TargetPassConfig.h	llvm-kain/include/target/shared/codegen/TargetPassConfig.h	18238	include	move
llvm/include/llvm/CodeGen/TargetRegisterInfo.h	llvm-kain/include/target/shared/codegen/TargetRegisterInfo.h	62427	include	move
llvm/include/llvm/CodeGen/TargetSchedule.h	llvm-kain/include/target/shared/codegen/TargetSchedule.h	8868	include	move
llvm/include/llvm/CodeGen/TargetSubtargetInfo.h	llvm-kain/include/target/shared/codegen/TargetSubtargetInfo.h	15348	include	move
llvm/include/llvm/CodeGen/TileShapeInfo.h	llvm-kain/include/target/shared/codegen/TileShapeInfo.h	3346	include	move
llvm/include/llvm/CodeGen/TwoAddressInstructionPass.h	llvm-kain/include/target/shared/codegen/TwoAddressInstructionPass.h	960	include	move
llvm/include/llvm/CodeGen/TypePromotion.h	llvm-kain/include/target/shared/codegen/TypePromotion.h	1000	include	move
llvm/include/llvm/CodeGen/UnreachableBlockElim.h	llvm-kain/include/target/shared/codegen/UnreachableBlockElim.h	1722	include	move
llvm/include/llvm/CodeGen/ValueTypes.h	llvm-kain/include/target/shared/codegen/ValueTypes.h	22915	include	move
llvm/include/llvm/CodeGen/ValueTypes.td	llvm-kain/include/target/shared/codegen/ValueTypes.td	20911	include	move
llvm/include/llvm/CodeGen/VirtRegMap.h	llvm-kain/include/target/shared/codegen/VirtRegMap.h	8458	include	move
llvm/include/llvm/CodeGen/VLIWMachineScheduler.h	llvm-kain/include/target/shared/codegen/VLIWMachineScheduler.h	9242	include	move
llvm/include/llvm/CodeGen/WasmEHInfo.h	llvm-kain/include/target/shared/codegen/WasmEHInfo.h	745	include	move
llvm/include/llvm/CodeGen/WasmEHPrepare.h	llvm-kain/include/target/shared/codegen/WasmEHPrepare.h	722	include	move
llvm/include/llvm/CodeGen/WindowScheduler.h	llvm-kain/include/target/shared/codegen/WindowScheduler.h	8295	include	move
llvm/include/llvm/CodeGen/WinEHFuncInfo.h	llvm-kain/include/target/shared/codegen/WinEHFuncInfo.h	4738	include	move
llvm/include/llvm/CodeGen/WinEHPrepare.h	llvm-kain/include/target/shared/codegen/WinEHPrepare.h	873	include	move
llvm/include/llvm/CodeGen/XRayInstrumentation.h	llvm-kain/include/target/shared/codegen/XRayInstrumentation.h	817	include	move
llvm/include/llvm/CodeGen/GlobalISel/CallLowering.h	llvm-kain/include/target/shared/codegen/GlobalISel/CallLowering.h	28028	include	move
llvm/include/llvm/CodeGen/GlobalISel/Combiner.h	llvm-kain/include/target/shared/codegen/GlobalISel/Combiner.h	2845	include	move
llvm/include/llvm/CodeGen/GlobalISel/CombinerHelper.h	llvm-kain/include/target/shared/codegen/GlobalISel/CombinerHelper.h	58143	include	move
llvm/include/llvm/CodeGen/GlobalISel/CombinerInfo.h	llvm-kain/include/target/shared/codegen/GlobalISel/CombinerInfo.h	3398	include	move
llvm/include/llvm/CodeGen/GlobalISel/CSEInfo.h	llvm-kain/include/target/shared/codegen/GlobalISel/CSEInfo.h	9816	include	move
llvm/include/llvm/CodeGen/GlobalISel/CSEMIRBuilder.h	llvm-kain/include/target/shared/codegen/GlobalISel/CSEMIRBuilder.h	4956	include	move
llvm/include/llvm/CodeGen/GlobalISel/GenericMachineInstrs.h	llvm-kain/include/target/shared/codegen/GlobalISel/GenericMachineInstrs.h	30638	include	move
llvm/include/llvm/CodeGen/GlobalISel/GIMatchTableExecutor.h	llvm-kain/include/target/shared/codegen/GlobalISel/GIMatchTableExecutor.h	29894	include	move
llvm/include/llvm/CodeGen/GlobalISel/GIMatchTableExecutorImpl.h	llvm-kain/include/target/shared/codegen/GlobalISel/GIMatchTableExecutorImpl.h	63731	include	move
llvm/include/llvm/CodeGen/GlobalISel/GISelChangeObserver.h	llvm-kain/include/target/shared/codegen/GlobalISel/GISelChangeObserver.h	5810	include	move
llvm/include/llvm/CodeGen/GlobalISel/GISelValueTracking.h	llvm-kain/include/target/shared/codegen/GlobalISel/GISelValueTracking.h	8291	include	move
llvm/include/llvm/CodeGen/GlobalISel/GISelWorkList.h	llvm-kain/include/target/shared/codegen/GlobalISel/GISelWorkList.h	3801	include	move
llvm/include/llvm/CodeGen/GlobalISel/InlineAsmLowering.h	llvm-kain/include/target/shared/codegen/GlobalISel/InlineAsmLowering.h	2404	include	move
llvm/include/llvm/CodeGen/GlobalISel/InstructionSelect.h	llvm-kain/include/target/shared/codegen/GlobalISel/InstructionSelect.h	2546	include	move
llvm/include/llvm/CodeGen/GlobalISel/InstructionSelector.h	llvm-kain/include/target/shared/codegen/GlobalISel/InstructionSelector.h	1658	include	move
llvm/include/llvm/CodeGen/GlobalISel/IRTranslator.h	llvm-kain/include/target/shared/codegen/GlobalISel/IRTranslator.h	33600	include	move
llvm/include/llvm/CodeGen/GlobalISel/LegacyLegalizerInfo.h	llvm-kain/include/target/shared/codegen/GlobalISel/LegacyLegalizerInfo.h	20307	include	move
llvm/include/llvm/CodeGen/GlobalISel/LegalizationArtifactCombiner.h	llvm-kain/include/target/shared/codegen/GlobalISel/LegalizationArtifactCombiner.h	63257	include	move
llvm/include/llvm/CodeGen/GlobalISel/Legalizer.h	llvm-kain/include/target/shared/codegen/GlobalISel/Legalizer.h	2576	include	move
llvm/include/llvm/CodeGen/GlobalISel/LegalizerHelper.h	llvm-kain/include/target/shared/codegen/GlobalISel/LegalizerHelper.h	30380	include	move
llvm/include/llvm/CodeGen/GlobalISel/LegalizerInfo.h	llvm-kain/include/target/shared/codegen/GlobalISel/LegalizerInfo.h	62454	include	move
llvm/include/llvm/CodeGen/GlobalISel/LoadStoreOpt.h	llvm-kain/include/target/shared/codegen/GlobalISel/LoadStoreOpt.h	7493	include	move
llvm/include/llvm/CodeGen/GlobalISel/Localizer.h	llvm-kain/include/target/shared/codegen/GlobalISel/Localizer.h	3748	include	move
llvm/include/llvm/CodeGen/GlobalISel/LostDebugLocObserver.h	llvm-kain/include/target/shared/codegen/GlobalISel/LostDebugLocObserver.h	2152	include	move
llvm/include/llvm/CodeGen/GlobalISel/MachineFloatingPointPredicateUtils.h	llvm-kain/include/target/shared/codegen/GlobalISel/MachineFloatingPointPredicateUtils.h	2214	include	move
llvm/include/llvm/CodeGen/GlobalISel/MachineIRBuilder.h	llvm-kain/include/target/shared/codegen/GlobalISel/MachineIRBuilder.h	107437	include	move
llvm/include/llvm/CodeGen/GlobalISel/MIPatternMatch.h	llvm-kain/include/target/shared/codegen/GlobalISel/MIPatternMatch.h	31317	include	move
llvm/include/llvm/CodeGen/GlobalISel/RegBankSelect.h	llvm-kain/include/target/shared/codegen/GlobalISel/RegBankSelect.h	25861	include	move
llvm/include/llvm/CodeGen/GlobalISel/Utils.h	llvm-kain/include/target/shared/codegen/GlobalISel/Utils.h	33561	include	move
llvm/include/llvm/CodeGen/MIRParser/MIParser.h	llvm-kain/include/target/shared/codegen/MIRParser/MIParser.h	9509	include	move
llvm/include/llvm/CodeGen/MIRParser/MIRParser.h	llvm-kain/include/target/shared/codegen/MIRParser/MIRParser.h	4093	include	move
llvm/include/llvm/CodeGen/PBQP/CostAllocator.h	llvm-kain/include/target/shared/codegen/PBQP/CostAllocator.h	3470	include	move
llvm/include/llvm/CodeGen/PBQP/Graph.h	llvm-kain/include/target/shared/codegen/PBQP/Graph.h	22146	include	move
llvm/include/llvm/CodeGen/PBQP/Math.h	llvm-kain/include/target/shared/codegen/PBQP/Math.h	8346	include	move
llvm/include/llvm/CodeGen/PBQP/ReductionRules.h	llvm-kain/include/target/shared/codegen/PBQP/ReductionRules.h	7113	include	move
llvm/include/llvm/CodeGen/PBQP/Solution.h	llvm-kain/include/target/shared/codegen/PBQP/Solution.h	1667	include	move
llvm/include/llvm/CodeGenTypes/LowLevelType.h	llvm-kain/include/target/shared/codegen/LowLevelType.h	25736	include	move
llvm/include/llvm/CodeGenTypes/MachineValueType.h	llvm-kain/include/target/shared/codegen/MachineValueType.h	23469	include	move
llvm/include/llvm/Config/abi-breaking.h.cmake	llvm-kain/include/core/config/abi-breaking.h.cmake	3466	include	move
llvm/include/llvm/Config/AsmParsers.def.in	llvm-kain/include/core/config/AsmParsers.def.in	1843	include	move
llvm/include/llvm/Config/AsmPrinters.def.in	llvm-kain/include/core/config/AsmPrinters.def.in	1847	include	move
llvm/include/llvm/Config/config.h.cmake	llvm-kain/include/core/config/config.h.cmake	10118	include	move
llvm/include/llvm/Config/Disassemblers.def.in	llvm-kain/include/core/config/Disassemblers.def.in	1851	include	move
llvm/include/llvm/Config/llvm-config.h.cmake	llvm-kain/include/core/config/llvm-config.h.cmake	5758	include	move
llvm/include/llvm/Config/TargetExegesis.def.in	llvm-kain/include/core/config/TargetExegesis.def.in	1834	include	move
llvm/include/llvm/Config/TargetMCAs.def.in	llvm-kain/include/core/config/TargetMCAs.def.in	1817	include	move
llvm/include/llvm/Config/Targets.def.in	llvm-kain/include/core/config/Targets.def.in	1746	include	move
llvm/include/llvm/Config/Targets.h.cmake	llvm-kain/include/core/config/Targets.h.cmake	2885	include	move
llvm/include/llvm/Demangle/Demangle.h	llvm-kain/include/core/support/Demangle.h	5779	include	move
llvm/include/llvm/Demangle/DemangleConfig.h	llvm-kain/include/core/support/DemangleConfig.h	4014	include	move
llvm/include/llvm/Demangle/ItaniumDemangle.h	llvm-kain/include/core/support/ItaniumDemangle.h	195568	include	move
llvm/include/llvm/Demangle/ItaniumNodes.def	llvm-kain/include/core/support/ItaniumNodes.def	2460	include	move
llvm/include/llvm/Demangle/MicrosoftDemangle.h	llvm-kain/include/core/support/MicrosoftDemangle.h	11385	include	move
llvm/include/llvm/Demangle/MicrosoftDemangleNodes.h	llvm-kain/include/core/support/MicrosoftDemangleNodes.h	22690	include	move
llvm/include/llvm/Demangle/README.txt	llvm-kain/include/core/support/README.txt	2646	include	move
llvm/include/llvm/Demangle/StringViewExtras.h	llvm-kain/include/core/support/StringViewExtras.h	1250	include	move
llvm/include/llvm/Demangle/Utility.h	llvm-kain/include/core/support/Utility.h	7133	include	move
llvm/include/llvm/DTLTO/DTLTO.h	llvm-kain/include/core/linker/DTLTO.h	16983	include	move
llvm/include/llvm/DWARFCFIChecker/DWARFCFIAnalysis.h	llvm-kain/include/core/debug/DWARFCFIAnalysis.h	4413	include	move
llvm/include/llvm/DWARFCFIChecker/DWARFCFIFunctionFrameAnalyzer.h	llvm-kain/include/core/debug/DWARFCFIFunctionFrameAnalyzer.h	1950	include	move
llvm/include/llvm/DWARFCFIChecker/DWARFCFIFunctionFrameReceiver.h	llvm-kain/include/core/debug/DWARFCFIFunctionFrameReceiver.h	1828	include	move
llvm/include/llvm/DWARFCFIChecker/DWARFCFIFunctionFrameStreamer.h	llvm-kain/include/core/debug/DWARFCFIFunctionFrameStreamer.h	3795	include	move
llvm/include/llvm/DWARFCFIChecker/DWARFCFIState.h	llvm-kain/include/core/debug/DWARFCFIState.h	1741	include	move
llvm/include/llvm/ExecutionEngine/ExecutionEngine.h	llvm-kain/include/jit/ExecutionEngine.h	26521	include	move
llvm/include/llvm/ExecutionEngine/GenericValue.h	llvm-kain/include/jit/GenericValue.h	1620	include	move
llvm/include/llvm/ExecutionEngine/Interpreter.h	llvm-kain/include/jit/Interpreter.h	917	include	move
llvm/include/llvm/ExecutionEngine/JITEventListener.h	llvm-kain/include/jit/JITEventListener.h	4109	include	move
llvm/include/llvm/ExecutionEngine/JITSymbol.h	llvm-kain/include/jit/JITSymbol.h	14935	include	move
llvm/include/llvm/ExecutionEngine/MCJIT.h	llvm-kain/include/jit/MCJIT.h	1322	include	move
llvm/include/llvm/ExecutionEngine/ObjectCache.h	llvm-kain/include/jit/ObjectCache.h	1391	include	move
llvm/include/llvm/ExecutionEngine/OProfileWrapper.h	llvm-kain/include/jit/OProfileWrapper.h	4988	include	move
llvm/include/llvm/ExecutionEngine/RTDyldMemoryManager.h	llvm-kain/include/jit/RTDyldMemoryManager.h	6343	include	move
llvm/include/llvm/ExecutionEngine/RuntimeDyld.h	llvm-kain/include/jit/RuntimeDyld.h	13864	include	move
llvm/include/llvm/ExecutionEngine/RuntimeDyldChecker.h	llvm-kain/include/jit/RuntimeDyldChecker.h	7465	include	move
llvm/include/llvm/ExecutionEngine/SectionMemoryManager.h	llvm-kain/include/jit/SectionMemoryManager.h	9550	include	move
llvm/include/llvm/ExecutionEngine/JITLink/aarch32.h	llvm-kain/include/jit/JITLink/aarch32.h	14053	include	move
llvm/include/llvm/ExecutionEngine/JITLink/aarch64.h	llvm-kain/include/jit/JITLink/aarch64.h	33700	include	move
llvm/include/llvm/ExecutionEngine/JITLink/COFF.h	llvm-kain/include/jit/JITLink/COFF.h	2005	include	move
llvm/include/llvm/ExecutionEngine/JITLink/COFF_x86_64.h	llvm-kain/include/jit/JITLink/COFF_x86_64.h	1543	include	move
llvm/include/llvm/ExecutionEngine/JITLink/DWARFRecordSectionSplitter.h	llvm-kain/include/jit/JITLink/DWARFRecordSectionSplitter.h	1275	include	move
llvm/include/llvm/ExecutionEngine/JITLink/EHFrameSupport.h	llvm-kain/include/jit/JITLink/EHFrameSupport.h	3328	include	move
llvm/include/llvm/ExecutionEngine/JITLink/ELF.h	llvm-kain/include/jit/JITLink/ELF.h	1423	include	move
llvm/include/llvm/ExecutionEngine/JITLink/ELF_aarch32.h	llvm-kain/include/jit/JITLink/ELF_aarch32.h	1463	include	move
llvm/include/llvm/ExecutionEngine/JITLink/ELF_aarch64.h	llvm-kain/include/jit/JITLink/ELF_aarch64.h	1516	include	move
llvm/include/llvm/ExecutionEngine/JITLink/ELF_hexagon.h	llvm-kain/include/jit/JITLink/ELF_hexagon.h	1433	include	move
llvm/include/llvm/ExecutionEngine/JITLink/ELF_loongarch.h	llvm-kain/include/jit/JITLink/ELF_loongarch.h	1690	include	move
llvm/include/llvm/ExecutionEngine/JITLink/ELF_ppc64.h	llvm-kain/include/jit/JITLink/ELF_ppc64.h	2160	include	move
llvm/include/llvm/ExecutionEngine/JITLink/ELF_riscv.h	llvm-kain/include/jit/JITLink/ELF_riscv.h	1675	include	move
llvm/include/llvm/ExecutionEngine/JITLink/ELF_systemz.h	llvm-kain/include/jit/JITLink/ELF_systemz.h	1516	include	move
llvm/include/llvm/ExecutionEngine/JITLink/ELF_x86.h	llvm-kain/include/jit/JITLink/ELF_x86.h	1508	include	move
llvm/include/llvm/ExecutionEngine/JITLink/ELF_x86_64.h	llvm-kain/include/jit/JITLink/ELF_x86_64.h	1435	include	move
llvm/include/llvm/ExecutionEngine/JITLink/hexagon.h	llvm-kain/include/jit/JITLink/hexagon.h	11231	include	move
llvm/include/llvm/ExecutionEngine/JITLink/JITLink.h	llvm-kain/include/jit/JITLink/JITLink.h	78679	include	move
llvm/include/llvm/ExecutionEngine/JITLink/JITLinkDylib.h	llvm-kain/include/jit/JITLink/JITLinkDylib.h	978	include	move
llvm/include/llvm/ExecutionEngine/JITLink/JITLinkMemoryManager.h	llvm-kain/include/jit/JITLink/JITLinkMemoryManager.h	15031	include	move
llvm/include/llvm/ExecutionEngine/JITLink/loongarch.h	llvm-kain/include/jit/JITLink/loongarch.h	17728	include	move
llvm/include/llvm/ExecutionEngine/JITLink/MachO.h	llvm-kain/include/jit/JITLink/MachO.h	2606	include	move
llvm/include/llvm/ExecutionEngine/JITLink/MachO_arm64.h	llvm-kain/include/jit/JITLink/MachO_arm64.h	2249	include	move
llvm/include/llvm/ExecutionEngine/JITLink/MachO_x86_64.h	llvm-kain/include/jit/JITLink/MachO_x86_64.h	2214	include	move
llvm/include/llvm/ExecutionEngine/JITLink/ppc64.h	llvm-kain/include/jit/JITLink/ppc64.h	17107	include	move
llvm/include/llvm/ExecutionEngine/JITLink/riscv.h	llvm-kain/include/jit/JITLink/riscv.h	5910	include	move
llvm/include/llvm/ExecutionEngine/JITLink/systemz.h	llvm-kain/include/jit/JITLink/systemz.h	30702	include	move
llvm/include/llvm/ExecutionEngine/JITLink/TableManager.h	llvm-kain/include/jit/JITLink/TableManager.h	2794	include	move
llvm/include/llvm/ExecutionEngine/JITLink/x86.h	llvm-kain/include/jit/JITLink/x86.h	13574	include	move
llvm/include/llvm/ExecutionEngine/JITLink/x86_64.h	llvm-kain/include/jit/JITLink/x86_64.h	25725	include	move
llvm/include/llvm/ExecutionEngine/JITLink/XCOFF.h	llvm-kain/include/jit/JITLink/XCOFF.h	1334	include	move
llvm/include/llvm/ExecutionEngine/JITLink/XCOFF_ppc64.h	llvm-kain/include/jit/JITLink/XCOFF_ppc64.h	1402	include	move
llvm/include/llvm/ExecutionEngine/Orc/AbsoluteSymbols.h	llvm-kain/include/jit/Orc/AbsoluteSymbols.h	2030	include	move
llvm/include/llvm/ExecutionEngine/Orc/BacktraceTools.h	llvm-kain/include/jit/Orc/BacktraceTools.h	3350	include	move
llvm/include/llvm/ExecutionEngine/Orc/CallableTraitsHelper.h	llvm-kain/include/jit/Orc/CallableTraitsHelper.h	2783	include	move
llvm/include/llvm/ExecutionEngine/Orc/CallSPSViaEPC.h	llvm-kain/include/jit/Orc/CallSPSViaEPC.h	3475	include	move
llvm/include/llvm/ExecutionEngine/Orc/CallViaEPC.h	llvm-kain/include/jit/Orc/CallViaEPC.h	5613	include	move
llvm/include/llvm/ExecutionEngine/Orc/COFF.h	llvm-kain/include/jit/Orc/COFF.h	1261	include	move
llvm/include/llvm/ExecutionEngine/Orc/COFFPlatform.h	llvm-kain/include/jit/Orc/COFFPlatform.h	8544	include	move
llvm/include/llvm/ExecutionEngine/Orc/COFFVCRuntimeSupport.h	llvm-kain/include/jit/Orc/COFFVCRuntimeSupport.h	3649	include	move
llvm/include/llvm/ExecutionEngine/Orc/CompileOnDemandLayer.h	llvm-kain/include/jit/Orc/CompileOnDemandLayer.h	3450	include	move
llvm/include/llvm/ExecutionEngine/Orc/CompileUtils.h	llvm-kain/include/jit/Orc/CompileUtils.h	3387	include	move
llvm/include/llvm/ExecutionEngine/Orc/Core.h	llvm-kain/include/jit/Orc/Core.h	74626	include	move
llvm/include/llvm/ExecutionEngine/Orc/CoreContainers.h	llvm-kain/include/jit/Orc/CoreContainers.h	1595	include	move
llvm/include/llvm/ExecutionEngine/Orc/DebugUtils.h	llvm-kain/include/jit/Orc/DebugUtils.h	5283	include	move
llvm/include/llvm/ExecutionEngine/Orc/DylibManager.h	llvm-kain/include/jit/Orc/DylibManager.h	2567	include	move
llvm/include/llvm/ExecutionEngine/Orc/EHFrameRegistrationPlugin.h	llvm-kain/include/jit/Orc/EHFrameRegistrationPlugin.h	1985	include	move
llvm/include/llvm/ExecutionEngine/Orc/ELFNixPlatform.h	llvm-kain/include/jit/Orc/ELFNixPlatform.h	12180	include	move
llvm/include/llvm/ExecutionEngine/Orc/EPCDynamicLibrarySearchGenerator.h	llvm-kain/include/jit/Orc/EPCDynamicLibrarySearchGenerator.h	4302	include	move
llvm/include/llvm/ExecutionEngine/Orc/EPCGenericDylibManager.h	llvm-kain/include/jit/Orc/EPCGenericDylibManager.h	4608	include	move
llvm/include/llvm/ExecutionEngine/Orc/EPCGenericJITLinkMemoryManager.h	llvm-kain/include/jit/Orc/EPCGenericJITLinkMemoryManager.h	4201	include	move
llvm/include/llvm/ExecutionEngine/Orc/EPCGenericMemoryAccess.h	llvm-kain/include/jit/Orc/EPCGenericMemoryAccess.h	7485	include	move
llvm/include/llvm/ExecutionEngine/Orc/EPCGenericRTDyldMemoryManager.h	llvm-kain/include/jit/Orc/EPCGenericRTDyldMemoryManager.h	4698	include	move
llvm/include/llvm/ExecutionEngine/Orc/EPCIndirectionUtils.h	llvm-kain/include/jit/Orc/EPCIndirectionUtils.h	9297	include	move
llvm/include/llvm/ExecutionEngine/Orc/ExecutionUtils.h	llvm-kain/include/jit/Orc/ExecutionUtils.h	15066	include	move
llvm/include/llvm/ExecutionEngine/Orc/ExecutorProcessControl.h	llvm-kain/include/jit/Orc/ExecutorProcessControl.h	12304	include	move
llvm/include/llvm/ExecutionEngine/Orc/ExecutorResolutionGenerator.h	llvm-kain/include/jit/Orc/ExecutorResolutionGenerator.h	3266	include	move
llvm/include/llvm/ExecutionEngine/Orc/IndirectionUtils.h	llvm-kain/include/jit/Orc/IndirectionUtils.h	21267	include	move
llvm/include/llvm/ExecutionEngine/Orc/InProcessMemoryAccess.h	llvm-kain/include/jit/Orc/InProcessMemoryAccess.h	2608	include	move
llvm/include/llvm/ExecutionEngine/Orc/IRCompileLayer.h	llvm-kain/include/jit/Orc/IRCompileLayer.h	2278	include	move
llvm/include/llvm/ExecutionEngine/Orc/IRPartitionLayer.h	llvm-kain/include/jit/Orc/IRPartitionLayer.h	2922	include	move
llvm/include/llvm/ExecutionEngine/Orc/IRTransformLayer.h	llvm-kain/include/jit/Orc/IRTransformLayer.h	1866	include	move
llvm/include/llvm/ExecutionEngine/Orc/JITLinkRedirectableSymbolManager.h	llvm-kain/include/jit/Orc/JITLinkRedirectableSymbolManager.h	3006	include	move
llvm/include/llvm/ExecutionEngine/Orc/JITLinkReentryTrampolines.h	llvm-kain/include/jit/Orc/JITLinkReentryTrampolines.h	2737	include	move
llvm/include/llvm/ExecutionEngine/Orc/JITTargetMachineBuilder.h	llvm-kain/include/jit/Orc/JITTargetMachineBuilder.h	5646	include	move
llvm/include/llvm/ExecutionEngine/Orc/Layer.h	llvm-kain/include/jit/Orc/Layer.h	7703	include	move
llvm/include/llvm/ExecutionEngine/Orc/LazyObjectLinkingLayer.h	llvm-kain/include/jit/Orc/LazyObjectLinkingLayer.h	2139	include	move
llvm/include/llvm/ExecutionEngine/Orc/LazyReexports.h	llvm-kain/include/jit/Orc/LazyReexports.h	12839	include	move
llvm/include/llvm/ExecutionEngine/Orc/LinkGraphLayer.h	llvm-kain/include/jit/Orc/LinkGraphLayer.h	3968	include	move
llvm/include/llvm/ExecutionEngine/Orc/LinkGraphLinkingLayer.h	llvm-kain/include/jit/Orc/LinkGraphLinkingLayer.h	7515	include	move
llvm/include/llvm/ExecutionEngine/Orc/LLJIT.h	llvm-kain/include/jit/Orc/LLJIT.h	24808	include	move
llvm/include/llvm/ExecutionEngine/Orc/LoadLinkableFile.h	llvm-kain/include/jit/Orc/LoadLinkableFile.h	2562	include	move
llvm/include/llvm/ExecutionEngine/Orc/LookupAndRecordAddrs.h	llvm-kain/include/jit/Orc/LookupAndRecordAddrs.h	2487	include	move
llvm/include/llvm/ExecutionEngine/Orc/MachO.h	llvm-kain/include/jit/Orc/MachO.h	5132	include	move
llvm/include/llvm/ExecutionEngine/Orc/MachOBuilder.h	llvm-kain/include/jit/Orc/MachOBuilder.h	20118	include	move
llvm/include/llvm/ExecutionEngine/Orc/MachOPlatform.h	llvm-kain/include/jit/Orc/MachOPlatform.h	18064	include	move
llvm/include/llvm/ExecutionEngine/Orc/Mangling.h	llvm-kain/include/jit/Orc/Mangling.h	2130	include	move
llvm/include/llvm/ExecutionEngine/Orc/MapperJITLinkMemoryManager.h	llvm-kain/include/jit/Orc/MapperJITLinkMemoryManager.h	2585	include	move
llvm/include/llvm/ExecutionEngine/Orc/MaterializationUnit.h	llvm-kain/include/jit/Orc/MaterializationUnit.h	3762	include	move
llvm/include/llvm/ExecutionEngine/Orc/MemoryAccess.h	llvm-kain/include/jit/Orc/MemoryAccess.h	7235	include	move
llvm/include/llvm/ExecutionEngine/Orc/MemoryMapper.h	llvm-kain/include/jit/Orc/MemoryMapper.h	5816	include	move
llvm/include/llvm/ExecutionEngine/Orc/ObjectFileInterface.h	llvm-kain/include/jit/Orc/ObjectFileInterface.h	1546	include	move
llvm/include/llvm/ExecutionEngine/Orc/ObjectLinkingLayer.h	llvm-kain/include/jit/Orc/ObjectLinkingLayer.h	3093	include	move
llvm/include/llvm/ExecutionEngine/Orc/ObjectTransformLayer.h	llvm-kain/include/jit/Orc/ObjectTransformLayer.h	1626	include	move
llvm/include/llvm/ExecutionEngine/Orc/OrcABISupport.h	llvm-kain/include/jit/Orc/OrcABISupport.h	18499	include	move
llvm/include/llvm/ExecutionEngine/Orc/RedirectionManager.h	llvm-kain/include/jit/Orc/RedirectionManager.h	3516	include	move
llvm/include/llvm/ExecutionEngine/Orc/ReOptimizeLayer.h	llvm-kain/include/jit/Orc/ReOptimizeLayer.h	7259	include	move
llvm/include/llvm/ExecutionEngine/Orc/RTDyldObjectLinkingLayer.h	llvm-kain/include/jit/Orc/RTDyldObjectLinkingLayer.h	6464	include	move
llvm/include/llvm/ExecutionEngine/Orc/SectCreate.h	llvm-kain/include/jit/Orc/SectCreate.h	2019	include	move
llvm/include/llvm/ExecutionEngine/Orc/SelfExecutorProcessControl.h	llvm-kain/include/jit/Orc/SelfExecutorProcessControl.h	2745	include	move
llvm/include/llvm/ExecutionEngine/Orc/SimpleRemoteEPC.h	llvm-kain/include/jit/Orc/SimpleRemoteEPC.h	4641	include	move
llvm/include/llvm/ExecutionEngine/Orc/SimpleRemoteMemoryMapper.h	llvm-kain/include/jit/Orc/SimpleRemoteMemoryMapper.h	3229	include	move
llvm/include/llvm/ExecutionEngine/Orc/SpeculateAnalyses.h	llvm-kain/include/jit/Orc/SpeculateAnalyses.h	2992	include	move
llvm/include/llvm/ExecutionEngine/Orc/Speculation.h	llvm-kain/include/jit/Orc/Speculation.h	7389	include	move
llvm/include/llvm/ExecutionEngine/Orc/SymbolLookupSet.h	llvm-kain/include/jit/Orc/SymbolLookupSet.h	9082	include	move
llvm/include/llvm/ExecutionEngine/Orc/SymbolStringPool.h	llvm-kain/include/jit/Orc/SymbolStringPool.h	9803	include	move
llvm/include/llvm/ExecutionEngine/Orc/TaskDispatch.h	llvm-kain/include/jit/Orc/TaskDispatch.h	4497	include	move
llvm/include/llvm/ExecutionEngine/Orc/ThreadSafeModule.h	llvm-kain/include/jit/Orc/ThreadSafeModule.h	6461	include	move
llvm/include/llvm/ExecutionEngine/Orc/UnwindInfoRegistrationPlugin.h	llvm-kain/include/jit/Orc/UnwindInfoRegistrationPlugin.h	2259	include	move
llvm/include/llvm/ExecutionEngine/Orc/WaitingOnGraph.h	llvm-kain/include/jit/Orc/WaitingOnGraph.h	27053	include	move
llvm/include/llvm/ExecutionEngine/Orc/WaitingOnGraphOpReplay.h	llvm-kain/include/jit/Orc/WaitingOnGraphOpReplay.h	16188	include	move
llvm/include/llvm/ExecutionEngine/Orc/Debugging/DebuggerSupport.h	llvm-kain/include/jit/Orc/Debugging/DebuggerSupport.h	862	include	move
llvm/include/llvm/ExecutionEngine/Orc/Debugging/DebuggerSupportPlugin.h	llvm-kain/include/jit/Orc/Debugging/DebuggerSupportPlugin.h	2459	include	move
llvm/include/llvm/ExecutionEngine/Orc/Debugging/DebugInfoSupport.h	llvm-kain/include/jit/Orc/Debugging/DebugInfoSupport.h	2157	include	move
llvm/include/llvm/ExecutionEngine/Orc/Debugging/ELFDebugObjectPlugin.h	llvm-kain/include/jit/Orc/Debugging/ELFDebugObjectPlugin.h	3470	include	move
llvm/include/llvm/ExecutionEngine/Orc/Debugging/PerfSupportPlugin.h	llvm-kain/include/jit/Orc/Debugging/PerfSupportPlugin.h	2505	include	move
llvm/include/llvm/ExecutionEngine/Orc/Debugging/VTuneSupportPlugin.h	llvm-kain/include/jit/Orc/Debugging/VTuneSupportPlugin.h	2533	include	move
llvm/include/llvm/ExecutionEngine/Orc/Shared/AllocationActions.h	llvm-kain/include/jit/Orc/Shared/AllocationActions.h	3752	include	move
llvm/include/llvm/ExecutionEngine/Orc/Shared/ExecutorAddress.h	llvm-kain/include/jit/Orc/Shared/ExecutorAddress.h	11844	include	move
llvm/include/llvm/ExecutionEngine/Orc/Shared/ExecutorSymbolDef.h	llvm-kain/include/jit/Orc/Shared/ExecutorSymbolDef.h	5027	include	move
llvm/include/llvm/ExecutionEngine/Orc/Shared/MachOObjectFormat.h	llvm-kain/include/jit/Orc/Shared/MachOObjectFormat.h	2869	include	move
llvm/include/llvm/ExecutionEngine/Orc/Shared/MemoryFlags.h	llvm-kain/include/jit/Orc/Shared/MemoryFlags.h	7211	include	move
llvm/include/llvm/ExecutionEngine/Orc/Shared/ObjectFormats.h	llvm-kain/include/jit/Orc/Shared/ObjectFormats.h	1650	include	move
llvm/include/llvm/ExecutionEngine/Orc/Shared/OrcError.h	llvm-kain/include/jit/Orc/Shared/OrcError.h	2331	include	move
llvm/include/llvm/ExecutionEngine/Orc/Shared/OrcRTBridge.h	llvm-kain/include/jit/Orc/Shared/OrcRTBridge.h	7282	include	move
llvm/include/llvm/ExecutionEngine/Orc/Shared/PerfSharedStructs.h	llvm-kain/include/jit/Orc/Shared/PerfSharedStructs.h	8130	include	move
llvm/include/llvm/ExecutionEngine/Orc/Shared/SimplePackedSerialization.h	llvm-kain/include/jit/Orc/Shared/SimplePackedSerialization.h	25046	include	move
llvm/include/llvm/ExecutionEngine/Orc/Shared/SimpleRemoteEPCUtils.h	llvm-kain/include/jit/Orc/Shared/SimpleRemoteEPCUtils.h	8260	include	move
llvm/include/llvm/ExecutionEngine/Orc/Shared/SymbolFilter.h	llvm-kain/include/jit/Orc/Shared/SymbolFilter.h	5080	include	move
llvm/include/llvm/ExecutionEngine/Orc/Shared/TargetProcessControlTypes.h	llvm-kain/include/jit/Orc/Shared/TargetProcessControlTypes.h	11264	include	move
llvm/include/llvm/ExecutionEngine/Orc/Shared/VTuneSharedStructs.h	llvm-kain/include/jit/Orc/Shared/VTuneSharedStructs.h	3632	include	move
llvm/include/llvm/ExecutionEngine/Orc/Shared/WrapperFunctionUtils.h	llvm-kain/include/jit/Orc/Shared/WrapperFunctionUtils.h	28250	include	move
llvm/include/llvm/ExecutionEngine/Orc/TargetProcess/DefaultHostBootstrapValues.h	llvm-kain/include/jit/Orc/TargetProcess/DefaultHostBootstrapValues.h	1116	include	move
llvm/include/llvm/ExecutionEngine/Orc/TargetProcess/ExecutorBootstrapService.h	llvm-kain/include/jit/Orc/TargetProcess/ExecutorBootstrapService.h	1250	include	move
llvm/include/llvm/ExecutionEngine/Orc/TargetProcess/ExecutorResolver.h	llvm-kain/include/jit/Orc/TargetProcess/ExecutorResolver.h	1629	include	move
llvm/include/llvm/ExecutionEngine/Orc/TargetProcess/ExecutorSharedMemoryMapperService.h	llvm-kain/include/jit/Orc/TargetProcess/ExecutorSharedMemoryMapperService.h	2708	include	move
llvm/include/llvm/ExecutionEngine/Orc/TargetProcess/JITLoaderGDB.h	llvm-kain/include/jit/Orc/TargetProcess/JITLoaderGDB.h	1516	include	move
llvm/include/llvm/ExecutionEngine/Orc/TargetProcess/JITLoaderPerf.h	llvm-kain/include/jit/Orc/TargetProcess/JITLoaderPerf.h	1250	include	move
llvm/include/llvm/ExecutionEngine/Orc/TargetProcess/JITLoaderVTune.h	llvm-kain/include/jit/Orc/TargetProcess/JITLoaderVTune.h	1238	include	move
llvm/include/llvm/ExecutionEngine/Orc/TargetProcess/LibraryResolver.h	llvm-kain/include/jit/Orc/TargetProcess/LibraryResolver.h	18263	include	move
llvm/include/llvm/ExecutionEngine/Orc/TargetProcess/LibraryScanner.h	llvm-kain/include/jit/Orc/TargetProcess/LibraryScanner.h	15218	include	move
llvm/include/llvm/ExecutionEngine/Orc/TargetProcess/RegisterEHFrames.h	llvm-kain/include/jit/Orc/TargetProcess/RegisterEHFrames.h	1805	include	move
llvm/include/llvm/ExecutionEngine/Orc/TargetProcess/SimpleExecutorDylibManager.h	llvm-kain/include/jit/Orc/TargetProcess/SimpleExecutorDylibManager.h	2473	include	move
llvm/include/llvm/ExecutionEngine/Orc/TargetProcess/SimpleExecutorMemoryManager.h	llvm-kain/include/jit/Orc/TargetProcess/SimpleExecutorMemoryManager.h	3793	include	move
llvm/include/llvm/ExecutionEngine/Orc/TargetProcess/SimpleRemoteEPCServer.h	llvm-kain/include/jit/Orc/TargetProcess/SimpleRemoteEPCServer.h	7300	include	move
llvm/include/llvm/ExecutionEngine/Orc/TargetProcess/TargetExecutionUtils.h	llvm-kain/include/jit/Orc/TargetProcess/TargetExecutionUtils.h	1570	include	move
llvm/include/llvm/ExecutionEngine/Orc/TargetProcess/UnwindInfoManager.h	llvm-kain/include/jit/Orc/TargetProcess/UnwindInfoManager.h	2793	include	move
llvm/include/llvm/FileCheck/FileCheck.h	(keep-in-place)	19410	llvm-core	keep-in-place
llvm/include/llvm/IR/AbstractCallSite.h	llvm-kain/include/core/ir/AbstractCallSite.h	9716	include	move
llvm/include/llvm/IR/Analysis.h	llvm-kain/include/core/ir/Analysis.h	12523	include	move
llvm/include/llvm/IR/Argument.h	llvm-kain/include/core/ir/Argument.h	7150	include	move
llvm/include/llvm/IR/AssemblyAnnotationWriter.h	llvm-kain/include/core/ir/AssemblyAnnotationWriter.h	2500	include	move
llvm/include/llvm/IR/Assumptions.h	llvm-kain/include/core/ir/Assumptions.h	2752	include	move
llvm/include/llvm/IR/AttributeMask.h	llvm-kain/include/core/ir/AttributeMask.h	2577	include	move
llvm/include/llvm/IR/Attributes.h	llvm-kain/include/core/ir/Attributes.h	58992	include	move
llvm/include/llvm/IR/Attributes.td	llvm-kain/include/core/ir/Attributes.td	19878	include	move
llvm/include/llvm/IR/AutoUpgrade.h	llvm-kain/include/core/ir/AutoUpgrade.h	5380	include	move
llvm/include/llvm/IR/BasicBlock.h	llvm-kain/include/core/ir/BasicBlock.h	33630	include	move
llvm/include/llvm/IR/BuiltinGCs.h	llvm-kain/include/core/ir/BuiltinGCs.h	1118	include	move
llvm/include/llvm/IR/BundleAttributes.def	llvm-kain/include/core/ir/BundleAttributes.def	708	include	move
llvm/include/llvm/IR/BundleAttributes.h	llvm-kain/include/core/ir/BundleAttributes.h	1919	include	move
llvm/include/llvm/IR/CallingConv.h	llvm-kain/include/core/ir/CallingConv.h	11959	include	move
llvm/include/llvm/IR/CFG.h	llvm-kain/include/core/ir/CFG.h	11973	include	move
llvm/include/llvm/IR/CMakeLists.txt	llvm-kain/include/core/ir/CMakeLists.txt	1858	include	move
llvm/include/llvm/IR/CmpPredicate.h	llvm-kain/include/core/ir/CmpPredicate.h	3570	include	move
llvm/include/llvm/IR/Comdat.h	llvm-kain/include/core/ir/Comdat.h	2577	include	move
llvm/include/llvm/IR/Constant.h	llvm-kain/include/core/ir/Constant.h	11487	include	move
llvm/include/llvm/IR/ConstantFold.h	llvm-kain/include/core/ir/ConstantFold.h	4269	include	move
llvm/include/llvm/IR/ConstantFolder.h	llvm-kain/include/core/ir/ConstantFolder.h	7273	include	move
llvm/include/llvm/IR/ConstantFPRange.h	llvm-kain/include/core/ir/ConstantFPRange.h	10247	include	move
llvm/include/llvm/IR/ConstantRange.h	llvm-kain/include/core/ir/ConstantRange.h	28309	include	move
llvm/include/llvm/IR/ConstantRangeList.h	llvm-kain/include/core/ir/ConstantRangeList.h	3773	include	move
llvm/include/llvm/IR/Constants.h	llvm-kain/include/core/ir/Constants.h	71075	include	move
llvm/include/llvm/IR/ConstrainedOps.def	llvm-kain/include/core/ir/ConstrainedOps.def	6249	include	move
llvm/include/llvm/IR/ConvergenceVerifier.h	llvm-kain/include/core/ir/ConvergenceVerifier.h	874	include	move
llvm/include/llvm/IR/CycleInfo.h	llvm-kain/include/core/ir/CycleInfo.h	902	include	move
llvm/include/llvm/IR/DataLayout.h	llvm-kain/include/core/ir/DataLayout.h	33897	include	move
llvm/include/llvm/IR/DbgVariableFragmentInfo.h	llvm-kain/include/core/ir/DbgVariableFragmentInfo.h	1879	include	move
llvm/include/llvm/IR/DebugInfo.h	llvm-kain/include/core/ir/DebugInfo.h	13659	include	move
llvm/include/llvm/IR/DebugInfoFlags.def	llvm-kain/include/core/ir/DebugInfoFlags.def	3752	include	move
llvm/include/llvm/IR/DebugInfoMetadata.h	llvm-kain/include/core/ir/DebugInfoMetadata.h	200316	include	move
llvm/include/llvm/IR/DebugLoc.h	llvm-kain/include/core/ir/DebugLoc.h	10992	include	move
llvm/include/llvm/IR/DebugProgramInstruction.h	llvm-kain/include/core/ir/DebugProgramInstruction.h	30116	include	move
llvm/include/llvm/IR/DerivedTypes.h	llvm-kain/include/core/ir/DerivedTypes.h	36703	include	move
llvm/include/llvm/IR/DerivedUser.h	llvm-kain/include/core/ir/DerivedUser.h	1352	include	move
llvm/include/llvm/IR/DiagnosticHandler.h	llvm-kain/include/core/ir/DiagnosticHandler.h	3033	include	move
llvm/include/llvm/IR/DiagnosticInfo.h	llvm-kain/include/core/ir/DiagnosticInfo.h	49449	include	move
llvm/include/llvm/IR/DiagnosticPrinter.h	llvm-kain/include/core/ir/DiagnosticPrinter.h	3590	include	move
llvm/include/llvm/IR/DIBuilder.h	llvm-kain/include/core/ir/DIBuilder.h	66274	include	move
llvm/include/llvm/IR/Dominators.h	llvm-kain/include/core/ir/Dominators.h	12072	include	move
llvm/include/llvm/IR/DroppedVariableStats.h	llvm-kain/include/core/ir/DroppedVariableStats.h	5566	include	move
llvm/include/llvm/IR/DroppedVariableStatsIR.h	llvm-kain/include/core/ir/DroppedVariableStatsIR.h	3455	include	move
llvm/include/llvm/IR/EHPersonalities.h	llvm-kain/include/core/ir/EHPersonalities.h	3379	include	move
llvm/include/llvm/IR/FixedMetadataKinds.def	llvm-kain/include/core/ir/FixedMetadataKinds.def	3325	include	move
llvm/include/llvm/IR/FixedPointBuilder.h	llvm-kain/include/core/ir/FixedPointBuilder.h	19620	include	move
llvm/include/llvm/IR/FMF.h	llvm-kain/include/core/ir/FMF.h	4331	include	move
llvm/include/llvm/IR/FPEnv.h	llvm-kain/include/core/ir/FPEnv.h	3227	include	move
llvm/include/llvm/IR/Function.h	llvm-kain/include/core/ir/Function.h	39536	include	move
llvm/include/llvm/IR/FunctionProperties.def	llvm-kain/include/core/ir/FunctionProperties.def	6229	include	move
llvm/include/llvm/IR/GCStrategy.h	llvm-kain/include/core/ir/GCStrategy.h	5983	include	move
llvm/include/llvm/IR/GenericConvergenceVerifierImpl.h	llvm-kain/include/core/ir/GenericConvergenceVerifierImpl.h	8467	include	move
llvm/include/llvm/IR/GenericFloatingPointPredicateUtils.h	llvm-kain/include/core/ir/GenericFloatingPointPredicateUtils.h	16948	include	move
llvm/include/llvm/IR/GEPNoWrapFlags.h	llvm-kain/include/core/ir/GEPNoWrapFlags.h	3923	include	move
llvm/include/llvm/IR/GetElementPtrTypeIterator.h	llvm-kain/include/core/ir/GetElementPtrTypeIterator.h	7639	include	move
llvm/include/llvm/IR/GlobalAlias.h	llvm-kain/include/core/ir/GlobalAlias.h	4321	include	move
llvm/include/llvm/IR/GlobalIFunc.h	llvm-kain/include/core/ir/GlobalIFunc.h	4199	include	move
llvm/include/llvm/IR/GlobalObject.h	llvm-kain/include/core/ir/GlobalObject.h	7727	include	move
llvm/include/llvm/IR/GlobalValue.h	llvm-kain/include/core/ir/GlobalValue.h	26535	include	move
llvm/include/llvm/IR/GlobalVariable.h	llvm-kain/include/core/ir/GlobalVariable.h	12661	include	move
llvm/include/llvm/IR/GVMaterializer.h	llvm-kain/include/core/ir/GVMaterializer.h	1527	include	move
llvm/include/llvm/IR/InlineAsm.h	llvm-kain/include/core/ir/InlineAsm.h	19247	include	move
llvm/include/llvm/IR/InstIterator.h	llvm-kain/include/core/ir/InstIterator.h	5125	include	move
llvm/include/llvm/IR/InstrTypes.h	llvm-kain/include/core/ir/InstrTypes.h	97882	include	move
llvm/include/llvm/IR/Instruction.def	llvm-kain/include/core/ir/Instruction.def	8879	include	move
llvm/include/llvm/IR/Instruction.h	llvm-kain/include/core/ir/Instruction.h	47121	include	move
llvm/include/llvm/IR/Instructions.h	llvm-kain/include/core/ir/Instructions.h	203474	include	move
llvm/include/llvm/IR/InstVisitor.h	llvm-kain/include/core/ir/InstVisitor.h	14426	include	move
llvm/include/llvm/IR/IntrinsicInst.h	llvm-kain/include/core/ir/IntrinsicInst.h	61883	include	move
llvm/include/llvm/IR/Intrinsics.h	llvm-kain/include/core/ir/Intrinsics.h	12115	include	move
llvm/include/llvm/IR/Intrinsics.td	llvm-kain/include/core/ir/Intrinsics.td	158103	include	move
llvm/include/llvm/IR/IntrinsicsAArch64.td	llvm-kain/include/core/ir/IntrinsicsAArch64.td	211036	include	move
llvm/include/llvm/IR/IntrinsicsAMDGPU.td	llvm-kain/include/core/ir/IntrinsicsAMDGPU.td	212152	include	move
llvm/include/llvm/IR/IntrinsicsARM.td	llvm-kain/include/core/ir/IntrinsicsARM.td	71452	include	move
llvm/include/llvm/IR/IntrinsicsAVR.td	llvm-kain/include/core/ir/IntrinsicsAVR.td	1089	include	move
llvm/include/llvm/IR/IntrinsicsBPF.td	llvm-kain/include/core/ir/IntrinsicsBPF.td	4510	include	move
llvm/include/llvm/IR/IntrinsicsDirectX.td	llvm-kain/include/core/ir/IntrinsicsDirectX.td	19339	include	move
llvm/include/llvm/IR/IntrinsicsHexagon.td	llvm-kain/include/core/ir/IntrinsicsHexagon.td	20721	include	move
llvm/include/llvm/IR/IntrinsicsHexagonDep.td	llvm-kain/include/core/ir/IntrinsicsHexagonDep.td	235540	include	move
llvm/include/llvm/IR/IntrinsicsLoongArch.td	llvm-kain/include/core/ir/IntrinsicsLoongArch.td	66678	include	move
llvm/include/llvm/IR/IntrinsicsMips.td	llvm-kain/include/core/ir/IntrinsicsMips.td	98720	include	move
llvm/include/llvm/IR/IntrinsicsNVVM.td	llvm-kain/include/core/ir/IntrinsicsNVVM.td	144008	include	move
llvm/include/llvm/IR/IntrinsicsPowerPC.td	llvm-kain/include/core/ir/IntrinsicsPowerPC.td	122777	include	move
llvm/include/llvm/IR/IntrinsicsRISCV.td	llvm-kain/include/core/ir/IntrinsicsRISCV.td	90488	include	move
llvm/include/llvm/IR/IntrinsicsRISCVXAndes.td	llvm-kain/include/core/ir/IntrinsicsRISCVXAndes.td	2008	include	move
llvm/include/llvm/IR/IntrinsicsRISCVXCV.td	llvm-kain/include/core/ir/IntrinsicsRISCVXCV.td	4813	include	move
llvm/include/llvm/IR/IntrinsicsRISCVXMIPS.td	llvm-kain/include/core/ir/IntrinsicsRISCVXMIPS.td	950	include	move
llvm/include/llvm/IR/IntrinsicsRISCVXsf.td	llvm-kain/include/core/ir/IntrinsicsRISCVXsf.td	12996	include	move
llvm/include/llvm/IR/IntrinsicsRISCVXTHead.td	llvm-kain/include/core/ir/IntrinsicsRISCVXTHead.td	1339	include	move
llvm/include/llvm/IR/IntrinsicsSPIRV.td	llvm-kain/include/core/ir/IntrinsicsSPIRV.td	23354	include	move
llvm/include/llvm/IR/IntrinsicsSystemZ.td	llvm-kain/include/core/ir/IntrinsicsSystemZ.td	22549	include	move
llvm/include/llvm/IR/IntrinsicsVE.td	llvm-kain/include/core/ir/IntrinsicsVE.td	1305	include	move
llvm/include/llvm/IR/IntrinsicsVEVL.gen.td	llvm-kain/include/core/ir/IntrinsicsVEVL.gen.td	265388	include	move
llvm/include/llvm/IR/IntrinsicsWebAssembly.td	llvm-kain/include/core/ir/IntrinsicsWebAssembly.td	17670	include	move
llvm/include/llvm/IR/IntrinsicsX86.td	llvm-kain/include/core/ir/IntrinsicsX86.td	390705	include	move
llvm/include/llvm/IR/IntrinsicsXCore.td	llvm-kain/include/core/ir/IntrinsicsXCore.td	7001	include	move
llvm/include/llvm/IR/IRBuilder.h	llvm-kain/include/core/ir/IRBuilder.h	119673	include	move
llvm/include/llvm/IR/IRBuilderFolder.h	llvm-kain/include/core/ir/IRBuilderFolder.h	3763	include	move
llvm/include/llvm/IR/IRPrintingPasses.h	llvm-kain/include/core/ir/IRPrintingPasses.h	1675	include	move
llvm/include/llvm/IR/LegacyPassManager.h	llvm-kain/include/core/ir/LegacyPassManager.h	3383	include	move
llvm/include/llvm/IR/LegacyPassManagers.h	llvm-kain/include/core/ir/LegacyPassManagers.h	18574	include	move
llvm/include/llvm/IR/LegacyPassNameParser.h	llvm-kain/include/core/ir/LegacyPassNameParser.h	3877	include	move
llvm/include/llvm/IR/LLVMContext.h	llvm-kain/include/core/ir/LLVMContext.h	16792	include	move
llvm/include/llvm/IR/LLVMRemarkStreamer.h	llvm-kain/include/core/ir/LLVMRemarkStreamer.h	5573	include	move
llvm/include/llvm/IR/Mangler.h	llvm-kain/include/core/ir/Mangler.h	3510	include	move
llvm/include/llvm/IR/MatrixBuilder.h	llvm-kain/include/core/ir/MatrixBuilder.h	13094	include	move
llvm/include/llvm/IR/MDBuilder.h	llvm-kain/include/core/ir/MDBuilder.h	11528	include	move
llvm/include/llvm/IR/MemoryModelRelaxationAnnotations.h	llvm-kain/include/core/ir/MemoryModelRelaxationAnnotations.h	4327	include	move
llvm/include/llvm/IR/Metadata.def	llvm-kain/include/core/ir/Metadata.def	5495	include	move
llvm/include/llvm/IR/Metadata.h	llvm-kain/include/core/ir/Metadata.h	63303	include	move
llvm/include/llvm/IR/Module.h	llvm-kain/include/core/ir/Module.h	42527	include	move
llvm/include/llvm/IR/ModuleSlotTracker.h	llvm-kain/include/core/ir/ModuleSlotTracker.h	3668	include	move
llvm/include/llvm/IR/ModuleSummaryIndex.h	llvm-kain/include/core/ir/ModuleSummaryIndex.h	80824	include	move
llvm/include/llvm/IR/ModuleSummaryIndexYAML.h	llvm-kain/include/core/ir/ModuleSummaryIndexYAML.h	14815	include	move
llvm/include/llvm/IR/NoFolder.h	llvm-kain/include/core/ir/NoFolder.h	4499	include	move
llvm/include/llvm/IR/NVVMIntrinsicUtils.h	llvm-kain/include/core/ir/NVVMIntrinsicUtils.h	21477	include	move
llvm/include/llvm/IR/OperandTraits.h	llvm-kain/include/core/ir/OperandTraits.h	5870	include	move
llvm/include/llvm/IR/Operator.h	llvm-kain/include/core/ir/Operator.h	20894	include	move
llvm/include/llvm/IR/OptBisect.h	llvm-kain/include/core/ir/OptBisect.h	4038	include	move
llvm/include/llvm/IR/PassInstrumentation.h	llvm-kain/include/core/ir/PassInstrumentation.h	14633	include	move
llvm/include/llvm/IR/PassManager.h	llvm-kain/include/core/ir/PassManager.h	40760	include	move
llvm/include/llvm/IR/PassManagerImpl.h	llvm-kain/include/core/ir/PassManagerImpl.h	8252	include	move
llvm/include/llvm/IR/PassManagerInternal.h	llvm-kain/include/core/ir/PassManagerInternal.h	12520	include	move
llvm/include/llvm/IR/PassTimingInfo.h	llvm-kain/include/core/ir/PassTimingInfo.h	4608	include	move
llvm/include/llvm/IR/PatternMatch.h	llvm-kain/include/core/ir/PatternMatch.h	117451	include	move
llvm/include/llvm/IR/pch.h	llvm-kain/include/core/ir/pch.h	1103	include	move
llvm/include/llvm/IR/PredIteratorCache.h	llvm-kain/include/core/ir/PredIteratorCache.h	1781	include	move
llvm/include/llvm/IR/PrintPasses.h	llvm-kain/include/core/ir/PrintPasses.h	3775	include	move
llvm/include/llvm/IR/ProfDataUtils.h	llvm-kain/include/core/ir/ProfDataUtils.h	12465	include	move
llvm/include/llvm/IR/ProfileSummary.h	llvm-kain/include/core/ir/ProfileSummary.h	4607	include	move
llvm/include/llvm/IR/PseudoProbe.h	llvm-kain/include/core/ir/PseudoProbe.h	4917	include	move
llvm/include/llvm/IR/ReplaceConstant.h	llvm-kain/include/core/ir/ReplaceConstant.h	1607	include	move
llvm/include/llvm/IR/RuntimeLibcalls.h	llvm-kain/include/core/ir/RuntimeLibcalls.h	9393	include	move
llvm/include/llvm/IR/RuntimeLibcalls.td	llvm-kain/include/core/ir/RuntimeLibcalls.td	200735	include	move
llvm/include/llvm/IR/RuntimeLibcallsImpl.td	llvm-kain/include/core/ir/RuntimeLibcallsImpl.td	3961	include	move
llvm/include/llvm/IR/SafepointIRVerifier.h	llvm-kain/include/core/ir/SafepointIRVerifier.h	1721	include	move
llvm/include/llvm/IR/SSAContext.h	llvm-kain/include/core/ir/SSAContext.h	1217	include	move
llvm/include/llvm/IR/Statepoint.h	llvm-kain/include/core/ir/Statepoint.h	8967	include	move
llvm/include/llvm/IR/StructuralHash.h	llvm-kain/include/core/ir/StructuralHash.h	3878	include	move
llvm/include/llvm/IR/SymbolTableListTraits.h	llvm-kain/include/core/ir/SymbolTableListTraits.h	5422	include	move
llvm/include/llvm/IR/SystemLibraries.h	llvm-kain/include/core/ir/SystemLibraries.h	1371	include	move
llvm/include/llvm/IR/TrackingMDRef.h	llvm-kain/include/core/ir/TrackingMDRef.h	4250	include	move
llvm/include/llvm/IR/Type.h	llvm-kain/include/core/ir/Type.h	22658	include	move
llvm/include/llvm/IR/TypedPointerType.h	llvm-kain/include/core/ir/TypedPointerType.h	2005	include	move
llvm/include/llvm/IR/TypeFinder.h	llvm-kain/include/core/ir/TypeFinder.h	2823	include	move
llvm/include/llvm/IR/Use.h	llvm-kain/include/core/ir/Use.h	3820	include	move
llvm/include/llvm/IR/UseListOrder.h	llvm-kain/include/core/ir/UseListOrder.h	1204	include	move
llvm/include/llvm/IR/User.h	llvm-kain/include/core/ir/User.h	12772	include	move
llvm/include/llvm/IR/Value.def	llvm-kain/include/core/ir/Value.def	4620	include	move
llvm/include/llvm/IR/Value.h	llvm-kain/include/core/ir/Value.h	37753	include	move
llvm/include/llvm/IR/ValueHandle.h	llvm-kain/include/core/ir/ValueHandle.h	19988	include	move
llvm/include/llvm/IR/ValueMap.h	llvm-kain/include/core/ir/ValueMap.h	13591	include	move
llvm/include/llvm/IR/ValueSymbolTable.h	llvm-kain/include/core/ir/ValueSymbolTable.h	4913	include	move
llvm/include/llvm/IR/VectorTypeUtils.h	llvm-kain/include/core/ir/VectorTypeUtils.h	4591	include	move
llvm/include/llvm/IR/Verifier.h	llvm-kain/include/core/ir/Verifier.h	5566	include	move
llvm/include/llvm/IR/VFABIDemangler.h	llvm-kain/include/core/ir/VFABIDemangler.h	9433	include	move
llvm/include/llvm/IR/VPIntrinsics.def	llvm-kain/include/core/ir/VPIntrinsics.def	29500	include	move
llvm/include/llvm/IRPrinter/IRPrintingPasses.h	llvm-kain/include/core/ir/IRPrintingPasses.h	2058	include	move
llvm/include/llvm/IRReader/IRReader.h	llvm-kain/include/core/ir/IRReader.h	2894	include	move
llvm/include/llvm/Linker/IRMover.h	llvm-kain/include/core/linker/IRMover.h	3543	include	move
llvm/include/llvm/Linker/Linker.h	llvm-kain/include/core/linker/Linker.h	1812	include	move
llvm/include/llvm/MC/ConstantPools.h	llvm-kain/include/core/mc/ConstantPools.h	3767	include	move
llvm/include/llvm/MC/DXContainerInfo.h	llvm-kain/include/core/mc/DXContainerInfo.h	4540	include	move
llvm/include/llvm/MC/DXContainerPSVInfo.h	llvm-kain/include/core/mc/DXContainerPSVInfo.h	4106	include	move
llvm/include/llvm/MC/DXContainerRootSignature.h	llvm-kain/include/core/mc/DXContainerRootSignature.h	4409	include	move
llvm/include/llvm/MC/LaneBitmask.h	llvm-kain/include/core/mc/LaneBitmask.h	3346	include	move
llvm/include/llvm/MC/MachineLocation.h	llvm-kain/include/core/mc/MachineLocation.h	2088	include	move
llvm/include/llvm/MC/MCAsmBackend.h	llvm-kain/include/core/mc/MCAsmBackend.h	7676	include	move
llvm/include/llvm/MC/MCAsmInfo.h	llvm-kain/include/core/mc/MCAsmInfo.h	28940	include	move
llvm/include/llvm/MC/MCAsmInfoCOFF.h	llvm-kain/include/core/mc/MCAsmInfoCOFF.h	1201	include	move
llvm/include/llvm/MC/MCAsmInfoDarwin.h	llvm-kain/include/core/mc/MCAsmInfoDarwin.h	1319	include	move
llvm/include/llvm/MC/MCAsmInfoELF.h	llvm-kain/include/core/mc/MCAsmInfoELF.h	935	include	move
llvm/include/llvm/MC/MCAsmInfoGOFF.h	llvm-kain/include/core/mc/MCAsmInfoGOFF.h	981	include	move
llvm/include/llvm/MC/MCAsmInfoWasm.h	llvm-kain/include/core/mc/MCAsmInfoWasm.h	755	include	move
llvm/include/llvm/MC/MCAsmInfoXCOFF.h	llvm-kain/include/core/mc/MCAsmInfoXCOFF.h	989	include	move
llvm/include/llvm/MC/MCAsmMacro.h	llvm-kain/include/core/mc/MCAsmMacro.h	4600	include	move
llvm/include/llvm/MC/MCAsmStreamer.h	llvm-kain/include/core/mc/MCAsmStreamer.h	884	include	move
llvm/include/llvm/MC/MCAssembler.h	llvm-kain/include/core/mc/MCAssembler.h	7860	include	move
llvm/include/llvm/MC/MCCodeEmitter.h	llvm-kain/include/core/mc/MCCodeEmitter.h	1569	include	move
llvm/include/llvm/MC/MCCodeView.h	llvm-kain/include/core/mc/MCCodeView.h	10023	include	move
llvm/include/llvm/MC/MCContext.h	llvm-kain/include/core/mc/MCContext.h	36497	include	move
llvm/include/llvm/MC/MCDecoder.h	llvm-kain/include/core/mc/MCDecoder.h	2486	include	move
llvm/include/llvm/MC/MCDecoderOps.h	llvm-kain/include/core/mc/MCDecoderOps.h	1137	include	move
llvm/include/llvm/MC/MCDirectives.h	llvm-kain/include/core/mc/MCDirectives.h	3180	include	move
llvm/include/llvm/MC/MCDwarf.h	llvm-kain/include/core/mc/MCDwarf.h	32016	include	move
llvm/include/llvm/MC/MCDXContainerStreamer.h	llvm-kain/include/core/mc/MCDXContainerStreamer.h	1607	include	move
llvm/include/llvm/MC/MCDXContainerWriter.h	llvm-kain/include/core/mc/MCDXContainerWriter.h	2534	include	move
llvm/include/llvm/MC/MCELFExtras.h	llvm-kain/include/core/mc/MCELFExtras.h	2123	include	move
llvm/include/llvm/MC/MCELFObjectWriter.h	llvm-kain/include/core/mc/MCELFObjectWriter.h	6830	include	move
llvm/include/llvm/MC/MCELFStreamer.h	llvm-kain/include/core/mc/MCELFStreamer.h	5759	include	move
llvm/include/llvm/MC/MCExpr.h	llvm-kain/include/core/mc/MCExpr.h	17292	include	move
llvm/include/llvm/MC/MCFixup.h	llvm-kain/include/core/mc/MCFixup.h	5021	include	move
llvm/include/llvm/MC/MCGOFFAttributes.h	llvm-kain/include/core/mc/MCGOFFAttributes.h	3994	include	move
llvm/include/llvm/MC/MCGOFFObjectWriter.h	llvm-kain/include/core/mc/MCGOFFObjectWriter.h	3972	include	move
llvm/include/llvm/MC/MCGOFFStreamer.h	llvm-kain/include/core/mc/MCGOFFStreamer.h	1330	include	move
llvm/include/llvm/MC/MCInst.h	llvm-kain/include/core/mc/MCInst.h	7520	include	move
llvm/include/llvm/MC/MCInstBuilder.h	llvm-kain/include/core/mc/MCInstBuilder.h	2085	include	move
llvm/include/llvm/MC/MCInstPrinter.h	llvm-kain/include/core/mc/MCInstPrinter.h	7759	include	move
llvm/include/llvm/MC/MCInstrAnalysis.h	llvm-kain/include/core/mc/MCInstrAnalysis.h	8667	include	move
llvm/include/llvm/MC/MCInstrDesc.h	llvm-kain/include/core/mc/MCInstrDesc.h	26366	include	move
llvm/include/llvm/MC/MCInstrInfo.h	llvm-kain/include/core/mc/MCInstrInfo.h	4264	include	move
llvm/include/llvm/MC/MCInstrItineraries.h	llvm-kain/include/core/mc/MCInstrItineraries.h	9622	include	move
llvm/include/llvm/MC/MCLabel.h	llvm-kain/include/core/mc/MCLabel.h	1728	include	move
llvm/include/llvm/MC/MCLFI.h	llvm-kain/include/core/mc/MCLFI.h	837	include	move
llvm/include/llvm/MC/MCLFIRewriter.h	llvm-kain/include/core/mc/MCLFIRewriter.h	2354	include	move
llvm/include/llvm/MC/MCLinkerOptimizationHint.h	llvm-kain/include/core/mc/MCLinkerOptimizationHint.h	5869	include	move
llvm/include/llvm/MC/MCMachObjectWriter.h	llvm-kain/include/core/mc/MCMachObjectWriter.h	11819	include	move
llvm/include/llvm/MC/MCObjectFileInfo.h	llvm-kain/include/core/mc/MCObjectFileInfo.h	18966	include	move
llvm/include/llvm/MC/MCObjectStreamer.h	llvm-kain/include/core/mc/MCObjectStreamer.h	9333	include	move
llvm/include/llvm/MC/MCObjectWriter.h	llvm-kain/include/core/mc/MCObjectWriter.h	5329	include	move
llvm/include/llvm/MC/MCPseudoProbe.h	llvm-kain/include/core/mc/MCPseudoProbe.h	20159	include	move
llvm/include/llvm/MC/MCRegister.h	llvm-kain/include/core/mc/MCRegister.h	4443	include	move
llvm/include/llvm/MC/MCRegisterInfo.h	llvm-kain/include/core/mc/MCRegisterInfo.h	29905	include	move
llvm/include/llvm/MC/MCSchedule.h	llvm-kain/include/core/mc/MCSchedule.h	20821	include	move
llvm/include/llvm/MC/MCSection.h	llvm-kain/include/core/mc/MCSection.h	24146	include	move
llvm/include/llvm/MC/MCSectionCOFF.h	llvm-kain/include/core/mc/MCSectionCOFF.h	3414	include	move
llvm/include/llvm/MC/MCSectionDXContainer.h	llvm-kain/include/core/mc/MCSectionDXContainer.h	979	include	move
llvm/include/llvm/MC/MCSectionELF.h	llvm-kain/include/core/mc/MCSectionELF.h	3477	include	move
llvm/include/llvm/MC/MCSectionGOFF.h	llvm-kain/include/core/mc/MCSectionGOFF.h	4583	include	move
llvm/include/llvm/MC/MCSectionMachO.h	llvm-kain/include/core/mc/MCSectionMachO.h	3384	include	move
llvm/include/llvm/MC/MCSectionSPIRV.h	llvm-kain/include/core/mc/MCSectionSPIRV.h	962	include	move
llvm/include/llvm/MC/MCSectionWasm.h	llvm-kain/include/core/mc/MCSectionWasm.h	2689	include	move
llvm/include/llvm/MC/MCSectionXCOFF.h	llvm-kain/include/core/mc/MCSectionXCOFF.h	5336	include	move
llvm/include/llvm/MC/MCSFrame.h	llvm-kain/include/core/mc/MCSFrame.h	1586	include	move
llvm/include/llvm/MC/MCSPIRVObjectWriter.h	llvm-kain/include/core/mc/MCSPIRVObjectWriter.h	1913	include	move
llvm/include/llvm/MC/MCSPIRVStreamer.h	llvm-kain/include/core/mc/MCSPIRVStreamer.h	1408	include	move
llvm/include/llvm/MC/MCStreamer.h	llvm-kain/include/core/mc/MCStreamer.h	50055	include	move
llvm/include/llvm/MC/MCSubtargetInfo.h	llvm-kain/include/core/mc/MCSubtargetInfo.h	12982	include	move
llvm/include/llvm/MC/MCSymbol.h	llvm-kain/include/core/mc/MCSymbol.h	12403	include	move
llvm/include/llvm/MC/MCSymbolCOFF.h	llvm-kain/include/core/mc/MCSymbolCOFF.h	2205	include	move
llvm/include/llvm/MC/MCSymbolELF.h	llvm-kain/include/core/mc/MCSymbolELF.h	1645	include	move
llvm/include/llvm/MC/MCSymbolGOFF.h	llvm-kain/include/core/mc/MCSymbolGOFF.h	3538	include	move
llvm/include/llvm/MC/MCSymbolMachO.h	llvm-kain/include/core/mc/MCSymbolMachO.h	4946	include	move
llvm/include/llvm/MC/MCSymbolTableEntry.h	llvm-kain/include/core/mc/MCSymbolTableEntry.h	1701	include	move
llvm/include/llvm/MC/MCSymbolWasm.h	llvm-kain/include/core/mc/MCSymbolWasm.h	5787	include	move
llvm/include/llvm/MC/MCSymbolXCOFF.h	llvm-kain/include/core/mc/MCSymbolXCOFF.h	2945	include	move
llvm/include/llvm/MC/MCTargetOptions.h	llvm-kain/include/core/mc/MCTargetOptions.h	3989	include	move
llvm/include/llvm/MC/MCTargetOptionsCommandFlags.h	llvm-kain/include/core/mc/MCTargetOptionsCommandFlags.h	1978	include	move
llvm/include/llvm/MC/MCValue.h	llvm-kain/include/core/mc/MCValue.h	2227	include	move
llvm/include/llvm/MC/MCWasmObjectWriter.h	llvm-kain/include/core/mc/MCWasmObjectWriter.h	1960	include	move
llvm/include/llvm/MC/MCWasmStreamer.h	llvm-kain/include/core/mc/MCWasmStreamer.h	2033	include	move
llvm/include/llvm/MC/MCWin64EH.h	llvm-kain/include/core/mc/MCWin64EH.h	3164	include	move
llvm/include/llvm/MC/MCWinCOFFObjectWriter.h	llvm-kain/include/core/mc/MCWinCOFFObjectWriter.h	3284	include	move
llvm/include/llvm/MC/MCWinCOFFStreamer.h	llvm-kain/include/core/mc/MCWinCOFFStreamer.h	2971	include	move
llvm/include/llvm/MC/MCWinEH.h	llvm-kain/include/core/mc/MCWinEH.h	3899	include	move
llvm/include/llvm/MC/MCXCOFFObjectWriter.h	llvm-kain/include/core/mc/MCXCOFFObjectWriter.h	2029	include	move
llvm/include/llvm/MC/MCXCOFFStreamer.h	llvm-kain/include/core/mc/MCXCOFFStreamer.h	1969	include	move
llvm/include/llvm/MC/SectionKind.h	llvm-kain/include/core/mc/SectionKind.h	8267	include	move
llvm/include/llvm/MC/StringTableBuilder.h	llvm-kain/include/core/mc/StringTableBuilder.h	3236	include	move
llvm/include/llvm/MC/TargetRegistry.h	llvm-kain/include/core/mc/TargetRegistry.h	55037	include	move
llvm/include/llvm/MC/MCDisassembler/MCDisassembler.h	llvm-kain/include/core/mc/MCDisassembler/MCDisassembler.h	10589	include	move
llvm/include/llvm/MC/MCDisassembler/MCExternalSymbolizer.h	llvm-kain/include/core/mc/MCDisassembler/MCExternalSymbolizer.h	2245	include	move
llvm/include/llvm/MC/MCDisassembler/MCRelocationInfo.h	llvm-kain/include/core/mc/MCDisassembler/MCRelocationInfo.h	1644	include	move
llvm/include/llvm/MC/MCDisassembler/MCSymbolizer.h	llvm-kain/include/core/mc/MCDisassembler/MCSymbolizer.h	4349	include	move
llvm/include/llvm/MC/MCParser/AsmCond.h	llvm-kain/include/core/mc/MCParser/AsmCond.h	1197	include	move
llvm/include/llvm/MC/MCParser/AsmLexer.h	llvm-kain/include/core/mc/MCParser/AsmLexer.h	7601	include	move
llvm/include/llvm/MC/MCParser/MCAsmParser.h	llvm-kain/include/core/mc/MCParser/MCAsmParser.h	12059	include	move
llvm/include/llvm/MC/MCParser/MCAsmParserExtension.h	llvm-kain/include/core/mc/MCParser/MCAsmParserExtension.h	4270	include	move
llvm/include/llvm/MC/MCParser/MCAsmParserUtils.h	llvm-kain/include/core/mc/MCParser/MCAsmParserUtils.h	1109	include	move
llvm/include/llvm/MC/MCParser/MCParsedAsmOperand.h	llvm-kain/include/core/mc/MCParser/MCParsedAsmOperand.h	3950	include	move
llvm/include/llvm/MC/MCParser/MCTargetAsmParser.h	llvm-kain/include/core/mc/MCParser/MCTargetAsmParser.h	20152	include	move
llvm/include/llvm/Object/Archive.h	llvm-kain/include/core/object/Archive.h	15682	include	move
llvm/include/llvm/Object/ArchiveWriter.h	llvm-kain/include/core/object/ArchiveWriter.h	3152	include	move
llvm/include/llvm/Object/BBAddrMap.def	llvm-kain/include/core/object/BBAddrMap.def	1790	include	move
llvm/include/llvm/Object/BBAddrMap.h	llvm-kain/include/core/object/BBAddrMap.h	10287	include	move
llvm/include/llvm/Object/Binary.h	llvm-kain/include/core/object/Binary.h	6861	include	move
llvm/include/llvm/Object/BuildID.h	llvm-kain/include/core/object/BuildID.h	1741	include	move
llvm/include/llvm/Object/COFF.h	llvm-kain/include/core/object/COFF.h	50297	include	move
llvm/include/llvm/Object/COFFImportFile.h	llvm-kain/include/core/object/COFFImportFile.h	5264	include	move
llvm/include/llvm/Object/COFFModuleDefinition.h	llvm-kain/include/core/object/COFFModuleDefinition.h	1617	include	move
llvm/include/llvm/Object/CVDebugRecord.h	llvm-kain/include/core/object/CVDebugRecord.h	1235	include	move
llvm/include/llvm/Object/Decompressor.h	llvm-kain/include/core/object/Decompressor.h	1995	include	move
llvm/include/llvm/Object/DXContainer.h	llvm-kain/include/core/object/DXContainer.h	23494	include	move
llvm/include/llvm/Object/ELF.h	llvm-kain/include/core/object/ELF.h	55715	include	move
llvm/include/llvm/Object/ELFObjectFile.h	llvm-kain/include/core/object/ELFObjectFile.h	49386	include	move
llvm/include/llvm/Object/ELFTypes.h	llvm-kain/include/core/object/ELFTypes.h	32052	include	move
llvm/include/llvm/Object/Error.h	llvm-kain/include/core/object/Error.h	3130	include	move
llvm/include/llvm/Object/FaultMapParser.h	llvm-kain/include/core/object/FaultMapParser.h	5492	include	move
llvm/include/llvm/Object/GOFF.h	llvm-kain/include/core/object/GOFF.h	9674	include	move
llvm/include/llvm/Object/GOFFObjectFile.h	llvm-kain/include/core/object/GOFFObjectFile.h	5957	include	move
llvm/include/llvm/Object/IRObjectFile.h	llvm-kain/include/core/object/IRObjectFile.h	3058	include	move
llvm/include/llvm/Object/IRSymtab.h	llvm-kain/include/core/object/IRSymtab.h	11941	include	move
llvm/include/llvm/Object/MachO.h	llvm-kain/include/core/object/MachO.h	35794	include	move
llvm/include/llvm/Object/MachOUniversal.h	llvm-kain/include/core/object/MachOUniversal.h	5156	include	move
llvm/include/llvm/Object/MachOUniversalWriter.h	llvm-kain/include/core/object/MachOUniversalWriter.h	3689	include	move
llvm/include/llvm/Object/Minidump.h	llvm-kain/include/core/object/Minidump.h	15851	include	move
llvm/include/llvm/Object/ModuleSymbolTable.h	llvm-kain/include/core/object/ModuleSymbolTable.h	2346	include	move
llvm/include/llvm/Object/ObjectFile.h	llvm-kain/include/core/object/ObjectFile.h	21879	include	move
llvm/include/llvm/Object/OffloadBinary.h	llvm-kain/include/core/object/OffloadBinary.h	10669	include	move
llvm/include/llvm/Object/OffloadBundle.h	llvm-kain/include/core/object/OffloadBundle.h	7794	include	move
llvm/include/llvm/Object/RelocationResolver.h	llvm-kain/include/core/object/RelocationResolver.h	1549	include	move
llvm/include/llvm/Object/SFrameParser.h	llvm-kain/include/core/object/SFrameParser.h	4057	include	move
llvm/include/llvm/Object/StackMapParser.h	llvm-kain/include/core/object/StackMapParser.h	14771	include	move
llvm/include/llvm/Object/SymbolicFile.h	llvm-kain/include/core/object/SymbolicFile.h	6844	include	move
llvm/include/llvm/Object/SymbolSize.h	llvm-kain/include/core/object/SymbolSize.h	845	include	move
llvm/include/llvm/Object/TapiFile.h	llvm-kain/include/core/object/TapiFile.h	2209	include	move
llvm/include/llvm/Object/TapiUniversal.h	llvm-kain/include/core/object/TapiUniversal.h	3754	include	move
llvm/include/llvm/Object/Wasm.h	llvm-kain/include/core/object/Wasm.h	14234	include	move
llvm/include/llvm/Object/WindowsMachineFlag.h	llvm-kain/include/core/object/WindowsMachineFlag.h	1817	include	move
llvm/include/llvm/Object/WindowsResource.h	llvm-kain/include/core/object/WindowsResource.h	9542	include	move
llvm/include/llvm/Object/XCOFFObjectFile.h	llvm-kain/include/core/object/XCOFFObjectFile.h	34596	include	move
llvm/include/llvm/Option/Arg.h	llvm-kain/include/core/support/Arg.h	5536	include	move
llvm/include/llvm/Option/ArgList.h	llvm-kain/include/core/support/ArgList.h	19945	include	move
llvm/include/llvm/Option/Option.h	llvm-kain/include/core/support/Option.h	7577	include	move
llvm/include/llvm/Option/OptParser.td	llvm-kain/include/core/support/OptParser.td	10726	include	move
llvm/include/llvm/Option/OptSpecifier.h	llvm-kain/include/core/support/OptSpecifier.h	1145	include	move
llvm/include/llvm/Option/OptTable.h	llvm-kain/include/core/support/OptTable.h	22276	include	move
llvm/include/llvm/Passes/CodeGenPassBuilder.h	llvm-kain/include/core/passes/CodeGenPassBuilder.h	54430	include	move
llvm/include/llvm/Passes/MachinePassRegistry.def	llvm-kain/include/core/passes/MachinePassRegistry.def	13887	include	move
llvm/include/llvm/Passes/OptimizationLevel.h	llvm-kain/include/core/passes/OptimizationLevel.h	4312	include	move
llvm/include/llvm/Passes/PassBuilder.h	llvm-kain/include/core/passes/PassBuilder.h	44002	include	move
llvm/include/llvm/Passes/StandardInstrumentations.h	llvm-kain/include/core/passes/StandardInstrumentations.h	23646	include	move
llvm/include/llvm/Passes/TargetPassRegistry.inc	llvm-kain/include/core/passes/TargetPassRegistry.inc	9974	include	move
llvm/include/llvm/Plugins/PassPlugin.h	(keep-in-place)	5046	llvm-core	keep-in-place
llvm/include/llvm/ProfileData/CtxInstrContextNode.h	llvm-kain/include/core/profiledata/CtxInstrContextNode.h	6522	include	move
llvm/include/llvm/ProfileData/DataAccessProf.h	llvm-kain/include/core/profiledata/DataAccessProf.h	8835	include	move
llvm/include/llvm/ProfileData/ETMTraceDecoder.h	llvm-kain/include/core/profiledata/ETMTraceDecoder.h	1213	include	move
llvm/include/llvm/ProfileData/FunctionId.h	llvm-kain/include/core/profiledata/FunctionId.h	6743	include	move
llvm/include/llvm/ProfileData/GCOV.h	llvm-kain/include/core/profiledata/GCOV.h	9846	include	move
llvm/include/llvm/ProfileData/HashKeyMap.h	llvm-kain/include/core/profiledata/HashKeyMap.h	4970	include	move
llvm/include/llvm/ProfileData/IndexedMemProfData.h	llvm-kain/include/core/profiledata/IndexedMemProfData.h	3532	include	move
llvm/include/llvm/ProfileData/InstrProf.h	llvm-kain/include/core/profiledata/InstrProf.h	54180	include	move
llvm/include/llvm/ProfileData/InstrProfCorrelator.h	llvm-kain/include/core/profiledata/InstrProfCorrelator.h	9526	include	move
llvm/include/llvm/ProfileData/InstrProfData.inc	llvm-kain/include/core/profiledata/InstrProfData.inc	41687	include	move
llvm/include/llvm/ProfileData/InstrProfReader.h	llvm-kain/include/core/profiledata/InstrProfReader.h	33094	include	move
llvm/include/llvm/ProfileData/InstrProfWriter.h	llvm-kain/include/core/profiledata/InstrProfWriter.h	10821	include	move
llvm/include/llvm/ProfileData/ItaniumManglingCanonicalizer.h	llvm-kain/include/core/profiledata/ItaniumManglingCanonicalizer.h	3325	include	move
llvm/include/llvm/ProfileData/MemProf.h	llvm-kain/include/core/profiledata/MemProf.h	30543	include	move
llvm/include/llvm/ProfileData/MemProfCommon.h	llvm-kain/include/core/profiledata/MemProfCommon.h	1359	include	move
llvm/include/llvm/ProfileData/MemProfData.inc	llvm-kain/include/core/profiledata/MemProfData.inc	9561	include	move
llvm/include/llvm/ProfileData/MemProfRadixTree.h	llvm-kain/include/core/profiledata/MemProfRadixTree.h	14344	include	move
llvm/include/llvm/ProfileData/MemProfReader.h	llvm-kain/include/core/profiledata/MemProfReader.h	10305	include	move
llvm/include/llvm/ProfileData/MemProfSummary.h	llvm-kain/include/core/profiledata/MemProfSummary.h	3249	include	move
llvm/include/llvm/ProfileData/MemProfSummaryBuilder.h	llvm-kain/include/core/profiledata/MemProfSummaryBuilder.h	1703	include	move
llvm/include/llvm/ProfileData/MemProfYAML.h	llvm-kain/include/core/profiledata/MemProfYAML.h	11824	include	move
llvm/include/llvm/ProfileData/MIBEntryDef.inc	llvm-kain/include/core/profiledata/MIBEntryDef.inc	2743	include	move
llvm/include/llvm/ProfileData/PGOCtxProfReader.h	llvm-kain/include/core/profiledata/PGOCtxProfReader.h	8386	include	move
llvm/include/llvm/ProfileData/PGOCtxProfWriter.h	llvm-kain/include/core/profiledata/PGOCtxProfWriter.h	4599	include	move
llvm/include/llvm/ProfileData/ProfileCommon.h	llvm-kain/include/core/profiledata/ProfileCommon.h	3968	include	move
llvm/include/llvm/ProfileData/SampleProf.h	llvm-kain/include/core/profiledata/SampleProf.h	65323	include	move
llvm/include/llvm/ProfileData/SampleProfReader.h	llvm-kain/include/core/profiledata/SampleProfReader.h	42291	include	move
llvm/include/llvm/ProfileData/SampleProfWriter.h	llvm-kain/include/core/profiledata/SampleProfWriter.h	19506	include	move
llvm/include/llvm/ProfileData/SymbolRemappingReader.h	llvm-kain/include/core/profiledata/SymbolRemappingReader.h	4524	include	move
llvm/include/llvm/ProfileData/Coverage/CoverageMapping.h	llvm-kain/include/core/profiledata/Coverage/CoverageMapping.h	56075	include	move
llvm/include/llvm/ProfileData/Coverage/CoverageMappingReader.h	llvm-kain/include/core/profiledata/Coverage/CoverageMappingReader.h	9151	include	move
llvm/include/llvm/ProfileData/Coverage/CoverageMappingWriter.h	llvm-kain/include/core/profiledata/Coverage/CoverageMappingWriter.h	2859	include	move
llvm/include/llvm/ProfileData/Coverage/MCDCTypes.h	llvm-kain/include/core/profiledata/Coverage/MCDCTypes.h	2403	include	move
llvm/include/llvm/Remarks/BitstreamRemarkContainer.h	llvm-kain/include/core/support/BitstreamRemarkContainer.h	3607	include	move
llvm/include/llvm/Remarks/BitstreamRemarkSerializer.h	llvm-kain/include/core/support/BitstreamRemarkSerializer.h	6370	include	move
llvm/include/llvm/Remarks/HotnessThresholdParser.h	llvm-kain/include/core/support/HotnessThresholdParser.h	2215	include	move
llvm/include/llvm/Remarks/Remark.h	llvm-kain/include/core/support/Remark.h	7396	include	move
llvm/include/llvm/Remarks/RemarkFormat.h	llvm-kain/include/core/support/RemarkFormat.h	1350	include	move
llvm/include/llvm/Remarks/RemarkLinker.h	llvm-kain/include/core/support/RemarkLinker.h	4117	include	move
llvm/include/llvm/Remarks/RemarkParser.h	llvm-kain/include/core/support/RemarkParser.h	2992	include	move
llvm/include/llvm/Remarks/RemarkSerializer.h	llvm-kain/include/core/support/RemarkSerializer.h	2854	include	move
llvm/include/llvm/Remarks/RemarkStreamer.h	llvm-kain/include/core/support/RemarkStreamer.h	3484	include	move
llvm/include/llvm/Remarks/RemarkStringTable.h	llvm-kain/include/core/support/RemarkStringTable.h	2711	include	move
llvm/include/llvm/Remarks/YAMLRemarkSerializer.h	llvm-kain/include/core/support/YAMLRemarkSerializer.h	2011	include	move
llvm/include/llvm/Support/AArch64AttributeParser.h	llvm-kain/include/support/adt/AArch64AttributeParser.h	1342	include	move
llvm/include/llvm/Support/AArch64BuildAttributes.h	llvm-kain/include/support/adt/AArch64BuildAttributes.h	2514	include	move
llvm/include/llvm/Support/AdvisoryLock.h	llvm-kain/include/support/adt/AdvisoryLock.h	2169	include	move
llvm/include/llvm/Support/Alignment.h	llvm-kain/include/support/adt/Alignment.h	11354	include	move
llvm/include/llvm/Support/AlignOf.h	llvm-kain/include/support/adt/AlignOf.h	1108	include	move
llvm/include/llvm/Support/Allocator.h	llvm-kain/include/support/adt/Allocator.h	19626	include	move
llvm/include/llvm/Support/AllocatorBase.h	llvm-kain/include/support/adt/AllocatorBase.h	4700	include	move
llvm/include/llvm/Support/AllocToken.h	llvm-kain/include/support/adt/AllocToken.h	2407	include	move
llvm/include/llvm/Support/AlwaysTrue.h	llvm-kain/include/support/adt/AlwaysTrue.h	956	include	move
llvm/include/llvm/Support/AMDGPUAddrSpace.h	llvm-kain/include/support/adt/AMDGPUAddrSpace.h	6296	include	move
llvm/include/llvm/Support/AMDGPUMetadata.h	llvm-kain/include/support/adt/AMDGPUMetadata.h	19060	include	move
llvm/include/llvm/Support/AMDGPUObjLinkingInfo.h	llvm-kain/include/support/adt/AMDGPUObjLinkingInfo.h	2913	include	move
llvm/include/llvm/Support/AMDHSAKernelDescriptor.h	llvm-kain/include/support/adt/AMDHSAKernelDescriptor.h	15027	include	move
llvm/include/llvm/Support/ARMAttributeParser.h	llvm-kain/include/support/adt/ARMAttributeParser.h	3549	include	move
llvm/include/llvm/Support/ARMBuildAttributes.h	llvm-kain/include/support/adt/ARMBuildAttributes.h	9343	include	move
llvm/include/llvm/Support/ARMEHABI.h	llvm-kain/include/support/adt/ARMEHABI.h	3933	include	move
llvm/include/llvm/Support/ARMWinEH.h	llvm-kain/include/support/adt/ARMWinEH.h	22098	include	move
llvm/include/llvm/Support/ArrayRecycler.h	llvm-kain/include/support/adt/ArrayRecycler.h	4893	include	move
llvm/include/llvm/Support/Atomic.h	llvm-kain/include/support/adt/Atomic.h	1140	include	move
llvm/include/llvm/Support/AtomicOrdering.h	llvm-kain/include/support/adt/AtomicOrdering.h	6687	include	move
llvm/include/llvm/Support/AutoConvert.h	llvm-kain/include/support/adt/AutoConvert.h	3051	include	move
llvm/include/llvm/Support/Automaton.h	llvm-kain/include/support/adt/Automaton.h	9830	include	move
llvm/include/llvm/Support/BalancedPartitioning.h	llvm-kain/include/support/adt/BalancedPartitioning.h	8305	include	move
llvm/include/llvm/Support/Base64.h	llvm-kain/include/support/adt/Base64.h	2112	include	move
llvm/include/llvm/Support/BCD.h	llvm-kain/include/support/adt/BCD.h	1894	include	move
llvm/include/llvm/Support/BinaryByteStream.h	llvm-kain/include/support/adt/BinaryByteStream.h	9195	include	move
llvm/include/llvm/Support/BinaryItemStream.h	llvm-kain/include/support/adt/BinaryItemStream.h	3642	include	move
llvm/include/llvm/Support/BinaryStream.h	llvm-kain/include/support/adt/BinaryStream.h	3795	include	move
llvm/include/llvm/Support/BinaryStreamArray.h	llvm-kain/include/support/adt/BinaryStreamArray.h	12775	include	move
llvm/include/llvm/Support/BinaryStreamError.h	llvm-kain/include/support/adt/BinaryStreamError.h	1365	include	move
llvm/include/llvm/Support/BinaryStreamReader.h	llvm-kain/include/support/adt/BinaryStreamReader.h	11259	include	move
llvm/include/llvm/Support/BinaryStreamRef.h	llvm-kain/include/support/adt/BinaryStreamRef.h	10504	include	move
llvm/include/llvm/Support/BinaryStreamWriter.h	llvm-kain/include/support/adt/BinaryStreamWriter.h	7951	include	move
llvm/include/llvm/Support/BLAKE3.h	llvm-kain/include/support/adt/BLAKE3.h	4737	include	move
llvm/include/llvm/Support/BlockFrequency.h	llvm-kain/include/support/adt/BlockFrequency.h	3830	include	move
llvm/include/llvm/Support/BranchProbability.h	llvm-kain/include/support/adt/BranchProbability.h	8805	include	move
llvm/include/llvm/Support/BuryPointer.h	llvm-kain/include/support/adt/BuryPointer.h	1096	include	move
llvm/include/llvm/Support/CachePruning.h	llvm-kain/include/support/adt/CachePruning.h	4080	include	move
llvm/include/llvm/Support/Caching.h	llvm-kain/include/support/adt/Caching.h	5290	include	move
llvm/include/llvm/Support/Capacity.h	llvm-kain/include/support/adt/Capacity.h	972	include	move
llvm/include/llvm/Support/Casting.h	llvm-kain/include/support/adt/Casting.h	34026	include	move
llvm/include/llvm/Support/CBindingWrapping.h	llvm-kain/include/support/adt/CBindingWrapping.h	1902	include	move
llvm/include/llvm/Support/CFGDiff.h	llvm-kain/include/support/adt/CFGDiff.h	6425	include	move
llvm/include/llvm/Support/CFGUpdate.h	llvm-kain/include/support/adt/CFGUpdate.h	4217	include	move
llvm/include/llvm/Support/CheckedArithmetic.h	llvm-kain/include/support/adt/CheckedArithmetic.h	4031	include	move
llvm/include/llvm/Support/CHERICapabilityFormat.h	llvm-kain/include/support/adt/CHERICapabilityFormat.h	2319	include	move
llvm/include/llvm/Support/Chrono.h	llvm-kain/include/support/adt/Chrono.h	7011	include	move
llvm/include/llvm/Support/circular_raw_ostream.h	llvm-kain/include/support/adt/circular_raw_ostream.h	4821	include	move
llvm/include/llvm/Support/CMakeLists.txt	llvm-kain/include/support/adt/CMakeLists.txt	2189	include	move
llvm/include/llvm/Support/CodeGen.h	llvm-kain/include/support/adt/CodeGen.h	5769	include	move
llvm/include/llvm/Support/CodeGenCoverage.h	llvm-kain/include/support/adt/CodeGenCoverage.h	1247	include	move
llvm/include/llvm/Support/COM.h	llvm-kain/include/support/adt/COM.h	1067	include	move
llvm/include/llvm/Support/CommandLine.h	llvm-kain/include/support/adt/CommandLine.h	80303	include	move
llvm/include/llvm/Support/Compiler.h	llvm-kain/include/support/adt/Compiler.h	28088	include	move
llvm/include/llvm/Support/Compression.h	llvm-kain/include/support/adt/Compression.h	4689	include	move
llvm/include/llvm/Support/ConvertEBCDIC.h	llvm-kain/include/support/adt/ConvertEBCDIC.h	1113	include	move
llvm/include/llvm/Support/ConvertUTF.h	llvm-kain/include/support/adt/ConvertUTF.h	15529	include	move
llvm/include/llvm/Support/CrashRecoveryContext.h	llvm-kain/include/support/adt/CrashRecoveryContext.h	9766	include	move
llvm/include/llvm/Support/CRC.h	llvm-kain/include/support/adt/CRC.h	1726	include	move
llvm/include/llvm/Support/CSKYAttributeParser.h	llvm-kain/include/support/adt/CSKYAttributeParser.h	1422	include	move
llvm/include/llvm/Support/CSKYAttributes.h	llvm-kain/include/support/adt/CSKYAttributes.h	2377	include	move
llvm/include/llvm/Support/DataExtractor.h	llvm-kain/include/support/adt/DataExtractor.h	31920	include	move
llvm/include/llvm/Support/DataTypes.h	llvm-kain/include/support/adt/DataTypes.h	878	include	move
llvm/include/llvm/Support/Debug.h	llvm-kain/include/support/adt/Debug.h	5623	include	move
llvm/include/llvm/Support/DebugCounter.h	llvm-kain/include/support/adt/DebugCounter.h	6780	include	move
llvm/include/llvm/Support/DebugLog.h	llvm-kain/include/support/adt/DebugLog.h	16088	include	move
llvm/include/llvm/Support/Discriminator.h	llvm-kain/include/support/adt/Discriminator.h	4375	include	move
llvm/include/llvm/Support/DivisionByConstantInfo.h	llvm-kain/include/support/adt/DivisionByConstantInfo.h	1516	include	move
llvm/include/llvm/Support/DJB.h	llvm-kain/include/support/adt/DJB.h	1118	include	move
llvm/include/llvm/Support/DOTGraphTraits.h	llvm-kain/include/support/adt/DOTGraphTraits.h	5976	include	move
llvm/include/llvm/Support/Duration.h	llvm-kain/include/support/adt/Duration.h	854	include	move
llvm/include/llvm/Support/DXILABI.h	llvm-kain/include/support/adt/DXILABI.h	2405	include	move
llvm/include/llvm/Support/DynamicLibrary.h	llvm-kain/include/support/adt/DynamicLibrary.h	6865	include	move
llvm/include/llvm/Support/ELFAttributeParser.h	llvm-kain/include/support/adt/ELFAttributeParser.h	1347	include	move
llvm/include/llvm/Support/ELFAttributes.h	llvm-kain/include/support/adt/ELFAttributes.h	1935	include	move
llvm/include/llvm/Support/ELFAttrParserCompact.h	llvm-kain/include/support/adt/ELFAttrParserCompact.h	3224	include	move
llvm/include/llvm/Support/ELFAttrParserExtended.h	llvm-kain/include/support/adt/ELFAttrParserExtended.h	2338	include	move
llvm/include/llvm/Support/Endian.h	llvm-kain/include/support/adt/Endian.h	18143	include	move
llvm/include/llvm/Support/EndianStream.h	llvm-kain/include/support/adt/EndianStream.h	2554	include	move
llvm/include/llvm/Support/Errc.h	llvm-kain/include/support/adt/Errc.h	4101	include	move
llvm/include/llvm/Support/Errno.h	llvm-kain/include/support/adt/Errno.h	1510	include	move
llvm/include/llvm/Support/Error.h	llvm-kain/include/support/adt/Error.h	50309	include	move
llvm/include/llvm/Support/ErrorExtras.h	llvm-kain/include/support/adt/ErrorExtras.h	1129	include	move
llvm/include/llvm/Support/ErrorHandling.h	llvm-kain/include/support/adt/ErrorHandling.h	8506	include	move
llvm/include/llvm/Support/ErrorOr.h	llvm-kain/include/support/adt/ErrorOr.h	7495	include	move
llvm/include/llvm/Support/ExitCodes.h	llvm-kain/include/support/adt/ExitCodes.h	1217	include	move
llvm/include/llvm/Support/ExponentialBackoff.h	llvm-kain/include/support/adt/ExponentialBackoff.h	2160	include	move
llvm/include/llvm/Support/ExtensibleRTTI.h	llvm-kain/include/support/adt/ExtensibleRTTI.h	4623	include	move
llvm/include/llvm/Support/FileCollector.h	llvm-kain/include/support/adt/FileCollector.h	5175	include	move
llvm/include/llvm/Support/FileOutputBuffer.h	llvm-kain/include/support/adt/FileOutputBuffer.h	3429	include	move
llvm/include/llvm/Support/FileSystem.h	llvm-kain/include/support/adt/FileSystem.h	63373	include	move
llvm/include/llvm/Support/FileUtilities.h	llvm-kain/include/support/adt/FileUtilities.h	3564	include	move
llvm/include/llvm/Support/float128.h	llvm-kain/include/support/adt/float128.h	953	include	move
llvm/include/llvm/Support/Format.h	llvm-kain/include/support/adt/Format.h	9786	include	move
llvm/include/llvm/Support/FormatAdapters.h	llvm-kain/include/support/adt/FormatAdapters.h	3667	include	move
llvm/include/llvm/Support/FormatCommon.h	llvm-kain/include/support/adt/FormatCommon.h	2244	include	move
llvm/include/llvm/Support/FormatProviders.h	llvm-kain/include/support/adt/FormatProviders.h	15983	include	move
llvm/include/llvm/Support/FormattedStream.h	llvm-kain/include/support/adt/FormattedStream.h	7634	include	move
llvm/include/llvm/Support/FormatVariadic.h	llvm-kain/include/support/adt/FormatVariadic.h	10364	include	move
llvm/include/llvm/Support/FormatVariadicDetails.h	llvm-kain/include/support/adt/FormatVariadicDetails.h	5343	include	move
llvm/include/llvm/Support/GenericDomTree.h	llvm-kain/include/support/adt/GenericDomTree.h	37599	include	move
llvm/include/llvm/Support/GenericDomTreeConstruction.h	llvm-kain/include/support/adt/GenericDomTreeConstruction.h	62670	include	move
llvm/include/llvm/Support/GenericIteratedDominanceFrontier.h	llvm-kain/include/support/adt/GenericIteratedDominanceFrontier.h	7678	include	move
llvm/include/llvm/Support/GenericLoopInfo.h	llvm-kain/include/support/adt/GenericLoopInfo.h	29765	include	move
llvm/include/llvm/Support/GenericLoopInfoImpl.h	llvm-kain/include/support/adt/GenericLoopInfoImpl.h	31265	include	move
llvm/include/llvm/Support/GlobPattern.h	llvm-kain/include/support/adt/GlobPattern.h	4166	include	move
llvm/include/llvm/Support/GraphWriter.h	llvm-kain/include/support/adt/GraphWriter.h	14372	include	move
llvm/include/llvm/Support/HashBuilder.h	llvm-kain/include/support/adt/HashBuilder.h	14444	include	move
llvm/include/llvm/Support/HashingOutputBackend.h	llvm-kain/include/support/adt/HashingOutputBackend.h	3961	include	move
llvm/include/llvm/Support/HexagonAttributeParser.h	llvm-kain/include/support/adt/HexagonAttributeParser.h	1250	include	move
llvm/include/llvm/Support/HexagonAttributes.h	llvm-kain/include/support/adt/HexagonAttributes.h	813	include	move
llvm/include/llvm/Support/InitLLVM.h	llvm-kain/include/support/adt/InitLLVM.h	2114	include	move
llvm/include/llvm/Support/InstructionCost.h	llvm-kain/include/support/adt/InstructionCost.h	8972	include	move
llvm/include/llvm/Support/IntegerInclusiveInterval.h	llvm-kain/include/support/adt/IntegerInclusiveInterval.h	3974	include	move
llvm/include/llvm/Support/InterleavedRange.h	llvm-kain/include/support/adt/InterleavedRange.h	3513	include	move
llvm/include/llvm/Support/IOSandbox.h	llvm-kain/include/support/adt/IOSandbox.h	1333	include	move
llvm/include/llvm/Support/Jobserver.h	llvm-kain/include/support/adt/Jobserver.h	6366	include	move
llvm/include/llvm/Support/JSON.h	llvm-kain/include/support/adt/JSON.h	37941	include	move
llvm/include/llvm/Support/KnownBits.h	llvm-kain/include/support/adt/KnownBits.h	23367	include	move
llvm/include/llvm/Support/KnownFPClass.h	llvm-kain/include/support/adt/KnownFPClass.h	16932	include	move
llvm/include/llvm/Support/LEB128.h	llvm-kain/include/support/adt/LEB128.h	7787	include	move
llvm/include/llvm/Support/LICENSE.TXT	llvm-kain/include/support/adt/LICENSE.TXT	303	include	move
llvm/include/llvm/Support/LineIterator.h	llvm-kain/include/support/adt/LineIterator.h	3223	include	move
llvm/include/llvm/Support/LLVMDriver.h	llvm-kain/include/support/adt/LLVMDriver.h	912	include	move
llvm/include/llvm/Support/Locale.h	llvm-kain/include/support/adt/Locale.h	276	include	move
llvm/include/llvm/Support/LockFileManager.h	llvm-kain/include/support/adt/LockFileManager.h	2537	include	move
llvm/include/llvm/Support/LogicalResult.h	llvm-kain/include/support/adt/LogicalResult.h	5315	include	move
llvm/include/llvm/Support/ManagedStatic.h	llvm-kain/include/support/adt/ManagedStatic.h	4408	include	move
llvm/include/llvm/Support/MathExtras.h	llvm-kain/include/support/adt/MathExtras.h	28620	include	move
llvm/include/llvm/Support/MD5.h	llvm-kain/include/support/adt/MD5.h	3695	include	move
llvm/include/llvm/Support/MemAlloc.h	llvm-kain/include/support/adt/MemAlloc.h	3306	include	move
llvm/include/llvm/Support/Memory.h	llvm-kain/include/support/adt/Memory.h	7218	include	move
llvm/include/llvm/Support/MemoryBuffer.h	llvm-kain/include/support/adt/MemoryBuffer.h	12435	include	move
llvm/include/llvm/Support/MemoryBufferRef.h	llvm-kain/include/support/adt/MemoryBufferRef.h	1869	include	move
llvm/include/llvm/Support/MipsABIFlags.h	llvm-kain/include/support/adt/MipsABIFlags.h	4014	include	move
llvm/include/llvm/Support/ModRef.h	llvm-kain/include/support/adt/ModRef.h	16896	include	move
llvm/include/llvm/Support/MSP430AttributeParser.h	llvm-kain/include/support/adt/MSP430AttributeParser.h	1609	include	move
llvm/include/llvm/Support/MSP430Attributes.h	llvm-kain/include/support/adt/MSP430Attributes.h	1348	include	move
llvm/include/llvm/Support/MSVCErrorWorkarounds.h	llvm-kain/include/support/adt/MSVCErrorWorkarounds.h	2685	include	move
llvm/include/llvm/Support/Mustache.h	llvm-kain/include/support/adt/Mustache.h	4448	include	move
llvm/include/llvm/Support/Mutex.h	llvm-kain/include/support/adt/Mutex.h	2126	include	move
llvm/include/llvm/Support/NativeFormatting.h	llvm-kain/include/support/adt/NativeFormatting.h	2115	include	move
llvm/include/llvm/Support/NVPTXAddrSpace.h	llvm-kain/include/support/adt/NVPTXAddrSpace.h	1847	include	move
llvm/include/llvm/Support/NVVMAttributes.h	llvm-kain/include/support/adt/NVVMAttributes.h	1212	include	move
llvm/include/llvm/Support/OnDiskHashTable.h	llvm-kain/include/support/adt/OnDiskHashTable.h	22571	include	move
llvm/include/llvm/Support/OptimizedStructLayout.h	llvm-kain/include/support/adt/OptimizedStructLayout.h	6062	include	move
llvm/include/llvm/Support/OptionStrCmp.h	llvm-kain/include/support/adt/OptionStrCmp.h	1314	include	move
llvm/include/llvm/Support/Parallel.h	llvm-kain/include/support/adt/Parallel.h	10360	include	move
llvm/include/llvm/Support/Path.h	llvm-kain/include/support/adt/Path.h	20615	include	move
llvm/include/llvm/Support/PatternMatchHelpers.h	llvm-kain/include/support/adt/PatternMatchHelpers.h	3337	include	move
llvm/include/llvm/Support/pch.h	llvm-kain/include/support/adt/pch.h	2066	include	move
llvm/include/llvm/Support/PerThreadBumpPtrAllocator.h	llvm-kain/include/support/adt/PerThreadBumpPtrAllocator.h	3878	include	move
llvm/include/llvm/Support/PGOOptions.h	llvm-kain/include/support/adt/PGOOptions.h	1844	include	move
llvm/include/llvm/Support/PluginLoader.h	llvm-kain/include/support/adt/PluginLoader.h	1436	include	move
llvm/include/llvm/Support/PointerLikeTypeTraits.h	llvm-kain/include/support/adt/PointerLikeTypeTraits.h	5536	include	move
llvm/include/llvm/Support/PrettyStackTrace.h	llvm-kain/include/support/adt/PrettyStackTrace.h	4662	include	move
llvm/include/llvm/Support/Printable.h	llvm-kain/include/support/adt/Printable.h	1570	include	move
llvm/include/llvm/Support/Process.h	llvm-kain/include/support/adt/Process.h	9962	include	move
llvm/include/llvm/Support/Program.h	llvm-kain/include/support/adt/Program.h	11421	include	move
llvm/include/llvm/Support/ProgramStack.h	llvm-kain/include/support/adt/ProgramStack.h	1835	include	move
llvm/include/llvm/Support/RandomNumberGenerator.h	llvm-kain/include/support/adt/RandomNumberGenerator.h	2362	include	move
llvm/include/llvm/Support/raw_ostream.h	llvm-kain/include/support/adt/raw_ostream.h	30419	include	move
llvm/include/llvm/Support/raw_ostream_proxy.h	llvm-kain/include/support/adt/raw_ostream_proxy.h	4780	include	move
llvm/include/llvm/Support/raw_os_ostream.h	llvm-kain/include/support/adt/raw_os_ostream.h	1360	include	move
llvm/include/llvm/Support/raw_sha1_ostream.h	llvm-kain/include/support/adt/raw_sha1_ostream.h	1338	include	move
llvm/include/llvm/Support/raw_socket_stream.h	llvm-kain/include/support/adt/raw_socket_stream.h	5715	include	move
llvm/include/llvm/Support/Recycler.h	llvm-kain/include/support/adt/Recycler.h	3964	include	move
llvm/include/llvm/Support/RecyclingAllocator.h	llvm-kain/include/support/adt/RecyclingAllocator.h	2441	include	move
llvm/include/llvm/Support/Regex.h	llvm-kain/include/support/adt/Regex.h	4670	include	move
llvm/include/llvm/Support/Registry.h	llvm-kain/include/support/adt/Registry.h	10714	include	move
llvm/include/llvm/Support/ReverseIteration.h	llvm-kain/include/support/adt/ReverseIteration.h	389	include	move
llvm/include/llvm/Support/RISCVAttributeParser.h	llvm-kain/include/support/adt/RISCVAttributeParser.h	1273	include	move
llvm/include/llvm/Support/RISCVAttributes.h	llvm-kain/include/support/adt/RISCVAttributes.h	1507	include	move
llvm/include/llvm/Support/RISCVISAUtils.h	llvm-kain/include/support/adt/RISCVISAUtils.h	1461	include	move
llvm/include/llvm/Support/RWMutex.h	llvm-kain/include/support/adt/RWMutex.h	5809	include	move
llvm/include/llvm/Support/SaveAndRestore.h	llvm-kain/include/support/adt/SaveAndRestore.h	1414	include	move
llvm/include/llvm/Support/ScaledNumber.h	llvm-kain/include/support/adt/ScaledNumber.h	31389	include	move
llvm/include/llvm/Support/ScopedPrinter.h	llvm-kain/include/support/adt/ScopedPrinter.h	26918	include	move
llvm/include/llvm/Support/SHA1.h	llvm-kain/include/support/adt/SHA1.h	2467	include	move
llvm/include/llvm/Support/SHA256.h	llvm-kain/include/support/adt/SHA256.h	2648	include	move
llvm/include/llvm/Support/Signals.h	llvm-kain/include/support/adt/Signals.h	7480	include	move
llvm/include/llvm/Support/Signposts.h	llvm-kain/include/support/adt/Signposts.h	1487	include	move
llvm/include/llvm/Support/SipHash.h	llvm-kain/include/support/adt/SipHash.h	2398	include	move
llvm/include/llvm/Support/SmallVectorMemoryBuffer.h	llvm-kain/include/support/adt/SmallVectorMemoryBuffer.h	2264	include	move
llvm/include/llvm/Support/SMLoc.h	llvm-kain/include/support/adt/SMLoc.h	1807	include	move
llvm/include/llvm/Support/SMTAPI.h	llvm-kain/include/support/adt/SMTAPI.h	17556	include	move
llvm/include/llvm/Support/SourceMgr.h	llvm-kain/include/support/adt/SourceMgr.h	13486	include	move
llvm/include/llvm/Support/SpecialCaseList.h	llvm-kain/include/support/adt/SpecialCaseList.h	6506	include	move
llvm/include/llvm/Support/StringSaver.h	llvm-kain/include/support/adt/StringSaver.h	2060	include	move
llvm/include/llvm/Support/SuffixTree.h	llvm-kain/include/support/adt/SuffixTree.h	8726	include	move
llvm/include/llvm/Support/SuffixTreeNode.h	llvm-kain/include/support/adt/SuffixTreeNode.h	7838	include	move
llvm/include/llvm/Support/SwapByteOrder.h	llvm-kain/include/support/adt/SwapByteOrder.h	2512	include	move
llvm/include/llvm/Support/SystemUtils.h	llvm-kain/include/support/adt/SystemUtils.h	1085	include	move
llvm/include/llvm/Support/TargetOpcodes.def	llvm-kain/include/support/adt/TargetOpcodes.def	32483	include	move
llvm/include/llvm/Support/TargetSelect.h	llvm-kain/include/support/adt/TargetSelect.h	7291	include	move
llvm/include/llvm/Support/TarWriter.h	llvm-kain/include/support/adt/TarWriter.h	941	include	move
llvm/include/llvm/Support/TextEncoding.h	llvm-kain/include/support/adt/TextEncoding.h	4761	include	move
llvm/include/llvm/Support/thread.h	llvm-kain/include/support/adt/thread.h	7247	include	move
llvm/include/llvm/Support/Threading.h	llvm-kain/include/support/adt/Threading.h	11674	include	move
llvm/include/llvm/Support/ThreadPool.h	llvm-kain/include/support/adt/ThreadPool.h	11614	include	move
llvm/include/llvm/Support/ThreadSafeAllocator.h	llvm-kain/include/support/adt/ThreadSafeAllocator.h	2028	include	move
llvm/include/llvm/Support/TimeProfiler.h	llvm-kain/include/support/adt/TimeProfiler.h	8299	include	move
llvm/include/llvm/Support/Timer.h	llvm-kain/include/support/adt/Timer.h	10520	include	move
llvm/include/llvm/Support/ToolOutputFile.h	llvm-kain/include/support/adt/ToolOutputFile.h	2594	include	move
llvm/include/llvm/Support/TrailingObjects.h	llvm-kain/include/support/adt/TrailingObjects.h	16831	include	move
llvm/include/llvm/Support/TypeName.h	llvm-kain/include/support/adt/TypeName.h	4433	include	move
llvm/include/llvm/Support/TypeSize.h	llvm-kain/include/support/adt/TypeSize.h	16017	include	move
llvm/include/llvm/Support/type_traits.h	llvm-kain/include/support/adt/type_traits.h	2280	include	move
llvm/include/llvm/Support/UndefPoison.h	llvm-kain/include/support/adt/UndefPoison.h	1315	include	move
llvm/include/llvm/Support/Unicode.h	llvm-kain/include/support/adt/Unicode.h	3233	include	move
llvm/include/llvm/Support/UnicodeCharRanges.h	llvm-kain/include/support/adt/UnicodeCharRanges.h	3303	include	move
llvm/include/llvm/Support/UniqueBBID.h	llvm-kain/include/support/adt/UniqueBBID.h	1909	include	move
llvm/include/llvm/Support/Valgrind.h	llvm-kain/include/support/adt/Valgrind.h	1230	include	move
llvm/include/llvm/Support/VersionTuple.h	llvm-kain/include/support/adt/VersionTuple.h	8029	include	move
llvm/include/llvm/Support/VirtualFileSystem.h	llvm-kain/include/support/adt/VirtualFileSystem.h	48105	include	move
llvm/include/llvm/Support/VirtualOutputBackend.h	llvm-kain/include/support/adt/VirtualOutputBackend.h	2679	include	move
llvm/include/llvm/Support/VirtualOutputBackends.h	llvm-kain/include/support/adt/VirtualOutputBackends.h	4402	include	move
llvm/include/llvm/Support/VirtualOutputConfig.def	llvm-kain/include/support/adt/VirtualOutputConfig.def	1241	include	move
llvm/include/llvm/Support/VirtualOutputConfig.h	llvm-kain/include/support/adt/VirtualOutputConfig.h	3481	include	move
llvm/include/llvm/Support/VirtualOutputError.h	llvm-kain/include/support/adt/VirtualOutputError.h	4180	include	move
llvm/include/llvm/Support/VirtualOutputFile.h	llvm-kain/include/support/adt/VirtualOutputFile.h	5366	include	move
llvm/include/llvm/Support/Watchdog.h	llvm-kain/include/support/adt/Watchdog.h	1192	include	move
llvm/include/llvm/Support/Win64EH.h	llvm-kain/include/support/adt/Win64EH.h	10851	include	move
llvm/include/llvm/Support/WindowsError.h	llvm-kain/include/support/adt/WindowsError.h	633	include	move
llvm/include/llvm/Support/WithColor.h	llvm-kain/include/support/adt/WithColor.h	5420	include	move
llvm/include/llvm/Support/X86DisassemblerDecoderCommon.h	llvm-kain/include/support/adt/X86DisassemblerDecoderCommon.h	36683	include	move
llvm/include/llvm/Support/X86FoldTablesUtils.h	llvm-kain/include/support/adt/X86FoldTablesUtils.h	1923	include	move
llvm/include/llvm/Support/xxhash.h	llvm-kain/include/support/adt/xxhash.h	2722	include	move
llvm/include/llvm/Support/YAMLParser.h	llvm-kain/include/support/adt/YAMLParser.h	17586	include	move
llvm/include/llvm/Support/YAMLTraits.h	llvm-kain/include/support/adt/YAMLTraits.h	72411	include	move
llvm/include/llvm/Support/FileSystem/UniqueID.h	llvm-kain/include/support/adt/FileSystem/UniqueID.h	2029	include	move
llvm/include/llvm/Support/LSP/Logging.h	llvm-kain/include/support/adt/LSP/Logging.h	2042	include	move
llvm/include/llvm/Support/LSP/Protocol.h	llvm-kain/include/support/adt/LSP/Protocol.h	45960	include	move
llvm/include/llvm/Support/LSP/Transport.h	llvm-kain/include/support/adt/LSP/Transport.h	11180	include	move
llvm/include/llvm/Support/Solaris/sys/regset.h	llvm-kain/include/support/adt/Solaris/sys/regset.h	844	include	move
llvm/include/llvm/Support/SystemZ/zos_wrappers/string.h	llvm-kain/include/support/adt/SystemZ/zos_wrappers/string.h	964	include	move
llvm/include/llvm/Support/Windows/WindowsSupport.h	llvm-kain/include/support/adt/Windows/WindowsSupport.h	7797	include	move
llvm/include/llvm/TableGen/AArch64ImmCheck.h	llvm-kain/include/tools/tablegen/AArch64ImmCheck.h	1328	include	move
llvm/include/llvm/TableGen/Automaton.td	llvm-kain/include/tools/tablegen/Automaton.td	4290	include	move
llvm/include/llvm/TableGen/CodeGenHelpers.h	llvm-kain/include/tools/tablegen/CodeGenHelpers.h	4805	include	move
llvm/include/llvm/TableGen/DirectiveEmitter.h	llvm-kain/include/tools/tablegen/DirectiveEmitter.h	11528	include	move
llvm/include/llvm/TableGen/Error.h	llvm-kain/include/tools/tablegen/Error.h	2717	include	move
llvm/include/llvm/TableGen/Main.h	llvm-kain/include/tools/tablegen/Main.h	1710	include	move
llvm/include/llvm/TableGen/Parser.h	llvm-kain/include/tools/tablegen/Parser.h	1175	include	move
llvm/include/llvm/TableGen/Record.h	llvm-kain/include/tools/tablegen/Record.h	73192	include	move
llvm/include/llvm/TableGen/SearchableTable.td	llvm-kain/include/tools/tablegen/SearchableTable.td	6139	include	move
llvm/include/llvm/TableGen/SetTheory.h	llvm-kain/include/tools/tablegen/SetTheory.h	4997	include	move
llvm/include/llvm/TableGen/SetTheory.td	llvm-kain/include/tools/tablegen/SetTheory.td	839	include	move
llvm/include/llvm/TableGen/StringMatcher.h	llvm-kain/include/tools/tablegen/StringMatcher.h	1738	include	move
llvm/include/llvm/TableGen/StringToOffsetTable.h	llvm-kain/include/tools/tablegen/StringToOffsetTable.h	2891	include	move
llvm/include/llvm/TableGen/TableGenBackend.h	llvm-kain/include/tools/tablegen/TableGenBackend.h	3417	include	move
llvm/include/llvm/TableGen/TGTimer.h	llvm-kain/include/tools/tablegen/TGTimer.h	1808	include	move
llvm/include/llvm/Target/CGPassBuilderOption.h	llvm-kain/include/target/shared/CGPassBuilderOption.h	3553	include	move
llvm/include/llvm/Target/CodeGenCWrappers.h	llvm-kain/include/target/shared/CodeGenCWrappers.h	1868	include	move
llvm/include/llvm/Target/GenericOpcodes.td	llvm-kain/include/target/shared/GenericOpcodes.td	61731	include	move
llvm/include/llvm/Target/RegisterTargetPassConfigCallback.h	llvm-kain/include/target/shared/RegisterTargetPassConfigCallback.h	1556	include	move
llvm/include/llvm/Target/Target.td	llvm-kain/include/target/shared/Target.td	92149	include	move
llvm/include/llvm/Target/TargetCallingConv.td	llvm-kain/include/target/shared/TargetCallingConv.td	9347	include	move
llvm/include/llvm/Target/TargetInstrPredicate.td	llvm-kain/include/target/shared/TargetInstrPredicate.td	18222	include	move
llvm/include/llvm/Target/TargetItinerary.td	llvm-kain/include/target/shared/TargetItinerary.td	7739	include	move
llvm/include/llvm/Target/TargetLoweringObjectFile.h	llvm-kain/include/target/shared/TargetLoweringObjectFile.h	12802	include	move
llvm/include/llvm/Target/TargetMachine.h	llvm-kain/include/target/shared/TargetMachine.h	20850	include	move
llvm/include/llvm/Target/TargetMacroFusion.td	llvm-kain/include/target/shared/TargetMacroFusion.td	6354	include	move
llvm/include/llvm/Target/TargetOptions.h	llvm-kain/include/target/shared/TargetOptions.h	16506	include	move
llvm/include/llvm/Target/TargetPfmCounters.td	llvm-kain/include/target/shared/TargetPfmCounters.td	3411	include	move
llvm/include/llvm/Target/TargetSchedule.td	llvm-kain/include/target/shared/TargetSchedule.td	27568	include	move
llvm/include/llvm/Target/TargetSelectionDAG.td	llvm-kain/include/target/shared/TargetSelectionDAG.td	107099	include	move
llvm/include/llvm/Target/GlobalISel/Combine.td	llvm-kain/include/target/shared/GlobalISel/Combine.td	107888	include	move
llvm/include/llvm/Target/GlobalISel/RegisterBank.td	llvm-kain/include/target/shared/GlobalISel/RegisterBank.td	593	include	move
llvm/include/llvm/Target/GlobalISel/SelectionDAGCompat.td	llvm-kain/include/target/shared/GlobalISel/SelectionDAGCompat.td	13192	include	move
llvm/include/llvm/Target/GlobalISel/Target.td	llvm-kain/include/target/shared/GlobalISel/Target.td	2965	include	move
llvm/include/llvm/TargetParser/AArch64CPUFeatures.inc	llvm-kain/include/support/target/AArch64CPUFeatures.inc	2879	include	move
llvm/include/llvm/TargetParser/AArch64FeatPriorities.inc	llvm-kain/include/support/target/AArch64FeatPriorities.inc	1483	include	move
llvm/include/llvm/TargetParser/AArch64TargetParser.h	llvm-kain/include/support/target/AArch64TargetParser.h	11723	include	move
llvm/include/llvm/TargetParser/AMDGPUTargetParser.def	llvm-kain/include/support/target/AMDGPUTargetParser.def	10984	include	move
llvm/include/llvm/TargetParser/AMDGPUTargetParser.h	llvm-kain/include/support/target/AMDGPUTargetParser.h	6177	include	move
llvm/include/llvm/TargetParser/ARMTargetParser.def	llvm-kain/include/support/target/ARMTargetParser.def	23848	include	move
llvm/include/llvm/TargetParser/ARMTargetParser.h	llvm-kain/include/support/target/ARMTargetParser.h	9253	include	move
llvm/include/llvm/TargetParser/ARMTargetParserCommon.h	llvm-kain/include/support/target/ARMTargetParserCommon.h	1747	include	move
llvm/include/llvm/TargetParser/AVRTargetParser.h	llvm-kain/include/support/target/AVRTargetParser.h	876	include	move
llvm/include/llvm/TargetParser/CMakeLists.txt	llvm-kain/include/support/target/CMakeLists.txt	853	include	move
llvm/include/llvm/TargetParser/CSKYTargetParser.def	llvm-kain/include/support/target/CSKYTargetParser.def	27544	include	move
llvm/include/llvm/TargetParser/CSKYTargetParser.h	llvm-kain/include/support/target/CSKYTargetParser.h	5807	include	move
llvm/include/llvm/TargetParser/Host.h	llvm-kain/include/support/target/Host.h	3562	include	move
llvm/include/llvm/TargetParser/LoongArchTargetParser.def	llvm-kain/include/support/target/LoongArchTargetParser.def	1183	include	move
llvm/include/llvm/TargetParser/LoongArchTargetParser.h	llvm-kain/include/support/target/LoongArchTargetParser.h	2838	include	move
llvm/include/llvm/TargetParser/PPCTargetParser.def	llvm-kain/include/support/target/PPCTargetParser.def	17809	include	move
llvm/include/llvm/TargetParser/PPCTargetParser.h	llvm-kain/include/support/target/PPCTargetParser.h	1770	include	move
llvm/include/llvm/TargetParser/RISCVISAInfo.h	llvm-kain/include/support/target/RISCVISAInfo.h	4338	include	move
llvm/include/llvm/TargetParser/RISCVTargetParser.h	llvm-kain/include/support/target/RISCVTargetParser.h	8232	include	move
llvm/include/llvm/TargetParser/SubtargetFeature.h	llvm-kain/include/support/target/SubtargetFeature.h	7018	include	move
llvm/include/llvm/TargetParser/TargetParser.h	llvm-kain/include/support/target/TargetParser.h	1799	include	move
llvm/include/llvm/TargetParser/Triple.h	llvm-kain/include/support/target/Triple.h	46269	include	move
llvm/include/llvm/TargetParser/X86TargetParser.def	llvm-kain/include/support/target/X86TargetParser.def	15617	include	move
llvm/include/llvm/TargetParser/X86TargetParser.h	llvm-kain/include/support/target/X86TargetParser.h	5143	include	move
llvm/include/llvm/TargetParser/XtensaTargetParser.def	llvm-kain/include/support/target/XtensaTargetParser.def	4184	include	move
llvm/include/llvm/TargetParser/XtensaTargetParser.h	llvm-kain/include/support/target/XtensaTargetParser.h	2272	include	move
llvm/include/llvm/ToolDrivers/llvm-dlltool/DlltoolDriver.h	(keep-in-place)	835	llvm-core	keep-in-place
llvm/include/llvm/ToolDrivers/llvm-lib/LibDriver.h	(keep-in-place)	840	llvm-core	keep-in-place
llvm/include/llvm/Transforms/CFGuard.h	llvm-kain/include/core/passes/CFGuard.h	1172	include	move
llvm/include/llvm/Transforms/IPO.h	llvm-kain/include/core/passes/IPO.h	2154	include	move
llvm/include/llvm/Transforms/ObjCARC.h	llvm-kain/include/core/passes/ObjCARC.h	1578	include	move
llvm/include/llvm/Transforms/Scalar.h	llvm-kain/include/core/passes/Scalar.h	8368	include	move
llvm/include/llvm/Transforms/Utils.h	llvm-kain/include/core/passes/Utils.h	5259	include	move
llvm/include/llvm/Transforms/AggressiveInstCombine/AggressiveInstCombine.h	llvm-kain/include/core/passes/AggressiveInstCombine/AggressiveInstCombine.h	969	include	move
llvm/include/llvm/Transforms/Coroutines/ABI.h	llvm-kain/include/core/passes/Coroutines/ABI.h	4200	include	move
llvm/include/llvm/Transforms/Coroutines/CoroAnnotationElide.h	llvm-kain/include/core/passes/Coroutines/CoroAnnotationElide.h	1426	include	move
llvm/include/llvm/Transforms/Coroutines/CoroCleanup.h	llvm-kain/include/core/passes/Coroutines/CoroCleanup.h	927	include	move
llvm/include/llvm/Transforms/Coroutines/CoroConditionalWrapper.h	llvm-kain/include/core/passes/Coroutines/CoroConditionalWrapper.h	1130	include	move
llvm/include/llvm/Transforms/Coroutines/CoroEarly.h	llvm-kain/include/core/passes/Coroutines/CoroEarly.h	1120	include	move
llvm/include/llvm/Transforms/Coroutines/CoroElide.h	llvm-kain/include/core/passes/Coroutines/CoroElide.h	1052	include	move
llvm/include/llvm/Transforms/Coroutines/CoroInstr.h	llvm-kain/include/core/passes/Coroutines/CoroInstr.h	27459	include	move
llvm/include/llvm/Transforms/Coroutines/CoroShape.h	llvm-kain/include/core/passes/Coroutines/CoroShape.h	8934	include	move
llvm/include/llvm/Transforms/Coroutines/CoroSplit.h	llvm-kain/include/core/passes/Coroutines/CoroSplit.h	2063	include	move
llvm/include/llvm/Transforms/Coroutines/MaterializationUtils.h	llvm-kain/include/core/passes/Coroutines/MaterializationUtils.h	1037	include	move
llvm/include/llvm/Transforms/Coroutines/SpillUtils.h	llvm-kain/include/core/passes/Coroutines/SpillUtils.h	2300	include	move
llvm/include/llvm/Transforms/Coroutines/SuspendCrossingInfo.h	llvm-kain/include/core/passes/Coroutines/SuspendCrossingInfo.h	7351	include	move
llvm/include/llvm/Transforms/HipStdPar/HipStdPar.h	llvm-kain/include/core/passes/HipStdPar/HipStdPar.h	1618	include	move
llvm/include/llvm/Transforms/InstCombine/InstCombine.h	llvm-kain/include/core/passes/InstCombine/InstCombine.h	2975	include	move
llvm/include/llvm/Transforms/InstCombine/InstCombiner.h	llvm-kain/include/core/passes/InstCombine/InstCombiner.h	23000	include	move
llvm/include/llvm/Transforms/Instrumentation/AddressSanitizer.h	llvm-kain/include/core/passes/Instrumentation/AddressSanitizer.h	2592	include	move
llvm/include/llvm/Transforms/Instrumentation/AddressSanitizerCommon.h	llvm-kain/include/core/passes/Instrumentation/AddressSanitizerCommon.h	1680	include	move
llvm/include/llvm/Transforms/Instrumentation/AddressSanitizerOptions.h	llvm-kain/include/core/passes/Instrumentation/AddressSanitizerOptions.h	1399	include	move
llvm/include/llvm/Transforms/Instrumentation/AllocToken.h	llvm-kain/include/core/passes/Instrumentation/AllocToken.h	1523	include	move
llvm/include/llvm/Transforms/Instrumentation/BlockCoverageInference.h	llvm-kain/include/core/passes/Instrumentation/BlockCoverageInference.h	3210	include	move
llvm/include/llvm/Transforms/Instrumentation/BoundsChecking.h	llvm-kain/include/core/passes/Instrumentation/BoundsChecking.h	1688	include	move
llvm/include/llvm/Transforms/Instrumentation/CFGMST.h	llvm-kain/include/core/passes/Instrumentation/CFGMST.h	13334	include	move
llvm/include/llvm/Transforms/Instrumentation/CGProfile.h	llvm-kain/include/core/passes/Instrumentation/CGProfile.h	1012	include	move
llvm/include/llvm/Transforms/Instrumentation/ControlHeightReduction.h	llvm-kain/include/core/passes/Instrumentation/ControlHeightReduction.h	1092	include	move
llvm/include/llvm/Transforms/Instrumentation/DataFlowSanitizer.h	llvm-kain/include/core/passes/Instrumentation/DataFlowSanitizer.h	1200	include	move
llvm/include/llvm/Transforms/Instrumentation/GCOVProfiler.h	llvm-kain/include/core/passes/Instrumentation/GCOVProfiler.h	1333	include	move
llvm/include/llvm/Transforms/Instrumentation/HWAddressSanitizer.h	llvm-kain/include/core/passes/Instrumentation/HWAddressSanitizer.h	2457	include	move
llvm/include/llvm/Transforms/Instrumentation/InstrProfiling.h	llvm-kain/include/core/passes/Instrumentation/InstrProfiling.h	1547	include	move
llvm/include/llvm/Transforms/Instrumentation/KCFI.h	llvm-kain/include/core/passes/Instrumentation/KCFI.h	986	include	move
llvm/include/llvm/Transforms/Instrumentation/LowerAllowCheckPass.h	llvm-kain/include/core/passes/Instrumentation/LowerAllowCheckPass.h	1538	include	move
llvm/include/llvm/Transforms/Instrumentation/MemorySanitizer.h	llvm-kain/include/core/passes/Instrumentation/MemorySanitizer.h	2019	include	move
llvm/include/llvm/Transforms/Instrumentation/MemProfInstrumentation.h	llvm-kain/include/core/passes/Instrumentation/MemProfInstrumentation.h	1726	include	move
llvm/include/llvm/Transforms/Instrumentation/MemProfUse.h	llvm-kain/include/core/passes/Instrumentation/MemProfUse.h	2421	include	move
llvm/include/llvm/Transforms/Instrumentation/NumericalStabilitySanitizer.h	llvm-kain/include/core/passes/Instrumentation/NumericalStabilitySanitizer.h	1348	include	move
llvm/include/llvm/Transforms/Instrumentation/PGOCtxProfFlattening.h	llvm-kain/include/core/passes/Instrumentation/PGOCtxProfFlattening.h	1018	include	move
llvm/include/llvm/Transforms/Instrumentation/PGOCtxProfLowering.h	llvm-kain/include/core/passes/Instrumentation/PGOCtxProfLowering.h	1747	include	move
llvm/include/llvm/Transforms/Instrumentation/PGOForceFunctionAttrs.h	llvm-kain/include/core/passes/Instrumentation/PGOForceFunctionAttrs.h	986	include	move
llvm/include/llvm/Transforms/Instrumentation/PGOInstrumentation.h	llvm-kain/include/core/passes/Instrumentation/PGOInstrumentation.h	4063	include	move
llvm/include/llvm/Transforms/Instrumentation/RealtimeSanitizer.h	llvm-kain/include/core/passes/Instrumentation/RealtimeSanitizer.h	1324	include	move
llvm/include/llvm/Transforms/Instrumentation/SanitizerBinaryMetadata.h	llvm-kain/include/core/passes/Instrumentation/SanitizerBinaryMetadata.h	2537	include	move
llvm/include/llvm/Transforms/Instrumentation/SanitizerCoverage.h	llvm-kain/include/core/passes/Instrumentation/SanitizerCoverage.h	1933	include	move
llvm/include/llvm/Transforms/Instrumentation/ThreadSanitizer.h	llvm-kain/include/core/passes/Instrumentation/ThreadSanitizer.h	1529	include	move
llvm/include/llvm/Transforms/Instrumentation/TypeSanitizer.h	llvm-kain/include/core/passes/Instrumentation/TypeSanitizer.h	987	include	move
llvm/include/llvm/Transforms/IPO/AlwaysInliner.h	llvm-kain/include/core/passes/IPO/AlwaysInliner.h	1722	include	move
llvm/include/llvm/Transforms/IPO/Annotation2Metadata.h	llvm-kain/include/core/passes/IPO/Annotation2Metadata.h	1030	include	move
llvm/include/llvm/Transforms/IPO/ArgumentPromotion.h	llvm-kain/include/core/passes/IPO/ArgumentPromotion.h	1290	include	move
llvm/include/llvm/Transforms/IPO/Attributor.h	llvm-kain/include/core/passes/IPO/Attributor.h	261398	include	move
llvm/include/llvm/Transforms/IPO/BlockExtractor.h	llvm-kain/include/core/passes/IPO/BlockExtractor.h	1203	include	move
llvm/include/llvm/Transforms/IPO/CalledValuePropagation.h	llvm-kain/include/core/passes/IPO/CalledValuePropagation.h	1382	include	move
llvm/include/llvm/Transforms/IPO/ConstantMerge.h	llvm-kain/include/core/passes/IPO/ConstantMerge.h	1359	include	move
llvm/include/llvm/Transforms/IPO/CrossDSOCFI.h	llvm-kain/include/core/passes/IPO/CrossDSOCFI.h	948	include	move
llvm/include/llvm/Transforms/IPO/DeadArgumentElimination.h	llvm-kain/include/core/passes/IPO/DeadArgumentElimination.h	5089	include	move
llvm/include/llvm/Transforms/IPO/ElimAvailExtern.h	llvm-kain/include/core/passes/IPO/ElimAvailExtern.h	1090	include	move
llvm/include/llvm/Transforms/IPO/EmbedBitcodePass.h	llvm-kain/include/core/passes/IPO/EmbedBitcodePass.h	1896	include	move
llvm/include/llvm/Transforms/IPO/ExpandVariadics.h	llvm-kain/include/core/passes/IPO/ExpandVariadics.h	1270	include	move
llvm/include/llvm/Transforms/IPO/ExtractGV.h	llvm-kain/include/core/passes/IPO/ExtractGV.h	1020	include	move
llvm/include/llvm/Transforms/IPO/FatLTOCleanup.h	llvm-kain/include/core/passes/IPO/FatLTOCleanup.h	1266	include	move
llvm/include/llvm/Transforms/IPO/ForceFunctionAttrs.h	llvm-kain/include/core/passes/IPO/ForceFunctionAttrs.h	1050	include	move
llvm/include/llvm/Transforms/IPO/FunctionAttrs.h	llvm-kain/include/core/passes/IPO/FunctionAttrs.h	4142	include	move
llvm/include/llvm/Transforms/IPO/FunctionImport.h	llvm-kain/include/core/passes/IPO/FunctionImport.h	19456	include	move
llvm/include/llvm/Transforms/IPO/FunctionSpecialization.h	llvm-kain/include/core/passes/IPO/FunctionSpecialization.h	13311	include	move
llvm/include/llvm/Transforms/IPO/GlobalDCE.h	llvm-kain/include/core/passes/IPO/GlobalDCE.h	2985	include	move
llvm/include/llvm/Transforms/IPO/GlobalOpt.h	llvm-kain/include/core/passes/IPO/GlobalOpt.h	1073	include	move
llvm/include/llvm/Transforms/IPO/GlobalSplit.h	llvm-kain/include/core/passes/IPO/GlobalSplit.h	1180	include	move
llvm/include/llvm/Transforms/IPO/HotColdSplitting.h	llvm-kain/include/core/passes/IPO/HotColdSplitting.h	2943	include	move
llvm/include/llvm/Transforms/IPO/InferFunctionAttrs.h	llvm-kain/include/core/passes/IPO/InferFunctionAttrs.h	1084	include	move
llvm/include/llvm/Transforms/IPO/Inliner.h	llvm-kain/include/core/passes/IPO/Inliner.h	4299	include	move
llvm/include/llvm/Transforms/IPO/Instrumentor.h	llvm-kain/include/core/passes/IPO/Instrumentor.h	51302	include	move
llvm/include/llvm/Transforms/IPO/InstrumentorConfigFile.h	llvm-kain/include/core/passes/IPO/InstrumentorConfigFile.h	1664	include	move
llvm/include/llvm/Transforms/IPO/InstrumentorRuntimeHelper.h	llvm-kain/include/core/passes/IPO/InstrumentorRuntimeHelper.h	9899	include	move
llvm/include/llvm/Transforms/IPO/InstrumentorStubPrinter.h	llvm-kain/include/core/passes/IPO/InstrumentorStubPrinter.h	1476	include	move
llvm/include/llvm/Transforms/IPO/InstrumentorUtils.h	llvm-kain/include/core/passes/IPO/InstrumentorUtils.h	6773	include	move
llvm/include/llvm/Transforms/IPO/InstrumentorVariables.inc.in	llvm-kain/include/core/passes/IPO/InstrumentorVariables.inc.in	813	include	move
llvm/include/llvm/Transforms/IPO/Internalize.h	llvm-kain/include/core/passes/IPO/Internalize.h	3354	include	move
llvm/include/llvm/Transforms/IPO/IROutliner.h	llvm-kain/include/core/passes/IPO/IROutliner.h	20700	include	move
llvm/include/llvm/Transforms/IPO/LoopExtractor.h	llvm-kain/include/core/passes/IPO/LoopExtractor.h	1296	include	move
llvm/include/llvm/Transforms/IPO/LowerTypeTests.h	llvm-kain/include/core/passes/IPO/LowerTypeTests.h	8865	include	move
llvm/include/llvm/Transforms/IPO/MemProfContextDisambiguation.h	llvm-kain/include/core/passes/IPO/MemProfContextDisambiguation.h	4742	include	move
llvm/include/llvm/Transforms/IPO/MergeFunctions.h	llvm-kain/include/core/passes/IPO/MergeFunctions.h	1263	include	move
llvm/include/llvm/Transforms/IPO/ModuleInliner.h	llvm-kain/include/core/passes/IPO/ModuleInliner.h	2037	include	move
llvm/include/llvm/Transforms/IPO/OpenMPOpt.h	llvm-kain/include/core/passes/IPO/OpenMPOpt.h	2105	include	move
llvm/include/llvm/Transforms/IPO/PartialInlining.h	llvm-kain/include/core/passes/IPO/PartialInlining.h	1021	include	move
llvm/include/llvm/Transforms/IPO/ProfiledCallGraph.h	llvm-kain/include/core/passes/IPO/ProfiledCallGraph.h	8573	include	move
llvm/include/llvm/Transforms/IPO/SampleContextTracker.h	llvm-kain/include/core/passes/IPO/SampleContextTracker.h	9802	include	move
llvm/include/llvm/Transforms/IPO/SampleProfile.h	llvm-kain/include/core/passes/IPO/SampleProfile.h	2044	include	move
llvm/include/llvm/Transforms/IPO/SampleProfileMatcher.h	llvm-kain/include/core/passes/IPO/SampleProfileMatcher.h	10840	include	move
llvm/include/llvm/Transforms/IPO/SampleProfileProbe.h	llvm-kain/include/core/passes/IPO/SampleProfileProbe.h	5624	include	move
llvm/include/llvm/Transforms/IPO/SCCP.h	llvm-kain/include/core/passes/IPO/SCCP.h	2027	include	move
llvm/include/llvm/Transforms/IPO/StripDeadPrototypes.h	llvm-kain/include/core/passes/IPO/StripDeadPrototypes.h	1186	include	move
llvm/include/llvm/Transforms/IPO/StripSymbols.h	llvm-kain/include/core/passes/IPO/StripSymbols.h	1909	include	move
llvm/include/llvm/Transforms/IPO/ThinLTOBitcodeWriter.h	llvm-kain/include/core/passes/IPO/ThinLTOBitcodeWriter.h	1590	include	move
llvm/include/llvm/Transforms/IPO/WholeProgramDevirt.h	llvm-kain/include/core/passes/IPO/WholeProgramDevirt.h	11230	include	move
llvm/include/llvm/Transforms/Scalar/ADCE.h	llvm-kain/include/core/passes/Scalar/ADCE.h	1430	include	move
llvm/include/llvm/Transforms/Scalar/AlignmentFromAssumptions.h	llvm-kain/include/core/passes/Scalar/AlignmentFromAssumptions.h	1787	include	move
llvm/include/llvm/Transforms/Scalar/AnnotationRemarks.h	llvm-kain/include/core/passes/Scalar/AnnotationRemarks.h	949	include	move
llvm/include/llvm/Transforms/Scalar/BDCE.h	llvm-kain/include/core/passes/Scalar/BDCE.h	1067	include	move
llvm/include/llvm/Transforms/Scalar/CallSiteSplitting.h	llvm-kain/include/core/passes/Scalar/CallSiteSplitting.h	811	include	move
llvm/include/llvm/Transforms/Scalar/ConstantHoisting.h	llvm-kain/include/core/passes/Scalar/ConstantHoisting.h	8772	include	move
llvm/include/llvm/Transforms/Scalar/ConstraintElimination.h	llvm-kain/include/core/passes/Scalar/ConstraintElimination.h	797	include	move
llvm/include/llvm/Transforms/Scalar/CorrelatedValuePropagation.h	llvm-kain/include/core/passes/Scalar/CorrelatedValuePropagation.h	827	include	move
llvm/include/llvm/Transforms/Scalar/DCE.h	llvm-kain/include/core/passes/Scalar/DCE.h	1092	include	move
llvm/include/llvm/Transforms/Scalar/DeadStoreElimination.h	llvm-kain/include/core/passes/Scalar/DeadStoreElimination.h	1244	include	move
llvm/include/llvm/Transforms/Scalar/DFAJumpThreading.h	llvm-kain/include/core/passes/Scalar/DFAJumpThreading.h	927	include	move
llvm/include/llvm/Transforms/Scalar/DivRemPairs.h	llvm-kain/include/core/passes/Scalar/DivRemPairs.h	1055	include	move
llvm/include/llvm/Transforms/Scalar/DropUnnecessaryAssumes.h	llvm-kain/include/core/passes/Scalar/DropUnnecessaryAssumes.h	1097	include	move
llvm/include/llvm/Transforms/Scalar/EarlyCSE.h	llvm-kain/include/core/passes/Scalar/EarlyCSE.h	1615	include	move
llvm/include/llvm/Transforms/Scalar/ExpandMemCmp.h	llvm-kain/include/core/passes/Scalar/ExpandMemCmp.h	747	include	move
llvm/include/llvm/Transforms/Scalar/FlattenCFG.h	llvm-kain/include/core/passes/Scalar/FlattenCFG.h	956	include	move
llvm/include/llvm/Transforms/Scalar/Float2Int.h	llvm-kain/include/core/passes/Scalar/Float2Int.h	1921	include	move
llvm/include/llvm/Transforms/Scalar/GuardWidening.h	llvm-kain/include/core/passes/Scalar/GuardWidening.h	1264	include	move
llvm/include/llvm/Transforms/Scalar/GVN.h	llvm-kain/include/core/passes/Scalar/GVN.h	20395	include	move
llvm/include/llvm/Transforms/Scalar/GVNExpression.h	llvm-kain/include/core/passes/Scalar/GVNExpression.h	20945	include	move
llvm/include/llvm/Transforms/Scalar/InductiveRangeCheckElimination.h	llvm-kain/include/core/passes/Scalar/InductiveRangeCheckElimination.h	967	include	move
llvm/include/llvm/Transforms/Scalar/IndVarSimplify.h	llvm-kain/include/core/passes/Scalar/IndVarSimplify.h	1262	include	move
llvm/include/llvm/Transforms/Scalar/InferAddressSpaces.h	llvm-kain/include/core/passes/Scalar/InferAddressSpaces.h	901	include	move
llvm/include/llvm/Transforms/Scalar/InferAlignment.h	llvm-kain/include/core/passes/Scalar/InferAlignment.h	950	include	move
llvm/include/llvm/Transforms/Scalar/InstSimplifyPass.h	llvm-kain/include/core/passes/Scalar/InstSimplifyPass.h	1530	include	move
llvm/include/llvm/Transforms/Scalar/IVUsersPrinter.h	llvm-kain/include/core/passes/Scalar/IVUsersPrinter.h	1023	include	move
llvm/include/llvm/Transforms/Scalar/JumpTableToSwitch.h	llvm-kain/include/core/passes/Scalar/JumpTableToSwitch.h	1015	include	move
llvm/include/llvm/Transforms/Scalar/JumpThreading.h	llvm-kain/include/core/passes/Scalar/JumpThreading.h	9432	include	move
llvm/include/llvm/Transforms/Scalar/LICM.h	llvm-kain/include/core/passes/Scalar/LICM.h	4191	include	move
llvm/include/llvm/Transforms/Scalar/LoopAccessAnalysisPrinter.h	llvm-kain/include/core/passes/Scalar/LoopAccessAnalysisPrinter.h	1051	include	move
llvm/include/llvm/Transforms/Scalar/LoopBoundSplit.h	llvm-kain/include/core/passes/Scalar/LoopBoundSplit.h	1599	include	move
llvm/include/llvm/Transforms/Scalar/LoopDataPrefetch.h	llvm-kain/include/core/passes/Scalar/LoopDataPrefetch.h	1097	include	move
llvm/include/llvm/Transforms/Scalar/LoopDeletion.h	llvm-kain/include/core/passes/Scalar/LoopDeletion.h	1118	include	move
llvm/include/llvm/Transforms/Scalar/LoopDistribute.h	llvm-kain/include/core/passes/Scalar/LoopDistribute.h	1126	include	move
llvm/include/llvm/Transforms/Scalar/LoopFlatten.h	llvm-kain/include/core/passes/Scalar/LoopFlatten.h	1120	include	move
llvm/include/llvm/Transforms/Scalar/LoopFuse.h	llvm-kain/include/core/passes/Scalar/LoopFuse.h	893	include	move
llvm/include/llvm/Transforms/Scalar/LoopIdiomRecognize.h	llvm-kain/include/core/passes/Scalar/LoopIdiomRecognize.h	1813	include	move
llvm/include/llvm/Transforms/Scalar/LoopInstSimplify.h	llvm-kain/include/core/passes/Scalar/LoopInstSimplify.h	1160	include	move
llvm/include/llvm/Transforms/Scalar/LoopInterchange.h	llvm-kain/include/core/passes/Scalar/LoopInterchange.h	950	include	move
llvm/include/llvm/Transforms/Scalar/LoopLoadElimination.h	llvm-kain/include/core/passes/Scalar/LoopLoadElimination.h	1150	include	move
llvm/include/llvm/Transforms/Scalar/LoopPassManager.h	llvm-kain/include/core/passes/Scalar/LoopPassManager.h	20508	include	move
llvm/include/llvm/Transforms/Scalar/LoopPredication.h	llvm-kain/include/core/passes/Scalar/LoopPredication.h	1190	include	move
llvm/include/llvm/Transforms/Scalar/LoopRotation.h	llvm-kain/include/core/passes/Scalar/LoopRotation.h	1503	include	move
llvm/include/llvm/Transforms/Scalar/LoopSimplifyCFG.h	llvm-kain/include/core/passes/Scalar/LoopSimplifyCFG.h	1388	include	move
llvm/include/llvm/Transforms/Scalar/LoopSink.h	llvm-kain/include/core/passes/Scalar/LoopSink.h	1520	include	move
llvm/include/llvm/Transforms/Scalar/LoopStrengthReduce.h	llvm-kain/include/core/passes/Scalar/LoopStrengthReduce.h	1619	include	move
llvm/include/llvm/Transforms/Scalar/LoopTermFold.h	llvm-kain/include/core/passes/Scalar/LoopTermFold.h	1018	include	move
llvm/include/llvm/Transforms/Scalar/LoopUnrollAndJamPass.h	llvm-kain/include/core/passes/Scalar/LoopUnrollAndJamPass.h	1117	include	move
llvm/include/llvm/Transforms/Scalar/LoopUnrollPass.h	llvm-kain/include/core/passes/Scalar/LoopUnrollPass.h	5325	include	move
llvm/include/llvm/Transforms/Scalar/LoopVersioningLICM.h	llvm-kain/include/core/passes/Scalar/LoopVersioningLICM.h	964	include	move
llvm/include/llvm/Transforms/Scalar/LowerAtomicPass.h	llvm-kain/include/core/passes/Scalar/LowerAtomicPass.h	1003	include	move
llvm/include/llvm/Transforms/Scalar/LowerConstantIntrinsics.h	llvm-kain/include/core/passes/Scalar/LowerConstantIntrinsics.h	1631	include	move
llvm/include/llvm/Transforms/Scalar/LowerExpectIntrinsic.h	llvm-kain/include/core/passes/Scalar/LowerExpectIntrinsic.h	1327	include	move
llvm/include/llvm/Transforms/Scalar/LowerGuardIntrinsic.h	llvm-kain/include/core/passes/Scalar/LowerGuardIntrinsic.h	1013	include	move
llvm/include/llvm/Transforms/Scalar/LowerMatrixIntrinsics.h	llvm-kain/include/core/passes/Scalar/LowerMatrixIntrinsics.h	1108	include	move
llvm/include/llvm/Transforms/Scalar/LowerWidenableCondition.h	llvm-kain/include/core/passes/Scalar/LowerWidenableCondition.h	958	include	move
llvm/include/llvm/Transforms/Scalar/MakeGuardsExplicit.h	llvm-kain/include/core/passes/Scalar/MakeGuardsExplicit.h	1912	include	move
llvm/include/llvm/Transforms/Scalar/MemCpyOptimizer.h	llvm-kain/include/core/passes/Scalar/MemCpyOptimizer.h	3649	include	move
llvm/include/llvm/Transforms/Scalar/MergedLoadStoreMotion.h	llvm-kain/include/core/passes/Scalar/MergedLoadStoreMotion.h	2238	include	move
llvm/include/llvm/Transforms/Scalar/MergeICmps.h	llvm-kain/include/core/passes/Scalar/MergeICmps.h	727	include	move
llvm/include/llvm/Transforms/Scalar/NaryReassociate.h	llvm-kain/include/core/passes/Scalar/NaryReassociate.h	7266	include	move
llvm/include/llvm/Transforms/Scalar/NewGVN.h	llvm-kain/include/core/passes/Scalar/NewGVN.h	952	include	move
llvm/include/llvm/Transforms/Scalar/PartiallyInlineLibCalls.h	llvm-kain/include/core/passes/Scalar/PartiallyInlineLibCalls.h	1070	include	move
llvm/include/llvm/Transforms/Scalar/PlaceSafepoints.h	llvm-kain/include/core/passes/Scalar/PlaceSafepoints.h	3326	include	move
llvm/include/llvm/Transforms/Scalar/Reassociate.h	llvm-kain/include/core/passes/Scalar/Reassociate.h	4901	include	move
llvm/include/llvm/Transforms/Scalar/Reg2Mem.h	llvm-kain/include/core/passes/Scalar/Reg2Mem.h	873	include	move
llvm/include/llvm/Transforms/Scalar/RewriteStatepointsForGC.h	llvm-kain/include/core/passes/Scalar/RewriteStatepointsForGC.h	1334	include	move
llvm/include/llvm/Transforms/Scalar/ScalarizeMaskedMemIntrin.h	llvm-kain/include/core/passes/Scalar/ScalarizeMaskedMemIntrin.h	1082	include	move
llvm/include/llvm/Transforms/Scalar/Scalarizer.h	llvm-kain/include/core/passes/Scalar/Scalarizer.h	2720	include	move
llvm/include/llvm/Transforms/Scalar/SCCP.h	llvm-kain/include/core/passes/Scalar/SCCP.h	1276	include	move
llvm/include/llvm/Transforms/Scalar/SeparateConstOffsetFromGEP.h	llvm-kain/include/core/passes/Scalar/SeparateConstOffsetFromGEP.h	1044	include	move
llvm/include/llvm/Transforms/Scalar/SimpleLoopUnswitch.h	llvm-kain/include/core/passes/Scalar/SimpleLoopUnswitch.h	3906	include	move
llvm/include/llvm/Transforms/Scalar/SimplifyCFG.h	llvm-kain/include/core/passes/Scalar/SimplifyCFG.h	1987	include	move
llvm/include/llvm/Transforms/Scalar/Sink.h	llvm-kain/include/core/passes/Scalar/Sink.h	1002	include	move
llvm/include/llvm/Transforms/Scalar/SpeculativeExecution.h	llvm-kain/include/core/passes/Scalar/SpeculativeExecution.h	3277	include	move
llvm/include/llvm/Transforms/Scalar/SROA.h	llvm-kain/include/core/passes/Scalar/SROA.h	1758	include	move
llvm/include/llvm/Transforms/Scalar/StraightLineStrengthReduce.h	llvm-kain/include/core/passes/Scalar/StraightLineStrengthReduce.h	818	include	move
llvm/include/llvm/Transforms/Scalar/StructurizeCFG.h	llvm-kain/include/core/passes/Scalar/StructurizeCFG.h	975	include	move
llvm/include/llvm/Transforms/Scalar/TailRecursionElimination.h	llvm-kain/include/core/passes/Scalar/TailRecursionElimination.h	3559	include	move
llvm/include/llvm/Transforms/Scalar/WarnMissedTransforms.h	llvm-kain/include/core/passes/Scalar/WarnMissedTransforms.h	1050	include	move
llvm/include/llvm/Transforms/Utils/AddDiscriminators.h	llvm-kain/include/core/passes/Utils/AddDiscriminators.h	1087	include	move
llvm/include/llvm/Transforms/Utils/AMDGPUEmitPrintf.h	llvm-kain/include/core/passes/Utils/AMDGPUEmitPrintf.h	962	include	move
llvm/include/llvm/Transforms/Utils/ASanStackFrameLayout.h	llvm-kain/include/core/passes/Utils/ASanStackFrameLayout.h	3675	include	move
llvm/include/llvm/Transforms/Utils/AssumeBundleBuilder.h	llvm-kain/include/core/passes/Utils/AssumeBundleBuilder.h	2545	include	move
llvm/include/llvm/Transforms/Utils/BasicBlockUtils.h	llvm-kain/include/core/passes/Utils/BasicBlockUtils.h	31527	include	move
llvm/include/llvm/Transforms/Utils/BreakCriticalEdges.h	llvm-kain/include/core/passes/Utils/BreakCriticalEdges.h	1197	include	move
llvm/include/llvm/Transforms/Utils/BuildLibCalls.h	llvm-kain/include/core/passes/Utils/BuildLibCalls.h	16146	include	move
llvm/include/llvm/Transforms/Utils/BypassSlowDivision.h	llvm-kain/include/core/passes/Utils/BypassSlowDivision.h	2559	include	move
llvm/include/llvm/Transforms/Utils/CallGraphUpdater.h	llvm-kain/include/core/passes/Utils/CallGraphUpdater.h	3440	include	move
llvm/include/llvm/Transforms/Utils/CallPromotionUtils.h	llvm-kain/include/core/passes/Utils/CallPromotionUtils.h	5383	include	move
llvm/include/llvm/Transforms/Utils/CanonicalizeAliases.h	llvm-kain/include/core/passes/Utils/CanonicalizeAliases.h	1004	include	move
llvm/include/llvm/Transforms/Utils/CanonicalizeFreezeInLoops.h	llvm-kain/include/core/passes/Utils/CanonicalizeFreezeInLoops.h	1205	include	move
llvm/include/llvm/Transforms/Utils/Cloning.h	llvm-kain/include/core/passes/Utils/Cloning.h	21623	include	move
llvm/include/llvm/Transforms/Utils/CodeExtractor.h	llvm-kain/include/core/passes/Utils/CodeExtractor.h	15319	include	move
llvm/include/llvm/Transforms/Utils/CodeLayout.h	llvm-kain/include/core/passes/Utils/CodeLayout.h	4074	include	move
llvm/include/llvm/Transforms/Utils/CodeMoverUtils.h	llvm-kain/include/core/passes/Utils/CodeMoverUtils.h	3340	include	move
llvm/include/llvm/Transforms/Utils/ControlFlowUtils.h	llvm-kain/include/core/passes/Utils/ControlFlowUtils.h	4781	include	move
llvm/include/llvm/Transforms/Utils/CountVisits.h	llvm-kain/include/core/passes/Utils/CountVisits.h	818	include	move
llvm/include/llvm/Transforms/Utils/CtorUtils.h	llvm-kain/include/core/passes/Utils/CtorUtils.h	1019	include	move
llvm/include/llvm/Transforms/Utils/Debugify.h	llvm-kain/include/core/passes/Utils/Debugify.h	12772	include	move
llvm/include/llvm/Transforms/Utils/DebugSSAUpdater.h	llvm-kain/include/core/passes/Utils/DebugSSAUpdater.h	12289	include	move
llvm/include/llvm/Transforms/Utils/DeclareRuntimeLibcalls.h	llvm-kain/include/core/passes/Utils/DeclareRuntimeLibcalls.h	797	include	move
llvm/include/llvm/Transforms/Utils/DXILUpgrade.h	llvm-kain/include/core/passes/Utils/DXILUpgrade.h	798	include	move
llvm/include/llvm/Transforms/Utils/EntryExitInstrumenter.h	llvm-kain/include/core/passes/Utils/EntryExitInstrumenter.h	1334	include	move
llvm/include/llvm/Transforms/Utils/EscapeEnumerator.h	llvm-kain/include/core/passes/Utils/EscapeEnumerator.h	1684	include	move
llvm/include/llvm/Transforms/Utils/Evaluator.h	llvm-kain/include/core/passes/Utils/Evaluator.h	6064	include	move
llvm/include/llvm/Transforms/Utils/ExtraPassManager.h	llvm-kain/include/core/passes/Utils/ExtraPassManager.h	3637	include	move
llvm/include/llvm/Transforms/Utils/FixIrreducible.h	llvm-kain/include/core/passes/Utils/FixIrreducible.h	737	include	move
llvm/include/llvm/Transforms/Utils/FunctionComparator.h	llvm-kain/include/core/passes/Utils/FunctionComparator.h	17779	include	move
llvm/include/llvm/Transforms/Utils/FunctionImportUtils.h	llvm-kain/include/core/passes/Utils/FunctionImportUtils.h	5346	include	move
llvm/include/llvm/Transforms/Utils/GlobalStatus.h	llvm-kain/include/core/passes/Utils/GlobalStatus.h	3363	include	move
llvm/include/llvm/Transforms/Utils/GuardUtils.h	llvm-kain/include/core/passes/Utils/GuardUtils.h	2043	include	move
llvm/include/llvm/Transforms/Utils/HelloWorld.h	llvm-kain/include/core/passes/Utils/HelloWorld.h	733	include	move
llvm/include/llvm/Transforms/Utils/InjectTLIMappings.h	llvm-kain/include/core/passes/Utils/InjectTLIMappings.h	963	include	move
llvm/include/llvm/Transforms/Utils/InstructionNamer.h	llvm-kain/include/core/passes/Utils/InstructionNamer.h	744	include	move
llvm/include/llvm/Transforms/Utils/InstructionWorklist.h	llvm-kain/include/core/passes/Utils/InstructionWorklist.h	4140	include	move
llvm/include/llvm/Transforms/Utils/Instrumentation.h	llvm-kain/include/core/passes/Utils/Instrumentation.h	7051	include	move
llvm/include/llvm/Transforms/Utils/IntegerDivision.h	llvm-kain/include/core/passes/Utils/IntegerDivision.h	2976	include	move
llvm/include/llvm/Transforms/Utils/IRNormalizer.h	llvm-kain/include/core/passes/Utils/IRNormalizer.h	995	include	move
llvm/include/llvm/Transforms/Utils/KCFIHash.h	llvm-kain/include/core/passes/Utils/KCFIHash.h	1324	include	move
llvm/include/llvm/Transforms/Utils/LCSSA.h	llvm-kain/include/core/passes/Utils/LCSSA.h	1648	include	move
llvm/include/llvm/Transforms/Utils/LibCallsShrinkWrap.h	llvm-kain/include/core/passes/Utils/LibCallsShrinkWrap.h	929	include	move
llvm/include/llvm/Transforms/Utils/Local.h	llvm-kain/include/core/passes/Utils/Local.h	29158	include	move
llvm/include/llvm/Transforms/Utils/LockstepReverseIterator.h	llvm-kain/include/core/passes/Utils/LockstepReverseIterator.h	4689	include	move
llvm/include/llvm/Transforms/Utils/LongestCommonSequence.h	llvm-kain/include/core/passes/Utils/LongestCommonSequence.h	3979	include	move
llvm/include/llvm/Transforms/Utils/LoopConstrainer.h	llvm-kain/include/core/passes/Utils/LoopConstrainer.h	8839	include	move
llvm/include/llvm/Transforms/Utils/LoopPeel.h	llvm-kain/include/core/passes/Utils/LoopPeel.h	2500	include	move
llvm/include/llvm/Transforms/Utils/LoopRotationUtils.h	llvm-kain/include/core/passes/Utils/LoopRotationUtils.h	1789	include	move
llvm/include/llvm/Transforms/Utils/LoopSimplify.h	llvm-kain/include/core/passes/Utils/LoopSimplify.h	3001	include	move
llvm/include/llvm/Transforms/Utils/LoopUtils.h	llvm-kain/include/core/passes/Utils/LoopUtils.h	35667	include	move
llvm/include/llvm/Transforms/Utils/LoopVersioning.h	llvm-kain/include/core/passes/Utils/LoopVersioning.h	6457	include	move
llvm/include/llvm/Transforms/Utils/LowerAtomic.h	llvm-kain/include/core/passes/Utils/LowerAtomic.h	1804	include	move
llvm/include/llvm/Transforms/Utils/LowerCommentStringPass.h	llvm-kain/include/core/passes/Utils/LowerCommentStringPass.h	815	include	move
llvm/include/llvm/Transforms/Utils/LowerGlobalDtors.h	llvm-kain/include/core/passes/Utils/LowerGlobalDtors.h	1049	include	move
llvm/include/llvm/Transforms/Utils/LowerIFunc.h	llvm-kain/include/core/passes/Utils/LowerIFunc.h	984	include	move
llvm/include/llvm/Transforms/Utils/LowerInvoke.h	llvm-kain/include/core/passes/Utils/LowerInvoke.h	1122	include	move
llvm/include/llvm/Transforms/Utils/LowerMemIntrinsics.h	llvm-kain/include/core/passes/Utils/LowerMemIntrinsics.h	3886	include	move
llvm/include/llvm/Transforms/Utils/LowerSwitch.h	llvm-kain/include/core/passes/Utils/LowerSwitch.h	1016	include	move
llvm/include/llvm/Transforms/Utils/LowerVectorIntrinsics.h	llvm-kain/include/core/passes/Utils/LowerVectorIntrinsics.h	950	include	move
llvm/include/llvm/Transforms/Utils/MatrixUtils.h	llvm-kain/include/core/passes/Utils/MatrixUtils.h	3123	include	move
llvm/include/llvm/Transforms/Utils/Mem2Reg.h	llvm-kain/include/core/passes/Utils/Mem2Reg.h	973	include	move
llvm/include/llvm/Transforms/Utils/MemoryOpRemark.h	llvm-kain/include/core/passes/Utils/MemoryOpRemark.h	4280	include	move
llvm/include/llvm/Transforms/Utils/MemoryTaggingSupport.h	llvm-kain/include/core/passes/Utils/MemoryTaggingSupport.h	3967	include	move
llvm/include/llvm/Transforms/Utils/MetaRenamer.h	llvm-kain/include/core/passes/Utils/MetaRenamer.h	968	include	move
llvm/include/llvm/Transforms/Utils/MisExpect.h	llvm-kain/include/core/passes/Utils/MisExpect.h	4087	include	move
llvm/include/llvm/Transforms/Utils/ModuleUtils.h	llvm-kain/include/core/passes/Utils/ModuleUtils.h	7399	include	move
llvm/include/llvm/Transforms/Utils/MoveAutoInit.h	llvm-kain/include/core/passes/Utils/MoveAutoInit.h	1055	include	move
llvm/include/llvm/Transforms/Utils/NameAnonGlobals.h	llvm-kain/include/core/passes/Utils/NameAnonGlobals.h	1044	include	move
llvm/include/llvm/Transforms/Utils/PredicateInfo.h	llvm-kain/include/core/passes/Utils/PredicateInfo.h	8382	include	move
llvm/include/llvm/Transforms/Utils/ProfileVerify.h	llvm-kain/include/core/passes/Utils/ProfileVerify.h	1830	include	move
llvm/include/llvm/Transforms/Utils/PromoteMemToReg.h	llvm-kain/include/core/passes/Utils/PromoteMemToReg.h	1666	include	move
llvm/include/llvm/Transforms/Utils/RelLookupTableConverter.h	llvm-kain/include/core/passes/Utils/RelLookupTableConverter.h	2747	include	move
llvm/include/llvm/Transforms/Utils/SampleProfileInference.h	llvm-kain/include/core/passes/Utils/SampleProfileInference.h	10888	include	move
llvm/include/llvm/Transforms/Utils/SampleProfileLoaderBaseImpl.h	llvm-kain/include/core/passes/Utils/SampleProfileLoaderBaseImpl.h	44878	include	move
llvm/include/llvm/Transforms/Utils/SampleProfileLoaderBaseUtil.h	llvm-kain/include/core/passes/Utils/SampleProfileLoaderBaseUtil.h	3992	include	move
llvm/include/llvm/Transforms/Utils/SanitizerStats.h	llvm-kain/include/core/passes/Utils/SanitizerStats.h	1631	include	move
llvm/include/llvm/Transforms/Utils/ScalarEvolutionExpander.h	llvm-kain/include/core/passes/Utils/ScalarEvolutionExpander.h	23839	include	move
llvm/include/llvm/Transforms/Utils/SCCPSolver.h	llvm-kain/include/core/passes/Utils/SCCPSolver.h	8706	include	move
llvm/include/llvm/Transforms/Utils/SimplifyCFGOptions.h	llvm-kain/include/core/passes/Utils/SimplifyCFGOptions.h	2936	include	move
llvm/include/llvm/Transforms/Utils/SimplifyIndVar.h	llvm-kain/include/core/passes/Utils/SimplifyIndVar.h	3397	include	move
llvm/include/llvm/Transforms/Utils/SimplifyLibCalls.h	llvm-kain/include/core/passes/Utils/SimplifyLibCalls.h	12432	include	move
llvm/include/llvm/Transforms/Utils/SizeOpts.h	llvm-kain/include/core/passes/Utils/SizeOpts.h	4250	include	move
llvm/include/llvm/Transforms/Utils/SplitModule.h	llvm-kain/include/core/passes/Utils/SplitModule.h	1818	include	move
llvm/include/llvm/Transforms/Utils/SplitModuleByCategory.h	llvm-kain/include/core/passes/Utils/SplitModuleByCategory.h	3069	include	move
llvm/include/llvm/Transforms/Utils/SSAUpdater.h	llvm-kain/include/core/passes/Utils/SSAUpdater.h	7094	include	move
llvm/include/llvm/Transforms/Utils/SSAUpdaterBulk.h	llvm-kain/include/core/passes/Utils/SSAUpdaterBulk.h	3431	include	move
llvm/include/llvm/Transforms/Utils/SSAUpdaterImpl.h	llvm-kain/include/core/passes/Utils/SSAUpdaterImpl.h	17766	include	move
llvm/include/llvm/Transforms/Utils/StripConvergenceIntrinsics.h	llvm-kain/include/core/passes/Utils/StripConvergenceIntrinsics.h	1044	include	move
llvm/include/llvm/Transforms/Utils/StripGCRelocates.h	llvm-kain/include/core/passes/Utils/StripGCRelocates.h	776	include	move
llvm/include/llvm/Transforms/Utils/StripNonLineTableDebugInfo.h	llvm-kain/include/core/passes/Utils/StripNonLineTableDebugInfo.h	832	include	move
llvm/include/llvm/Transforms/Utils/SymbolRewriter.h	llvm-kain/include/core/passes/Utils/SymbolRewriter.h	5103	include	move
llvm/include/llvm/Transforms/Utils/TriggerCrashPass.h	llvm-kain/include/core/passes/Utils/TriggerCrashPass.h	1248	include	move
llvm/include/llvm/Transforms/Utils/UnifyLoopExits.h	llvm-kain/include/core/passes/Utils/UnifyLoopExits.h	750	include	move
llvm/include/llvm/Transforms/Utils/UnrollLoop.h	llvm-kain/include/core/passes/Utils/UnrollLoop.h	8051	include	move
llvm/include/llvm/Transforms/Utils/ValueMapper.h	llvm-kain/include/core/passes/Utils/ValueMapper.h	16024	include	move
llvm/include/llvm/Transforms/Utils/VNCoercion.h	llvm-kain/include/core/passes/Utils/VNCoercion.h	4920	include	move
llvm/include/llvm/Transforms/Vectorize/LoadStoreVectorizer.h	llvm-kain/include/core/passes/Vectorize/LoadStoreVectorizer.h	964	include	move
llvm/include/llvm/Transforms/Vectorize/LoopIdiomVectorize.h	llvm-kain/include/core/passes/Vectorize/LoopIdiomVectorize.h	1430	include	move
llvm/include/llvm/Transforms/Vectorize/LoopVectorizationLegality.h	llvm-kain/include/core/passes/Vectorize/LoopVectorizationLegality.h	31747	include	move
llvm/include/llvm/Transforms/Vectorize/LoopVectorize.h	llvm-kain/include/core/passes/Vectorize/LoopVectorize.h	6637	include	move
llvm/include/llvm/Transforms/Vectorize/SLPVectorizer.h	llvm-kain/include/core/passes/Vectorize/SLPVectorizer.h	7714	include	move
llvm/include/llvm/Transforms/Vectorize/VectorCombine.h	llvm-kain/include/core/passes/Vectorize/VectorCombine.h	1312	include	move
llvm/include/llvm/Transforms/Vectorize/SandboxVectorizer/Debug.h	llvm-kain/include/core/passes/Vectorize/SandboxVectorizer/Debug.h	764	include	move
llvm/include/llvm/Transforms/Vectorize/SandboxVectorizer/DependencyGraph.h	llvm-kain/include/core/passes/Vectorize/SandboxVectorizer/DependencyGraph.h	22836	include	move
llvm/include/llvm/Transforms/Vectorize/SandboxVectorizer/InstrMaps.h	llvm-kain/include/core/passes/Vectorize/SandboxVectorizer/InstrMaps.h	3999	include	move
llvm/include/llvm/Transforms/Vectorize/SandboxVectorizer/Interval.h	llvm-kain/include/core/passes/Vectorize/SandboxVectorizer/Interval.h	8267	include	move
llvm/include/llvm/Transforms/Vectorize/SandboxVectorizer/Legality.h	llvm-kain/include/core/passes/Vectorize/SandboxVectorizer/Legality.h	12949	include	move
llvm/include/llvm/Transforms/Vectorize/SandboxVectorizer/RegionWithScore.h	llvm-kain/include/core/passes/Vectorize/SandboxVectorizer/RegionWithScore.h	3393	include	move
llvm/include/llvm/Transforms/Vectorize/SandboxVectorizer/SandboxVectorizer.h	llvm-kain/include/core/passes/Vectorize/SandboxVectorizer/SandboxVectorizer.h	2549	include	move
llvm/include/llvm/Transforms/Vectorize/SandboxVectorizer/SandboxVectorizerIR.h	llvm-kain/include/core/passes/Vectorize/SandboxVectorizer/SandboxVectorizerIR.h	1973	include	move
llvm/include/llvm/Transforms/Vectorize/SandboxVectorizer/SandboxVectorizerIRValues.def	llvm-kain/include/core/passes/Vectorize/SandboxVectorizer/SandboxVectorizerIRValues.def	1091	include	move
llvm/include/llvm/Transforms/Vectorize/SandboxVectorizer/SandboxVectorizerPassBuilder.h	llvm-kain/include/core/passes/Vectorize/SandboxVectorizer/SandboxVectorizerPassBuilder.h	1196	include	move
llvm/include/llvm/Transforms/Vectorize/SandboxVectorizer/Scheduler.h	llvm-kain/include/core/passes/Vectorize/SandboxVectorizer/Scheduler.h	11291	include	move
llvm/include/llvm/Transforms/Vectorize/SandboxVectorizer/SeedCollector.h	llvm-kain/include/core/passes/Vectorize/SandboxVectorizer/SeedCollector.h	12544	include	move
llvm/include/llvm/Transforms/Vectorize/SandboxVectorizer/VecUtils.h	llvm-kain/include/core/passes/Vectorize/SandboxVectorizer/VecUtils.h	16208	include	move
llvm/include/llvm/Transforms/Vectorize/SandboxVectorizer/Passes/BottomUpVec.h	llvm-kain/include/core/passes/Vectorize/SandboxVectorizer/Passes/BottomUpVec.h	4828	include	move
llvm/include/llvm/Transforms/Vectorize/SandboxVectorizer/Passes/LoadStoreVec.h	llvm-kain/include/core/passes/Vectorize/SandboxVectorizer/Passes/LoadStoreVec.h	1544	include	move
llvm/include/llvm/Transforms/Vectorize/SandboxVectorizer/Passes/NullPass.h	llvm-kain/include/core/passes/Vectorize/SandboxVectorizer/Passes/NullPass.h	995	include	move
llvm/include/llvm/Transforms/Vectorize/SandboxVectorizer/Passes/PackReuse.h	llvm-kain/include/core/passes/Vectorize/SandboxVectorizer/Passes/PackReuse.h	1291	include	move
llvm/include/llvm/Transforms/Vectorize/SandboxVectorizer/Passes/PrintInstructionCount.h	llvm-kain/include/core/passes/Vectorize/SandboxVectorizer/Passes/PrintInstructionCount.h	809	include	move
llvm/include/llvm/Transforms/Vectorize/SandboxVectorizer/Passes/PrintRegion.h	llvm-kain/include/core/passes/Vectorize/SandboxVectorizer/Passes/PrintRegion.h	884	include	move
llvm/include/llvm/Transforms/Vectorize/SandboxVectorizer/Passes/RegionsFromBBs.h	llvm-kain/include/core/passes/Vectorize/SandboxVectorizer/Passes/RegionsFromBBs.h	1382	include	move
llvm/include/llvm/Transforms/Vectorize/SandboxVectorizer/Passes/RegionsFromMetadata.h	llvm-kain/include/core/passes/Vectorize/SandboxVectorizer/Passes/RegionsFromMetadata.h	1411	include	move
llvm/include/llvm/Transforms/Vectorize/SandboxVectorizer/Passes/SeedCollection.h	llvm-kain/include/core/passes/Vectorize/SandboxVectorizer/Passes/SeedCollection.h	1755	include	move
llvm/include/llvm/Transforms/Vectorize/SandboxVectorizer/Passes/TransactionAcceptOrRevert.h	llvm-kain/include/core/passes/Vectorize/SandboxVectorizer/Passes/TransactionAcceptOrRevert.h	1142	include	move
llvm/include/llvm/Transforms/Vectorize/SandboxVectorizer/Passes/TransactionAlwaysAccept.h	llvm-kain/include/core/passes/Vectorize/SandboxVectorizer/Passes/TransactionAlwaysAccept.h	1225	include	move
llvm/include/llvm/Transforms/Vectorize/SandboxVectorizer/Passes/TransactionAlwaysRevert.h	llvm-kain/include/core/passes/Vectorize/SandboxVectorizer/Passes/TransactionAlwaysRevert.h	1225	include	move
llvm/include/llvm/Transforms/Vectorize/SandboxVectorizer/Passes/TransactionSave.h	llvm-kain/include/core/passes/Vectorize/SandboxVectorizer/Passes/TransactionSave.h	991	include	move
llvm/include/llvm/WindowsResource/ResourceProcessor.h	llvm-kain/include/core/object/ResourceProcessor.h	1407	include	move
llvm/include/llvm/WindowsResource/ResourceScriptToken.h	llvm-kain/include/core/object/ResourceScriptToken.h	1733	include	move
llvm/include/llvm/WindowsResource/ResourceScriptTokenList.h	llvm-kain/include/core/object/ResourceScriptTokenList.h	1739	include	move
llvm/include/llvm-c/Analysis.h	llvm-kain/include/c-api/Analysis.h	2753	include	move
llvm/include/llvm-c/BitReader.h	llvm-kain/include/c-api/BitReader.h	4891	include	move
llvm/include/llvm-c/BitWriter.h	llvm-kain/include/c-api/BitWriter.h	2441	include	move
llvm/include/llvm-c/blake3.h	llvm-kain/include/c-api/blake3.h	3726	include	move
llvm/include/llvm-c/Comdat.h	llvm-kain/include/c-api/Comdat.h	2903	include	move
llvm/include/llvm-c/Core.h	llvm-kain/include/c-api/Core.h	181049	include	move
llvm/include/llvm-c/DataTypes.h	llvm-kain/include/c-api/DataTypes.h	2956	include	move
llvm/include/llvm-c/DebugInfo.h	llvm-kain/include/c-api/DebugInfo.h	63099	include	move
llvm/include/llvm-c/Deprecated.h	llvm-kain/include/c-api/Deprecated.h	1750	include	move
llvm/include/llvm-c/Disassembler.h	llvm-kain/include/c-api/Disassembler.h	4971	include	move
llvm/include/llvm-c/DisassemblerTypes.h	llvm-kain/include/c-api/DisassemblerTypes.h	7864	include	move
llvm/include/llvm-c/Error.h	llvm-kain/include/c-api/Error.h	2876	include	move
llvm/include/llvm-c/ErrorHandling.h	llvm-kain/include/c-api/ErrorHandling.h	2071	include	move
llvm/include/llvm-c/ExecutionEngine.h	llvm-kain/include/c-api/ExecutionEngine.h	9394	include	move
llvm/include/llvm-c/ExternC.h	llvm-kain/include/c-api/ExternC.h	1945	include	move
llvm/include/llvm-c/IRReader.h	llvm-kain/include/c-api/IRReader.h	2638	include	move
llvm/include/llvm-c/Linker.h	llvm-kain/include/c-api/Linker.h	1874	include	move
llvm/include/llvm-c/LLJIT.h	llvm-kain/include/c-api/LLJIT.h	9999	include	move
llvm/include/llvm-c/LLJITUtils.h	llvm-kain/include/c-api/LLJITUtils.h	2496	include	move
llvm/include/llvm-c/lto.h	llvm-kain/include/c-api/lto.h	31752	include	move
llvm/include/llvm-c/Object.h	llvm-kain/include/c-api/Object.h	9752	include	move
llvm/include/llvm-c/Orc.h	llvm-kain/include/c-api/Orc.h	49779	include	move
llvm/include/llvm-c/OrcEE.h	llvm-kain/include/c-api/OrcEE.h	5272	include	move
llvm/include/llvm-c/Remarks.h	llvm-kain/include/c-api/Remarks.h	9777	include	move
llvm/include/llvm-c/Support.h	llvm-kain/include/c-api/Support.h	2619	include	move
llvm/include/llvm-c/Target.h	llvm-kain/include/c-api/Target.h	13592	include	move
llvm/include/llvm-c/TargetMachine.h	llvm-kain/include/c-api/TargetMachine.h	10228	include	move
llvm/include/llvm-c/Types.h	llvm-kain/include/c-api/Types.h	4742	include	move
llvm/include/llvm-c/Visibility.h	llvm-kain/include/c-api/Visibility.h	2038	include	move
llvm/include/llvm-c/Transforms/PassBuilder.h	llvm-kain/include/c-api/Transforms/PassBuilder.h	5577	include	move
llvm/lib/CMakeLists.txt	(keep-in-place)	2282	llvm-core	keep-in-place
llvm/lib/Analysis/AliasAnalysis.cpp	llvm-kain/src/core/analysis/AliasAnalysis.cpp	37380	llvm-core	move
llvm/lib/Analysis/AliasAnalysisEvaluator.cpp	llvm-kain/src/core/analysis/AliasAnalysisEvaluator.cpp	12073	llvm-core	move
llvm/lib/Analysis/AliasSetTracker.cpp	llvm-kain/src/core/analysis/AliasSetTracker.cpp	19544	llvm-core	move
llvm/lib/Analysis/Analysis.cpp	llvm-kain/src/core/analysis/Analysis.cpp	5030	llvm-core	move
llvm/lib/Analysis/AssumeBundleQueries.cpp	llvm-kain/src/core/analysis/AssumeBundleQueries.cpp	7396	llvm-core	move
llvm/lib/Analysis/AssumptionCache.cpp	llvm-kain/src/core/analysis/AssumptionCache.cpp	12414	llvm-core	move
llvm/lib/Analysis/BasicAliasAnalysis.cpp	llvm-kain/src/core/analysis/BasicAliasAnalysis.cpp	84182	llvm-core	move
llvm/lib/Analysis/BlockFrequencyInfo.cpp	llvm-kain/src/core/analysis/BlockFrequencyInfo.cpp	12840	llvm-core	move
llvm/lib/Analysis/BlockFrequencyInfoImpl.cpp	llvm-kain/src/core/analysis/BlockFrequencyInfoImpl.cpp	29277	llvm-core	move
llvm/lib/Analysis/BranchProbabilityInfo.cpp	llvm-kain/src/core/analysis/BranchProbabilityInfo.cpp	60138	llvm-core	move
llvm/lib/Analysis/CallGraph.cpp	llvm-kain/src/core/analysis/CallGraph.cpp	11426	llvm-core	move
llvm/lib/Analysis/CallGraphSCCPass.cpp	llvm-kain/src/core/analysis/CallGraphSCCPass.cpp	26337	llvm-core	move
llvm/lib/Analysis/CallPrinter.cpp	llvm-kain/src/core/analysis/CallPrinter.cpp	10966	llvm-core	move
llvm/lib/Analysis/CaptureTracking.cpp	llvm-kain/src/core/analysis/CaptureTracking.cpp	17154	llvm-core	move
llvm/lib/Analysis/CFG.cpp	llvm-kain/src/core/analysis/CFG.cpp	15380	llvm-core	move
llvm/lib/Analysis/CFGPrinter.cpp	llvm-kain/src/core/analysis/CFGPrinter.cpp	10548	llvm-core	move
llvm/lib/Analysis/CFGSCCPrinter.cpp	llvm-kain/src/core/analysis/CFGSCCPrinter.cpp	1174	llvm-core	move
llvm/lib/Analysis/CGSCCPassManager.cpp	llvm-kain/src/core/analysis/CGSCCPassManager.cpp	49635	llvm-core	move
llvm/lib/Analysis/CMakeLists.txt	llvm-kain/src/core/analysis/CMakeLists.txt	4897	llvm-core	move
llvm/lib/Analysis/CmpInstAnalysis.cpp	llvm-kain/src/core/analysis/CmpInstAnalysis.cpp	7434	llvm-core	move
llvm/lib/Analysis/CodeMetrics.cpp	llvm-kain/src/core/analysis/CodeMetrics.cpp	8876	llvm-core	move
llvm/lib/Analysis/ConstantFolding.cpp	llvm-kain/src/core/analysis/ConstantFolding.cpp	180077	llvm-core	move
llvm/lib/Analysis/ConstraintSystem.cpp	llvm-kain/src/core/analysis/ConstraintSystem.cpp	7609	llvm-core	move
llvm/lib/Analysis/CostModel.cpp	llvm-kain/src/core/analysis/CostModel.cpp	5264	llvm-core	move
llvm/lib/Analysis/CtxProfAnalysis.cpp	llvm-kain/src/core/analysis/CtxProfAnalysis.cpp	27437	llvm-core	move
llvm/lib/Analysis/CycleAnalysis.cpp	llvm-kain/src/core/analysis/CycleAnalysis.cpp	2950	llvm-core	move
llvm/lib/Analysis/DDG.cpp	llvm-kain/src/core/analysis/DDG.cpp	11443	llvm-core	move
llvm/lib/Analysis/DDGPrinter.cpp	llvm-kain/src/core/analysis/DDGPrinter.cpp	6468	llvm-core	move
llvm/lib/Analysis/Delinearization.cpp	llvm-kain/src/core/analysis/Delinearization.cpp	28786	llvm-core	move
llvm/lib/Analysis/DemandedBits.cpp	llvm-kain/src/core/analysis/DemandedBits.cpp	23325	llvm-core	move
llvm/lib/Analysis/DependenceAnalysis.cpp	llvm-kain/src/core/analysis/DependenceAnalysis.cpp	114104	llvm-core	move
llvm/lib/Analysis/DependenceGraphBuilder.cpp	llvm-kain/src/core/analysis/DependenceGraphBuilder.cpp	19514	llvm-core	move
llvm/lib/Analysis/DevelopmentModeInlineAdvisor.cpp	llvm-kain/src/core/analysis/DevelopmentModeInlineAdvisor.cpp	13378	llvm-core	move
llvm/lib/Analysis/DomConditionCache.cpp	llvm-kain/src/core/analysis/DomConditionCache.cpp	1015	llvm-core	move
llvm/lib/Analysis/DominanceFrontier.cpp	llvm-kain/src/core/analysis/DominanceFrontier.cpp	3141	llvm-core	move
llvm/lib/Analysis/DomPrinter.cpp	llvm-kain/src/core/analysis/DomPrinter.cpp	8314	llvm-core	move
llvm/lib/Analysis/DomTreeUpdater.cpp	llvm-kain/src/core/analysis/DomTreeUpdater.cpp	4127	llvm-core	move
llvm/lib/Analysis/DXILMetadataAnalysis.cpp	llvm-kain/src/core/analysis/DXILMetadataAnalysis.cpp	7938	llvm-core	move
llvm/lib/Analysis/DXILResource.cpp	llvm-kain/src/core/analysis/DXILResource.cpp	40742	llvm-core	move
llvm/lib/Analysis/EphemeralValuesCache.cpp	llvm-kain/src/core/analysis/EphemeralValuesCache.cpp	905	llvm-core	move
llvm/lib/Analysis/FloatingPointPredicateUtils.cpp	llvm-kain/src/core/analysis/FloatingPointPredicateUtils.cpp	1262	llvm-core	move
llvm/lib/Analysis/FunctionPropertiesAnalysis.cpp	llvm-kain/src/core/analysis/FunctionPropertiesAnalysis.cpp	25154	llvm-core	move
llvm/lib/Analysis/GlobalsModRef.cpp	llvm-kain/src/core/analysis/GlobalsModRef.cpp	43072	llvm-core	move
llvm/lib/Analysis/GuardUtils.cpp	llvm-kain/src/core/analysis/GuardUtils.cpp	5308	llvm-core	move
llvm/lib/Analysis/HashRecognize.cpp	llvm-kain/src/core/analysis/HashRecognize.cpp	22360	llvm-core	move
llvm/lib/Analysis/HeatUtils.cpp	llvm-kain/src/core/analysis/HeatUtils.cpp	2949	llvm-core	move
llvm/lib/Analysis/ImportedFunctionsInliningStatistics.cpp	llvm-kain/src/core/analysis/ImportedFunctionsInliningStatistics.cpp	8396	llvm-core	move
llvm/lib/Analysis/IndirectCallPromotionAnalysis.cpp	llvm-kain/src/core/analysis/IndirectCallPromotionAnalysis.cpp	4700	llvm-core	move
llvm/lib/Analysis/InlineAdvisor.cpp	llvm-kain/src/core/analysis/InlineAdvisor.cpp	26412	llvm-core	move
llvm/lib/Analysis/InlineCost.cpp	llvm-kain/src/core/analysis/InlineCost.cpp	135627	llvm-core	move
llvm/lib/Analysis/InlineOrder.cpp	llvm-kain/src/core/analysis/InlineOrder.cpp	11527	llvm-core	move
llvm/lib/Analysis/InstCount.cpp	llvm-kain/src/core/analysis/InstCount.cpp	4156	llvm-core	move
llvm/lib/Analysis/InstructionPrecedenceTracking.cpp	llvm-kain/src/core/analysis/InstructionPrecedenceTracking.cpp	5008	llvm-core	move
llvm/lib/Analysis/InstructionSimplify.cpp	llvm-kain/src/core/analysis/InstructionSimplify.cpp	299492	llvm-core	move
llvm/lib/Analysis/InteractiveModelRunner.cpp	llvm-kain/src/core/analysis/InteractiveModelRunner.cpp	3173	llvm-core	move
llvm/lib/Analysis/IR2Vec.cpp	llvm-kain/src/core/analysis/IR2Vec.cpp	26765	llvm-core	move
llvm/lib/Analysis/IRSimilarityIdentifier.cpp	llvm-kain/src/core/analysis/IRSimilarityIdentifier.cpp	60668	llvm-core	move
llvm/lib/Analysis/IVDescriptors.cpp	llvm-kain/src/core/analysis/IVDescriptors.cpp	65908	llvm-core	move
llvm/lib/Analysis/IVUsers.cpp	llvm-kain/src/core/analysis/IVUsers.cpp	14322	llvm-core	move
llvm/lib/Analysis/KernelInfo.cpp	llvm-kain/src/core/analysis/KernelInfo.cpp	11446	llvm-core	move
llvm/lib/Analysis/LastRunTrackingAnalysis.cpp	llvm-kain/src/core/analysis/LastRunTrackingAnalysis.cpp	1739	llvm-core	move
llvm/lib/Analysis/LazyBlockFrequencyInfo.cpp	llvm-kain/src/core/analysis/LazyBlockFrequencyInfo.cpp	2842	llvm-core	move
llvm/lib/Analysis/LazyBranchProbabilityInfo.cpp	llvm-kain/src/core/analysis/LazyBranchProbabilityInfo.cpp	3013	llvm-core	move
llvm/lib/Analysis/LazyCallGraph.cpp	llvm-kain/src/core/analysis/LazyCallGraph.cpp	76418	llvm-core	move
llvm/lib/Analysis/LazyValueInfo.cpp	llvm-kain/src/core/analysis/LazyValueInfo.cpp	91511	llvm-core	move
llvm/lib/Analysis/Lint.cpp	llvm-kain/src/core/analysis/Lint.cpp	30706	llvm-core	move
llvm/lib/Analysis/Loads.cpp	llvm-kain/src/core/analysis/Loads.cpp	39066	llvm-core	move
llvm/lib/Analysis/Local.cpp	llvm-kain/src/core/analysis/Local.cpp	2965	llvm-core	move
llvm/lib/Analysis/LoopAccessAnalysis.cpp	llvm-kain/src/core/analysis/LoopAccessAnalysis.cpp	132333	llvm-core	move
llvm/lib/Analysis/LoopAnalysisManager.cpp	llvm-kain/src/core/analysis/LoopAnalysisManager.cpp	6571	llvm-core	move
llvm/lib/Analysis/LoopCacheAnalysis.cpp	llvm-kain/src/core/analysis/LoopCacheAnalysis.cpp	27608	llvm-core	move
llvm/lib/Analysis/LoopInfo.cpp	llvm-kain/src/core/analysis/LoopInfo.cpp	44259	llvm-core	move
llvm/lib/Analysis/LoopNestAnalysis.cpp	llvm-kain/src/core/analysis/LoopNestAnalysis.cpp	17411	llvm-core	move
llvm/lib/Analysis/LoopPass.cpp	llvm-kain/src/core/analysis/LoopPass.cpp	13422	llvm-core	move
llvm/lib/Analysis/LoopUnrollAnalyzer.cpp	llvm-kain/src/core/analysis/LoopUnrollAnalyzer.cpp	7118	llvm-core	move
llvm/lib/Analysis/MemDerefPrinter.cpp	llvm-kain/src/core/analysis/MemDerefPrinter.cpp	1638	llvm-core	move
llvm/lib/Analysis/MemoryBuiltins.cpp	llvm-kain/src/core/analysis/MemoryBuiltins.cpp	59678	llvm-core	move
llvm/lib/Analysis/MemoryDependenceAnalysis.cpp	llvm-kain/src/core/analysis/MemoryDependenceAnalysis.cpp	72713	llvm-core	move
llvm/lib/Analysis/MemoryLocation.cpp	llvm-kain/src/core/analysis/MemoryLocation.cpp	16003	llvm-core	move
llvm/lib/Analysis/MemoryProfileInfo.cpp	llvm-kain/src/core/analysis/MemoryProfileInfo.cpp	28163	llvm-core	move
llvm/lib/Analysis/MemorySSA.cpp	llvm-kain/src/core/analysis/MemorySSA.cpp	99649	llvm-core	move
llvm/lib/Analysis/MemorySSAUpdater.cpp	llvm-kain/src/core/analysis/MemorySSAUpdater.cpp	58647	llvm-core	move
llvm/lib/Analysis/MLInlineAdvisor.cpp	llvm-kain/src/core/analysis/MLInlineAdvisor.cpp	25493	llvm-core	move
llvm/lib/Analysis/ModelUnderTrainingRunner.cpp	llvm-kain/src/core/analysis/ModelUnderTrainingRunner.cpp	6278	llvm-core	move
llvm/lib/Analysis/ModuleDebugInfoPrinter.cpp	llvm-kain/src/core/analysis/ModuleDebugInfoPrinter.cpp	4662	llvm-core	move
llvm/lib/Analysis/ModuleSummaryAnalysis.cpp	llvm-kain/src/core/analysis/ModuleSummaryAnalysis.cpp	55378	llvm-core	move
llvm/lib/Analysis/MustExecute.cpp	llvm-kain/src/core/analysis/MustExecute.cpp	30216	llvm-core	move
llvm/lib/Analysis/NoInferenceModelRunner.cpp	llvm-kain/src/core/analysis/NoInferenceModelRunner.cpp	968	llvm-core	move
llvm/lib/Analysis/ObjCARCAliasAnalysis.cpp	llvm-kain/src/core/analysis/ObjCARCAliasAnalysis.cpp	5711	llvm-core	move
llvm/lib/Analysis/ObjCARCAnalysisUtils.cpp	llvm-kain/src/core/analysis/ObjCARCAnalysisUtils.cpp	1743	llvm-core	move
llvm/lib/Analysis/ObjCARCInstKind.cpp	llvm-kain/src/core/analysis/ObjCARCInstKind.cpp	23773	llvm-core	move
llvm/lib/Analysis/OptimizationRemarkEmitter.cpp	llvm-kain/src/core/analysis/OptimizationRemarkEmitter.cpp	5267	llvm-core	move
llvm/lib/Analysis/OverflowInstAnalysis.cpp	llvm-kain/src/core/analysis/OverflowInstAnalysis.cpp	2362	llvm-core	move
llvm/lib/Analysis/PHITransAddr.cpp	llvm-kain/src/core/analysis/PHITransAddr.cpp	17591	llvm-core	move
llvm/lib/Analysis/PhiValues.cpp	llvm-kain/src/core/analysis/PhiValues.cpp	8506	llvm-core	move
llvm/lib/Analysis/PostDominators.cpp	llvm-kain/src/core/analysis/PostDominators.cpp	3595	llvm-core	move
llvm/lib/Analysis/ProfileSummaryInfo.cpp	llvm-kain/src/core/analysis/ProfileSummaryInfo.cpp	10655	llvm-core	move
llvm/lib/Analysis/PtrUseVisitor.cpp	llvm-kain/src/core/analysis/PtrUseVisitor.cpp	1280	llvm-core	move
llvm/lib/Analysis/RegionInfo.cpp	llvm-kain/src/core/analysis/RegionInfo.cpp	6631	llvm-core	move
llvm/lib/Analysis/RegionPass.cpp	llvm-kain/src/core/analysis/RegionPass.cpp	9366	llvm-core	move
llvm/lib/Analysis/RegionPrinter.cpp	llvm-kain/src/core/analysis/RegionPrinter.cpp	8351	llvm-core	move
llvm/lib/Analysis/ReplayInlineAdvisor.cpp	llvm-kain/src/core/analysis/ReplayInlineAdvisor.cpp	5989	llvm-core	move
llvm/lib/Analysis/RuntimeLibcallInfo.cpp	llvm-kain/src/core/analysis/RuntimeLibcallInfo.cpp	2391	llvm-core	move
llvm/lib/Analysis/ScalarEvolution.cpp	llvm-kain/src/core/analysis/ScalarEvolution.cpp	641752	llvm-core	move
llvm/lib/Analysis/ScalarEvolutionAliasAnalysis.cpp	llvm-kain/src/core/analysis/ScalarEvolutionAliasAnalysis.cpp	7569	llvm-core	move
llvm/lib/Analysis/ScalarEvolutionDivision.cpp	llvm-kain/src/core/analysis/ScalarEvolutionDivision.cpp	8854	llvm-core	move
llvm/lib/Analysis/ScalarEvolutionNormalization.cpp	llvm-kain/src/core/analysis/ScalarEvolutionNormalization.cpp	5123	llvm-core	move
llvm/lib/Analysis/ScopedNoAliasAA.cpp	llvm-kain/src/core/analysis/ScopedNoAliasAA.cpp	7676	llvm-core	move
llvm/lib/Analysis/StackLifetime.cpp	llvm-kain/src/core/analysis/StackLifetime.cpp	13085	llvm-core	move
llvm/lib/Analysis/StackSafetyAnalysis.cpp	llvm-kain/src/core/analysis/StackSafetyAnalysis.cpp	41590	llvm-core	move
llvm/lib/Analysis/StaticDataProfileInfo.cpp	llvm-kain/src/core/analysis/StaticDataProfileInfo.cpp	8383	llvm-core	move
llvm/lib/Analysis/StructuralHash.cpp	llvm-kain/src/core/analysis/StructuralHash.cpp	2103	llvm-core	move
llvm/lib/Analysis/SyntheticCountsUtils.cpp	llvm-kain/src/core/analysis/SyntheticCountsUtils.cpp	3758	llvm-core	move
llvm/lib/Analysis/TargetLibraryInfo.cpp	llvm-kain/src/core/analysis/TargetLibraryInfo.cpp	56739	llvm-core	move
llvm/lib/Analysis/TargetTransformInfo.cpp	llvm-kain/src/core/analysis/TargetTransformInfo.cpp	60863	llvm-core	move
llvm/lib/Analysis/TensorSpec.cpp	llvm-kain/src/core/analysis/TensorSpec.cpp	4675	llvm-core	move
llvm/lib/Analysis/TFLiteUtils.cpp	llvm-kain/src/core/analysis/TFLiteUtils.cpp	8507	llvm-core	move
llvm/lib/Analysis/Trace.cpp	llvm-kain/src/core/analysis/Trace.cpp	1843	llvm-core	move
llvm/lib/Analysis/TrainingLogger.cpp	llvm-kain/src/core/analysis/TrainingLogger.cpp	2694	llvm-core	move
llvm/lib/Analysis/TypeBasedAliasAnalysis.cpp	llvm-kain/src/core/analysis/TypeBasedAliasAnalysis.cpp	29511	llvm-core	move
llvm/lib/Analysis/TypeMetadataUtils.cpp	llvm-kain/src/core/analysis/TypeMetadataUtils.cpp	9737	llvm-core	move
llvm/lib/Analysis/UniformityAnalysis.cpp	llvm-kain/src/core/analysis/UniformityAnalysis.cpp	8169	llvm-core	move
llvm/lib/Analysis/ValueLattice.cpp	llvm-kain/src/core/analysis/ValueLattice.cpp	5022	llvm-core	move
llvm/lib/Analysis/ValueLatticeUtils.cpp	llvm-kain/src/core/analysis/ValueLatticeUtils.cpp	1738	llvm-core	move
llvm/lib/Analysis/ValueTracking.cpp	llvm-kain/src/core/analysis/ValueTracking.cpp	401419	llvm-core	move
llvm/lib/Analysis/VectorUtils.cpp	llvm-kain/src/core/analysis/VectorUtils.cpp	62853	llvm-core	move
llvm/lib/AsmParser/AsmParserContext.cpp	llvm-kain/src/core/ir/AsmParserContext.cpp	3627	llvm-core	move
llvm/lib/AsmParser/CMakeLists.txt	llvm-kain/src/core/ir/CMakeLists.txt	284	llvm-core	move
llvm/lib/AsmParser/LLLexer.cpp	llvm-kain/src/core/ir/LLLexer.cpp	42250	llvm-core	move
llvm/lib/AsmParser/LLParser.cpp	llvm-kain/src/core/ir/LLParser.cpp	388673	llvm-core	move
llvm/lib/AsmParser/Parser.cpp	llvm-kain/src/core/ir/Parser.cpp	10279	llvm-core	move
llvm/lib/BinaryFormat/AMDGPUMetadataVerifier.cpp	llvm-kain/src/core/support/AMDGPUMetadataVerifier.cpp	13172	llvm-core	move
llvm/lib/BinaryFormat/CMakeLists.txt	llvm-kain/src/core/support/CMakeLists.txt	391	llvm-core	move
llvm/lib/BinaryFormat/COFF.cpp	llvm-kain/src/core/support/COFF.cpp	2039	llvm-core	move
llvm/lib/BinaryFormat/Dwarf.cpp	llvm-kain/src/core/support/Dwarf.cpp	33677	llvm-core	move
llvm/lib/BinaryFormat/DXContainer.cpp	llvm-kain/src/core/support/DXContainer.cpp	11107	llvm-core	move
llvm/lib/BinaryFormat/ELF.cpp	llvm-kain/src/core/support/ELF.cpp	17140	llvm-core	move
llvm/lib/BinaryFormat/MachO.cpp	llvm-kain/src/core/support/MachO.cpp	4745	llvm-core	move
llvm/lib/BinaryFormat/Magic.cpp	llvm-kain/src/core/support/Magic.cpp	9013	llvm-core	move
llvm/lib/BinaryFormat/MsgPackDocument.cpp	llvm-kain/src/core/support/MsgPackDocument.cpp	13209	llvm-core	move
llvm/lib/BinaryFormat/MsgPackDocumentYAML.cpp	llvm-kain/src/core/support/MsgPackDocumentYAML.cpp	7783	llvm-core	move
llvm/lib/BinaryFormat/MsgPackReader.cpp	llvm-kain/src/core/support/MsgPackReader.cpp	8055	llvm-core	move
llvm/lib/BinaryFormat/MsgPackWriter.cpp	llvm-kain/src/core/support/MsgPackWriter.cpp	5058	llvm-core	move
llvm/lib/BinaryFormat/SFrame.cpp	llvm-kain/src/core/support/SFrame.cpp	2732	llvm-core	move
llvm/lib/BinaryFormat/Wasm.cpp	llvm-kain/src/core/support/Wasm.cpp	2614	llvm-core	move
llvm/lib/BinaryFormat/XCOFF.cpp	llvm-kain/src/core/support/XCOFF.cpp	10102	llvm-core	move
llvm/lib/Bitcode/CMakeLists.txt	llvm-kain/src/core/ir/CMakeLists.txt	50	llvm-core	move
llvm/lib/Bitcode/Reader/BitcodeAnalyzer.cpp	llvm-kain/src/core/ir/Reader/BitcodeAnalyzer.cpp	35380	llvm-core	move
llvm/lib/Bitcode/Reader/BitcodeReader.cpp	llvm-kain/src/core/ir/Reader/BitcodeReader.cpp	335558	llvm-core	move
llvm/lib/Bitcode/Reader/BitReader.cpp	llvm-kain/src/core/ir/Reader/BitReader.cpp	4937	llvm-core	move
llvm/lib/Bitcode/Reader/CMakeLists.txt	llvm-kain/src/core/ir/Reader/CMakeLists.txt	303	llvm-core	move
llvm/lib/Bitcode/Reader/MetadataLoader.cpp	llvm-kain/src/core/ir/Reader/MetadataLoader.cpp	100436	llvm-core	move
llvm/lib/Bitcode/Reader/MetadataLoader.h	llvm-kain/src/core/ir/Reader/MetadataLoader.h	3068	llvm-core	move
llvm/lib/Bitcode/Reader/ValueList.cpp	llvm-kain/src/core/ir/Reader/ValueList.cpp	2465	llvm-core	move
llvm/lib/Bitcode/Reader/ValueList.h	llvm-kain/src/core/ir/Reader/ValueList.h	2679	llvm-core	move
llvm/lib/Bitstream/CMakeLists.txt	llvm-kain/src/core/ir/CMakeLists.txt	54	llvm-core	move
llvm/lib/Bitstream/Reader/BitstreamReader.cpp	llvm-kain/src/core/ir/Reader/BitstreamReader.cpp	17095	llvm-core	move
llvm/lib/Bitstream/Reader/CMakeLists.txt	llvm-kain/src/core/ir/Reader/CMakeLists.txt	210	llvm-core	move
llvm/lib/CodeGen/AggressiveAntiDepBreaker.cpp	llvm-kain/src/target/shared/codegen/AggressiveAntiDepBreaker.cpp	36100	llvm-target	move
llvm/lib/CodeGen/AggressiveAntiDepBreaker.h	llvm-kain/src/target/shared/codegen/AggressiveAntiDepBreaker.h	7239	llvm-target	move
llvm/lib/CodeGen/AllocationOrder.cpp	llvm-kain/src/target/shared/codegen/AllocationOrder.cpp	2004	llvm-target	move
llvm/lib/CodeGen/AllocationOrder.h	llvm-kain/src/target/shared/codegen/AllocationOrder.h	4418	llvm-target	move
llvm/lib/CodeGen/Analysis.cpp	llvm-kain/src/target/shared/codegen/Analysis.cpp	33724	llvm-target	move
llvm/lib/CodeGen/AssignmentTrackingAnalysis.cpp	llvm-kain/src/target/shared/codegen/AssignmentTrackingAnalysis.cpp	119436	llvm-target	move
llvm/lib/CodeGen/AtomicExpandPass.cpp	llvm-kain/src/target/shared/codegen/AtomicExpandPass.cpp	90307	llvm-target	move
llvm/lib/CodeGen/BasicBlockMatchingAndInference.cpp	llvm-kain/src/target/shared/codegen/BasicBlockMatchingAndInference.cpp	7514	llvm-target	move
llvm/lib/CodeGen/BasicBlockPathCloning.cpp	llvm-kain/src/target/shared/codegen/BasicBlockPathCloning.cpp	10248	llvm-target	move
llvm/lib/CodeGen/BasicBlockSections.cpp	llvm-kain/src/target/shared/codegen/BasicBlockSections.cpp	20162	llvm-target	move
llvm/lib/CodeGen/BasicBlockSectionsProfileReader.cpp	llvm-kain/src/target/shared/codegen/BasicBlockSectionsProfileReader.cpp	28157	llvm-target	move
llvm/lib/CodeGen/BasicTargetTransformInfo.cpp	llvm-kain/src/target/shared/codegen/BasicTargetTransformInfo.cpp	1554	llvm-target	move
llvm/lib/CodeGen/BranchFolding.cpp	llvm-kain/src/target/shared/codegen/BranchFolding.cpp	85589	llvm-target	move
llvm/lib/CodeGen/BranchFolding.h	llvm-kain/src/target/shared/codegen/BranchFolding.h	7727	llvm-target	move
llvm/lib/CodeGen/BranchRelaxation.cpp	llvm-kain/src/target/shared/codegen/BranchRelaxation.cpp	29654	llvm-target	move
llvm/lib/CodeGen/BreakFalseDeps.cpp	llvm-kain/src/target/shared/codegen/BreakFalseDeps.cpp	11584	llvm-target	move
llvm/lib/CodeGen/CalcSpillWeights.cpp	llvm-kain/src/target/shared/codegen/CalcSpillWeights.cpp	13885	llvm-target	move
llvm/lib/CodeGen/CallingConvLower.cpp	llvm-kain/src/target/shared/codegen/CallingConvLower.cpp	11195	llvm-target	move
llvm/lib/CodeGen/CFGuardLongjmp.cpp	llvm-kain/src/target/shared/codegen/CFGuardLongjmp.cpp	3817	llvm-target	move
llvm/lib/CodeGen/CFIFixup.cpp	llvm-kain/src/target/shared/codegen/CFIFixup.cpp	14497	llvm-target	move
llvm/lib/CodeGen/CFIInstrInserter.cpp	llvm-kain/src/target/shared/codegen/CFIInstrInserter.cpp	21016	llvm-target	move
llvm/lib/CodeGen/CMakeLists.txt	llvm-kain/src/target/shared/codegen/CMakeLists.txt	7114	llvm-target	move
llvm/lib/CodeGen/CodeGen.cpp	llvm-kain/src/target/shared/codegen/CodeGen.cpp	8289	llvm-target	move
llvm/lib/CodeGen/CodeGenCommonISel.cpp	llvm-kain/src/target/shared/codegen/CodeGenCommonISel.cpp	10635	llvm-target	move
llvm/lib/CodeGen/CodeGenPrepare.cpp	llvm-kain/src/target/shared/codegen/CodeGenPrepare.cpp	362918	llvm-target	move
llvm/lib/CodeGen/CodeGenTargetMachineImpl.cpp	llvm-kain/src/target/shared/codegen/CodeGenTargetMachineImpl.cpp	12320	llvm-target	move
llvm/lib/CodeGen/CommandFlags.cpp	llvm-kain/src/target/shared/codegen/CommandFlags.cpp	34749	llvm-target	move
llvm/lib/CodeGen/ComplexDeinterleavingPass.cpp	llvm-kain/src/target/shared/codegen/ComplexDeinterleavingPass.cpp	88206	llvm-target	move
llvm/lib/CodeGen/CriticalAntiDepBreaker.cpp	llvm-kain/src/target/shared/codegen/CriticalAntiDepBreaker.cpp	28126	llvm-target	move
llvm/lib/CodeGen/CriticalAntiDepBreaker.h	llvm-kain/src/target/shared/codegen/CriticalAntiDepBreaker.h	4203	llvm-target	move
llvm/lib/CodeGen/DeadMachineInstructionElim.cpp	llvm-kain/src/target/shared/codegen/DeadMachineInstructionElim.cpp	4369	llvm-target	move
llvm/lib/CodeGen/DetectDeadLanes.cpp	llvm-kain/src/target/shared/codegen/DetectDeadLanes.cpp	19793	llvm-target	move
llvm/lib/CodeGen/DFAPacketizer.cpp	llvm-kain/src/target/shared/codegen/DFAPacketizer.cpp	10427	llvm-target	move
llvm/lib/CodeGen/DroppedVariableStatsMIR.cpp	llvm-kain/src/target/shared/codegen/DroppedVariableStatsMIR.cpp	3345	llvm-target	move
llvm/lib/CodeGen/DwarfEHPrepare.cpp	llvm-kain/src/target/shared/codegen/DwarfEHPrepare.cpp	14854	llvm-target	move
llvm/lib/CodeGen/EarlyIfConversion.cpp	llvm-kain/src/target/shared/codegen/EarlyIfConversion.cpp	54623	llvm-target	move
llvm/lib/CodeGen/EdgeBundles.cpp	llvm-kain/src/target/shared/codegen/EdgeBundles.cpp	3973	llvm-target	move
llvm/lib/CodeGen/EHContGuardTargets.cpp	llvm-kain/src/target/shared/codegen/EHContGuardTargets.cpp	2514	llvm-target	move
llvm/lib/CodeGen/ExecutionDomainFix.cpp	llvm-kain/src/target/shared/codegen/ExecutionDomainFix.cpp	15051	llvm-target	move
llvm/lib/CodeGen/ExpandIRInsts.cpp	llvm-kain/src/target/shared/codegen/ExpandIRInsts.cpp	59513	llvm-target	move
llvm/lib/CodeGen/ExpandPostRAPseudos.cpp	llvm-kain/src/target/shared/codegen/ExpandPostRAPseudos.cpp	5433	llvm-target	move
llvm/lib/CodeGen/ExpandReductions.cpp	llvm-kain/src/target/shared/codegen/ExpandReductions.cpp	7931	llvm-target	move
llvm/lib/CodeGen/ExpandVectorPredication.cpp	llvm-kain/src/target/shared/codegen/ExpandVectorPredication.cpp	25792	llvm-target	move
llvm/lib/CodeGen/FaultMaps.cpp	llvm-kain/src/target/shared/codegen/FaultMaps.cpp	3492	llvm-target	move
llvm/lib/CodeGen/FEntryInserter.cpp	llvm-kain/src/target/shared/codegen/FEntryInserter.cpp	2146	llvm-target	move
llvm/lib/CodeGen/FinalizeISel.cpp	llvm-kain/src/target/shared/codegen/FinalizeISel.cpp	3621	llvm-target	move
llvm/lib/CodeGen/FixupStatepointCallerSaved.cpp	llvm-kain/src/target/shared/codegen/FixupStatepointCallerSaved.cpp	23144	llvm-target	move
llvm/lib/CodeGen/FuncletLayout.cpp	llvm-kain/src/target/shared/codegen/FuncletLayout.cpp	2148	llvm-target	move
llvm/lib/CodeGen/GCEmptyBasicBlocks.cpp	llvm-kain/src/target/shared/codegen/GCEmptyBasicBlocks.cpp	3956	llvm-target	move
llvm/lib/CodeGen/GCMetadata.cpp	llvm-kain/src/target/shared/codegen/GCMetadata.cpp	4120	llvm-target	move
llvm/lib/CodeGen/GCMetadataPrinter.cpp	llvm-kain/src/target/shared/codegen/GCMetadataPrinter.cpp	748	llvm-target	move
llvm/lib/CodeGen/GCRootLowering.cpp	llvm-kain/src/target/shared/codegen/GCRootLowering.cpp	12081	llvm-target	move
llvm/lib/CodeGen/GlobalMerge.cpp	llvm-kain/src/target/shared/codegen/GlobalMerge.cpp	29665	llvm-target	move
llvm/lib/CodeGen/GlobalMergeFunctions.cpp	llvm-kain/src/target/shared/codegen/GlobalMergeFunctions.cpp	22330	llvm-target	move
llvm/lib/CodeGen/HardwareLoops.cpp	llvm-kain/src/target/shared/codegen/HardwareLoops.cpp	21840	llvm-target	move
llvm/lib/CodeGen/IfConversion.cpp	llvm-kain/src/target/shared/codegen/IfConversion.cpp	92467	llvm-target	move
llvm/lib/CodeGen/ImplicitNullChecks.cpp	llvm-kain/src/target/shared/codegen/ImplicitNullChecks.cpp	29520	llvm-target	move
llvm/lib/CodeGen/IndirectBrExpandPass.cpp	llvm-kain/src/target/shared/codegen/IndirectBrExpandPass.cpp	10382	llvm-target	move
llvm/lib/CodeGen/InitUndef.cpp	llvm-kain/src/target/shared/codegen/InitUndef.cpp	10256	llvm-target	move
llvm/lib/CodeGen/InlineAsmPrepare.cpp	llvm-kain/src/target/shared/codegen/InlineAsmPrepare.cpp	9375	llvm-target	move
llvm/lib/CodeGen/InlineSpiller.cpp	llvm-kain/src/target/shared/codegen/InlineSpiller.cpp	75776	llvm-target	move
llvm/lib/CodeGen/InsertCodePrefetch.cpp	llvm-kain/src/target/shared/codegen/InsertCodePrefetch.cpp	8332	llvm-target	move
llvm/lib/CodeGen/InterferenceCache.cpp	llvm-kain/src/target/shared/codegen/InterferenceCache.cpp	8591	llvm-target	move
llvm/lib/CodeGen/InterferenceCache.h	llvm-kain/src/target/shared/codegen/InterferenceCache.h	7557	llvm-target	move
llvm/lib/CodeGen/InterleavedAccessPass.cpp	llvm-kain/src/target/shared/codegen/InterleavedAccessPass.cpp	30594	llvm-target	move
llvm/lib/CodeGen/InterleavedLoadCombinePass.cpp	llvm-kain/src/target/shared/codegen/InterleavedLoadCombinePass.cpp	43736	llvm-target	move
llvm/lib/CodeGen/IntrinsicLowering.cpp	llvm-kain/src/target/shared/codegen/IntrinsicLowering.cpp	18084	llvm-target	move
llvm/lib/CodeGen/JMCInstrumenter.cpp	llvm-kain/src/target/shared/codegen/JMCInstrumenter.cpp	9449	llvm-target	move
llvm/lib/CodeGen/KCFI.cpp	llvm-kain/src/target/shared/codegen/KCFI.cpp	4336	llvm-target	move
llvm/lib/CodeGen/LatencyPriorityQueue.cpp	llvm-kain/src/target/shared/codegen/LatencyPriorityQueue.cpp	5578	llvm-target	move
llvm/lib/CodeGen/LazyMachineBlockFrequencyInfo.cpp	llvm-kain/src/target/shared/codegen/LazyMachineBlockFrequencyInfo.cpp	3462	llvm-target	move
llvm/lib/CodeGen/LexicalScopes.cpp	llvm-kain/src/target/shared/codegen/LexicalScopes.cpp	12663	llvm-target	move
llvm/lib/CodeGen/LibcallLoweringInfo.cpp	llvm-kain/src/target/shared/codegen/LibcallLoweringInfo.cpp	2750	llvm-target	move
llvm/lib/CodeGen/LiveDebugVariables.cpp	llvm-kain/src/target/shared/codegen/LiveDebugVariables.cpp	77162	llvm-target	move
llvm/lib/CodeGen/LiveInterval.cpp	llvm-kain/src/target/shared/codegen/LiveInterval.cpp	47645	llvm-target	move
llvm/lib/CodeGen/LiveIntervalCalc.cpp	llvm-kain/src/target/shared/codegen/LiveIntervalCalc.cpp	7463	llvm-target	move
llvm/lib/CodeGen/LiveIntervals.cpp	llvm-kain/src/target/shared/codegen/LiveIntervals.cpp	71156	llvm-target	move
llvm/lib/CodeGen/LiveIntervalUnion.cpp	llvm-kain/src/target/shared/codegen/LiveIntervalUnion.cpp	7156	llvm-target	move
llvm/lib/CodeGen/LivePhysRegs.cpp	llvm-kain/src/target/shared/codegen/LivePhysRegs.cpp	12330	llvm-target	move
llvm/lib/CodeGen/LiveRangeCalc.cpp	llvm-kain/src/target/shared/codegen/LiveRangeCalc.cpp	16351	llvm-target	move
llvm/lib/CodeGen/LiveRangeEdit.cpp	llvm-kain/src/target/shared/codegen/LiveRangeEdit.cpp	16455	llvm-target	move
llvm/lib/CodeGen/LiveRangeShrink.cpp	llvm-kain/src/target/shared/codegen/LiveRangeShrink.cpp	9558	llvm-target	move
llvm/lib/CodeGen/LiveRangeUtils.h	llvm-kain/src/target/shared/codegen/LiveRangeUtils.h	2181	llvm-target	move
llvm/lib/CodeGen/LiveRegMatrix.cpp	llvm-kain/src/target/shared/codegen/LiveRegMatrix.cpp	12561	llvm-target	move
llvm/lib/CodeGen/LiveRegUnits.cpp	llvm-kain/src/target/shared/codegen/LiveRegUnits.cpp	5521	llvm-target	move
llvm/lib/CodeGen/LiveStacks.cpp	llvm-kain/src/target/shared/codegen/LiveStacks.cpp	3748	llvm-target	move
llvm/lib/CodeGen/LiveVariables.cpp	llvm-kain/src/target/shared/codegen/LiveVariables.cpp	31614	llvm-target	move
llvm/lib/CodeGen/LocalStackSlotAllocation.cpp	llvm-kain/src/target/shared/codegen/LocalStackSlotAllocation.cpp	18498	llvm-target	move
llvm/lib/CodeGen/LoopTraversal.cpp	llvm-kain/src/target/shared/codegen/LoopTraversal.cpp	2937	llvm-target	move
llvm/lib/CodeGen/LowerEmuTLS.cpp	llvm-kain/src/target/shared/codegen/LowerEmuTLS.cpp	6123	llvm-target	move
llvm/lib/CodeGen/LowLevelTypeUtils.cpp	llvm-kain/src/target/shared/codegen/LowLevelTypeUtils.cpp	4119	llvm-target	move
llvm/lib/CodeGen/MachineBasicBlock.cpp	llvm-kain/src/target/shared/codegen/MachineBasicBlock.cpp	64297	llvm-target	move
llvm/lib/CodeGen/MachineBlockFrequencyInfo.cpp	llvm-kain/src/target/shared/codegen/MachineBlockFrequencyInfo.cpp	12232	llvm-target	move
llvm/lib/CodeGen/MachineBlockHashInfo.cpp	llvm-kain/src/target/shared/codegen/MachineBlockHashInfo.cpp	5768	llvm-target	move
llvm/lib/CodeGen/MachineBlockPlacement.cpp	llvm-kain/src/target/shared/codegen/MachineBlockPlacement.cpp	162446	llvm-target	move
llvm/lib/CodeGen/MachineBranchProbabilityInfo.cpp	llvm-kain/src/target/shared/codegen/MachineBranchProbabilityInfo.cpp	3913	llvm-target	move
llvm/lib/CodeGen/MachineCFGPrinter.cpp	llvm-kain/src/target/shared/codegen/MachineCFGPrinter.cpp	3449	llvm-target	move
llvm/lib/CodeGen/MachineCheckDebugify.cpp	llvm-kain/src/target/shared/codegen/MachineCheckDebugify.cpp	4270	llvm-target	move
llvm/lib/CodeGen/MachineCombiner.cpp	llvm-kain/src/target/shared/codegen/MachineCombiner.cpp	31423	llvm-target	move
llvm/lib/CodeGen/MachineConvergenceVerifier.cpp	llvm-kain/src/target/shared/codegen/MachineConvergenceVerifier.cpp	3143	llvm-target	move
llvm/lib/CodeGen/MachineCopyPropagation.cpp	llvm-kain/src/target/shared/codegen/MachineCopyPropagation.cpp	61567	llvm-target	move
llvm/lib/CodeGen/MachineCSE.cpp	llvm-kain/src/target/shared/codegen/MachineCSE.cpp	36128	llvm-target	move
llvm/lib/CodeGen/MachineCycleAnalysis.cpp	llvm-kain/src/target/shared/codegen/MachineCycleAnalysis.cpp	6024	llvm-target	move
llvm/lib/CodeGen/MachineDebugify.cpp	llvm-kain/src/target/shared/codegen/MachineDebugify.cpp	8319	llvm-target	move
llvm/lib/CodeGen/MachineDominanceFrontier.cpp	llvm-kain/src/target/shared/codegen/MachineDominanceFrontier.cpp	2581	llvm-target	move
llvm/lib/CodeGen/MachineDominators.cpp	llvm-kain/src/target/shared/codegen/MachineDominators.cpp	4405	llvm-target	move
llvm/lib/CodeGen/MachineDomTreeUpdater.cpp	llvm-kain/src/target/shared/codegen/MachineDomTreeUpdater.cpp	2511	llvm-target	move
llvm/lib/CodeGen/MachineFrameInfo.cpp	llvm-kain/src/target/shared/codegen/MachineFrameInfo.cpp	10346	llvm-target	move
llvm/lib/CodeGen/MachineFunction.cpp	llvm-kain/src/target/shared/codegen/MachineFunction.cpp	61056	llvm-target	move
llvm/lib/CodeGen/MachineFunctionAnalysis.cpp	llvm-kain/src/target/shared/codegen/MachineFunctionAnalysis.cpp	2138	llvm-target	move
llvm/lib/CodeGen/MachineFunctionPass.cpp	llvm-kain/src/target/shared/codegen/MachineFunctionPass.cpp	6188	llvm-target	move
llvm/lib/CodeGen/MachineFunctionPrinterPass.cpp	llvm-kain/src/target/shared/codegen/MachineFunctionPrinterPass.cpp	2400	llvm-target	move
llvm/lib/CodeGen/MachineFunctionSplitter.cpp	llvm-kain/src/target/shared/codegen/MachineFunctionSplitter.cpp	9034	llvm-target	move
llvm/lib/CodeGen/MachineIDFSSAUpdater.cpp	llvm-kain/src/target/shared/codegen/MachineIDFSSAUpdater.cpp	6858	llvm-target	move
llvm/lib/CodeGen/MachineInstr.cpp	llvm-kain/src/target/shared/codegen/MachineInstr.cpp	99280	llvm-target	move
llvm/lib/CodeGen/MachineInstrBundle.cpp	llvm-kain/src/target/shared/codegen/MachineInstrBundle.cpp	13540	llvm-target	move
llvm/lib/CodeGen/MachineLateInstrsCleanup.cpp	llvm-kain/src/target/shared/codegen/MachineLateInstrsCleanup.cpp	9806	llvm-target	move
llvm/lib/CodeGen/MachineLICM.cpp	llvm-kain/src/target/shared/codegen/MachineLICM.cpp	64944	llvm-target	move
llvm/lib/CodeGen/MachineLoopInfo.cpp	llvm-kain/src/target/shared/codegen/MachineLoopInfo.cpp	9732	llvm-target	move
llvm/lib/CodeGen/MachineLoopUtils.cpp	llvm-kain/src/target/shared/codegen/MachineLoopUtils.cpp	5375	llvm-target	move
llvm/lib/CodeGen/MachineModuleInfo.cpp	llvm-kain/src/target/shared/codegen/MachineModuleInfo.cpp	7468	llvm-target	move
llvm/lib/CodeGen/MachineModuleInfoImpls.cpp	llvm-kain/src/target/shared/codegen/MachineModuleInfoImpls.cpp	2566	llvm-target	move
llvm/lib/CodeGen/MachineModuleSlotTracker.cpp	llvm-kain/src/target/shared/codegen/MachineModuleSlotTracker.cpp	3034	llvm-target	move
llvm/lib/CodeGen/MachineOperand.cpp	llvm-kain/src/target/shared/codegen/MachineOperand.cpp	47779	llvm-target	move
llvm/lib/CodeGen/MachineOptimizationRemarkEmitter.cpp	llvm-kain/src/target/shared/codegen/MachineOptimizationRemarkEmitter.cpp	4083	llvm-target	move
llvm/lib/CodeGen/MachineOutliner.cpp	llvm-kain/src/target/shared/codegen/MachineOutliner.cpp	62095	llvm-target	move
llvm/lib/CodeGen/MachinePassManager.cpp	llvm-kain/src/target/shared/codegen/MachinePassManager.cpp	6613	llvm-target	move
llvm/lib/CodeGen/MachinePipeliner.cpp	llvm-kain/src/target/shared/codegen/MachinePipeliner.cpp	156986	llvm-target	move
llvm/lib/CodeGen/MachinePostDominators.cpp	llvm-kain/src/target/shared/codegen/MachinePostDominators.cpp	4303	llvm-target	move
llvm/lib/CodeGen/MachineRegionInfo.cpp	llvm-kain/src/target/shared/codegen/MachineRegionInfo.cpp	6273	llvm-target	move
llvm/lib/CodeGen/MachineRegisterInfo.cpp	llvm-kain/src/target/shared/codegen/MachineRegisterInfo.cpp	23807	llvm-target	move
llvm/lib/CodeGen/MachineScheduler.cpp	llvm-kain/src/target/shared/codegen/MachineScheduler.cpp	188856	llvm-target	move
llvm/lib/CodeGen/MachineSink.cpp	llvm-kain/src/target/shared/codegen/MachineSink.cpp	90485	llvm-target	move
llvm/lib/CodeGen/MachineSizeOpts.cpp	llvm-kain/src/target/shared/codegen/MachineSizeOpts.cpp	2244	llvm-target	move
llvm/lib/CodeGen/MachineSSAContext.cpp	llvm-kain/src/target/shared/codegen/MachineSSAContext.cpp	4154	llvm-target	move
llvm/lib/CodeGen/MachineSSAUpdater.cpp	llvm-kain/src/target/shared/codegen/MachineSSAUpdater.cpp	14203	llvm-target	move
llvm/lib/CodeGen/MachineStableHash.cpp	llvm-kain/src/target/shared/codegen/MachineStableHash.cpp	10176	llvm-target	move
llvm/lib/CodeGen/MachineStripDebug.cpp	llvm-kain/src/target/shared/codegen/MachineStripDebug.cpp	4874	llvm-target	move
llvm/lib/CodeGen/MachineTraceMetrics.cpp	llvm-kain/src/target/shared/codegen/MachineTraceMetrics.cpp	51929	llvm-target	move
llvm/lib/CodeGen/MachineUniformityAnalysis.cpp	llvm-kain/src/target/shared/codegen/MachineUniformityAnalysis.cpp	9694	llvm-target	move
llvm/lib/CodeGen/MachineVerifier.cpp	llvm-kain/src/target/shared/codegen/MachineVerifier.cpp	154774	llvm-target	move
llvm/lib/CodeGen/MacroFusion.cpp	llvm-kain/src/target/shared/codegen/MacroFusion.cpp	8632	llvm-target	move
llvm/lib/CodeGen/MBFIWrapper.cpp	llvm-kain/src/target/shared/codegen/MBFIWrapper.cpp	1669	llvm-target	move
llvm/lib/CodeGen/MIR2Vec.cpp	llvm-kain/src/target/shared/codegen/MIR2Vec.cpp	26229	llvm-target	move
llvm/lib/CodeGen/MIRCanonicalizerPass.cpp	llvm-kain/src/target/shared/codegen/MIRCanonicalizerPass.cpp	12333	llvm-target	move
llvm/lib/CodeGen/MIRFSDiscriminator.cpp	llvm-kain/src/target/shared/codegen/MIRFSDiscriminator.cpp	7903	llvm-target	move
llvm/lib/CodeGen/MIRNamerPass.cpp	llvm-kain/src/target/shared/codegen/MIRNamerPass.cpp	1814	llvm-target	move
llvm/lib/CodeGen/MIRPrinter.cpp	llvm-kain/src/target/shared/codegen/MIRPrinter.cpp	41722	llvm-target	move
llvm/lib/CodeGen/MIRPrintingPass.cpp	llvm-kain/src/target/shared/codegen/MIRPrintingPass.cpp	2850	llvm-target	move
llvm/lib/CodeGen/MIRSampleProfile.cpp	llvm-kain/src/target/shared/codegen/MIRSampleProfile.cpp	15196	llvm-target	move
llvm/lib/CodeGen/MIRVRegNamerUtils.cpp	llvm-kain/src/target/shared/codegen/MIRVRegNamerUtils.cpp	6630	llvm-target	move
llvm/lib/CodeGen/MIRVRegNamerUtils.h	llvm-kain/src/target/shared/codegen/MIRVRegNamerUtils.h	3331	llvm-target	move
llvm/lib/CodeGen/MIRYamlMapping.cpp	llvm-kain/src/target/shared/codegen/MIRYamlMapping.cpp	1596	llvm-target	move
llvm/lib/CodeGen/MLRegAllocEvictAdvisor.cpp	llvm-kain/src/target/shared/codegen/MLRegAllocEvictAdvisor.cpp	42538	llvm-target	move
llvm/lib/CodeGen/MLRegAllocEvictAdvisor.h	llvm-kain/src/target/shared/codegen/MLRegAllocEvictAdvisor.h	4507	llvm-target	move
llvm/lib/CodeGen/MLRegAllocPriorityAdvisor.cpp	llvm-kain/src/target/shared/codegen/MLRegAllocPriorityAdvisor.cpp	14259	llvm-target	move
llvm/lib/CodeGen/ModuloSchedule.cpp	llvm-kain/src/target/shared/codegen/ModuloSchedule.cpp	112191	llvm-target	move
llvm/lib/CodeGen/MultiHazardRecognizer.cpp	llvm-kain/src/target/shared/codegen/MultiHazardRecognizer.cpp	2745	llvm-target	move
llvm/lib/CodeGen/NonRelocatableStringpool.cpp	llvm-kain/src/target/shared/codegen/NonRelocatableStringpool.cpp	1531	llvm-target	move
llvm/lib/CodeGen/OptimizePHIs.cpp	llvm-kain/src/target/shared/codegen/OptimizePHIs.cpp	6954	llvm-target	move
llvm/lib/CodeGen/PatchableFunction.cpp	llvm-kain/src/target/shared/codegen/PatchableFunction.cpp	2915	llvm-target	move
llvm/lib/CodeGen/PeepholeOptimizer.cpp	llvm-kain/src/target/shared/codegen/PeepholeOptimizer.cpp	85464	llvm-target	move
llvm/lib/CodeGen/PHIElimination.cpp	llvm-kain/src/target/shared/codegen/PHIElimination.cpp	36170	llvm-target	move
llvm/lib/CodeGen/PHIEliminationUtils.cpp	llvm-kain/src/target/shared/codegen/PHIEliminationUtils.cpp	3267	llvm-target	move
llvm/lib/CodeGen/PHIEliminationUtils.h	llvm-kain/src/target/shared/codegen/PHIEliminationUtils.h	972	llvm-target	move
llvm/lib/CodeGen/PostRAHazardRecognizer.cpp	llvm-kain/src/target/shared/codegen/PostRAHazardRecognizer.cpp	4502	llvm-target	move
llvm/lib/CodeGen/PostRASchedulerList.cpp	llvm-kain/src/target/shared/codegen/PostRASchedulerList.cpp	25336	llvm-target	move
llvm/lib/CodeGen/PreISelIntrinsicLowering.cpp	llvm-kain/src/target/shared/codegen/PreISelIntrinsicLowering.cpp	34494	llvm-target	move
llvm/lib/CodeGen/ProcessImplicitDefs.cpp	llvm-kain/src/target/shared/codegen/ProcessImplicitDefs.cpp	6744	llvm-target	move
llvm/lib/CodeGen/PrologEpilogInserter.cpp	llvm-kain/src/target/shared/codegen/PrologEpilogInserter.cpp	61761	llvm-target	move
llvm/lib/CodeGen/PseudoProbeInserter.cpp	llvm-kain/src/target/shared/codegen/PseudoProbeInserter.cpp	6721	llvm-target	move
llvm/lib/CodeGen/PseudoSourceValue.cpp	llvm-kain/src/target/shared/codegen/PseudoSourceValue.cpp	5082	llvm-target	move
llvm/lib/CodeGen/RDFGraph.cpp	llvm-kain/src/target/shared/codegen/RDFGraph.cpp	57647	llvm-target	move
llvm/lib/CodeGen/RDFLiveness.cpp	llvm-kain/src/target/shared/codegen/RDFLiveness.cpp	43720	llvm-target	move
llvm/lib/CodeGen/RDFRegisters.cpp	llvm-kain/src/target/shared/codegen/RDFRegisters.cpp	12277	llvm-target	move
llvm/lib/CodeGen/ReachingDefAnalysis.cpp	llvm-kain/src/target/shared/codegen/ReachingDefAnalysis.cpp	28330	llvm-target	move
llvm/lib/CodeGen/README.txt	llvm-kain/src/target/shared/codegen/README.txt	6363	llvm-target	move
llvm/lib/CodeGen/RegAllocBase.cpp	llvm-kain/src/target/shared/codegen/RegAllocBase.cpp	9322	llvm-target	move
llvm/lib/CodeGen/RegAllocBase.h	llvm-kain/src/target/shared/codegen/RegAllocBase.h	6048	llvm-target	move
llvm/lib/CodeGen/RegAllocBasic.cpp	llvm-kain/src/target/shared/codegen/RegAllocBasic.cpp	9818	llvm-target	move
llvm/lib/CodeGen/RegAllocBasic.h	llvm-kain/src/target/shared/codegen/RegAllocBasic.h	3844	llvm-target	move
llvm/lib/CodeGen/RegAllocEvictionAdvisor.cpp	llvm-kain/src/target/shared/codegen/RegAllocEvictionAdvisor.cpp	14882	llvm-target	move
llvm/lib/CodeGen/RegAllocFast.cpp	llvm-kain/src/target/shared/codegen/RegAllocFast.cpp	67625	llvm-target	move
llvm/lib/CodeGen/RegAllocGreedy.cpp	llvm-kain/src/target/shared/codegen/RegAllocGreedy.cpp	114755	llvm-target	move
llvm/lib/CodeGen/RegAllocGreedy.h	llvm-kain/src/target/shared/codegen/RegAllocGreedy.h	16065	llvm-target	move
llvm/lib/CodeGen/RegAllocPBQP.cpp	llvm-kain/src/target/shared/codegen/RegAllocPBQP.cpp	34347	llvm-target	move
llvm/lib/CodeGen/RegAllocPriorityAdvisor.cpp	llvm-kain/src/target/shared/codegen/RegAllocPriorityAdvisor.cpp	7802	llvm-target	move
llvm/lib/CodeGen/RegAllocScore.cpp	llvm-kain/src/target/shared/codegen/RegAllocScore.cpp	4753	llvm-target	move
llvm/lib/CodeGen/RegAllocScore.h	llvm-kain/src/target/shared/codegen/RegAllocScore.h	3063	llvm-target	move
llvm/lib/CodeGen/RegisterBank.cpp	llvm-kain/src/target/shared/codegen/RegisterBank.cpp	3527	llvm-target	move
llvm/lib/CodeGen/RegisterBankInfo.cpp	llvm-kain/src/target/shared/codegen/RegisterBankInfo.cpp	31197	llvm-target	move
llvm/lib/CodeGen/RegisterClassInfo.cpp	llvm-kain/src/target/shared/codegen/RegisterClassInfo.cpp	8147	llvm-target	move
llvm/lib/CodeGen/RegisterCoalescer.cpp	llvm-kain/src/target/shared/codegen/RegisterCoalescer.cpp	172404	llvm-target	move
llvm/lib/CodeGen/RegisterCoalescer.h	llvm-kain/src/target/shared/codegen/RegisterCoalescer.h	4087	llvm-target	move
llvm/lib/CodeGen/RegisterPressure.cpp	llvm-kain/src/target/shared/codegen/RegisterPressure.cpp	50603	llvm-target	move
llvm/lib/CodeGen/RegisterScavenging.cpp	llvm-kain/src/target/shared/codegen/RegisterScavenging.cpp	19741	llvm-target	move
llvm/lib/CodeGen/RegisterUsageInfo.cpp	llvm-kain/src/target/shared/codegen/RegisterUsageInfo.cpp	3944	llvm-target	move
llvm/lib/CodeGen/RegUsageInfoCollector.cpp	llvm-kain/src/target/shared/codegen/RegUsageInfoCollector.cpp	8465	llvm-target	move
llvm/lib/CodeGen/RegUsageInfoPropagate.cpp	llvm-kain/src/target/shared/codegen/RegUsageInfoPropagate.cpp	6019	llvm-target	move
llvm/lib/CodeGen/Rematerializer.cpp	llvm-kain/src/target/shared/codegen/Rematerializer.cpp	31320	llvm-target	move
llvm/lib/CodeGen/RemoveLoadsIntoFakeUses.cpp	llvm-kain/src/target/shared/codegen/RemoveLoadsIntoFakeUses.cpp	7566	llvm-target	move
llvm/lib/CodeGen/RemoveRedundantDebugValues.cpp	llvm-kain/src/target/shared/codegen/RemoveRedundantDebugValues.cpp	8116	llvm-target	move
llvm/lib/CodeGen/RenameIndependentSubregs.cpp	llvm-kain/src/target/shared/codegen/RenameIndependentSubregs.cpp	17462	llvm-target	move
llvm/lib/CodeGen/ReplaceWithVeclib.cpp	llvm-kain/src/target/shared/codegen/ReplaceWithVeclib.cpp	11892	llvm-target	move
llvm/lib/CodeGen/ResetMachineFunctionPass.cpp	llvm-kain/src/target/shared/codegen/ResetMachineFunctionPass.cpp	4092	llvm-target	move
llvm/lib/CodeGen/SafeStack.cpp	llvm-kain/src/target/shared/codegen/SafeStack.cpp	38031	llvm-target	move
llvm/lib/CodeGen/SafeStackLayout.cpp	llvm-kain/src/target/shared/codegen/SafeStackLayout.cpp	5360	llvm-target	move
llvm/lib/CodeGen/SafeStackLayout.h	llvm-kain/src/target/shared/codegen/SafeStackLayout.h	2499	llvm-target	move
llvm/lib/CodeGen/SanitizerBinaryMetadata.cpp	llvm-kain/src/target/shared/codegen/SanitizerBinaryMetadata.cpp	3880	llvm-target	move
llvm/lib/CodeGen/ScheduleDAG.cpp	llvm-kain/src/target/shared/codegen/ScheduleDAG.cpp	22878	llvm-target	move
llvm/lib/CodeGen/ScheduleDAGInstrs.cpp	llvm-kain/src/target/shared/codegen/ScheduleDAGInstrs.cpp	53698	llvm-target	move
llvm/lib/CodeGen/ScheduleDAGPrinter.cpp	llvm-kain/src/target/shared/codegen/ScheduleDAGPrinter.cpp	2982	llvm-target	move
llvm/lib/CodeGen/ScoreboardHazardRecognizer.cpp	llvm-kain/src/target/shared/codegen/ScoreboardHazardRecognizer.cpp	8120	llvm-target	move
llvm/lib/CodeGen/SelectOptimize.cpp	llvm-kain/src/target/shared/codegen/SelectOptimize.cpp	60156	llvm-target	move
llvm/lib/CodeGen/ShadowStackGCLowering.cpp	llvm-kain/src/target/shared/codegen/ShadowStackGCLowering.cpp	15648	llvm-target	move
llvm/lib/CodeGen/ShrinkWrap.cpp	llvm-kain/src/target/shared/codegen/ShrinkWrap.cpp	41411	llvm-target	move
llvm/lib/CodeGen/SjLjEHPrepare.cpp	llvm-kain/src/target/shared/codegen/SjLjEHPrepare.cpp	20320	llvm-target	move
llvm/lib/CodeGen/SlotIndexes.cpp	llvm-kain/src/target/shared/codegen/SlotIndexes.cpp	10464	llvm-target	move
llvm/lib/CodeGen/SpillPlacement.cpp	llvm-kain/src/target/shared/codegen/SpillPlacement.cpp	14380	llvm-target	move
llvm/lib/CodeGen/SplitKit.cpp	llvm-kain/src/target/shared/codegen/SplitKit.cpp	72021	llvm-target	move
llvm/lib/CodeGen/SplitKit.h	llvm-kain/src/target/shared/codegen/SplitKit.h	24501	llvm-target	move
llvm/lib/CodeGen/StackColoring.cpp	llvm-kain/src/target/shared/codegen/StackColoring.cpp	52071	llvm-target	move
llvm/lib/CodeGen/StackFrameLayoutAnalysisPass.cpp	llvm-kain/src/target/shared/codegen/StackFrameLayoutAnalysisPass.cpp	11244	llvm-target	move
llvm/lib/CodeGen/StackMapLivenessAnalysis.cpp	llvm-kain/src/target/shared/codegen/StackMapLivenessAnalysis.cpp	6112	llvm-target	move
llvm/lib/CodeGen/StackMaps.cpp	llvm-kain/src/target/shared/codegen/StackMaps.cpp	25406	llvm-target	move
llvm/lib/CodeGen/StackProtector.cpp	llvm-kain/src/target/shared/codegen/StackProtector.cpp	30820	llvm-target	move
llvm/lib/CodeGen/StackSlotColoring.cpp	llvm-kain/src/target/shared/codegen/StackSlotColoring.cpp	19680	llvm-target	move
llvm/lib/CodeGen/StaticDataAnnotator.cpp	llvm-kain/src/target/shared/codegen/StaticDataAnnotator.cpp	3503	llvm-target	move
llvm/lib/CodeGen/StaticDataSplitter.cpp	llvm-kain/src/target/shared/codegen/StaticDataSplitter.cpp	10435	llvm-target	move
llvm/lib/CodeGen/SwiftErrorValueTracking.cpp	llvm-kain/src/target/shared/codegen/SwiftErrorValueTracking.cpp	12237	llvm-target	move
llvm/lib/CodeGen/SwitchLoweringUtils.cpp	llvm-kain/src/target/shared/codegen/SwitchLoweringUtils.cpp	22318	llvm-target	move
llvm/lib/CodeGen/TailDuplication.cpp	llvm-kain/src/target/shared/codegen/TailDuplication.cpp	4667	llvm-target	move
llvm/lib/CodeGen/TailDuplicator.cpp	llvm-kain/src/target/shared/codegen/TailDuplicator.cpp	41594	llvm-target	move
llvm/lib/CodeGen/TargetFrameLoweringImpl.cpp	llvm-kain/src/target/shared/codegen/TargetFrameLoweringImpl.cpp	8715	llvm-target	move
llvm/lib/CodeGen/TargetInstrInfo.cpp	llvm-kain/src/target/shared/codegen/TargetInstrInfo.cpp	85212	llvm-target	move
llvm/lib/CodeGen/TargetLoweringBase.cpp	llvm-kain/src/target/shared/codegen/TargetLoweringBase.cpp	106782	llvm-target	move
llvm/lib/CodeGen/TargetLoweringObjectFileImpl.cpp	llvm-kain/src/target/shared/codegen/TargetLoweringObjectFileImpl.cpp	116053	llvm-target	move
llvm/lib/CodeGen/TargetOptionsImpl.cpp	llvm-kain/src/target/shared/codegen/TargetOptionsImpl.cpp	2651	llvm-target	move
llvm/lib/CodeGen/TargetPassConfig.cpp	llvm-kain/src/target/shared/codegen/TargetPassConfig.cpp	62818	llvm-target	move
llvm/lib/CodeGen/TargetRegisterInfo.cpp	llvm-kain/src/target/shared/codegen/TargetRegisterInfo.cpp	24514	llvm-target	move
llvm/lib/CodeGen/TargetSchedule.cpp	llvm-kain/src/target/shared/codegen/TargetSchedule.cpp	12986	llvm-target	move
llvm/lib/CodeGen/TargetSubtargetInfo.cpp	llvm-kain/src/target/shared/codegen/TargetSubtargetInfo.cpp	1927	llvm-target	move
llvm/lib/CodeGen/TwoAddressInstructionPass.cpp	llvm-kain/src/target/shared/codegen/TwoAddressInstructionPass.cpp	79053	llvm-target	move
llvm/lib/CodeGen/TypePromotion.cpp	llvm-kain/src/target/shared/codegen/TypePromotion.cpp	35548	llvm-target	move
llvm/lib/CodeGen/UnreachableBlockElim.cpp	llvm-kain/src/target/shared/codegen/UnreachableBlockElim.cpp	8899	llvm-target	move
llvm/lib/CodeGen/ValueTypes.cpp	llvm-kain/src/target/shared/codegen/ValueTypes.cpp	12390	llvm-target	move
llvm/lib/CodeGen/VirtRegMap.cpp	llvm-kain/src/target/shared/codegen/VirtRegMap.cpp	29797	llvm-target	move
llvm/lib/CodeGen/VLIWMachineScheduler.cpp	llvm-kain/src/target/shared/codegen/VLIWMachineScheduler.cpp	34713	llvm-target	move
llvm/lib/CodeGen/WasmEHPrepare.cpp	llvm-kain/src/target/shared/codegen/WasmEHPrepare.cpp	14809	llvm-target	move
llvm/lib/CodeGen/WindowScheduler.cpp	llvm-kain/src/target/shared/codegen/WindowScheduler.cpp	27621	llvm-target	move
llvm/lib/CodeGen/WindowsSecureHotPatching.cpp	llvm-kain/src/target/shared/codegen/WindowsSecureHotPatching.cpp	25508	llvm-target	move
llvm/lib/CodeGen/WinEHPrepare.cpp	llvm-kain/src/target/shared/codegen/WinEHPrepare.cpp	58976	llvm-target	move
llvm/lib/CodeGen/XRayInstrumentation.cpp	llvm-kain/src/target/shared/codegen/XRayInstrumentation.cpp	12171	llvm-target	move
llvm/lib/CodeGen/AsmPrinter/AccelTable.cpp	llvm-kain/src/target/shared/codegen/AccelTable.cpp	30638	llvm-target	move
llvm/lib/CodeGen/AsmPrinter/AddressPool.cpp	llvm-kain/src/target/shared/codegen/AddressPool.cpp	2320	llvm-target	move
llvm/lib/CodeGen/AsmPrinter/AddressPool.h	llvm-kain/src/target/shared/codegen/AddressPool.h	2016	llvm-target	move
llvm/lib/CodeGen/AsmPrinter/AsmPrinter.cpp	llvm-kain/src/target/shared/codegen/AsmPrinter.cpp	203556	llvm-target	move
llvm/lib/CodeGen/AsmPrinter/AsmPrinterDwarf.cpp	llvm-kain/src/target/shared/codegen/AsmPrinterDwarf.cpp	12305	llvm-target	move
llvm/lib/CodeGen/AsmPrinter/AsmPrinterInlineAsm.cpp	llvm-kain/src/target/shared/codegen/AsmPrinterInlineAsm.cpp	20050	llvm-target	move
llvm/lib/CodeGen/AsmPrinter/ByteStreamer.h	llvm-kain/src/target/shared/codegen/ByteStreamer.h	4949	llvm-target	move
llvm/lib/CodeGen/AsmPrinter/CMakeLists.txt	llvm-kain/src/target/shared/codegen/CMakeLists.txt	827	llvm-target	move
llvm/lib/CodeGen/AsmPrinter/CodeViewDebug.h	llvm-kain/src/target/shared/codegen/CodeViewDebug.h	21040	llvm-target	move
llvm/lib/CodeGen/AsmPrinter/DbgEntityHistoryCalculator.cpp	llvm-kain/src/target/shared/codegen/DbgEntityHistoryCalculator.cpp	25445	llvm-target	move
llvm/lib/CodeGen/AsmPrinter/DebugHandlerBase.cpp	llvm-kain/src/target/shared/codegen/DebugHandlerBase.cpp	15671	llvm-target	move
llvm/lib/CodeGen/AsmPrinter/DebugLocEntry.h	llvm-kain/src/target/shared/codegen/DebugLocEntry.h	10318	llvm-target	move
llvm/lib/CodeGen/AsmPrinter/DebugLocStream.cpp	llvm-kain/src/target/shared/codegen/DebugLocStream.cpp	1308	llvm-target	move
llvm/lib/CodeGen/AsmPrinter/DebugLocStream.h	llvm-kain/src/target/shared/codegen/DebugLocStream.h	5867	llvm-target	move
llvm/lib/CodeGen/AsmPrinter/DIE.cpp	llvm-kain/src/target/shared/codegen/DIE.cpp	27809	llvm-target	move
llvm/lib/CodeGen/AsmPrinter/DIEHash.cpp	llvm-kain/src/target/shared/codegen/DIEHash.cpp	15042	llvm-target	move
llvm/lib/CodeGen/AsmPrinter/DIEHash.h	llvm-kain/src/target/shared/codegen/DIEHash.h	3624	llvm-target	move
llvm/lib/CodeGen/AsmPrinter/DIEHashAttributes.def	llvm-kain/src/target/shared/codegen/DIEHashAttributes.def	2104	llvm-target	move
llvm/lib/CodeGen/AsmPrinter/DwarfCFIException.cpp	llvm-kain/src/target/shared/codegen/DwarfCFIException.cpp	5610	llvm-target	move
llvm/lib/CodeGen/AsmPrinter/DwarfCompileUnit.cpp	llvm-kain/src/target/shared/codegen/DwarfCompileUnit.cpp	79572	llvm-target	move
llvm/lib/CodeGen/AsmPrinter/DwarfCompileUnit.h	llvm-kain/src/target/shared/codegen/DwarfCompileUnit.h	19124	llvm-target	move
llvm/lib/CodeGen/AsmPrinter/DwarfDebug.cpp	llvm-kain/src/target/shared/codegen/DwarfDebug.cpp	172655	llvm-target	move
llvm/lib/CodeGen/AsmPrinter/DwarfDebug.h	llvm-kain/src/target/shared/codegen/DwarfDebug.h	36829	llvm-target	move
llvm/lib/CodeGen/AsmPrinter/DwarfException.h	llvm-kain/src/target/shared/codegen/DwarfException.h	3828	llvm-target	move
llvm/lib/CodeGen/AsmPrinter/DwarfExpression.cpp	llvm-kain/src/target/shared/codegen/DwarfExpression.cpp	29322	llvm-target	move
llvm/lib/CodeGen/AsmPrinter/DwarfExpression.h	llvm-kain/src/target/shared/codegen/DwarfExpression.h	14324	llvm-target	move
llvm/lib/CodeGen/AsmPrinter/DwarfFile.cpp	llvm-kain/src/target/shared/codegen/DwarfFile.cpp	4723	llvm-target	move
llvm/lib/CodeGen/AsmPrinter/DwarfFile.h	llvm-kain/src/target/shared/codegen/DwarfFile.h	6431	llvm-target	move
llvm/lib/CodeGen/AsmPrinter/DwarfStringPool.cpp	llvm-kain/src/target/shared/codegen/DwarfStringPool.cpp	4824	llvm-target	move
llvm/lib/CodeGen/AsmPrinter/DwarfStringPool.h	llvm-kain/src/target/shared/codegen/DwarfStringPool.h	2392	llvm-target	move
llvm/lib/CodeGen/AsmPrinter/DwarfUnit.cpp	llvm-kain/src/target/shared/codegen/DwarfUnit.cpp	81045	llvm-target	move
llvm/lib/CodeGen/AsmPrinter/DwarfUnit.h	llvm-kain/src/target/shared/codegen/DwarfUnit.h	17926	llvm-target	move
llvm/lib/CodeGen/AsmPrinter/EHStreamer.cpp	llvm-kain/src/target/shared/codegen/EHStreamer.cpp	35600	llvm-target	move
llvm/lib/CodeGen/AsmPrinter/EHStreamer.h	llvm-kain/src/target/shared/codegen/EHStreamer.h	6746	llvm-target	move
llvm/lib/CodeGen/AsmPrinter/PseudoProbePrinter.h	llvm-kain/src/target/shared/codegen/PseudoProbePrinter.h	1426	llvm-target	move
llvm/lib/CodeGen/AsmPrinter/WasmException.h	llvm-kain/src/target/shared/codegen/WasmException.h	1432	llvm-target	move
llvm/lib/CodeGen/AsmPrinter/WinCFGuard.cpp	llvm-kain/src/target/shared/codegen/WinCFGuard.cpp	5513	llvm-target	move
llvm/lib/CodeGen/AsmPrinter/WinCFGuard.h	llvm-kain/src/target/shared/codegen/WinCFGuard.h	1618	llvm-target	move
llvm/lib/CodeGen/AsmPrinter/WinException.cpp	llvm-kain/src/target/shared/codegen/WinException.cpp	53083	llvm-target	move
llvm/lib/CodeGen/AsmPrinter/WinException.h	llvm-kain/src/target/shared/codegen/WinException.h	4427	llvm-target	move
llvm/lib/CodeGen/GlobalISel/CallLowering.cpp	llvm-kain/src/target/shared/globalisel/CallLowering.cpp	55848	llvm-target	move
llvm/lib/CodeGen/GlobalISel/CMakeLists.txt	llvm-kain/src/target/shared/globalisel/CMakeLists.txt	952	llvm-target	move
llvm/lib/CodeGen/GlobalISel/Combiner.cpp	llvm-kain/src/target/shared/globalisel/Combiner.cpp	11695	llvm-target	move
llvm/lib/CodeGen/GlobalISel/CombinerHelper.cpp	llvm-kain/src/target/shared/globalisel/CombinerHelper.cpp	318974	llvm-target	move
llvm/lib/CodeGen/GlobalISel/CombinerHelperArtifacts.cpp	llvm-kain/src/target/shared/globalisel/CombinerHelperArtifacts.cpp	2616	llvm-target	move
llvm/lib/CodeGen/GlobalISel/CombinerHelperCasts.cpp	llvm-kain/src/target/shared/globalisel/CombinerHelperCasts.cpp	13728	llvm-target	move
llvm/lib/CodeGen/GlobalISel/CombinerHelperCompares.cpp	llvm-kain/src/target/shared/globalisel/CombinerHelperCompares.cpp	4677	llvm-target	move
llvm/lib/CodeGen/GlobalISel/CombinerHelperVectorOps.cpp	llvm-kain/src/target/shared/globalisel/CombinerHelperVectorOps.cpp	14106	llvm-target	move
llvm/lib/CodeGen/GlobalISel/CSEInfo.cpp	llvm-kain/src/target/shared/globalisel/CSEInfo.cpp	13835	llvm-target	move
llvm/lib/CodeGen/GlobalISel/CSEMIRBuilder.cpp	llvm-kain/src/target/shared/globalisel/CSEMIRBuilder.cpp	13907	llvm-target	move
llvm/lib/CodeGen/GlobalISel/GIMatchTableExecutor.cpp	llvm-kain/src/target/shared/globalisel/GIMatchTableExecutor.cpp	3298	llvm-target	move
llvm/lib/CodeGen/GlobalISel/GISelChangeObserver.cpp	llvm-kain/src/target/shared/globalisel/GISelChangeObserver.cpp	2104	llvm-target	move
llvm/lib/CodeGen/GlobalISel/GISelValueTracking.cpp	llvm-kain/src/target/shared/globalisel/GISelValueTracking.cpp	94533	llvm-target	move
llvm/lib/CodeGen/GlobalISel/GlobalISel.cpp	llvm-kain/src/target/shared/globalisel/GlobalISel.cpp	1025	llvm-target	move
llvm/lib/CodeGen/GlobalISel/InlineAsmLowering.cpp	llvm-kain/src/target/shared/globalisel/InlineAsmLowering.cpp	27502	llvm-target	move
llvm/lib/CodeGen/GlobalISel/InstructionSelect.cpp	llvm-kain/src/target/shared/globalisel/InstructionSelect.cpp	14320	llvm-target	move
llvm/lib/CodeGen/GlobalISel/InstructionSelector.cpp	llvm-kain/src/target/shared/globalisel/InstructionSelector.cpp	539	llvm-target	move
llvm/lib/CodeGen/GlobalISel/IRTranslator.cpp	llvm-kain/src/target/shared/globalisel/IRTranslator.cpp	170365	llvm-target	move
llvm/lib/CodeGen/GlobalISel/LegacyLegalizerInfo.cpp	llvm-kain/src/target/shared/globalisel/LegacyLegalizerInfo.cpp	15491	llvm-target	move
llvm/lib/CodeGen/GlobalISel/LegalityPredicates.cpp	llvm-kain/src/target/shared/globalisel/LegalityPredicates.cpp	9316	llvm-target	move
llvm/lib/CodeGen/GlobalISel/LegalizeMutations.cpp	llvm-kain/src/target/shared/globalisel/LegalizeMutations.cpp	4695	llvm-target	move
llvm/lib/CodeGen/GlobalISel/Legalizer.cpp	llvm-kain/src/target/shared/globalisel/Legalizer.cpp	14824	llvm-target	move
llvm/lib/CodeGen/GlobalISel/LegalizerHelper.cpp	llvm-kain/src/target/shared/globalisel/LegalizerHelper.cpp	406282	llvm-target	move
llvm/lib/CodeGen/GlobalISel/LegalizerInfo.cpp	llvm-kain/src/target/shared/globalisel/LegalizerInfo.cpp	15753	llvm-target	move
llvm/lib/CodeGen/GlobalISel/LoadStoreOpt.cpp	llvm-kain/src/target/shared/globalisel/LoadStoreOpt.cpp	35969	llvm-target	move
llvm/lib/CodeGen/GlobalISel/Localizer.cpp	llvm-kain/src/target/shared/globalisel/Localizer.cpp	8521	llvm-target	move
llvm/lib/CodeGen/GlobalISel/LostDebugLocObserver.cpp	llvm-kain/src/target/shared/globalisel/LostDebugLocObserver.cpp	3465	llvm-target	move
llvm/lib/CodeGen/GlobalISel/MachineFloatingPointPredicateUtils.cpp	llvm-kain/src/target/shared/globalisel/MachineFloatingPointPredicateUtils.cpp	1647	llvm-target	move
llvm/lib/CodeGen/GlobalISel/MachineIRBuilder.cpp	llvm-kain/src/target/shared/globalisel/MachineIRBuilder.cpp	65221	llvm-target	move
llvm/lib/CodeGen/GlobalISel/RegBankSelect.cpp	llvm-kain/src/target/shared/globalisel/RegBankSelect.cpp	44386	llvm-target	move
llvm/lib/CodeGen/GlobalISel/Utils.cpp	llvm-kain/src/target/shared/globalisel/Utils.cpp	82630	llvm-target	move
llvm/lib/CodeGen/LiveDebugValues/InstrRefBasedImpl.cpp	llvm-kain/src/target/shared/codegen/InstrRefBasedImpl.cpp	167834	llvm-target	move
llvm/lib/CodeGen/LiveDebugValues/InstrRefBasedImpl.h	llvm-kain/src/target/shared/codegen/InstrRefBasedImpl.h	59976	llvm-target	move
llvm/lib/CodeGen/LiveDebugValues/LiveDebugValues.cpp	llvm-kain/src/target/shared/codegen/LiveDebugValues.cpp	5803	llvm-target	move
llvm/lib/CodeGen/LiveDebugValues/LiveDebugValues.h	llvm-kain/src/target/shared/codegen/LiveDebugValues.h	1558	llvm-target	move
llvm/lib/CodeGen/LiveDebugValues/VarLocBasedImpl.cpp	llvm-kain/src/target/shared/codegen/VarLocBasedImpl.cpp	102298	llvm-target	move
llvm/lib/CodeGen/MIRParser/CMakeLists.txt	llvm-kain/src/target/shared/mir/CMakeLists.txt	296	llvm-target	move
llvm/lib/CodeGen/MIRParser/MILexer.cpp	llvm-kain/src/target/shared/mir/MILexer.cpp	26684	llvm-target	move
llvm/lib/CodeGen/MIRParser/MILexer.h	llvm-kain/src/target/shared/mir/MILexer.h	6340	llvm-target	move
llvm/lib/CodeGen/MIRParser/MIParser.cpp	llvm-kain/src/target/shared/mir/MIParser.cpp	135458	llvm-target	move
llvm/lib/CodeGen/MIRParser/MIRParser.cpp	llvm-kain/src/target/shared/mir/MIRParser.cpp	51532	llvm-target	move
llvm/lib/CodeGen/SelectionDAG/CMakeLists.txt	llvm-kain/src/target/shared/selectiondag/CMakeLists.txt	806	llvm-target	move
llvm/lib/CodeGen/SelectionDAG/DAGCombiner.cpp	llvm-kain/src/target/shared/selectiondag/DAGCombiner.cpp	1258954	llvm-target	move
llvm/lib/CodeGen/SelectionDAG/FastISel.cpp	llvm-kain/src/target/shared/selectiondag/FastISel.cpp	88285	llvm-target	move
llvm/lib/CodeGen/SelectionDAG/FunctionLoweringInfo.cpp	llvm-kain/src/target/shared/selectiondag/FunctionLoweringInfo.cpp	22981	llvm-target	move
llvm/lib/CodeGen/SelectionDAG/InstrEmitter.cpp	llvm-kain/src/target/shared/selectiondag/InstrEmitter.cpp	57910	llvm-target	move
llvm/lib/CodeGen/SelectionDAG/InstrEmitter.h	llvm-kain/src/target/shared/selectiondag/InstrEmitter.h	6718	llvm-target	move
llvm/lib/CodeGen/SelectionDAG/LegalizeDAG.cpp	llvm-kain/src/target/shared/selectiondag/LegalizeDAG.cpp	252074	llvm-target	move
llvm/lib/CodeGen/SelectionDAG/LegalizeFloatTypes.cpp	llvm-kain/src/target/shared/selectiondag/LegalizeFloatTypes.cpp	143643	llvm-target	move
llvm/lib/CodeGen/SelectionDAG/LegalizeIntegerTypes.cpp	llvm-kain/src/target/shared/selectiondag/LegalizeIntegerTypes.cpp	267531	llvm-target	move
llvm/lib/CodeGen/SelectionDAG/LegalizeTypes.cpp	llvm-kain/src/target/shared/selectiondag/LegalizeTypes.cpp	41953	llvm-target	move
llvm/lib/CodeGen/SelectionDAG/LegalizeTypes.h	llvm-kain/src/target/shared/selectiondag/LegalizeTypes.h	60971	llvm-target	move
llvm/lib/CodeGen/SelectionDAG/LegalizeTypesGeneric.cpp	llvm-kain/src/target/shared/selectiondag/LegalizeTypesGeneric.cpp	24894	llvm-target	move
llvm/lib/CodeGen/SelectionDAG/LegalizeVectorOps.cpp	llvm-kain/src/target/shared/selectiondag/LegalizeVectorOps.cpp	91278	llvm-target	move
llvm/lib/CodeGen/SelectionDAG/LegalizeVectorTypes.cpp	llvm-kain/src/target/shared/selectiondag/LegalizeVectorTypes.cpp	352909	llvm-target	move
llvm/lib/CodeGen/SelectionDAG/MatchContext.h	llvm-kain/src/target/shared/selectiondag/MatchContext.h	6749	llvm-target	move
llvm/lib/CodeGen/SelectionDAG/ResourcePriorityQueue.cpp	llvm-kain/src/target/shared/selectiondag/ResourcePriorityQueue.cpp	19655	llvm-target	move
llvm/lib/CodeGen/SelectionDAG/ScheduleDAGFast.cpp	llvm-kain/src/target/shared/selectiondag/ScheduleDAGFast.cpp	25709	llvm-target	move
llvm/lib/CodeGen/SelectionDAG/ScheduleDAGRRList.cpp	llvm-kain/src/target/shared/selectiondag/ScheduleDAGRRList.cpp	113559	llvm-target	move
llvm/lib/CodeGen/SelectionDAG/ScheduleDAGSDNodes.cpp	llvm-kain/src/target/shared/selectiondag/ScheduleDAGSDNodes.cpp	39330	llvm-target	move
llvm/lib/CodeGen/SelectionDAG/ScheduleDAGSDNodes.h	llvm-kain/src/target/shared/selectiondag/ScheduleDAGSDNodes.h	6912	llvm-target	move
llvm/lib/CodeGen/SelectionDAG/ScheduleDAGVLIW.cpp	llvm-kain/src/target/shared/selectiondag/ScheduleDAGVLIW.cpp	9222	llvm-target	move
llvm/lib/CodeGen/SelectionDAG/SDNodeDbgValue.h	llvm-kain/src/target/shared/selectiondag/SDNodeDbgValue.h	8558	llvm-target	move
llvm/lib/CodeGen/SelectionDAG/SDNodeInfo.cpp	llvm-kain/src/target/shared/selectiondag/SDNodeInfo.cpp	8373	llvm-target	move
llvm/lib/CodeGen/SelectionDAG/SelectionDAG.cpp	llvm-kain/src/target/shared/selectiondag/SelectionDAG.cpp	575812	llvm-target	move
llvm/lib/CodeGen/SelectionDAG/SelectionDAGAddressAnalysis.cpp	llvm-kain/src/target/shared/selectiondag/SelectionDAGAddressAnalysis.cpp	12076	llvm-target	move
llvm/lib/CodeGen/SelectionDAG/SelectionDAGBuilder.cpp	llvm-kain/src/target/shared/selectiondag/SelectionDAGBuilder.cpp	528457	llvm-target	move
llvm/lib/CodeGen/SelectionDAG/SelectionDAGBuilder.h	llvm-kain/src/target/shared/selectiondag/SelectionDAGBuilder.h	35908	llvm-target	move
llvm/lib/CodeGen/SelectionDAG/SelectionDAGDumper.cpp	llvm-kain/src/target/shared/selectiondag/SelectionDAGDumper.cpp	51538	llvm-target	move
llvm/lib/CodeGen/SelectionDAG/SelectionDAGISel.cpp	llvm-kain/src/target/shared/selectiondag/SelectionDAGISel.cpp	176927	llvm-target	move
llvm/lib/CodeGen/SelectionDAG/SelectionDAGPrinter.cpp	llvm-kain/src/target/shared/selectiondag/SelectionDAGPrinter.cpp	10538	llvm-target	move
llvm/lib/CodeGen/SelectionDAG/SelectionDAGTargetInfo.cpp	llvm-kain/src/target/shared/selectiondag/SelectionDAGTargetInfo.cpp	997	llvm-target	move
llvm/lib/CodeGen/SelectionDAG/StatepointLowering.cpp	llvm-kain/src/target/shared/selectiondag/StatepointLowering.cpp	54493	llvm-target	move
llvm/lib/CodeGen/SelectionDAG/StatepointLowering.h	llvm-kain/src/target/shared/selectiondag/StatepointLowering.h	4890	llvm-target	move
llvm/lib/CodeGen/SelectionDAG/TargetLowering.cpp	llvm-kain/src/target/shared/selectiondag/TargetLowering.cpp	581457	llvm-target	move
llvm/lib/CodeGenTypes/CMakeLists.txt	llvm-kain/src/target/shared/CMakeLists.txt	245	llvm-target	move
llvm/lib/CodeGenTypes/LowLevelType.cpp	llvm-kain/src/target/shared/LowLevelType.cpp	3522	llvm-target	move
llvm/lib/Demangle/CMakeLists.txt	llvm-kain/src/core/support/CMakeLists.txt	241	llvm-core	move
llvm/lib/Demangle/Demangle.cpp	llvm-kain/src/core/support/Demangle.cpp	2682	llvm-core	move
llvm/lib/Demangle/DLangDemangle.cpp	llvm-kain/src/core/support/DLangDemangle.cpp	20051	llvm-core	move
llvm/lib/Demangle/ItaniumDemangle.cpp	llvm-kain/src/core/support/ItaniumDemangle.cpp	17489	llvm-core	move
llvm/lib/Demangle/MicrosoftDemangle.cpp	llvm-kain/src/core/support/MicrosoftDemangle.cpp	83133	llvm-core	move
llvm/lib/Demangle/MicrosoftDemangleNodes.cpp	llvm-kain/src/core/support/MicrosoftDemangleNodes.cpp	22676	llvm-core	move
llvm/lib/Demangle/RustDemangle.cpp	llvm-kain/src/core/support/RustDemangle.cpp	29151	llvm-core	move
llvm/lib/DTLTO/CMakeLists.txt	llvm-kain/src/core/linker/CMakeLists.txt	171	llvm-core	move
llvm/lib/DTLTO/DTLTO.cpp	llvm-kain/src/core/linker/DTLTO.cpp	10612	llvm-core	move
llvm/lib/DTLTO/DTLTODistributionDriver.cpp	llvm-kain/src/core/linker/DTLTODistributionDriver.cpp	4716	llvm-core	move
llvm/lib/DTLTO/DTLTOInputFiles.cpp	llvm-kain/src/core/linker/DTLTOInputFiles.cpp	8363	llvm-core	move
llvm/lib/DWARFCFIChecker/CMakeLists.txt	llvm-kain/src/core/debug/CMakeLists.txt	287	llvm-core	move
llvm/lib/DWARFCFIChecker/DWARFCFIAnalysis.cpp	llvm-kain/src/core/debug/DWARFCFIAnalysis.cpp	12297	llvm-core	move
llvm/lib/DWARFCFIChecker/DWARFCFIFunctionFrameAnalyzer.cpp	llvm-kain/src/core/debug/DWARFCFIFunctionFrameAnalyzer.cpp	1236	llvm-core	move
llvm/lib/DWARFCFIChecker/DWARFCFIFunctionFrameStreamer.cpp	llvm-kain/src/core/debug/DWARFCFIFunctionFrameStreamer.cpp	3335	llvm-core	move
llvm/lib/DWARFCFIChecker/DWARFCFIState.cpp	llvm-kain/src/core/debug/DWARFCFIState.cpp	7299	llvm-core	move
llvm/lib/DWARFCFIChecker/Registers.h	llvm-kain/src/core/debug/Registers.h	2138	llvm-core	move
llvm/lib/ExecutionEngine/CMakeLists.txt	(keep-in-place)	923	llvm-jit	keep-in-place
llvm/lib/ExecutionEngine/ExecutionEngine.cpp	(keep-in-place)	45599	llvm-jit	keep-in-place
llvm/lib/ExecutionEngine/ExecutionEngineBindings.cpp	(keep-in-place)	14706	llvm-jit	keep-in-place
llvm/lib/ExecutionEngine/GDBRegistrationListener.cpp	(keep-in-place)	8504	llvm-jit	keep-in-place
llvm/lib/ExecutionEngine/SectionMemoryManager.cpp	(keep-in-place)	13566	llvm-jit	keep-in-place
llvm/lib/ExecutionEngine/TargetSelect.cpp	(keep-in-place)	3348	llvm-jit	keep-in-place
llvm/lib/ExecutionEngine/IntelJITProfiling/CMakeLists.txt	(keep-in-place)	1526	llvm-jit	keep-in-place
llvm/lib/ExecutionEngine/IntelJITProfiling/IntelJITEventsWrapper.h	(keep-in-place)	4110	llvm-jit	keep-in-place
llvm/lib/ExecutionEngine/IntelJITProfiling/ittnotify_config.h	(keep-in-place)	15386	llvm-jit	keep-in-place
llvm/lib/ExecutionEngine/IntelJITProfiling/ittnotify_types.h	(keep-in-place)	2476	llvm-jit	keep-in-place
llvm/lib/ExecutionEngine/IntelJITProfiling/jitprofiling.c	(keep-in-place)	15809	llvm-jit	keep-in-place
llvm/lib/ExecutionEngine/IntelJITProfiling/jitprofiling.h	(keep-in-place)	7182	llvm-jit	keep-in-place
llvm/lib/ExecutionEngine/Interpreter/CMakeLists.txt	llvm-kain/src/jit/interpreter/CMakeLists.txt	288	llvm-jit	move
llvm/lib/ExecutionEngine/Interpreter/Execution.cpp	llvm-kain/src/jit/interpreter/Execution.cpp	78292	llvm-jit	move
llvm/lib/ExecutionEngine/Interpreter/ExternalFunctions.cpp	llvm-kain/src/jit/interpreter/ExternalFunctions.cpp	18252	llvm-jit	move
llvm/lib/ExecutionEngine/Interpreter/Interpreter.cpp	llvm-kain/src/jit/interpreter/Interpreter.cpp	3128	llvm-jit	move
llvm/lib/ExecutionEngine/Interpreter/Interpreter.h	llvm-kain/src/jit/interpreter/Interpreter.h	8738	llvm-jit	move
llvm/lib/ExecutionEngine/JITLink/aarch32.cpp	llvm-kain/src/jit/jitlink/aarch32.cpp	34832	llvm-jit	move
llvm/lib/ExecutionEngine/JITLink/aarch64.cpp	llvm-kain/src/jit/jitlink/aarch64.cpp	14744	llvm-jit	move
llvm/lib/ExecutionEngine/JITLink/CMakeLists.txt	llvm-kain/src/jit/jitlink/CMakeLists.txt	1285	llvm-jit	move
llvm/lib/ExecutionEngine/JITLink/COFF.cpp	llvm-kain/src/jit/jitlink/COFF.cpp	5077	llvm-jit	move
llvm/lib/ExecutionEngine/JITLink/COFFDirectiveParser.cpp	llvm-kain/src/jit/jitlink/COFFDirectiveParser.cpp	2425	llvm-jit	move
llvm/lib/ExecutionEngine/JITLink/COFFDirectiveParser.h	llvm-kain/src/jit/jitlink/COFFDirectiveParser.h	1479	llvm-jit	move
llvm/lib/ExecutionEngine/JITLink/COFFLinkGraphBuilder.cpp	llvm-kain/src/jit/jitlink/COFFLinkGraphBuilder.cpp	23368	llvm-jit	move
llvm/lib/ExecutionEngine/JITLink/COFFLinkGraphBuilder.h	llvm-kain/src/jit/jitlink/COFFLinkGraphBuilder.h	8566	llvm-jit	move
llvm/lib/ExecutionEngine/JITLink/COFFOptions.td	llvm-kain/src/jit/jitlink/COFFOptions.td	652	llvm-jit	move
llvm/lib/ExecutionEngine/JITLink/COFF_x86_64.cpp	llvm-kain/src/jit/jitlink/COFF_x86_64.cpp	14120	llvm-jit	move
llvm/lib/ExecutionEngine/JITLink/CompactUnwindSupport.cpp	llvm-kain/src/jit/jitlink/CompactUnwindSupport.cpp	3585	llvm-jit	move
llvm/lib/ExecutionEngine/JITLink/CompactUnwindSupport.h	llvm-kain/src/jit/jitlink/CompactUnwindSupport.h	26525	llvm-jit	move
llvm/lib/ExecutionEngine/JITLink/DefineExternalSectionStartAndEndSymbols.h	llvm-kain/src/jit/jitlink/DefineExternalSectionStartAndEndSymbols.h	5774	llvm-jit	move
llvm/lib/ExecutionEngine/JITLink/DWARFRecordSectionSplitter.cpp	llvm-kain/src/jit/jitlink/DWARFRecordSectionSplitter.cpp	3462	llvm-jit	move
llvm/lib/ExecutionEngine/JITLink/EHFrameSupport.cpp	llvm-kain/src/jit/jitlink/EHFrameSupport.cpp	23456	llvm-jit	move
llvm/lib/ExecutionEngine/JITLink/EHFrameSupportImpl.h	llvm-kain/src/jit/jitlink/EHFrameSupportImpl.h	4477	llvm-jit	move
llvm/lib/ExecutionEngine/JITLink/ELF.cpp	llvm-kain/src/jit/jitlink/ELF.cpp	5546	llvm-jit	move
llvm/lib/ExecutionEngine/JITLink/ELFLinkGraphBuilder.cpp	llvm-kain/src/jit/jitlink/ELFLinkGraphBuilder.cpp	1060	llvm-jit	move
llvm/lib/ExecutionEngine/JITLink/ELFLinkGraphBuilder.h	llvm-kain/src/jit/jitlink/ELFLinkGraphBuilder.h	23956	llvm-jit	move
llvm/lib/ExecutionEngine/JITLink/ELF_aarch32.cpp	llvm-kain/src/jit/jitlink/ELF_aarch32.cpp	11685	llvm-jit	move
llvm/lib/ExecutionEngine/JITLink/ELF_aarch64.cpp	llvm-kain/src/jit/jitlink/ELF_aarch64.cpp	24003	llvm-jit	move
llvm/lib/ExecutionEngine/JITLink/ELF_hexagon.cpp	llvm-kain/src/jit/jitlink/ELF_hexagon.cpp	8134	llvm-jit	move
llvm/lib/ExecutionEngine/JITLink/ELF_loongarch.cpp	llvm-kain/src/jit/jitlink/ELF_loongarch.cpp	27581	llvm-jit	move
llvm/lib/ExecutionEngine/JITLink/ELF_ppc64.cpp	llvm-kain/src/jit/jitlink/ELF_ppc64.cpp	19744	llvm-jit	move
llvm/lib/ExecutionEngine/JITLink/ELF_riscv.cpp	llvm-kain/src/jit/jitlink/ELF_riscv.cpp	37930	llvm-jit	move
llvm/lib/ExecutionEngine/JITLink/ELF_systemz.cpp	llvm-kain/src/jit/jitlink/ELF_systemz.cpp	15843	llvm-jit	move
llvm/lib/ExecutionEngine/JITLink/ELF_x86.cpp	llvm-kain/src/jit/jitlink/ELF_x86.cpp	9955	llvm-jit	move
llvm/lib/ExecutionEngine/JITLink/ELF_x86_64.cpp	llvm-kain/src/jit/jitlink/ELF_x86_64.cpp	13790	llvm-jit	move
llvm/lib/ExecutionEngine/JITLink/hexagon.cpp	llvm-kain/src/jit/jitlink/hexagon.cpp	1730	llvm-jit	move
llvm/lib/ExecutionEngine/JITLink/JITLink.cpp	llvm-kain/src/jit/jitlink/JITLink.cpp	18670	llvm-jit	move
llvm/lib/ExecutionEngine/JITLink/JITLinkGeneric.cpp	llvm-kain/src/jit/jitlink/JITLinkGeneric.cpp	11262	llvm-jit	move
llvm/lib/ExecutionEngine/JITLink/JITLinkGeneric.h	llvm-kain/src/jit/jitlink/JITLinkGeneric.h	7066	llvm-jit	move
llvm/lib/ExecutionEngine/JITLink/JITLinkMemoryManager.cpp	llvm-kain/src/jit/jitlink/JITLinkMemoryManager.cpp	17718	llvm-jit	move
llvm/lib/ExecutionEngine/JITLink/loongarch.cpp	llvm-kain/src/jit/jitlink/loongarch.cpp	2547	llvm-jit	move
llvm/lib/ExecutionEngine/JITLink/MachO.cpp	llvm-kain/src/jit/jitlink/MachO.cpp	5344	llvm-jit	move
llvm/lib/ExecutionEngine/JITLink/MachOLinkGraphBuilder.cpp	llvm-kain/src/jit/jitlink/MachOLinkGraphBuilder.cpp	26872	llvm-jit	move
llvm/lib/ExecutionEngine/JITLink/MachOLinkGraphBuilder.h	llvm-kain/src/jit/jitlink/MachOLinkGraphBuilder.h	8899	llvm-jit	move
llvm/lib/ExecutionEngine/JITLink/MachO_arm64.cpp	llvm-kain/src/jit/jitlink/MachO_arm64.cpp	27443	llvm-jit	move
llvm/lib/ExecutionEngine/JITLink/MachO_x86_64.cpp	llvm-kain/src/jit/jitlink/MachO_x86_64.cpp	22865	llvm-jit	move
llvm/lib/ExecutionEngine/JITLink/PerGraphGOTAndPLTStubsBuilder.h	llvm-kain/src/jit/jitlink/PerGraphGOTAndPLTStubsBuilder.h	4421	llvm-jit	move
llvm/lib/ExecutionEngine/JITLink/ppc64.cpp	llvm-kain/src/jit/jitlink/ppc64.cpp	4856	llvm-jit	move
llvm/lib/ExecutionEngine/JITLink/riscv.cpp	llvm-kain/src/jit/jitlink/riscv.cpp	2585	llvm-jit	move
llvm/lib/ExecutionEngine/JITLink/SEHFrameSupport.h	llvm-kain/src/jit/jitlink/SEHFrameSupport.h	2094	llvm-jit	move
llvm/lib/ExecutionEngine/JITLink/systemz.cpp	llvm-kain/src/jit/jitlink/systemz.cpp	4645	llvm-jit	move
llvm/lib/ExecutionEngine/JITLink/x86.cpp	llvm-kain/src/jit/jitlink/x86.cpp	2961	llvm-jit	move
llvm/lib/ExecutionEngine/JITLink/x86_64.cpp	llvm-kain/src/jit/jitlink/x86_64.cpp	8489	llvm-jit	move
llvm/lib/ExecutionEngine/JITLink/XCOFF.cpp	llvm-kain/src/jit/jitlink/XCOFF.cpp	1411	llvm-jit	move
llvm/lib/ExecutionEngine/JITLink/XCOFFLinkGraphBuilder.cpp	llvm-kain/src/jit/jitlink/XCOFFLinkGraphBuilder.cpp	15335	llvm-jit	move
llvm/lib/ExecutionEngine/JITLink/XCOFFLinkGraphBuilder.h	llvm-kain/src/jit/jitlink/XCOFFLinkGraphBuilder.h	1989	llvm-jit	move
llvm/lib/ExecutionEngine/JITLink/XCOFF_ppc64.cpp	llvm-kain/src/jit/jitlink/XCOFF_ppc64.cpp	3977	llvm-jit	move
llvm/lib/ExecutionEngine/Orc/AbsoluteSymbols.cpp	llvm-kain/src/jit/orc/AbsoluteSymbols.cpp	2071	llvm-jit	move
llvm/lib/ExecutionEngine/Orc/BacktraceTools.cpp	llvm-kain/src/jit/orc/BacktraceTools.cpp	4844	llvm-jit	move
llvm/lib/ExecutionEngine/Orc/CMakeLists.txt	llvm-kain/src/jit/orc/CMakeLists.txt	2143	llvm-jit	move
llvm/lib/ExecutionEngine/Orc/COFF.cpp	llvm-kain/src/jit/orc/COFF.cpp	1324	llvm-jit	move
llvm/lib/ExecutionEngine/Orc/COFFPlatform.cpp	llvm-kain/src/jit/orc/COFFPlatform.cpp	32092	llvm-jit	move
llvm/lib/ExecutionEngine/Orc/COFFVCRuntimeSupport.cpp	llvm-kain/src/jit/orc/COFFVCRuntimeSupport.cpp	7011	llvm-jit	move
llvm/lib/ExecutionEngine/Orc/CompileOnDemandLayer.cpp	llvm-kain/src/jit/orc/CompileOnDemandLayer.cpp	3789	llvm-jit	move
llvm/lib/ExecutionEngine/Orc/CompileUtils.cpp	llvm-kain/src/jit/orc/CompileUtils.cpp	2961	llvm-jit	move
llvm/lib/ExecutionEngine/Orc/Core.cpp	llvm-kain/src/jit/orc/Core.cpp	115126	llvm-jit	move
llvm/lib/ExecutionEngine/Orc/DebugUtils.cpp	llvm-kain/src/jit/orc/DebugUtils.cpp	10791	llvm-jit	move
llvm/lib/ExecutionEngine/Orc/EHFrameRegistrationPlugin.cpp	llvm-kain/src/jit/orc/EHFrameRegistrationPlugin.cpp	2489	llvm-jit	move
llvm/lib/ExecutionEngine/Orc/ELFNixPlatform.cpp	llvm-kain/src/jit/orc/ELFNixPlatform.cpp	45524	llvm-jit	move
llvm/lib/ExecutionEngine/Orc/EPCDynamicLibrarySearchGenerator.cpp	llvm-kain/src/jit/orc/EPCDynamicLibrarySearchGenerator.cpp	4029	llvm-jit	move
llvm/lib/ExecutionEngine/Orc/EPCGenericDylibManager.cpp	llvm-kain/src/jit/orc/EPCGenericDylibManager.cpp	5017	llvm-jit	move
llvm/lib/ExecutionEngine/Orc/EPCGenericJITLinkMemoryManager.cpp	llvm-kain/src/jit/orc/EPCGenericJITLinkMemoryManager.cpp	7185	llvm-jit	move
llvm/lib/ExecutionEngine/Orc/EPCGenericRTDyldMemoryManager.cpp	llvm-kain/src/jit/orc/EPCGenericRTDyldMemoryManager.cpp	11789	llvm-jit	move
llvm/lib/ExecutionEngine/Orc/EPCIndirectionUtils.cpp	llvm-kain/src/jit/orc/EPCIndirectionUtils.cpp	13983	llvm-jit	move
llvm/lib/ExecutionEngine/Orc/ExecutionUtils.cpp	llvm-kain/src/jit/orc/ExecutionUtils.cpp	20402	llvm-jit	move
llvm/lib/ExecutionEngine/Orc/ExecutorProcessControl.cpp	llvm-kain/src/jit/orc/ExecutorProcessControl.cpp	686	llvm-jit	move
llvm/lib/ExecutionEngine/Orc/ExecutorResolutionGenerator.cpp	llvm-kain/src/jit/orc/ExecutorResolutionGenerator.cpp	3201	llvm-jit	move
llvm/lib/ExecutionEngine/Orc/IndirectionUtils.cpp	llvm-kain/src/jit/orc/IndirectionUtils.cpp	15334	llvm-jit	move
llvm/lib/ExecutionEngine/Orc/InProcessMemoryAccess.cpp	llvm-kain/src/jit/orc/InProcessMemoryAccess.cpp	4287	llvm-jit	move
llvm/lib/ExecutionEngine/Orc/IRCompileLayer.cpp	llvm-kain/src/jit/orc/IRCompileLayer.cpp	1594	llvm-jit	move
llvm/lib/ExecutionEngine/Orc/IRPartitionLayer.cpp	llvm-kain/src/jit/orc/IRPartitionLayer.cpp	10783	llvm-jit	move
llvm/lib/ExecutionEngine/Orc/IRTransformLayer.cpp	llvm-kain/src/jit/orc/IRTransformLayer.cpp	1174	llvm-jit	move
llvm/lib/ExecutionEngine/Orc/JITLinkRedirectableSymbolManager.cpp	llvm-kain/src/jit/orc/JITLinkRedirectableSymbolManager.cpp	3626	llvm-jit	move
llvm/lib/ExecutionEngine/Orc/JITLinkReentryTrampolines.cpp	llvm-kain/src/jit/orc/JITLinkReentryTrampolines.cpp	6721	llvm-jit	move
llvm/lib/ExecutionEngine/Orc/JITTargetMachineBuilder.cpp	llvm-kain/src/jit/orc/JITTargetMachineBuilder.cpp	4008	llvm-jit	move
llvm/lib/ExecutionEngine/Orc/Layer.cpp	llvm-kain/src/jit/orc/Layer.cpp	8215	llvm-jit	move
llvm/lib/ExecutionEngine/Orc/LazyObjectLinkingLayer.cpp	llvm-kain/src/jit/orc/LazyObjectLinkingLayer.cpp	3816	llvm-jit	move
llvm/lib/ExecutionEngine/Orc/LazyReexports.cpp	llvm-kain/src/jit/orc/LazyReexports.cpp	21039	llvm-jit	move
llvm/lib/ExecutionEngine/Orc/LinkGraphLayer.cpp	llvm-kain/src/jit/orc/LinkGraphLayer.cpp	2899	llvm-jit	move
llvm/lib/ExecutionEngine/Orc/LinkGraphLinkingLayer.cpp	llvm-kain/src/jit/orc/LinkGraphLinkingLayer.cpp	23706	llvm-jit	move
llvm/lib/ExecutionEngine/Orc/LLJIT.cpp	llvm-kain/src/jit/orc/LLJIT.cpp	47350	llvm-jit	move
llvm/lib/ExecutionEngine/Orc/LoadLinkableFile.cpp	llvm-kain/src/jit/orc/LoadLinkableFile.cpp	5069	llvm-jit	move
llvm/lib/ExecutionEngine/Orc/LookupAndRecordAddrs.cpp	llvm-kain/src/jit/orc/LookupAndRecordAddrs.cpp	1867	llvm-jit	move
llvm/lib/ExecutionEngine/Orc/MachO.cpp	llvm-kain/src/jit/orc/MachO.cpp	15857	llvm-jit	move
llvm/lib/ExecutionEngine/Orc/MachOPlatform.cpp	llvm-kain/src/jit/orc/MachOPlatform.cpp	72825	llvm-jit	move
llvm/lib/ExecutionEngine/Orc/Mangling.cpp	llvm-kain/src/jit/orc/Mangling.cpp	2755	llvm-jit	move
llvm/lib/ExecutionEngine/Orc/MapperJITLinkMemoryManager.cpp	llvm-kain/src/jit/orc/MapperJITLinkMemoryManager.cpp	5775	llvm-jit	move
llvm/lib/ExecutionEngine/Orc/MemoryMapper.cpp	llvm-kain/src/jit/orc/MemoryMapper.cpp	14932	llvm-jit	move
llvm/lib/ExecutionEngine/Orc/ObjectFileInterface.cpp	llvm-kain/src/jit/orc/ObjectFileInterface.cpp	10595	llvm-jit	move
llvm/lib/ExecutionEngine/Orc/ObjectLinkingLayer.cpp	llvm-kain/src/jit/orc/ObjectLinkingLayer.cpp	1150	llvm-jit	move
llvm/lib/ExecutionEngine/Orc/ObjectTransformLayer.cpp	llvm-kain/src/jit/orc/ObjectTransformLayer.cpp	1441	llvm-jit	move
llvm/lib/ExecutionEngine/Orc/OrcABISupport.cpp	llvm-kain/src/jit/orc/OrcABISupport.cpp	56387	llvm-jit	move
llvm/lib/ExecutionEngine/Orc/OrcV2CBindings.cpp	llvm-kain/src/jit/orc/OrcV2CBindings.cpp	43822	llvm-jit	move
llvm/lib/ExecutionEngine/Orc/RedirectionManager.cpp	llvm-kain/src/jit/orc/RedirectionManager.cpp	838	llvm-jit	move
llvm/lib/ExecutionEngine/Orc/ReOptimizeLayer.cpp	llvm-kain/src/jit/orc/ReOptimizeLayer.cpp	12317	llvm-jit	move
llvm/lib/ExecutionEngine/Orc/RTDyldObjectLinkingLayer.cpp	llvm-kain/src/jit/orc/RTDyldObjectLinkingLayer.cpp	15064	llvm-jit	move
llvm/lib/ExecutionEngine/Orc/SectCreate.cpp	llvm-kain/src/jit/orc/SectCreate.cpp	1896	llvm-jit	move
llvm/lib/ExecutionEngine/Orc/SelfExecutorProcessControl.cpp	llvm-kain/src/jit/orc/SelfExecutorProcessControl.cpp	6719	llvm-jit	move
llvm/lib/ExecutionEngine/Orc/SimpleRemoteEPC.cpp	llvm-kain/src/jit/orc/SimpleRemoteEPC.cpp	15357	llvm-jit	move
llvm/lib/ExecutionEngine/Orc/SimpleRemoteMemoryMapper.cpp	llvm-kain/src/jit/orc/SimpleRemoteMemoryMapper.cpp	3843	llvm-jit	move
llvm/lib/ExecutionEngine/Orc/SpeculateAnalyses.cpp	llvm-kain/src/jit/orc/SpeculateAnalyses.cpp	9884	llvm-jit	move
llvm/lib/ExecutionEngine/Orc/Speculation.cpp	llvm-kain/src/jit/orc/Speculation.cpp	5867	llvm-jit	move
llvm/lib/ExecutionEngine/Orc/TaskDispatch.cpp	llvm-kain/src/jit/orc/TaskDispatch.cpp	3891	llvm-jit	move
llvm/lib/ExecutionEngine/Orc/ThreadSafeModule.cpp	llvm-kain/src/jit/orc/ThreadSafeModule.cpp	3881	llvm-jit	move
llvm/lib/ExecutionEngine/Orc/UnwindInfoRegistrationPlugin.cpp	llvm-kain/src/jit/orc/UnwindInfoRegistrationPlugin.cpp	4394	llvm-jit	move
llvm/lib/ExecutionEngine/Orc/Debugging/CMakeLists.txt	llvm-kain/src/jit/orc/Debugging/CMakeLists.txt	566	llvm-jit	move
llvm/lib/ExecutionEngine/Orc/Debugging/DebuggerSupport.cpp	llvm-kain/src/jit/orc/Debugging/DebuggerSupport.cpp	2172	llvm-jit	move
llvm/lib/ExecutionEngine/Orc/Debugging/DebuggerSupportPlugin.cpp	llvm-kain/src/jit/orc/Debugging/DebuggerSupportPlugin.cpp	14941	llvm-jit	move
llvm/lib/ExecutionEngine/Orc/Debugging/DebugInfoSupport.cpp	llvm-kain/src/jit/orc/Debugging/DebugInfoSupport.cpp	4205	llvm-jit	move
llvm/lib/ExecutionEngine/Orc/Debugging/ELFDebugObjectPlugin.cpp	llvm-kain/src/jit/orc/Debugging/ELFDebugObjectPlugin.cpp	15297	llvm-jit	move
llvm/lib/ExecutionEngine/Orc/Debugging/LLJITUtilsCBindings.cpp	llvm-kain/src/jit/orc/Debugging/LLJITUtilsCBindings.cpp	775	llvm-jit	move
llvm/lib/ExecutionEngine/Orc/Debugging/PerfSupportPlugin.cpp	llvm-kain/src/jit/orc/Debugging/PerfSupportPlugin.cpp	11839	llvm-jit	move
llvm/lib/ExecutionEngine/Orc/Debugging/VTuneSupportPlugin.cpp	llvm-kain/src/jit/orc/Debugging/VTuneSupportPlugin.cpp	6596	llvm-jit	move
llvm/lib/ExecutionEngine/Orc/Shared/AllocationActions.cpp	llvm-kain/src/jit/orc/Shared/AllocationActions.cpp	1285	llvm-jit	move
llvm/lib/ExecutionEngine/Orc/Shared/CMakeLists.txt	llvm-kain/src/jit/orc/Shared/CMakeLists.txt	373	llvm-jit	move
llvm/lib/ExecutionEngine/Orc/Shared/MachOObjectFormat.cpp	llvm-kain/src/jit/orc/Shared/MachOObjectFormat.cpp	3943	llvm-jit	move
llvm/lib/ExecutionEngine/Orc/Shared/ObjectFormats.cpp	llvm-kain/src/jit/orc/Shared/ObjectFormats.cpp	2089	llvm-jit	move
llvm/lib/ExecutionEngine/Orc/Shared/OrcError.cpp	llvm-kain/src/jit/orc/Shared/OrcError.cpp	4534	llvm-jit	move
llvm/lib/ExecutionEngine/Orc/Shared/OrcRTBridge.cpp	llvm-kain/src/jit/orc/Shared/OrcRTBridge.cpp	4844	llvm-jit	move
llvm/lib/ExecutionEngine/Orc/Shared/SimpleRemoteEPCUtils.cpp	llvm-kain/src/jit/orc/Shared/SimpleRemoteEPCUtils.cpp	8776	llvm-jit	move
llvm/lib/ExecutionEngine/Orc/Shared/SymbolStringPool.cpp	llvm-kain/src/jit/orc/Shared/SymbolStringPool.cpp	621	llvm-jit	move
llvm/lib/ExecutionEngine/Orc/TargetProcess/CMakeLists.txt	llvm-kain/src/jit/orc/TargetProcess/CMakeLists.txt	1660	llvm-jit	move
llvm/lib/ExecutionEngine/Orc/TargetProcess/DefaultHostBootstrapValues.cpp	llvm-kain/src/jit/orc/TargetProcess/DefaultHostBootstrapValues.cpp	1532	llvm-jit	move
llvm/lib/ExecutionEngine/Orc/TargetProcess/ExecutorResolver.cpp	llvm-kain/src/jit/orc/TargetProcess/ExecutorResolver.cpp	1327	llvm-jit	move
llvm/lib/ExecutionEngine/Orc/TargetProcess/ExecutorSharedMemoryMapperService.cpp	llvm-kain/src/jit/orc/TargetProcess/ExecutorSharedMemoryMapperService.cpp	11744	llvm-jit	move
llvm/lib/ExecutionEngine/Orc/TargetProcess/JITLoaderGDB.cpp	llvm-kain/src/jit/orc/TargetProcess/JITLoaderGDB.cpp	3109	llvm-jit	move
llvm/lib/ExecutionEngine/Orc/TargetProcess/JITLoaderPerf.cpp	llvm-kain/src/jit/orc/TargetProcess/JITLoaderPerf.cpp	15450	llvm-jit	move
llvm/lib/ExecutionEngine/Orc/TargetProcess/JITLoaderVTune.cpp	llvm-kain/src/jit/orc/TargetProcess/JITLoaderVTune.cpp	7699	llvm-jit	move
llvm/lib/ExecutionEngine/Orc/TargetProcess/LibraryResolver.cpp	llvm-kain/src/jit/orc/TargetProcess/LibraryResolver.cpp	13400	llvm-jit	move
llvm/lib/ExecutionEngine/Orc/TargetProcess/LibraryScanner.cpp	llvm-kain/src/jit/orc/TargetProcess/LibraryScanner.cpp	37214	llvm-jit	move
llvm/lib/ExecutionEngine/Orc/TargetProcess/OrcRTBootstrap.cpp	llvm-kain/src/jit/orc/TargetProcess/OrcRTBootstrap.cpp	8214	llvm-jit	move
llvm/lib/ExecutionEngine/Orc/TargetProcess/OrcRTBootstrap.h	llvm-kain/src/jit/orc/TargetProcess/OrcRTBootstrap.h	1287	llvm-jit	move
llvm/lib/ExecutionEngine/Orc/TargetProcess/RegisterEHFrames.cpp	llvm-kain/src/jit/orc/TargetProcess/RegisterEHFrames.cpp	6066	llvm-jit	move
llvm/lib/ExecutionEngine/Orc/TargetProcess/SimpleExecutorDylibManager.cpp	llvm-kain/src/jit/orc/TargetProcess/SimpleExecutorDylibManager.cpp	4115	llvm-jit	move
llvm/lib/ExecutionEngine/Orc/TargetProcess/SimpleExecutorMemoryManager.cpp	llvm-kain/src/jit/orc/TargetProcess/SimpleExecutorMemoryManager.cpp	12774	llvm-jit	move
llvm/lib/ExecutionEngine/Orc/TargetProcess/SimpleRemoteEPCServer.cpp	llvm-kain/src/jit/orc/TargetProcess/SimpleRemoteEPCServer.cpp	10447	llvm-jit	move
llvm/lib/ExecutionEngine/Orc/TargetProcess/TargetExecutionUtils.cpp	llvm-kain/src/jit/orc/TargetProcess/TargetExecutionUtils.cpp	1585	llvm-jit	move
llvm/lib/ExecutionEngine/Orc/TargetProcess/UnwindInfoManager.cpp	llvm-kain/src/jit/orc/TargetProcess/UnwindInfoManager.cpp	5756	llvm-jit	move
llvm/lib/IR/AbstractCallSite.cpp	llvm-kain/src/core/ir/AbstractCallSite.cpp	5225	llvm-core	move
llvm/lib/IR/AsmWriter.cpp	llvm-kain/src/core/ir/AsmWriter.cpp	182249	llvm-core	move
llvm/lib/IR/Assumptions.cpp	llvm-kain/src/core/ir/Assumptions.cpp	3667	llvm-core	move
llvm/lib/IR/AttributeImpl.h	llvm-kain/src/core/ir/AttributeImpl.h	13666	llvm-core	move
llvm/lib/IR/Attributes.cpp	llvm-kain/src/core/ir/Attributes.cpp	93703	llvm-core	move
llvm/lib/IR/BasicBlock.cpp	llvm-kain/src/core/ir/BasicBlock.cpp	37330	llvm-core	move
llvm/lib/IR/BundleAttributes.cpp	llvm-kain/src/core/ir/BundleAttributes.cpp	3591	llvm-core	move
llvm/lib/IR/CMakeLists.txt	llvm-kain/src/core/ir/CMakeLists.txt	1906	llvm-core	move
llvm/lib/IR/Comdat.cpp	llvm-kain/src/core/ir/Comdat.cpp	2578	llvm-core	move
llvm/lib/IR/ConstantFold.cpp	llvm-kain/src/core/ir/ConstantFold.cpp	53981	llvm-core	move
llvm/lib/IR/ConstantFPRange.cpp	llvm-kain/src/core/ir/ConstantFPRange.cpp	25933	llvm-core	move
llvm/lib/IR/ConstantRange.cpp	llvm-kain/src/core/ir/ConstantRange.cpp	82712	llvm-core	move
llvm/lib/IR/ConstantRangeList.cpp	llvm-kain/src/core/ir/ConstantRangeList.cpp	8748	llvm-core	move
llvm/lib/IR/Constants.cpp	llvm-kain/src/core/ir/Constants.cpp	133774	llvm-core	move
llvm/lib/IR/ConstantsContext.h	llvm-kain/src/core/ir/ConstantsContext.h	24153	llvm-core	move
llvm/lib/IR/Core.cpp	llvm-kain/src/core/ir/Core.cpp	167456	llvm-core	move
llvm/lib/IR/CycleInfo.cpp	llvm-kain/src/core/ir/CycleInfo.cpp	587	llvm-core	move
llvm/lib/IR/DataLayout.cpp	llvm-kain/src/core/ir/DataLayout.cpp	43257	llvm-core	move
llvm/lib/IR/DebugInfo.cpp	llvm-kain/src/core/ir/DebugInfo.cpp	95963	llvm-core	move
llvm/lib/IR/DebugInfoMetadata.cpp	llvm-kain/src/core/ir/DebugInfoMetadata.cpp	107157	llvm-core	move
llvm/lib/IR/DebugLoc.cpp	llvm-kain/src/core/ir/DebugLoc.cpp	6629	llvm-core	move
llvm/lib/IR/DebugProgramInstruction.cpp	llvm-kain/src/core/ir/DebugProgramInstruction.cpp	28651	llvm-core	move
llvm/lib/IR/DiagnosticHandler.cpp	llvm-kain/src/core/ir/DiagnosticHandler.cpp	3617	llvm-core	move
llvm/lib/IR/DiagnosticInfo.cpp	llvm-kain/src/core/ir/DiagnosticInfo.cpp	20404	llvm-core	move
llvm/lib/IR/DiagnosticPrinter.cpp	llvm-kain/src/core/ir/DiagnosticPrinter.cpp	3134	llvm-core	move
llvm/lib/IR/DIBuilder.cpp	llvm-kain/src/core/ir/DIBuilder.cpp	60052	llvm-core	move
llvm/lib/IR/DIExpressionOptimizer.cpp	llvm-kain/src/core/ir/DIExpressionOptimizer.cpp	12540	llvm-core	move
llvm/lib/IR/Dominators.cpp	llvm-kain/src/core/ir/Dominators.cpp	15785	llvm-core	move
llvm/lib/IR/EHPersonalities.cpp	llvm-kain/src/core/ir/EHPersonalities.cpp	6976	llvm-core	move
llvm/lib/IR/FPEnv.cpp	llvm-kain/src/core/ir/FPEnv.cpp	4119	llvm-core	move
llvm/lib/IR/Function.cpp	llvm-kain/src/core/ir/Function.cpp	39830	llvm-core	move
llvm/lib/IR/Globals.cpp	llvm-kain/src/core/ir/Globals.cpp	25367	llvm-core	move
llvm/lib/IR/GVMaterializer.cpp	llvm-kain/src/core/ir/GVMaterializer.cpp	648	llvm-core	move
llvm/lib/IR/InlineAsm.cpp	llvm-kain/src/core/ir/InlineAsm.cpp	11347	llvm-core	move
llvm/lib/IR/Instruction.cpp	llvm-kain/src/core/ir/Instruction.cpp	54352	llvm-core	move
llvm/lib/IR/Instructions.cpp	llvm-kain/src/core/ir/Instructions.cpp	168212	llvm-core	move
llvm/lib/IR/IntrinsicInst.cpp	llvm-kain/src/core/ir/IntrinsicInst.cpp	30613	llvm-core	move
llvm/lib/IR/Intrinsics.cpp	llvm-kain/src/core/ir/Intrinsics.cpp	55362	llvm-core	move
llvm/lib/IR/IRBuilder.cpp	llvm-kain/src/core/ir/IRBuilder.cpp	59575	llvm-core	move
llvm/lib/IR/IRPrintingPasses.cpp	llvm-kain/src/core/ir/IRPrintingPasses.cpp	3937	llvm-core	move
llvm/lib/IR/LLVMContext.cpp	llvm-kain/src/core/ir/LLVMContext.cpp	12466	llvm-core	move
llvm/lib/IR/LLVMContextImpl.cpp	llvm-kain/src/core/ir/LLVMContextImpl.cpp	8159	llvm-core	move
llvm/lib/IR/LLVMContextImpl.h	llvm-kain/src/core/ir/LLVMContextImpl.h	71219	llvm-core	move
llvm/lib/IR/LLVMRemarkStreamer.cpp	llvm-kain/src/core/ir/LLVMRemarkStreamer.cpp	7045	llvm-core	move
llvm/lib/IR/Mangler.cpp	llvm-kain/src/core/ir/Mangler.cpp	11337	llvm-core	move
llvm/lib/IR/MDBuilder.cpp	llvm-kain/src/core/ir/MDBuilder.cpp	13947	llvm-core	move
llvm/lib/IR/MemoryModelRelaxationAnnotations.cpp	llvm-kain/src/core/ir/MemoryModelRelaxationAnnotations.cpp	5639	llvm-core	move
llvm/lib/IR/Metadata.cpp	llvm-kain/src/core/ir/Metadata.cpp	64057	llvm-core	move
llvm/lib/IR/MetadataImpl.h	llvm-kain/src/core/ir/MetadataImpl.h	1468	llvm-core	move
llvm/lib/IR/Module.cpp	llvm-kain/src/core/ir/Module.cpp	34803	llvm-core	move
llvm/lib/IR/ModuleSummaryIndex.cpp	llvm-kain/src/core/ir/ModuleSummaryIndex.cpp	28151	llvm-core	move
llvm/lib/IR/Operator.cpp	llvm-kain/src/core/ir/Operator.cpp	11982	llvm-core	move
llvm/lib/IR/Pass.cpp	llvm-kain/src/core/ir/Pass.cpp	9260	llvm-core	move
llvm/lib/IR/PassInstrumentation.cpp	llvm-kain/src/core/ir/PassInstrumentation.cpp	1905	llvm-core	move
llvm/lib/IR/PassManager.cpp	llvm-kain/src/core/ir/PassManager.cpp	6397	llvm-core	move
llvm/lib/IR/PassRegistry.cpp	llvm-kain/src/core/ir/PassRegistry.cpp	2487	llvm-core	move
llvm/lib/IR/PassTimingInfo.cpp	llvm-kain/src/core/ir/PassTimingInfo.cpp	10990	llvm-core	move
llvm/lib/IR/PatternMatch.cpp	llvm-kain/src/core/ir/PatternMatch.cpp	1598	llvm-core	move
llvm/lib/IR/PrintPasses.cpp	llvm-kain/src/core/ir/PrintPasses.cpp	12445	llvm-core	move
llvm/lib/IR/ProfDataUtils.cpp	llvm-kain/src/core/ir/ProfDataUtils.cpp	15093	llvm-core	move
llvm/lib/IR/ProfileSummary.cpp	llvm-kain/src/core/ir/ProfileSummary.cpp	11140	llvm-core	move
llvm/lib/IR/ReplaceConstant.cpp	llvm-kain/src/core/ir/ReplaceConstant.cpp	5099	llvm-core	move
llvm/lib/IR/RuntimeLibcalls.cpp	llvm-kain/src/core/ir/RuntimeLibcalls.cpp	20935	llvm-core	move
llvm/lib/IR/SSAContext.cpp	llvm-kain/src/core/ir/SSAContext.cpp	3234	llvm-core	move
llvm/lib/IR/StructuralHash.cpp	llvm-kain/src/core/ir/StructuralHash.cpp	12252	llvm-core	move
llvm/lib/IR/SymbolTableListTraitsImpl.h	llvm-kain/src/core/ir/SymbolTableListTraitsImpl.h	4432	llvm-core	move
llvm/lib/IR/Type.cpp	llvm-kain/src/core/ir/Type.cpp	42198	llvm-core	move
llvm/lib/IR/TypeFinder.cpp	llvm-kain/src/core/ir/TypeFinder.cpp	6676	llvm-core	move
llvm/lib/IR/Use.cpp	llvm-kain/src/core/ir/Use.cpp	1008	llvm-core	move
llvm/lib/IR/User.cpp	llvm-kain/src/core/ir/User.cpp	9665	llvm-core	move
llvm/lib/IR/Value.cpp	llvm-kain/src/core/ir/Value.cpp	47758	llvm-core	move
llvm/lib/IR/ValueSymbolTable.cpp	llvm-kain/src/core/ir/ValueSymbolTable.cpp	4965	llvm-core	move
llvm/lib/IR/VectorTypeUtils.cpp	llvm-kain/src/core/ir/VectorTypeUtils.cpp	2564	llvm-core	move
llvm/lib/IR/Verifier.cpp	llvm-kain/src/core/ir/Verifier.cpp	322394	llvm-core	move
llvm/lib/IR/VerifierInternal.h	llvm-kain/src/core/ir/VerifierInternal.h	5996	llvm-core	move
llvm/lib/IR/VFABIDemangler.cpp	llvm-kain/src/core/ir/VFABIDemangler.cpp	24118	llvm-core	move
llvm/lib/IRPrinter/CMakeLists.txt	llvm-kain/src/core/ir/CMakeLists.txt	211	llvm-core	move
llvm/lib/IRPrinter/IRPrintingPasses.cpp	llvm-kain/src/core/ir/IRPrintingPasses.cpp	2636	llvm-core	move
llvm/lib/IRReader/CMakeLists.txt	llvm-kain/src/core/ir/CMakeLists.txt	214	llvm-core	move
llvm/lib/IRReader/IRReader.cpp	llvm-kain/src/core/ir/IRReader.cpp	5596	llvm-core	move
llvm/lib/Linker/CMakeLists.txt	llvm-kain/src/core/linker/CMakeLists.txt	244	llvm-core	move
llvm/lib/Linker/IRMover.cpp	llvm-kain/src/core/linker/IRMover.cpp	65495	llvm-core	move
llvm/lib/Linker/LinkDiagnosticInfo.h	llvm-kain/src/core/linker/LinkDiagnosticInfo.h	774	llvm-core	move
llvm/lib/Linker/LinkModules.cpp	llvm-kain/src/core/linker/LinkModules.cpp	22969	llvm-core	move
llvm/lib/MC/CMakeLists.txt	llvm-kain/src/core/mc/CMakeLists.txt	1818	llvm-core	move
llvm/lib/MC/ConstantPools.cpp	llvm-kain/src/core/mc/ConstantPools.cpp	4333	llvm-core	move
llvm/lib/MC/DXContainerInfo.cpp	llvm-kain/src/core/mc/DXContainerInfo.cpp	11280	llvm-core	move
llvm/lib/MC/DXContainerPSVInfo.cpp	llvm-kain/src/core/mc/DXContainerPSVInfo.cpp	9102	llvm-core	move
llvm/lib/MC/DXContainerRootSignature.cpp	llvm-kain/src/core/mc/DXContainerRootSignature.cpp	7658	llvm-core	move
llvm/lib/MC/ELFObjectWriter.cpp	llvm-kain/src/core/mc/ELFObjectWriter.cpp	47506	llvm-core	move
llvm/lib/MC/GOFFObjectWriter.cpp	llvm-kain/src/core/mc/GOFFObjectWriter.cpp	28976	llvm-core	move
llvm/lib/MC/MachObjectWriter.cpp	llvm-kain/src/core/mc/MachObjectWriter.cpp	40424	llvm-core	move
llvm/lib/MC/MCAsmBackend.cpp	llvm-kain/src/core/mc/MCAsmBackend.cpp	5190	llvm-core	move
llvm/lib/MC/MCAsmInfo.cpp	llvm-kain/src/core/mc/MCAsmInfo.cpp	4956	llvm-core	move
llvm/lib/MC/MCAsmInfoCOFF.cpp	llvm-kain/src/core/mc/MCAsmInfoCOFF.cpp	5604	llvm-core	move
llvm/lib/MC/MCAsmInfoDarwin.cpp	llvm-kain/src/core/mc/MCAsmInfoDarwin.cpp	3055	llvm-core	move
llvm/lib/MC/MCAsmInfoELF.cpp	llvm-kain/src/core/mc/MCAsmInfoELF.cpp	6994	llvm-core	move
llvm/lib/MC/MCAsmInfoGOFF.cpp	llvm-kain/src/core/mc/MCAsmInfoGOFF.cpp	5962	llvm-core	move
llvm/lib/MC/MCAsmInfoWasm.cpp	llvm-kain/src/core/mc/MCAsmInfoWasm.cpp	2813	llvm-core	move
llvm/lib/MC/MCAsmInfoXCOFF.cpp	llvm-kain/src/core/mc/MCAsmInfoXCOFF.cpp	6185	llvm-core	move
llvm/lib/MC/MCAsmMacro.cpp	llvm-kain/src/core/mc/MCAsmMacro.cpp	1260	llvm-core	move
llvm/lib/MC/MCAsmStreamer.cpp	llvm-kain/src/core/mc/MCAsmStreamer.cpp	97510	llvm-core	move
llvm/lib/MC/MCAssembler.cpp	llvm-kain/src/core/mc/MCAssembler.cpp	39947	llvm-core	move
llvm/lib/MC/MCCodeEmitter.cpp	llvm-kain/src/core/mc/MCCodeEmitter.cpp	1144	llvm-core	move
llvm/lib/MC/MCCodeView.cpp	llvm-kain/src/core/mc/MCCodeView.cpp	25841	llvm-core	move
llvm/lib/MC/MCContext.cpp	llvm-kain/src/core/mc/MCContext.cpp	43379	llvm-core	move
llvm/lib/MC/MCDwarf.cpp	llvm-kain/src/core/mc/MCDwarf.cpp	83029	llvm-core	move
llvm/lib/MC/MCDXContainerStreamer.cpp	llvm-kain/src/core/mc/MCDXContainerStreamer.cpp	991	llvm-core	move
llvm/lib/MC/MCDXContainerWriter.cpp	llvm-kain/src/core/mc/MCDXContainerWriter.cpp	5303	llvm-core	move
llvm/lib/MC/MCELFObjectTargetWriter.cpp	llvm-kain/src/core/mc/MCELFObjectTargetWriter.cpp	956	llvm-core	move
llvm/lib/MC/MCELFStreamer.cpp	llvm-kain/src/core/mc/MCELFStreamer.cpp	20159	llvm-core	move
llvm/lib/MC/MCExpr.cpp	llvm-kain/src/core/mc/MCExpr.cpp	26110	llvm-core	move
llvm/lib/MC/MCFragment.cpp	llvm-kain/src/core/mc/MCFragment.cpp	6752	llvm-core	move
llvm/lib/MC/MCGOFFStreamer.cpp	llvm-kain/src/core/mc/MCGOFFStreamer.cpp	3178	llvm-core	move
llvm/lib/MC/MCInst.cpp	llvm-kain/src/core/mc/MCInst.cpp	3243	llvm-core	move
llvm/lib/MC/MCInstPrinter.cpp	llvm-kain/src/core/mc/MCInstPrinter.cpp	9651	llvm-core	move
llvm/lib/MC/MCInstrAnalysis.cpp	llvm-kain/src/core/mc/MCInstrAnalysis.cpp	1372	llvm-core	move
llvm/lib/MC/MCInstrDesc.cpp	llvm-kain/src/core/mc/MCInstrDesc.cpp	2172	llvm-core	move
llvm/lib/MC/MCInstrInfo.cpp	llvm-kain/src/core/mc/MCInstrInfo.cpp	1058	llvm-core	move
llvm/lib/MC/MCLabel.cpp	llvm-kain/src/core/mc/MCLabel.cpp	772	llvm-core	move
llvm/lib/MC/MCLFI.cpp	llvm-kain/src/core/mc/MCLFI.cpp	3023	llvm-core	move
llvm/lib/MC/MCLFIRewriter.cpp	llvm-kain/src/core/mc/MCLFIRewriter.cpp	2110	llvm-core	move
llvm/lib/MC/MCLinkerOptimizationHint.cpp	llvm-kain/src/core/mc/MCLinkerOptimizationHint.cpp	1955	llvm-core	move
llvm/lib/MC/MCMachObjectTargetWriter.cpp	llvm-kain/src/core/mc/MCMachObjectTargetWriter.cpp	780	llvm-core	move
llvm/lib/MC/MCMachOStreamer.cpp	llvm-kain/src/core/mc/MCMachOStreamer.cpp	19931	llvm-core	move
llvm/lib/MC/MCNullStreamer.cpp	llvm-kain/src/core/mc/MCNullStreamer.cpp	1680	llvm-core	move
llvm/lib/MC/MCObjectFileInfo.cpp	llvm-kain/src/core/mc/MCObjectFileInfo.cpp	63292	llvm-core	move
llvm/lib/MC/MCObjectStreamer.cpp	llvm-kain/src/core/mc/MCObjectStreamer.cpp	29134	llvm-core	move
llvm/lib/MC/MCObjectWriter.cpp	llvm-kain/src/core/mc/MCObjectWriter.cpp	2166	llvm-core	move
llvm/lib/MC/MCPseudoProbe.cpp	llvm-kain/src/core/mc/MCPseudoProbe.cpp	27269	llvm-core	move
llvm/lib/MC/MCRegisterInfo.cpp	llvm-kain/src/core/mc/MCRegisterInfo.cpp	7591	llvm-core	move
llvm/lib/MC/MCSchedule.cpp	llvm-kain/src/core/mc/MCSchedule.cpp	10067	llvm-core	move
llvm/lib/MC/MCSection.cpp	llvm-kain/src/core/mc/MCSection.cpp	4062	llvm-core	move
llvm/lib/MC/MCSectionMachO.cpp	llvm-kain/src/core/mc/MCSectionMachO.cpp	12130	llvm-core	move
llvm/lib/MC/MCSFrame.cpp	llvm-kain/src/core/mc/MCSFrame.cpp	24406	llvm-core	move
llvm/lib/MC/MCSPIRVStreamer.cpp	llvm-kain/src/core/mc/MCSPIRVStreamer.cpp	1095	llvm-core	move
llvm/lib/MC/MCStreamer.cpp	llvm-kain/src/core/mc/MCStreamer.cpp	63979	llvm-core	move
llvm/lib/MC/MCSubtargetInfo.cpp	llvm-kain/src/core/mc/MCSubtargetInfo.cpp	13948	llvm-core	move
llvm/lib/MC/MCSymbol.cpp	llvm-kain/src/core/mc/MCSymbol.cpp	3727	llvm-core	move
llvm/lib/MC/MCSymbolELF.cpp	llvm-kain/src/core/mc/MCSymbolELF.cpp	5009	llvm-core	move
llvm/lib/MC/MCSymbolGOFF.cpp	llvm-kain/src/core/mc/MCSymbolGOFF.cpp	1822	llvm-core	move
llvm/lib/MC/MCSymbolXCOFF.cpp	llvm-kain/src/core/mc/MCSymbolXCOFF.cpp	1292	llvm-core	move
llvm/lib/MC/MCTargetOptions.cpp	llvm-kain/src/core/mc/MCTargetOptions.cpp	1208	llvm-core	move
llvm/lib/MC/MCTargetOptionsCommandFlags.cpp	llvm-kain/src/core/mc/MCTargetOptionsCommandFlags.cpp	9312	llvm-core	move
llvm/lib/MC/MCValue.cpp	llvm-kain/src/core/mc/MCValue.cpp	1153	llvm-core	move
llvm/lib/MC/MCWasmObjectTargetWriter.cpp	llvm-kain/src/core/mc/MCWasmObjectTargetWriter.cpp	727	llvm-core	move
llvm/lib/MC/MCWasmStreamer.cpp	llvm-kain/src/core/mc/MCWasmStreamer.cpp	5142	llvm-core	move
llvm/lib/MC/MCWin64EH.cpp	llvm-kain/src/core/mc/MCWin64EH.cpp	129594	llvm-core	move
llvm/lib/MC/MCWinCOFFStreamer.cpp	llvm-kain/src/core/mc/MCWinCOFFStreamer.cpp	14924	llvm-core	move
llvm/lib/MC/MCWinEH.cpp	llvm-kain/src/core/mc/MCWinEH.cpp	489	llvm-core	move
llvm/lib/MC/MCXCOFFObjectTargetWriter.cpp	llvm-kain/src/core/mc/MCXCOFFObjectTargetWriter.cpp	596	llvm-core	move
llvm/lib/MC/MCXCOFFStreamer.cpp	llvm-kain/src/core/mc/MCXCOFFStreamer.cpp	5902	llvm-core	move
llvm/lib/MC/SPIRVObjectWriter.cpp	llvm-kain/src/core/mc/SPIRVObjectWriter.cpp	1861	llvm-core	move
llvm/lib/MC/StringTableBuilder.cpp	llvm-kain/src/core/mc/StringTableBuilder.cpp	6932	llvm-core	move
llvm/lib/MC/TargetRegistry.cpp	llvm-kain/src/core/mc/TargetRegistry.cpp	8047	llvm-core	move
llvm/lib/MC/WasmObjectWriter.cpp	llvm-kain/src/core/mc/WasmObjectWriter.cpp	70769	llvm-core	move
llvm/lib/MC/WinCOFFObjectWriter.cpp	llvm-kain/src/core/mc/WinCOFFObjectWriter.cpp	44663	llvm-core	move
llvm/lib/MC/XCOFFObjectWriter.cpp	llvm-kain/src/core/mc/XCOFFObjectWriter.cpp	66451	llvm-core	move
llvm/lib/MC/MCDisassembler/CMakeLists.txt	llvm-kain/src/core/mc/MCDisassembler/CMakeLists.txt	208	llvm-core	move
llvm/lib/MC/MCDisassembler/Disassembler.cpp	llvm-kain/src/core/mc/MCDisassembler/Disassembler.cpp	11359	llvm-core	move
llvm/lib/MC/MCDisassembler/Disassembler.h	llvm-kain/src/core/mc/MCDisassembler/Disassembler.h	5225	llvm-core	move
llvm/lib/MC/MCDisassembler/MCDisassembler.cpp	llvm-kain/src/core/mc/MCDisassembler/MCDisassembler.cpp	3606	llvm-core	move
llvm/lib/MC/MCDisassembler/MCExternalSymbolizer.cpp	llvm-kain/src/core/mc/MCDisassembler/MCExternalSymbolizer.cpp	8199	llvm-core	move
llvm/lib/MC/MCDisassembler/MCRelocationInfo.cpp	llvm-kain/src/core/mc/MCDisassembler/MCRelocationInfo.cpp	1058	llvm-core	move
llvm/lib/MC/MCDisassembler/MCSymbolizer.cpp	llvm-kain/src/core/mc/MCDisassembler/MCSymbolizer.cpp	484	llvm-core	move
llvm/lib/MC/MCParser/AsmLexer.cpp	llvm-kain/src/core/mc/MCParser/AsmLexer.cpp	33322	llvm-core	move
llvm/lib/MC/MCParser/AsmParser.cpp	llvm-kain/src/core/mc/MCParser/AsmParser.cpp	214855	llvm-core	move
llvm/lib/MC/MCParser/CMakeLists.txt	llvm-kain/src/core/mc/MCParser/CMakeLists.txt	442	llvm-core	move
llvm/lib/MC/MCParser/COFFAsmParser.cpp	llvm-kain/src/core/mc/MCParser/COFFAsmParser.cpp	24940	llvm-core	move
llvm/lib/MC/MCParser/COFFMasmParser.cpp	llvm-kain/src/core/mc/MCParser/COFFMasmParser.cpp	22794	llvm-core	move
llvm/lib/MC/MCParser/DarwinAsmParser.cpp	llvm-kain/src/core/mc/MCParser/DarwinAsmParser.cpp	44111	llvm-core	move
llvm/lib/MC/MCParser/ELFAsmParser.cpp	llvm-kain/src/core/mc/MCParser/ELFAsmParser.cpp	29620	llvm-core	move
llvm/lib/MC/MCParser/GOFFAsmParser.cpp	llvm-kain/src/core/mc/MCParser/GOFFAsmParser.cpp	1102	llvm-core	move
llvm/lib/MC/MCParser/LFIAsmParser.cpp	llvm-kain/src/core/mc/MCParser/LFIAsmParser.cpp	2087	llvm-core	move
llvm/lib/MC/MCParser/MasmParser.cpp	llvm-kain/src/core/mc/MCParser/MasmParser.cpp	212166	llvm-core	move
llvm/lib/MC/MCParser/MCAsmParser.cpp	llvm-kain/src/core/mc/MCParser/MCAsmParser.cpp	5019	llvm-core	move
llvm/lib/MC/MCParser/MCAsmParserExtension.cpp	llvm-kain/src/core/mc/MCParser/MCAsmParserExtension.cpp	2566	llvm-core	move
llvm/lib/MC/MCParser/MCTargetAsmParser.cpp	llvm-kain/src/core/mc/MCParser/MCTargetAsmParser.cpp	2325	llvm-core	move
llvm/lib/MC/MCParser/WasmAsmParser.cpp	llvm-kain/src/core/mc/MCParser/WasmAsmParser.cpp	10644	llvm-core	move
llvm/lib/MC/MCParser/XCOFFAsmParser.cpp	llvm-kain/src/core/mc/MCParser/XCOFFAsmParser.cpp	1612	llvm-core	move
llvm/lib/Object/Archive.cpp	llvm-kain/src/core/object/Archive.cpp	58301	llvm-core	move
llvm/lib/Object/ArchiveWriter.cpp	llvm-kain/src/core/object/ArchiveWriter.cpp	53437	llvm-core	move
llvm/lib/Object/BBAddrMap.cpp	llvm-kain/src/core/object/BBAddrMap.cpp	9150	llvm-core	move
llvm/lib/Object/Binary.cpp	llvm-kain/src/core/object/Binary.cpp	4707	llvm-core	move
llvm/lib/Object/BuildID.cpp	llvm-kain/src/core/object/BuildID.cpp	3612	llvm-core	move
llvm/lib/Object/CMakeLists.txt	llvm-kain/src/core/object/CMakeLists.txt	977	llvm-core	move
llvm/lib/Object/COFFImportFile.cpp	llvm-kain/src/core/object/COFFImportFile.cpp	26413	llvm-core	move
llvm/lib/Object/COFFModuleDefinition.cpp	llvm-kain/src/core/object/COFFModuleDefinition.cpp	10644	llvm-core	move
llvm/lib/Object/COFFObjectFile.cpp	llvm-kain/src/core/object/COFFObjectFile.cpp	86888	llvm-core	move
llvm/lib/Object/Decompressor.cpp	llvm-kain/src/core/object/Decompressor.cpp	2557	llvm-core	move
llvm/lib/Object/DXContainer.cpp	llvm-kain/src/core/object/DXContainer.cpp	41028	llvm-core	move
llvm/lib/Object/ELF.cpp	llvm-kain/src/core/object/ELF.cpp	29008	llvm-core	move
llvm/lib/Object/ELFObjectFile.cpp	llvm-kain/src/core/object/ELFObjectFile.cpp	27704	llvm-core	move
llvm/lib/Object/Error.cpp	llvm-kain/src/core/object/Error.cpp	3408	llvm-core	move
llvm/lib/Object/FaultMapParser.cpp	llvm-kain/src/core/object/FaultMapParser.cpp	2145	llvm-core	move
llvm/lib/Object/GOFFObjectFile.cpp	llvm-kain/src/core/object/GOFFObjectFile.cpp	22104	llvm-core	move
llvm/lib/Object/IRObjectFile.cpp	llvm-kain/src/core/object/IRObjectFile.cpp	4938	llvm-core	move
llvm/lib/Object/IRSymtab.cpp	llvm-kain/src/core/object/IRSymtab.cpp	15140	llvm-core	move
llvm/lib/Object/MachOObjectFile.cpp	llvm-kain/src/core/object/MachOObjectFile.cpp	211088	llvm-core	move
llvm/lib/Object/MachOUniversal.cpp	llvm-kain/src/core/object/MachOUniversal.cpp	10673	llvm-core	move
llvm/lib/Object/MachOUniversalWriter.cpp	llvm-kain/src/core/object/MachOUniversalWriter.cpp	14455	llvm-core	move
llvm/lib/Object/Minidump.cpp	llvm-kain/src/core/object/Minidump.cpp	6540	llvm-core	move
llvm/lib/Object/ModuleSymbolTable.cpp	llvm-kain/src/core/object/ModuleSymbolTable.cpp	8379	llvm-core	move
llvm/lib/Object/Object.cpp	llvm-kain/src/core/object/Object.cpp	11267	llvm-core	move
llvm/lib/Object/ObjectFile.cpp	llvm-kain/src/core/object/ObjectFile.cpp	7845	llvm-core	move
llvm/lib/Object/OffloadBinary.cpp	llvm-kain/src/core/object/OffloadBinary.cpp	16629	llvm-core	move
llvm/lib/Object/OffloadBundle.cpp	llvm-kain/src/core/object/OffloadBundle.cpp	22822	llvm-core	move
llvm/lib/Object/RecordStreamer.cpp	llvm-kain/src/core/object/RecordStreamer.cpp	6875	llvm-core	move
llvm/lib/Object/RecordStreamer.h	llvm-kain/src/core/object/RecordStreamer.h	3185	llvm-core	move
llvm/lib/Object/RelocationResolver.cpp	llvm-kain/src/core/object/RelocationResolver.cpp	27327	llvm-core	move
llvm/lib/Object/SFrameParser.cpp	llvm-kain/src/core/object/SFrameParser.cpp	8110	llvm-core	move
llvm/lib/Object/SymbolicFile.cpp	llvm-kain/src/core/object/SymbolicFile.cpp	4551	llvm-core	move
llvm/lib/Object/SymbolSize.cpp	llvm-kain/src/core/object/SymbolSize.cpp	4218	llvm-core	move
llvm/lib/Object/TapiFile.cpp	llvm-kain/src/core/object/TapiFile.cpp	3932	llvm-core	move
llvm/lib/Object/TapiUniversal.cpp	llvm-kain/src/core/object/TapiUniversal.cpp	2738	llvm-core	move
llvm/lib/Object/WasmObjectFile.cpp	llvm-kain/src/core/object/WasmObjectFile.cpp	84832	llvm-core	move
llvm/lib/Object/WindowsMachineFlag.cpp	llvm-kain/src/core/object/WindowsMachineFlag.cpp	1854	llvm-core	move
llvm/lib/Object/WindowsResource.cpp	llvm-kain/src/core/object/WindowsResource.cpp	38516	llvm-core	move
llvm/lib/Object/XCOFFObjectFile.cpp	llvm-kain/src/core/object/XCOFFObjectFile.cpp	59271	llvm-core	move
llvm/lib/Option/Arg.cpp	llvm-kain/src/core/support/Arg.cpp	3320	llvm-core	move
llvm/lib/Option/ArgList.cpp	llvm-kain/src/core/support/ArgList.cpp	10063	llvm-core	move
llvm/lib/Option/CMakeLists.txt	llvm-kain/src/core/support/CMakeLists.txt	188	llvm-core	move
llvm/lib/Option/Option.cpp	llvm-kain/src/core/support/Option.cpp	9835	llvm-core	move
llvm/lib/Option/OptTable.cpp	llvm-kain/src/core/support/OptTable.cpp	31282	llvm-core	move
llvm/lib/Passes/CMakeLists.txt	llvm-kain/src/core/passes/CMakeLists.txt	554	llvm-core	move
llvm/lib/Passes/CodeGenPassBuilder.cpp	llvm-kain/src/core/passes/CodeGenPassBuilder.cpp	840	llvm-core	move
llvm/lib/Passes/OptimizationLevel.cpp	llvm-kain/src/core/passes/OptimizationLevel.cpp	649	llvm-core	move
llvm/lib/Passes/PassBuilder.cpp	llvm-kain/src/core/passes/PassBuilder.cpp	125120	llvm-core	move
llvm/lib/Passes/PassBuilderBindings.cpp	llvm-kain/src/core/passes/PassBuilderBindings.cpp	6895	llvm-core	move
llvm/lib/Passes/PassBuilderPipelines.cpp	llvm-kain/src/core/passes/PassBuilderPipelines.cpp	109811	llvm-core	move
llvm/lib/Passes/PassRegistry.def	llvm-kain/src/core/passes/PassRegistry.def	41202	llvm-core	move
llvm/lib/Passes/StandardInstrumentations.cpp	llvm-kain/src/core/passes/StandardInstrumentations.cpp	89048	llvm-core	move
llvm/lib/ProfileData/CMakeLists.txt	llvm-kain/src/core/profiledata/CMakeLists.txt	3675	llvm-core	move
llvm/lib/ProfileData/DataAccessProf.cpp	llvm-kain/src/core/profiledata/DataAccessProf.cpp	9185	llvm-core	move
llvm/lib/ProfileData/ETMTraceDecoder.cpp	llvm-kain/src/core/profiledata/ETMTraceDecoder.cpp	8916	llvm-core	move
llvm/lib/ProfileData/GCOV.cpp	llvm-kain/src/core/profiledata/GCOV.cpp	32722	llvm-core	move
llvm/lib/ProfileData/IndexedMemProfData.cpp	llvm-kain/src/core/profiledata/IndexedMemProfData.cpp	19782	llvm-core	move
llvm/lib/ProfileData/InstrProf.cpp	llvm-kain/src/core/profiledata/InstrProf.cpp	65403	llvm-core	move
llvm/lib/ProfileData/InstrProfCorrelator.cpp	llvm-kain/src/core/profiledata/InstrProfCorrelator.cpp	22072	llvm-core	move
llvm/lib/ProfileData/InstrProfReader.cpp	llvm-kain/src/core/profiledata/InstrProfReader.cpp	64115	llvm-core	move
llvm/lib/ProfileData/InstrProfWriter.cpp	llvm-kain/src/core/profiledata/InstrProfWriter.cpp	30342	llvm-core	move
llvm/lib/ProfileData/ItaniumManglingCanonicalizer.cpp	llvm-kain/src/core/profiledata/ItaniumManglingCanonicalizer.cpp	10595	llvm-core	move
llvm/lib/ProfileData/MemProf.cpp	llvm-kain/src/core/profiledata/MemProf.cpp	13345	llvm-core	move
llvm/lib/ProfileData/MemProfCommon.cpp	llvm-kain/src/core/profiledata/MemProfCommon.cpp	3675	llvm-core	move
llvm/lib/ProfileData/MemProfRadixTree.cpp	llvm-kain/src/core/profiledata/MemProfRadixTree.cpp	10453	llvm-core	move
llvm/lib/ProfileData/MemProfReader.cpp	llvm-kain/src/core/profiledata/MemProfReader.cpp	34680	llvm-core	move
llvm/lib/ProfileData/MemProfSummary.cpp	llvm-kain/src/core/profiledata/MemProfSummary.cpp	4133	llvm-core	move
llvm/lib/ProfileData/MemProfSummaryBuilder.cpp	llvm-kain/src/core/profiledata/MemProfSummaryBuilder.cpp	2128	llvm-core	move
llvm/lib/ProfileData/PGOCtxProfReader.cpp	llvm-kain/src/core/profiledata/PGOCtxProfReader.cpp	14560	llvm-core	move
llvm/lib/ProfileData/PGOCtxProfWriter.cpp	llvm-kain/src/core/profiledata/PGOCtxProfWriter.cpp	12234	llvm-core	move
llvm/lib/ProfileData/ProfileSummaryBuilder.cpp	llvm-kain/src/core/profiledata/ProfileSummaryBuilder.cpp	9987	llvm-core	move
llvm/lib/ProfileData/SampleProf.cpp	llvm-kain/src/core/profiledata/SampleProf.cpp	22304	llvm-core	move
llvm/lib/ProfileData/SampleProfReader.cpp	llvm-kain/src/core/profiledata/SampleProfReader.cpp	74407	llvm-core	move
llvm/lib/ProfileData/SampleProfWriter.cpp	llvm-kain/src/core/profiledata/SampleProfWriter.cpp	34187	llvm-core	move
llvm/lib/ProfileData/SymbolRemappingReader.cpp	llvm-kain/src/core/profiledata/SymbolRemappingReader.cpp	3091	llvm-core	move
llvm/lib/ProfileData/Coverage/CMakeLists.txt	llvm-kain/src/core/profiledata/Coverage/CMakeLists.txt	303	llvm-core	move
llvm/lib/ProfileData/Coverage/CoverageMapping.cpp	llvm-kain/src/core/profiledata/Coverage/CoverageMapping.cpp	61432	llvm-core	move
llvm/lib/ProfileData/Coverage/CoverageMappingReader.cpp	llvm-kain/src/core/profiledata/Coverage/CoverageMappingReader.cpp	56477	llvm-core	move
llvm/lib/ProfileData/Coverage/CoverageMappingWriter.cpp	llvm-kain/src/core/profiledata/Coverage/CoverageMappingWriter.cpp	12367	llvm-core	move
llvm/lib/Remarks/BitstreamRemarkParser.cpp	llvm-kain/src/core/remarks/BitstreamRemarkParser.cpp	15597	llvm-core	move
llvm/lib/Remarks/BitstreamRemarkParser.h	llvm-kain/src/core/remarks/BitstreamRemarkParser.h	8565	llvm-core	move
llvm/lib/Remarks/BitstreamRemarkSerializer.cpp	llvm-kain/src/core/remarks/BitstreamRemarkSerializer.cpp	12743	llvm-core	move
llvm/lib/Remarks/CMakeLists.txt	llvm-kain/src/core/remarks/CMakeLists.txt	430	llvm-core	move
llvm/lib/Remarks/Remark.cpp	llvm-kain/src/core/remarks/Remark.cpp	4823	llvm-core	move
llvm/lib/Remarks/RemarkFormat.cpp	llvm-kain/src/core/remarks/RemarkFormat.cpp	2445	llvm-core	move
llvm/lib/Remarks/RemarkLinker.cpp	llvm-kain/src/core/remarks/RemarkLinker.cpp	3764	llvm-core	move
llvm/lib/Remarks/RemarkParser.cpp	llvm-kain/src/core/remarks/RemarkParser.cpp	5214	llvm-core	move
llvm/lib/Remarks/RemarkSerializer.cpp	llvm-kain/src/core/remarks/RemarkSerializer.cpp	1875	llvm-core	move
llvm/lib/Remarks/RemarkStreamer.cpp	llvm-kain/src/core/remarks/RemarkStreamer.cpp	2561	llvm-core	move
llvm/lib/Remarks/RemarkStringTable.cpp	llvm-kain/src/core/remarks/RemarkStringTable.cpp	2209	llvm-core	move
llvm/lib/Remarks/YAMLRemarkParser.cpp	llvm-kain/src/core/remarks/YAMLRemarkParser.cpp	13973	llvm-core	move
llvm/lib/Remarks/YAMLRemarkParser.h	llvm-kain/src/core/remarks/YAMLRemarkParser.h	3418	llvm-core	move
llvm/lib/Remarks/YAMLRemarkSerializer.cpp	llvm-kain/src/core/remarks/YAMLRemarkSerializer.cpp	6764	llvm-core	move
llvm/lib/Support/AArch64AttributeParser.cpp	llvm-kain/src/support/adt/AArch64AttributeParser.cpp	1935	llvm-support	move
llvm/lib/Support/AArch64BuildAttributes.cpp	llvm-kain/src/support/adt/AArch64BuildAttributes.cpp	3569	llvm-support	move
llvm/lib/Support/ABIBreak.cpp	llvm-kain/src/support/adt/ABIBreak.cpp	811	llvm-support	move
llvm/lib/Support/Allocator.cpp	llvm-kain/src/support/adt/Allocator.cpp	1396	llvm-support	move
llvm/lib/Support/AllocToken.cpp	llvm-kain/src/support/adt/AllocToken.cpp	2539	llvm-support	move
llvm/lib/Support/AMDGPUMetadata.cpp	llvm-kain/src/support/adt/AMDGPUMetadata.cpp	9588	llvm-support	move
llvm/lib/Support/APFixedPoint.cpp	llvm-kain/src/support/adt/APFixedPoint.cpp	21972	llvm-support	move
llvm/lib/Support/APFloat.cpp	llvm-kain/src/support/adt/APFloat.cpp	212479	llvm-support	move
llvm/lib/Support/APInt.cpp	llvm-kain/src/support/adt/APInt.cpp	104416	llvm-support	move
llvm/lib/Support/APSInt.cpp	llvm-kain/src/support/adt/APSInt.cpp	1477	llvm-support	move
llvm/lib/Support/ARMAttributeParser.cpp	llvm-kain/src/support/adt/ARMAttributeParser.cpp	19602	llvm-support	move
llvm/lib/Support/ARMBuildAttributes.cpp	llvm-kain/src/support/adt/ARMBuildAttributes.cpp	3663	llvm-support	move
llvm/lib/Support/ARMWinEH.cpp	llvm-kain/src/support/adt/ARMWinEH.cpp	1594	llvm-support	move
llvm/lib/Support/Atomic.cpp	llvm-kain/src/support/adt/Atomic.cpp	1641	llvm-support	move
llvm/lib/Support/AutoConvert.cpp	llvm-kain/src/support/adt/AutoConvert.cpp	4903	llvm-support	move
llvm/lib/Support/BalancedPartitioning.cpp	llvm-kain/src/support/adt/BalancedPartitioning.cpp	11545	llvm-support	move
llvm/lib/Support/Base64.cpp	llvm-kain/src/support/adt/Base64.cpp	4194	llvm-support	move
llvm/lib/Support/BinaryStreamError.cpp	llvm-kain/src/support/adt/BinaryStreamError.cpp	1798	llvm-support	move
llvm/lib/Support/BinaryStreamReader.cpp	llvm-kain/src/support/adt/BinaryStreamReader.cpp	5303	llvm-support	move
llvm/lib/Support/BinaryStreamRef.cpp	llvm-kain/src/support/adt/BinaryStreamRef.cpp	4805	llvm-support	move
llvm/lib/Support/BinaryStreamWriter.cpp	llvm-kain/src/support/adt/BinaryStreamWriter.cpp	3447	llvm-support	move
llvm/lib/Support/BlockFrequency.cpp	llvm-kain/src/support/adt/BlockFrequency.cpp	2055	llvm-support	move
llvm/lib/Support/BranchProbability.cpp	llvm-kain/src/support/adt/BranchProbability.cpp	3890	llvm-support	move
llvm/lib/Support/BuryPointer.cpp	llvm-kain/src/support/adt/BuryPointer.cpp	1154	llvm-support	move
llvm/lib/Support/CachePruning.cpp	llvm-kain/src/support/adt/CachePruning.cpp	12042	llvm-support	move
llvm/lib/Support/Caching.cpp	llvm-kain/src/support/adt/Caching.cpp	7921	llvm-support	move
llvm/lib/Support/CHERICapabilityFormat.cpp	llvm-kain/src/support/adt/CHERICapabilityFormat.cpp	2484	llvm-support	move
llvm/lib/Support/Chrono.cpp	llvm-kain/src/support/adt/Chrono.cpp	4270	llvm-support	move
llvm/lib/Support/circular_raw_ostream.cpp	llvm-kain/src/support/adt/circular_raw_ostream.cpp	1333	llvm-support	move
llvm/lib/Support/CMakeLists.txt	llvm-kain/src/support/adt/CMakeLists.txt	12425	llvm-support	move
llvm/lib/Support/CodeGenCoverage.cpp	llvm-kain/src/support/adt/CodeGenCoverage.cpp	3727	llvm-support	move
llvm/lib/Support/COM.cpp	llvm-kain/src/support/adt/COM.cpp	737	llvm-support	move
llvm/lib/Support/CommandLine.cpp	llvm-kain/src/support/adt/CommandLine.cpp	102130	llvm-support	move
llvm/lib/Support/Compression.cpp	llvm-kain/src/support/adt/Compression.cpp	8775	llvm-support	move
llvm/lib/Support/ConvertEBCDIC.cpp	llvm-kain/src/support/adt/ConvertEBCDIC.cpp	5943	llvm-support	move
llvm/lib/Support/ConvertUTF.cpp	llvm-kain/src/support/adt/ConvertUTF.cpp	29482	llvm-support	move
llvm/lib/Support/ConvertUTFWrapper.cpp	llvm-kain/src/support/adt/ConvertUTFWrapper.cpp	10885	llvm-support	move
llvm/lib/Support/COPYRIGHT.regex	llvm-kain/src/support/adt/COPYRIGHT.regex	2718	llvm-support	move
llvm/lib/Support/CrashRecoveryContext.cpp	llvm-kain/src/support/adt/CrashRecoveryContext.cpp	18008	llvm-support	move
llvm/lib/Support/CRC.cpp	llvm-kain/src/support/adt/CRC.cpp	5332	llvm-support	move
llvm/lib/Support/CSKYAttributeParser.cpp	llvm-kain/src/support/adt/CSKYAttributeParser.cpp	4598	llvm-support	move
llvm/lib/Support/CSKYAttributes.cpp	llvm-kain/src/support/adt/CSKYAttributes.cpp	1316	llvm-support	move
llvm/lib/Support/DAGDeltaAlgorithm.cpp	llvm-kain/src/support/adt/DAGDeltaAlgorithm.cpp	12095	llvm-support	move
llvm/lib/Support/DataExtractor.cpp	llvm-kain/src/support/adt/DataExtractor.cpp	8082	llvm-support	move
llvm/lib/Support/Debug.cpp	llvm-kain/src/support/adt/Debug.cpp	8522	llvm-support	move
llvm/lib/Support/DebugCounter.cpp	llvm-kain/src/support/adt/DebugCounter.cpp	6828	llvm-support	move
llvm/lib/Support/DebugOptions.h	llvm-kain/src/support/adt/DebugOptions.h	1181	llvm-support	move
llvm/lib/Support/DeltaAlgorithm.cpp	llvm-kain/src/support/adt/DeltaAlgorithm.cpp	3434	llvm-support	move
llvm/lib/Support/DeltaTree.cpp	llvm-kain/src/support/adt/DeltaTree.cpp	16554	llvm-support	move
llvm/lib/Support/DivisionByConstantInfo.cpp	llvm-kain/src/support/adt/DivisionByConstantInfo.cpp	6086	llvm-support	move
llvm/lib/Support/DJB.cpp	llvm-kain/src/support/adt/DJB.cpp	2845	llvm-support	move
llvm/lib/Support/DXILABI.cpp	llvm-kain/src/support/adt/DXILABI.cpp	1177	llvm-support	move
llvm/lib/Support/DynamicAPInt.cpp	llvm-kain/src/support/adt/DynamicAPInt.cpp	1267	llvm-support	move
llvm/lib/Support/DynamicLibrary.cpp	llvm-kain/src/support/adt/DynamicLibrary.cpp	7563	llvm-support	move
llvm/lib/Support/ELFAttributes.cpp	llvm-kain/src/support/adt/ELFAttributes.cpp	1315	llvm-support	move
llvm/lib/Support/ELFAttrParserCompact.cpp	llvm-kain/src/support/adt/ELFAttrParserCompact.cpp	7613	llvm-support	move
llvm/lib/Support/ELFAttrParserExtended.cpp	llvm-kain/src/support/adt/ELFAttrParserExtended.cpp	7613	llvm-support	move
llvm/lib/Support/Errno.cpp	llvm-kain/src/support/adt/Errno.cpp	1906	llvm-support	move
llvm/lib/Support/Error.cpp	llvm-kain/src/support/adt/Error.cpp	6206	llvm-support	move
llvm/lib/Support/ErrorHandling.cpp	llvm-kain/src/support/adt/ErrorHandling.cpp	14152	llvm-support	move
llvm/lib/Support/ExponentialBackoff.cpp	llvm-kain/src/support/adt/ExponentialBackoff.cpp	1113	llvm-support	move
llvm/lib/Support/ExtensibleRTTI.cpp	llvm-kain/src/support/adt/ExtensibleRTTI.cpp	474	llvm-support	move
llvm/lib/Support/FileCollector.cpp	llvm-kain/src/support/adt/FileCollector.cpp	10462	llvm-support	move
llvm/lib/Support/FileOutputBuffer.cpp	llvm-kain/src/support/adt/FileOutputBuffer.cpp	6480	llvm-support	move
llvm/lib/Support/FileUtilities.cpp	llvm-kain/src/support/adt/FileUtilities.cpp	11192	llvm-support	move
llvm/lib/Support/FloatingPointMode.cpp	llvm-kain/src/support/adt/FloatingPointMode.cpp	6572	llvm-support	move
llvm/lib/Support/FoldingSet.cpp	llvm-kain/src/support/adt/FoldingSet.cpp	14592	llvm-support	move
llvm/lib/Support/FormattedStream.cpp	llvm-kain/src/support/adt/FormattedStream.cpp	5616	llvm-support	move
llvm/lib/Support/FormatVariadic.cpp	llvm-kain/src/support/adt/FormatVariadic.cpp	7449	llvm-support	move
llvm/lib/Support/GlobPattern.cpp	llvm-kain/src/support/adt/GlobPattern.cpp	9968	llvm-support	move
llvm/lib/Support/GraphWriter.cpp	llvm-kain/src/support/adt/GraphWriter.cpp	9829	llvm-support	move
llvm/lib/Support/HexagonAttributeParser.cpp	llvm-kain/src/support/adt/HexagonAttributeParser.cpp	1604	llvm-support	move
llvm/lib/Support/HexagonAttributes.cpp	llvm-kain/src/support/adt/HexagonAttributes.cpp	873	llvm-support	move
llvm/lib/Support/InitLLVM.cpp	llvm-kain/src/support/adt/InitLLVM.cpp	4800	llvm-support	move
llvm/lib/Support/InstructionCost.cpp	llvm-kain/src/support/adt/InstructionCost.cpp	1467	llvm-support	move
llvm/lib/Support/IntegerInclusiveInterval.cpp	llvm-kain/src/support/adt/IntegerInclusiveInterval.cpp	4048	llvm-support	move
llvm/lib/Support/IntEqClasses.cpp	llvm-kain/src/support/adt/IntEqClasses.cpp	2228	llvm-support	move
llvm/lib/Support/IntervalMap.cpp	llvm-kain/src/support/adt/IntervalMap.cpp	4501	llvm-support	move
llvm/lib/Support/Jobserver.cpp	llvm-kain/src/support/adt/Jobserver.cpp	8626	llvm-support	move
llvm/lib/Support/JSON.cpp	llvm-kain/src/support/adt/JSON.cpp	26183	llvm-support	move
llvm/lib/Support/KnownBits.cpp	llvm-kain/src/support/adt/KnownBits.cpp	51799	llvm-support	move
llvm/lib/Support/KnownFPClass.cpp	llvm-kain/src/support/adt/KnownFPClass.cpp	30225	llvm-support	move
llvm/lib/Support/LEB128.cpp	llvm-kain/src/support/adt/LEB128.cpp	1215	llvm-support	move
llvm/lib/Support/LineIterator.cpp	llvm-kain/src/support/adt/LineIterator.cpp	2942	llvm-support	move
llvm/lib/Support/Locale.cpp	llvm-kain/src/support/adt/Locale.cpp	377	llvm-support	move
llvm/lib/Support/LockFileManager.cpp	llvm-kain/src/support/adt/LockFileManager.cpp	10602	llvm-support	move
llvm/lib/Support/ManagedStatic.cpp	llvm-kain/src/support/adt/ManagedStatic.cpp	2312	llvm-support	move
llvm/lib/Support/MathExtras.cpp	llvm-kain/src/support/adt/MathExtras.cpp	1924	llvm-support	move
llvm/lib/Support/MD5.cpp	llvm-kain/src/support/adt/MD5.cpp	9841	llvm-support	move
llvm/lib/Support/MemAlloc.cpp	llvm-kain/src/support/adt/MemAlloc.cpp	1190	llvm-support	move
llvm/lib/Support/Memory.cpp	llvm-kain/src/support/adt/Memory.cpp	1574	llvm-support	move
llvm/lib/Support/MemoryBuffer.cpp	llvm-kain/src/support/adt/MemoryBuffer.cpp	23381	llvm-support	move
llvm/lib/Support/MemoryBufferRef.cpp	llvm-kain/src/support/adt/MemoryBufferRef.cpp	757	llvm-support	move
llvm/lib/Support/ModRef.cpp	llvm-kain/src/support/adt/ModRef.cpp	2441	llvm-support	move
llvm/lib/Support/MSP430AttributeParser.cpp	llvm-kain/src/support/adt/MSP430AttributeParser.cpp	2188	llvm-support	move
llvm/lib/Support/MSP430Attributes.cpp	llvm-kain/src/support/adt/MSP430Attributes.cpp	910	llvm-support	move
llvm/lib/Support/Mustache.cpp	llvm-kain/src/support/adt/Mustache.cpp	29206	llvm-support	move
llvm/lib/Support/NativeFormatting.cpp	llvm-kain/src/support/adt/NativeFormatting.cpp	8318	llvm-support	move
llvm/lib/Support/OptimizedStructLayout.cpp	llvm-kain/src/support/adt/OptimizedStructLayout.cpp	17359	llvm-support	move
llvm/lib/Support/Optional.cpp	llvm-kain/src/support/adt/Optional.cpp	505	llvm-support	move
llvm/lib/Support/OptionStrCmp.cpp	llvm-kain/src/support/adt/OptionStrCmp.cpp	1782	llvm-support	move
llvm/lib/Support/Parallel.cpp	llvm-kain/src/support/adt/Parallel.cpp	8905	llvm-support	move
llvm/lib/Support/Path.cpp	llvm-kain/src/support/adt/Path.cpp	40998	llvm-support	move
llvm/lib/Support/PGOOptions.cpp	llvm-kain/src/support/adt/PGOOptions.cpp	2543	llvm-support	move
llvm/lib/Support/PluginLoader.cpp	llvm-kain/src/support/adt/PluginLoader.cpp	1681	llvm-support	move
llvm/lib/Support/PrettyStackTrace.cpp	llvm-kain/src/support/adt/PrettyStackTrace.cpp	11045	llvm-support	move
llvm/lib/Support/Process.cpp	llvm-kain/src/support/adt/Process.cpp	3962	llvm-support	move
llvm/lib/Support/Program.cpp	llvm-kain/src/support/adt/Program.cpp	3852	llvm-support	move
llvm/lib/Support/ProgramStack.cpp	llvm-kain/src/support/adt/ProgramStack.cpp	1847	llvm-support	move
llvm/lib/Support/RandomNumberGenerator.cpp	llvm-kain/src/support/adt/RandomNumberGenerator.cpp	3089	llvm-support	move
llvm/lib/Support/raw_ostream.cpp	llvm-kain/src/support/adt/raw_ostream.cpp	32621	llvm-support	move
llvm/lib/Support/raw_ostream_proxy.cpp	llvm-kain/src/support/adt/raw_ostream_proxy.cpp	517	llvm-support	move
llvm/lib/Support/raw_os_ostream.cpp	llvm-kain/src/support/adt/raw_os_ostream.cpp	995	llvm-support	move
llvm/lib/Support/raw_socket_stream.cpp	llvm-kain/src/support/adt/raw_socket_stream.cpp	12595	llvm-support	move
llvm/lib/Support/regcomp.c	llvm-kain/src/support/adt/regcomp.c	43638	llvm-support	move
llvm/lib/Support/regengine.inc	llvm-kain/src/support/adt/regengine.inc	28906	llvm-support	move
llvm/lib/Support/regerror.c	llvm-kain/src/support/adt/regerror.c	4525	llvm-support	move
llvm/lib/Support/Regex.cpp	llvm-kain/src/support/adt/Regex.cpp	6970	llvm-support	move
llvm/lib/Support/regex2.h	llvm-kain/src/support/adt/regex2.h	6982	llvm-support	move
llvm/lib/Support/regexec.c	llvm-kain/src/support/adt/regexec.c	5851	llvm-support	move
llvm/lib/Support/regex_impl.h	llvm-kain/src/support/adt/regex_impl.h	3759	llvm-support	move
llvm/lib/Support/regfree.c	llvm-kain/src/support/adt/regfree.c	2554	llvm-support	move
llvm/lib/Support/regstrlcpy.c	llvm-kain/src/support/adt/regstrlcpy.c	1596	llvm-support	move
llvm/lib/Support/regutils.h	llvm-kain/src/support/adt/regutils.h	2309	llvm-support	move
llvm/lib/Support/RewriteBuffer.cpp	llvm-kain/src/support/adt/RewriteBuffer.cpp	4002	llvm-support	move
llvm/lib/Support/RewriteRope.cpp	llvm-kain/src/support/adt/RewriteRope.cpp	29944	llvm-support	move
llvm/lib/Support/RISCVAttributeParser.cpp	llvm-kain/src/support/adt/RISCVAttributeParser.cpp	2367	llvm-support	move
llvm/lib/Support/RISCVAttributes.cpp	llvm-kain/src/support/adt/RISCVAttributes.cpp	938	llvm-support	move
llvm/lib/Support/RISCVISAUtils.cpp	llvm-kain/src/support/adt/RISCVISAUtils.cpp	3230	llvm-support	move
llvm/lib/Support/RWMutex.cpp	llvm-kain/src/support/adt/RWMutex.cpp	4081	llvm-support	move
llvm/lib/Support/ScaledNumber.cpp	llvm-kain/src/support/adt/ScaledNumber.cpp	9290	llvm-support	move
llvm/lib/Support/ScopedPrinter.cpp	llvm-kain/src/support/adt/ScopedPrinter.cpp	1677	llvm-support	move
llvm/lib/Support/SHA1.cpp	llvm-kain/src/support/adt/SHA1.cpp	10556	llvm-support	move
llvm/lib/Support/SHA256.cpp	llvm-kain/src/support/adt/SHA256.cpp	11123	llvm-support	move
llvm/lib/Support/Signals.cpp	llvm-kain/src/support/adt/Signals.cpp	14669	llvm-support	move
llvm/lib/Support/Signposts.cpp	llvm-kain/src/support/adt/Signposts.cpp	3831	llvm-support	move
llvm/lib/Support/SipHash.cpp	llvm-kain/src/support/adt/SipHash.cpp	2198	llvm-support	move
llvm/lib/Support/SlowDynamicAPInt.cpp	llvm-kain/src/support/adt/SlowDynamicAPInt.cpp	10902	llvm-support	move
llvm/lib/Support/SmallPtrSet.cpp	llvm-kain/src/support/adt/SmallPtrSet.cpp	9243	llvm-support	move
llvm/lib/Support/SmallVector.cpp	llvm-kain/src/support/adt/SmallVector.cpp	7741	llvm-support	move
llvm/lib/Support/SourceMgr.cpp	llvm-kain/src/support/adt/SourceMgr.cpp	22796	llvm-support	move
llvm/lib/Support/SpecialCaseList.cpp	llvm-kain/src/support/adt/SpecialCaseList.cpp	17754	llvm-support	move
llvm/lib/Support/Statistic.cpp	llvm-kain/src/support/adt/Statistic.cpp	9107	llvm-support	move
llvm/lib/Support/StringExtras.cpp	llvm-kain/src/support/adt/StringExtras.cpp	4155	llvm-support	move
llvm/lib/Support/StringMap.cpp	llvm-kain/src/support/adt/StringMap.cpp	8491	llvm-support	move
llvm/lib/Support/StringRef.cpp	llvm-kain/src/support/adt/StringRef.cpp	18402	llvm-support	move
llvm/lib/Support/StringSaver.cpp	llvm-kain/src/support/adt/StringSaver.cpp	1155	llvm-support	move
llvm/lib/Support/SuffixTree.cpp	llvm-kain/src/support/adt/SuffixTree.cpp	13696	llvm-support	move
llvm/lib/Support/SuffixTreeNode.cpp	llvm-kain/src/support/adt/SuffixTreeNode.cpp	1768	llvm-support	move
llvm/lib/Support/SystemUtils.cpp	llvm-kain/src/support/adt/SystemUtils.cpp	1087	llvm-support	move
llvm/lib/Support/TarWriter.cpp	llvm-kain/src/support/adt/TarWriter.cpp	7404	llvm-support	move
llvm/lib/Support/TextEncoding.cpp	llvm-kain/src/support/adt/TextEncoding.cpp	11989	llvm-support	move
llvm/lib/Support/Threading.cpp	llvm-kain/src/support/adt/Threading.cpp	3820	llvm-support	move
llvm/lib/Support/ThreadPool.cpp	llvm-kain/src/support/adt/ThreadPool.cpp	12084	llvm-support	move
llvm/lib/Support/TimeProfiler.cpp	llvm-kain/src/support/adt/TimeProfiler.cpp	18183	llvm-support	move
llvm/lib/Support/Timer.cpp	llvm-kain/src/support/adt/Timer.cpp	18847	llvm-support	move
llvm/lib/Support/ToolOutputFile.cpp	llvm-kain/src/support/adt/ToolOutputFile.cpp	1823	llvm-support	move
llvm/lib/Support/TrieRawHashMap.cpp	llvm-kain/src/support/adt/TrieRawHashMap.cpp	17770	llvm-support	move
llvm/lib/Support/Twine.cpp	llvm-kain/src/support/adt/Twine.cpp	4857	llvm-support	move
llvm/lib/Support/Unicode.cpp	llvm-kain/src/support/adt/Unicode.cpp	31486	llvm-support	move
llvm/lib/Support/UnicodeCaseFold.cpp	llvm-kain/src/support/adt/UnicodeCaseFold.cpp	17129	llvm-support	move
llvm/lib/Support/UnicodeNameToCodepoint.cpp	llvm-kain/src/support/adt/UnicodeNameToCodepoint.cpp	16996	llvm-support	move
llvm/lib/Support/Valgrind.cpp	llvm-kain/src/support/adt/Valgrind.cpp	1176	llvm-support	move
llvm/lib/Support/VersionTuple.cpp	llvm-kain/src/support/adt/VersionTuple.cpp	3647	llvm-support	move
llvm/lib/Support/VirtualFileSystem.cpp	llvm-kain/src/support/adt/VirtualFileSystem.cpp	103100	llvm-support	move
llvm/lib/Support/VirtualOutputBackend.cpp	llvm-kain/src/support/adt/VirtualOutputBackend.cpp	1340	llvm-support	move
llvm/lib/Support/VirtualOutputBackends.cpp	llvm-kain/src/support/adt/VirtualOutputBackends.cpp	22016	llvm-support	move
llvm/lib/Support/VirtualOutputConfig.cpp	llvm-kain/src/support/adt/VirtualOutputConfig.cpp	1746	llvm-support	move
llvm/lib/Support/VirtualOutputError.cpp	llvm-kain/src/support/adt/VirtualOutputError.cpp	2070	llvm-support	move
llvm/lib/Support/VirtualOutputFile.cpp	llvm-kain/src/support/adt/VirtualOutputFile.cpp	3480	llvm-support	move
llvm/lib/Support/Watchdog.cpp	llvm-kain/src/support/adt/Watchdog.cpp	738	llvm-support	move
llvm/lib/Support/Win64EH.cpp	llvm-kain/src/support/adt/Win64EH.cpp	14526	llvm-support	move
llvm/lib/Support/WithColor.cpp	llvm-kain/src/support/adt/WithColor.cpp	5324	llvm-support	move
llvm/lib/Support/xxhash.cpp	llvm-kain/src/support/adt/xxhash.cpp	36697	llvm-support	move
llvm/lib/Support/YAMLParser.cpp	llvm-kain/src/support/adt/YAMLParser.cpp	76301	llvm-support	move
llvm/lib/Support/YAMLTraits.cpp	llvm-kain/src/support/adt/YAMLTraits.cpp	32583	llvm-support	move
llvm/lib/Support/zOSLibFunctions.cpp	llvm-kain/src/support/adt/zOSLibFunctions.cpp	3473	llvm-support	move
llvm/lib/Support/Unix/COM.inc	llvm-kain/src/support/adt/Unix/COM.inc	1065	llvm-support	move
llvm/lib/Support/Unix/DynamicLibrary.inc	llvm-kain/src/support/adt/Unix/DynamicLibrary.inc	3893	llvm-support	move
llvm/lib/Support/Unix/Jobserver.inc	llvm-kain/src/support/adt/Unix/Jobserver.inc	6496	llvm-support	move
llvm/lib/Support/Unix/Memory.inc	llvm-kain/src/support/adt/Unix/Memory.inc	8050	llvm-support	move
llvm/lib/Support/Unix/Path.inc	llvm-kain/src/support/adt/Unix/Path.inc	51350	llvm-support	move
llvm/lib/Support/Unix/Process.inc	llvm-kain/src/support/adt/Unix/Process.inc	13590	llvm-support	move
llvm/lib/Support/Unix/Program.inc	llvm-kain/src/support/adt/Unix/Program.inc	18033	llvm-support	move
llvm/lib/Support/Unix/README.txt	llvm-kain/src/support/adt/Unix/README.txt	824	llvm-support	move
llvm/lib/Support/Unix/Signals.inc	llvm-kain/src/support/adt/Unix/Signals.inc	34733	llvm-support	move
llvm/lib/Support/Unix/Threading.inc	llvm-kain/src/support/adt/Unix/Threading.inc	15329	llvm-support	move
llvm/lib/Support/Unix/Unix.h	llvm-kain/src/support/adt/Unix/Unix.h	3110	llvm-support	move
llvm/lib/Support/Unix/Watchdog.inc	llvm-kain/src/support/adt/Unix/Watchdog.inc	846	llvm-support	move
llvm/lib/Support/Windows/COM.inc	llvm-kain/src/support/adt/Windows/COM.inc	1291	llvm-support	move
llvm/lib/Support/Windows/DynamicLibrary.inc	llvm-kain/src/support/adt/Windows/DynamicLibrary.inc	7590	llvm-support	move
llvm/lib/Support/Windows/explicit_symbols.inc	llvm-kain/src/support/adt/Windows/explicit_symbols.inc	2074	llvm-support	move
llvm/lib/Support/Windows/Jobserver.inc	llvm-kain/src/support/adt/Windows/Jobserver.inc	3128	llvm-support	move
llvm/lib/Support/Windows/Memory.inc	llvm-kain/src/support/adt/Windows/Memory.inc	6686	llvm-support	move
llvm/lib/Support/Windows/Path.inc	llvm-kain/src/support/adt/Windows/Path.inc	67709	llvm-support	move
llvm/lib/Support/Windows/Process.inc	llvm-kain/src/support/adt/Windows/Process.inc	18414	llvm-support	move
llvm/lib/Support/Windows/Program.inc	llvm-kain/src/support/adt/Windows/Program.inc	19079	llvm-support	move
llvm/lib/Support/Windows/Signals.inc	llvm-kain/src/support/adt/Windows/Signals.inc	31263	llvm-support	move
llvm/lib/Support/Windows/Threading.inc	llvm-kain/src/support/adt/Windows/Threading.inc	13378	llvm-support	move
llvm/lib/Support/Windows/Watchdog.inc	llvm-kain/src/support/adt/Windows/Watchdog.inc	905	llvm-support	move
llvm/lib/TableGen/CMakeLists.txt	llvm-kain/tools/tablegen/CMakeLists.txt	393	tools	move
llvm/lib/TableGen/DetailedRecordsBackend.cpp	llvm-kain/tools/tablegen/DetailedRecordsBackend.cpp	6694	tools	move
llvm/lib/TableGen/Error.cpp	llvm-kain/tools/tablegen/Error.cpp	5676	tools	move
llvm/lib/TableGen/JSONBackend.cpp	llvm-kain/tools/tablegen/JSONBackend.cpp	5907	tools	move
llvm/lib/TableGen/Main.cpp	llvm-kain/tools/tablegen/Main.cpp	8214	tools	move
llvm/lib/TableGen/Parser.cpp	llvm-kain/tools/tablegen/Parser.cpp	1817	tools	move
llvm/lib/TableGen/Record.cpp	llvm-kain/tools/tablegen/Record.cpp	110226	tools	move
llvm/lib/TableGen/SetTheory.cpp	llvm-kain/tools/tablegen/SetTheory.cpp	11196	tools	move
llvm/lib/TableGen/StringMatcher.cpp	llvm-kain/tools/tablegen/StringMatcher.cpp	5828	tools	move
llvm/lib/TableGen/StringToOffsetTable.cpp	llvm-kain/tools/tablegen/StringToOffsetTable.cpp	4152	tools	move
llvm/lib/TableGen/TableGenBackend.cpp	llvm-kain/tools/tablegen/TableGenBackend.cpp	4022	tools	move
llvm/lib/TableGen/TableGenBackendSkeleton.cpp	llvm-kain/tools/tablegen/TableGenBackendSkeleton.cpp	1980	tools	move
llvm/lib/TableGen/TGLexer.cpp	llvm-kain/tools/tablegen/TGLexer.cpp	34252	tools	move
llvm/lib/TableGen/TGLexer.h	llvm-kain/tools/tablegen/TGLexer.h	15927	tools	move
llvm/lib/TableGen/TGParser.cpp	llvm-kain/tools/tablegen/TGParser.cpp	151100	tools	move
llvm/lib/TableGen/TGParser.h	llvm-kain/tools/tablegen/TGParser.h	13932	tools	move
llvm/lib/TableGen/TGTimer.cpp	llvm-kain/tools/tablegen/TGTimer.cpp	1408	tools	move
llvm/lib/Target/CMakeLists.txt	(keep-in-place)	1347	llvm-core	keep-in-place
llvm/lib/Target/README.txt	(keep-in-place)	70788	llvm-core	keep-in-place
llvm/lib/Target/RegisterTargetPassConfigCallback.cpp	(keep-in-place)	1545	llvm-core	keep-in-place
llvm/lib/Target/Target.cpp	(keep-in-place)	4687	llvm-core	keep-in-place
llvm/lib/Target/TargetLoweringObjectFile.cpp	(keep-in-place)	19282	llvm-core	keep-in-place
llvm/lib/Target/TargetMachine.cpp	(keep-in-place)	11456	llvm-core	keep-in-place
llvm/lib/Target/TargetMachineC.cpp	(keep-in-place)	11224	llvm-core	keep-in-place
llvm/lib/Target/AArch64/AArch64.h	llvm-kain/src/target/aarch64/AArch64.h	14338	llvm-target	move
llvm/lib/Target/AArch64/AArch64.td	llvm-kain/src/target/aarch64/AArch64.td	7471	llvm-target	move
llvm/lib/Target/AArch64/AArch64A53Fix835769.cpp	llvm-kain/src/target/aarch64/AArch64A53Fix835769.cpp	9048	llvm-target	move
llvm/lib/Target/AArch64/AArch64A57FPLoadBalancing.cpp	llvm-kain/src/target/aarch64/AArch64A57FPLoadBalancing.cpp	26911	llvm-target	move
llvm/lib/Target/AArch64/AArch64AdvSIMDScalarPass.cpp	llvm-kain/src/target/aarch64/AArch64AdvSIMDScalarPass.cpp	16929	llvm-target	move
llvm/lib/Target/AArch64/AArch64Arm64ECCallLowering.cpp	llvm-kain/src/target/aarch64/AArch64Arm64ECCallLowering.cpp	40441	llvm-target	move
llvm/lib/Target/AArch64/AArch64AsmPrinter.cpp	llvm-kain/src/target/aarch64/AArch64AsmPrinter.cpp	152515	llvm-target	move
llvm/lib/Target/AArch64/AArch64BranchTargets.cpp	llvm-kain/src/target/aarch64/AArch64BranchTargets.cpp	7424	llvm-target	move
llvm/lib/Target/AArch64/AArch64CallingConvention.cpp	llvm-kain/src/target/aarch64/AArch64CallingConvention.cpp	9544	llvm-target	move
llvm/lib/Target/AArch64/AArch64CallingConvention.h	llvm-kain/src/target/aarch64/AArch64CallingConvention.h	4633	llvm-target	move
llvm/lib/Target/AArch64/AArch64CallingConvention.td	llvm-kain/src/target/aarch64/AArch64CallingConvention.td	36424	llvm-target	move
llvm/lib/Target/AArch64/AArch64CleanupLocalDynamicTLSPass.cpp	llvm-kain/src/target/aarch64/AArch64CleanupLocalDynamicTLSPass.cpp	5611	llvm-target	move
llvm/lib/Target/AArch64/AArch64CodeLayoutOpt.cpp	llvm-kain/src/target/aarch64/AArch64CodeLayoutOpt.cpp	9151	llvm-target	move
llvm/lib/Target/AArch64/AArch64CollectLOH.cpp	llvm-kain/src/target/aarch64/AArch64CollectLOH.cpp	21871	llvm-target	move
llvm/lib/Target/AArch64/AArch64Combine.td	llvm-kain/src/target/aarch64/AArch64Combine.td	18606	llvm-target	move
llvm/lib/Target/AArch64/AArch64CompressJumpTables.cpp	llvm-kain/src/target/aarch64/AArch64CompressJumpTables.cpp	6507	llvm-target	move
llvm/lib/Target/AArch64/AArch64CondBrTuning.cpp	llvm-kain/src/target/aarch64/AArch64CondBrTuning.cpp	10448	llvm-target	move
llvm/lib/Target/AArch64/AArch64ConditionalCompares.cpp	llvm-kain/src/target/aarch64/AArch64ConditionalCompares.cpp	36204	llvm-target	move
llvm/lib/Target/AArch64/AArch64ConditionOptimizer.cpp	llvm-kain/src/target/aarch64/AArch64ConditionOptimizer.cpp	25771	llvm-target	move
llvm/lib/Target/AArch64/AArch64DeadRegisterDefinitionsPass.cpp	llvm-kain/src/target/aarch64/AArch64DeadRegisterDefinitionsPass.cpp	8524	llvm-target	move
llvm/lib/Target/AArch64/AArch64ExpandImm.cpp	llvm-kain/src/target/aarch64/AArch64ExpandImm.cpp	27562	llvm-target	move
llvm/lib/Target/AArch64/AArch64ExpandImm.h	llvm-kain/src/target/aarch64/AArch64ExpandImm.h	1156	llvm-target	move
llvm/lib/Target/AArch64/AArch64ExpandPseudoInsts.cpp	llvm-kain/src/target/aarch64/AArch64ExpandPseudoInsts.cpp	79085	llvm-target	move
llvm/lib/Target/AArch64/AArch64FalkorHWPFFix.cpp	llvm-kain/src/target/aarch64/AArch64FalkorHWPFFix.cpp	23631	llvm-target	move
llvm/lib/Target/AArch64/AArch64FastISel.cpp	llvm-kain/src/target/aarch64/AArch64FastISel.cpp	169926	llvm-target	move
llvm/lib/Target/AArch64/AArch64Features.td	llvm-kain/src/target/aarch64/AArch64Features.td	52005	llvm-target	move
llvm/lib/Target/AArch64/AArch64FMV.td	llvm-kain/src/target/aarch64/AArch64FMV.td	4049	llvm-target	move
llvm/lib/Target/AArch64/AArch64FrameLowering.cpp	llvm-kain/src/target/aarch64/AArch64FrameLowering.cpp	162433	llvm-target	move
llvm/lib/Target/AArch64/AArch64FrameLowering.h	llvm-kain/src/target/aarch64/AArch64FrameLowering.h	11806	llvm-target	move
llvm/lib/Target/AArch64/AArch64GenRegisterBankInfo.def	llvm-kain/src/target/aarch64/AArch64GenRegisterBankInfo.def	11904	llvm-target	move
llvm/lib/Target/AArch64/AArch64InstrAtomics.td	llvm-kain/src/target/aarch64/AArch64InstrAtomics.td	30206	llvm-target	move
llvm/lib/Target/AArch64/AArch64InstrFormats.td	llvm-kain/src/target/aarch64/AArch64InstrFormats.td	533672	llvm-target	move
llvm/lib/Target/AArch64/AArch64InstrGISel.td	llvm-kain/src/target/aarch64/AArch64InstrGISel.td	21654	llvm-target	move
llvm/lib/Target/AArch64/AArch64InstrInfo.cpp	llvm-kain/src/target/aarch64/AArch64InstrInfo.cpp	433980	llvm-target	move
llvm/lib/Target/AArch64/AArch64InstrInfo.h	llvm-kain/src/target/aarch64/AArch64InstrInfo.h	37316	llvm-target	move
llvm/lib/Target/AArch64/AArch64InstrInfo.td	llvm-kain/src/target/aarch64/AArch64InstrInfo.td	604204	llvm-target	move
llvm/lib/Target/AArch64/AArch64ISelDAGToDAG.cpp	llvm-kain/src/target/aarch64/AArch64ISelDAGToDAG.cpp	317172	llvm-target	move
llvm/lib/Target/AArch64/AArch64ISelLowering.cpp	llvm-kain/src/target/aarch64/AArch64ISelLowering.cpp	1380524	llvm-target	move
llvm/lib/Target/AArch64/AArch64ISelLowering.h	llvm-kain/src/target/aarch64/AArch64ISelLowering.h	46224	llvm-target	move
llvm/lib/Target/AArch64/AArch64LFI.td	llvm-kain/src/target/aarch64/AArch64LFI.td	19775	llvm-target	move
llvm/lib/Target/AArch64/AArch64LoadStoreOptimizer.cpp	llvm-kain/src/target/aarch64/AArch64LoadStoreOptimizer.cpp	126654	llvm-target	move
llvm/lib/Target/AArch64/AArch64LowerHomogeneousPrologEpilog.cpp	llvm-kain/src/target/aarch64/AArch64LowerHomogeneousPrologEpilog.cpp	24191	llvm-target	move
llvm/lib/Target/AArch64/AArch64MachineFunctionInfo.cpp	llvm-kain/src/target/aarch64/AArch64MachineFunctionInfo.cpp	8349	llvm-target	move
llvm/lib/Target/AArch64/AArch64MachineFunctionInfo.h	llvm-kain/src/target/aarch64/AArch64MachineFunctionInfo.h	24043	llvm-target	move
llvm/lib/Target/AArch64/AArch64MachineScheduler.cpp	llvm-kain/src/target/aarch64/AArch64MachineScheduler.cpp	2903	llvm-target	move
llvm/lib/Target/AArch64/AArch64MachineScheduler.h	llvm-kain/src/target/aarch64/AArch64MachineScheduler.h	1033	llvm-target	move
llvm/lib/Target/AArch64/AArch64MacroFusion.cpp	llvm-kain/src/target/aarch64/AArch64MacroFusion.cpp	16720	llvm-target	move
llvm/lib/Target/AArch64/AArch64MacroFusion.h	llvm-kain/src/target/aarch64/AArch64MacroFusion.h	1067	llvm-target	move
llvm/lib/Target/AArch64/AArch64MCInstLower.cpp	llvm-kain/src/target/aarch64/AArch64MCInstLower.cpp	15679	llvm-target	move
llvm/lib/Target/AArch64/AArch64MCInstLower.h	llvm-kain/src/target/aarch64/AArch64MCInstLower.h	1831	llvm-target	move
llvm/lib/Target/AArch64/AArch64MIPeepholeOpt.cpp	llvm-kain/src/target/aarch64/AArch64MIPeepholeOpt.cpp	41753	llvm-target	move
llvm/lib/Target/AArch64/AArch64PassRegistry.def	llvm-kain/src/target/aarch64/AArch64PassRegistry.def	3349	llvm-target	move
llvm/lib/Target/AArch64/AArch64PBQPRegAlloc.cpp	llvm-kain/src/target/aarch64/AArch64PBQPRegAlloc.cpp	11444	llvm-target	move
llvm/lib/Target/AArch64/AArch64PBQPRegAlloc.h	llvm-kain/src/target/aarch64/AArch64PBQPRegAlloc.h	1327	llvm-target	move
llvm/lib/Target/AArch64/AArch64PerfectShuffle.cpp	llvm-kain/src/target/aarch64/AArch64PerfectShuffle.cpp	392545	llvm-target	move
llvm/lib/Target/AArch64/AArch64PerfectShuffle.h	llvm-kain/src/target/aarch64/AArch64PerfectShuffle.h	9326	llvm-target	move
llvm/lib/Target/AArch64/AArch64PfmCounters.td	llvm-kain/src/target/aarch64/AArch64PfmCounters.td	709	llvm-target	move
llvm/lib/Target/AArch64/AArch64PointerAuth.cpp	llvm-kain/src/target/aarch64/AArch64PointerAuth.cpp	16077	llvm-target	move
llvm/lib/Target/AArch64/AArch64PointerAuth.h	llvm-kain/src/target/aarch64/AArch64PointerAuth.h	3798	llvm-target	move
llvm/lib/Target/AArch64/AArch64PostCoalescerPass.cpp	llvm-kain/src/target/aarch64/AArch64PostCoalescerPass.cpp	3883	llvm-target	move
llvm/lib/Target/AArch64/AArch64Processors.td	llvm-kain/src/target/aarch64/AArch64Processors.td	93258	llvm-target	move
llvm/lib/Target/AArch64/AArch64PrologueEpilogue.cpp	llvm-kain/src/target/aarch64/AArch64PrologueEpilogue.cpp	71727	llvm-target	move
llvm/lib/Target/AArch64/AArch64PrologueEpilogue.h	llvm-kain/src/target/aarch64/AArch64PrologueEpilogue.h	7634	llvm-target	move
llvm/lib/Target/AArch64/AArch64PromoteConstant.cpp	llvm-kain/src/target/aarch64/AArch64PromoteConstant.cpp	22948	llvm-target	move
llvm/lib/Target/AArch64/AArch64RedundantCondBranchPass.cpp	llvm-kain/src/target/aarch64/AArch64RedundantCondBranchPass.cpp	2525	llvm-target	move
llvm/lib/Target/AArch64/AArch64RedundantCopyElimination.cpp	llvm-kain/src/target/aarch64/AArch64RedundantCopyElimination.cpp	18508	llvm-target	move
llvm/lib/Target/AArch64/AArch64RegisterBanks.td	llvm-kain/src/target/aarch64/AArch64RegisterBanks.td	751	llvm-target	move
llvm/lib/Target/AArch64/AArch64RegisterInfo.cpp	llvm-kain/src/target/aarch64/AArch64RegisterInfo.cpp	61741	llvm-target	move
llvm/lib/Target/AArch64/AArch64RegisterInfo.h	llvm-kain/src/target/aarch64/AArch64RegisterInfo.h	7194	llvm-target	move
llvm/lib/Target/AArch64/AArch64RegisterInfo.td	llvm-kain/src/target/aarch64/AArch64RegisterInfo.td	89910	llvm-target	move
llvm/lib/Target/AArch64/AArch64SchedA320.td	llvm-kain/src/target/aarch64/AArch64SchedA320.td	69468	llvm-target	move
llvm/lib/Target/AArch64/AArch64SchedA510.td	llvm-kain/src/target/aarch64/AArch64SchedA510.td	69211	llvm-target	move
llvm/lib/Target/AArch64/AArch64SchedA53.td	llvm-kain/src/target/aarch64/AArch64SchedA53.td	15912	llvm-target	move
llvm/lib/Target/AArch64/AArch64SchedA55.td	llvm-kain/src/target/aarch64/AArch64SchedA55.td	27477	llvm-target	move
llvm/lib/Target/AArch64/AArch64SchedA57.td	llvm-kain/src/target/aarch64/AArch64SchedA57.td	37144	llvm-target	move
llvm/lib/Target/AArch64/AArch64SchedA57WriteRes.td	llvm-kain/src/target/aarch64/AArch64SchedA57WriteRes.td	21133	llvm-target	move
llvm/lib/Target/AArch64/AArch64SchedA64FX.td	llvm-kain/src/target/aarch64/AArch64SchedA64FX.td	86649	llvm-target	move
llvm/lib/Target/AArch64/AArch64SchedAmpere1.td	llvm-kain/src/target/aarch64/AArch64SchedAmpere1.td	44558	llvm-target	move
llvm/lib/Target/AArch64/AArch64SchedAmpere1B.td	llvm-kain/src/target/aarch64/AArch64SchedAmpere1B.td	46274	llvm-target	move
llvm/lib/Target/AArch64/AArch64SchedC1Nano.td	llvm-kain/src/target/aarch64/AArch64SchedC1Nano.td	90024	llvm-target	move
llvm/lib/Target/AArch64/AArch64SchedC1Premium.td	llvm-kain/src/target/aarch64/AArch64SchedC1Premium.td	97041	llvm-target	move
llvm/lib/Target/AArch64/AArch64SchedC1Ultra.td	llvm-kain/src/target/aarch64/AArch64SchedC1Ultra.td	104619	llvm-target	move
llvm/lib/Target/AArch64/AArch64SchedCyclone.td	llvm-kain/src/target/aarch64/AArch64SchedCyclone.td	30929	llvm-target	move
llvm/lib/Target/AArch64/AArch64SchedExynosM3.td	llvm-kain/src/target/aarch64/AArch64SchedExynosM3.td	43881	llvm-target	move
llvm/lib/Target/AArch64/AArch64SchedExynosM4.td	llvm-kain/src/target/aarch64/AArch64SchedExynosM4.td	51151	llvm-target	move
llvm/lib/Target/AArch64/AArch64SchedExynosM5.td	llvm-kain/src/target/aarch64/AArch64SchedExynosM5.td	52086	llvm-target	move
llvm/lib/Target/AArch64/AArch64SchedFalkor.td	llvm-kain/src/target/aarch64/AArch64SchedFalkor.td	5683	llvm-target	move
llvm/lib/Target/AArch64/AArch64SchedFalkorDetails.td	llvm-kain/src/target/aarch64/AArch64SchedFalkorDetails.td	69300	llvm-target	move
llvm/lib/Target/AArch64/AArch64SchedKryo.td	llvm-kain/src/target/aarch64/AArch64SchedKryo.td	6617	llvm-target	move
llvm/lib/Target/AArch64/AArch64SchedKryoDetails.td	llvm-kain/src/target/aarch64/AArch64SchedKryoDetails.td	84617	llvm-target	move
llvm/lib/Target/AArch64/AArch64SchedNeoverseN1.td	llvm-kain/src/target/aarch64/AArch64SchedNeoverseN1.td	44034	llvm-target	move
llvm/lib/Target/AArch64/AArch64SchedNeoverseN2.td	llvm-kain/src/target/aarch64/AArch64SchedNeoverseN2.td	98011	llvm-target	move
llvm/lib/Target/AArch64/AArch64SchedNeoverseN3.td	llvm-kain/src/target/aarch64/AArch64SchedNeoverseN3.td	95745	llvm-target	move
llvm/lib/Target/AArch64/AArch64SchedNeoverseV1.td	llvm-kain/src/target/aarch64/AArch64SchedNeoverseV1.td	86042	llvm-target	move
llvm/lib/Target/AArch64/AArch64SchedNeoverseV2.td	llvm-kain/src/target/aarch64/AArch64SchedNeoverseV2.td	113559	llvm-target	move
llvm/lib/Target/AArch64/AArch64SchedNeoverseV3.td	llvm-kain/src/target/aarch64/AArch64SchedNeoverseV3.td	110156	llvm-target	move
llvm/lib/Target/AArch64/AArch64SchedNeoverseV3AE.td	llvm-kain/src/target/aarch64/AArch64SchedNeoverseV3AE.td	110213	llvm-target	move
llvm/lib/Target/AArch64/AArch64SchedOlympus.td	llvm-kain/src/target/aarch64/AArch64SchedOlympus.td	157244	llvm-target	move
llvm/lib/Target/AArch64/AArch64SchedOryon.td	llvm-kain/src/target/aarch64/AArch64SchedOryon.td	58088	llvm-target	move
llvm/lib/Target/AArch64/AArch64SchedPredExynos.td	llvm-kain/src/target/aarch64/AArch64SchedPredExynos.td	6990	llvm-target	move
llvm/lib/Target/AArch64/AArch64SchedPredicates.td	llvm-kain/src/target/aarch64/AArch64SchedPredicates.td	25624	llvm-target	move
llvm/lib/Target/AArch64/AArch64SchedPredNeoverse.td	llvm-kain/src/target/aarch64/AArch64SchedPredNeoverse.td	5297	llvm-target	move
llvm/lib/Target/AArch64/AArch64SchedThunderX.td	llvm-kain/src/target/aarch64/AArch64SchedThunderX.td	15624	llvm-target	move
llvm/lib/Target/AArch64/AArch64SchedThunderX2T99.td	llvm-kain/src/target/aarch64/AArch64SchedThunderX2T99.td	70574	llvm-target	move
llvm/lib/Target/AArch64/AArch64SchedThunderX3T110.td	llvm-kain/src/target/aarch64/AArch64SchedThunderX3T110.td	70772	llvm-target	move
llvm/lib/Target/AArch64/AArch64SchedTSV110.td	llvm-kain/src/target/aarch64/AArch64SchedTSV110.td	36232	llvm-target	move
llvm/lib/Target/AArch64/AArch64Schedule.td	llvm-kain/src/target/aarch64/AArch64Schedule.td	4239	llvm-target	move
llvm/lib/Target/AArch64/AArch64SelectionDAGInfo.cpp	llvm-kain/src/target/aarch64/AArch64SelectionDAGInfo.cpp	15430	llvm-target	move
llvm/lib/Target/AArch64/AArch64SelectionDAGInfo.h	llvm-kain/src/target/aarch64/AArch64SelectionDAGInfo.h	3390	llvm-target	move
llvm/lib/Target/AArch64/AArch64SIMDInstrOpt.cpp	llvm-kain/src/target/aarch64/AArch64SIMDInstrOpt.cpp	28251	llvm-target	move
llvm/lib/Target/AArch64/AArch64SLSHardening.cpp	llvm-kain/src/target/aarch64/AArch64SLSHardening.cpp	20304	llvm-target	move
llvm/lib/Target/AArch64/AArch64SMEAttributes.cpp	llvm-kain/src/target/aarch64/AArch64SMEAttributes.cpp	5487	llvm-target	move
llvm/lib/Target/AArch64/AArch64SMEAttributes.h	llvm-kain/src/target/aarch64/AArch64SMEAttributes.h	7030	llvm-target	move
llvm/lib/Target/AArch64/AArch64SMEInstrInfo.td	llvm-kain/src/target/aarch64/AArch64SMEInstrInfo.td	89505	llvm-target	move
llvm/lib/Target/AArch64/AArch64SpeculationHardening.cpp	llvm-kain/src/target/aarch64/AArch64SpeculationHardening.cpp	30152	llvm-target	move
llvm/lib/Target/AArch64/AArch64SRLTDefineSuperRegs.cpp	llvm-kain/src/target/aarch64/AArch64SRLTDefineSuperRegs.cpp	11668	llvm-target	move
llvm/lib/Target/AArch64/AArch64StackTagging.cpp	llvm-kain/src/target/aarch64/AArch64StackTagging.cpp	22729	llvm-target	move
llvm/lib/Target/AArch64/AArch64StackTaggingPreRA.cpp	llvm-kain/src/target/aarch64/AArch64StackTaggingPreRA.cpp	13589	llvm-target	move
llvm/lib/Target/AArch64/AArch64StorePairSuppress.cpp	llvm-kain/src/target/aarch64/AArch64StorePairSuppress.cpp	6865	llvm-target	move
llvm/lib/Target/AArch64/AArch64Subtarget.cpp	llvm-kain/src/target/aarch64/AArch64Subtarget.cpp	23486	llvm-target	move
llvm/lib/Target/AArch64/AArch64Subtarget.h	llvm-kain/src/target/aarch64/AArch64Subtarget.h	19260	llvm-target	move
llvm/lib/Target/AArch64/AArch64SVEInstrInfo.td	llvm-kain/src/target/aarch64/AArch64SVEInstrInfo.td	328899	llvm-target	move
llvm/lib/Target/AArch64/AArch64SystemOperands.td	llvm-kain/src/target/aarch64/AArch64SystemOperands.td	136047	llvm-target	move
llvm/lib/Target/AArch64/AArch64TargetMachine.cpp	llvm-kain/src/target/aarch64/AArch64TargetMachine.cpp	38700	llvm-target	move
llvm/lib/Target/AArch64/AArch64TargetMachine.h	llvm-kain/src/target/aarch64/AArch64TargetMachine.h	4671	llvm-target	move
llvm/lib/Target/AArch64/AArch64TargetObjectFile.cpp	llvm-kain/src/target/aarch64/AArch64TargetObjectFile.cpp	8282	llvm-target	move
llvm/lib/Target/AArch64/AArch64TargetObjectFile.h	llvm-kain/src/target/aarch64/AArch64TargetObjectFile.h	3811	llvm-target	move
llvm/lib/Target/AArch64/AArch64TargetTransformInfo.cpp	llvm-kain/src/target/aarch64/AArch64TargetTransformInfo.cpp	302908	llvm-target	move
llvm/lib/Target/AArch64/AArch64TargetTransformInfo.h	llvm-kain/src/target/aarch64/AArch64TargetTransformInfo.h	22531	llvm-target	move
llvm/lib/Target/AArch64/CMakeLists.txt	llvm-kain/src/target/aarch64/CMakeLists.txt	4166	llvm-target	move
llvm/lib/Target/AArch64/MachineSMEABIPass.cpp	llvm-kain/src/target/aarch64/MachineSMEABIPass.cpp	50503	llvm-target	move
llvm/lib/Target/AArch64/SMEInstrFormats.td	llvm-kain/src/target/aarch64/SMEInstrFormats.td	295038	llvm-target	move
llvm/lib/Target/AArch64/SMEPeepholeOpt.cpp	llvm-kain/src/target/aarch64/SMEPeepholeOpt.cpp	11786	llvm-target	move
llvm/lib/Target/AArch64/SVEInstrFormats.td	llvm-kain/src/target/aarch64/SVEInstrFormats.td	480670	llvm-target	move
llvm/lib/Target/AArch64/SVEIntrinsicOpts.cpp	llvm-kain/src/target/aarch64/SVEIntrinsicOpts.cpp	11091	llvm-target	move
llvm/lib/Target/AArch64/SVEShuffleOpts.cpp	llvm-kain/src/target/aarch64/SVEShuffleOpts.cpp	12654	llvm-target	move
llvm/lib/Target/AArch64/AsmParser/AArch64AsmParser.cpp	llvm-kain/src/target/aarch64/AsmParser/AArch64AsmParser.cpp	322111	llvm-target	move
llvm/lib/Target/AArch64/AsmParser/CMakeLists.txt	llvm-kain/src/target/aarch64/AsmParser/CMakeLists.txt	310	llvm-target	move
llvm/lib/Target/AArch64/Disassembler/AArch64Disassembler.cpp	llvm-kain/src/target/aarch64/Disassembler/AArch64Disassembler.cpp	65003	llvm-target	move
llvm/lib/Target/AArch64/Disassembler/AArch64Disassembler.h	llvm-kain/src/target/aarch64/Disassembler/AArch64Disassembler.h	1408	llvm-target	move
llvm/lib/Target/AArch64/Disassembler/AArch64ExternalSymbolizer.cpp	llvm-kain/src/target/aarch64/Disassembler/AArch64ExternalSymbolizer.cpp	10312	llvm-target	move
llvm/lib/Target/AArch64/Disassembler/AArch64ExternalSymbolizer.h	llvm-kain/src/target/aarch64/Disassembler/AArch64ExternalSymbolizer.h	1538	llvm-target	move
llvm/lib/Target/AArch64/Disassembler/CMakeLists.txt	llvm-kain/src/target/aarch64/Disassembler/CMakeLists.txt	388	llvm-target	move
llvm/lib/Target/AArch64/GISel/AArch64CallLowering.cpp	llvm-kain/src/target/aarch64/GISel/AArch64CallLowering.cpp	61468	llvm-target	move
llvm/lib/Target/AArch64/GISel/AArch64CallLowering.h	llvm-kain/src/target/aarch64/GISel/AArch64CallLowering.h	3267	llvm-target	move
llvm/lib/Target/AArch64/GISel/AArch64GlobalISelUtils.cpp	llvm-kain/src/target/aarch64/GISel/AArch64GlobalISelUtils.cpp	7230	llvm-target	move
llvm/lib/Target/AArch64/GISel/AArch64GlobalISelUtils.h	llvm-kain/src/target/aarch64/GISel/AArch64GlobalISelUtils.h	3648	llvm-target	move
llvm/lib/Target/AArch64/GISel/AArch64InstructionSelector.cpp	llvm-kain/src/target/aarch64/GISel/AArch64InstructionSelector.cpp	311502	llvm-target	move
llvm/lib/Target/AArch64/GISel/AArch64LegalizerInfo.cpp	llvm-kain/src/target/aarch64/GISel/AArch64LegalizerInfo.cpp	106953	llvm-target	move
llvm/lib/Target/AArch64/GISel/AArch64LegalizerInfo.h	llvm-kain/src/target/aarch64/GISel/AArch64LegalizerInfo.h	3771	llvm-target	move
llvm/lib/Target/AArch64/GISel/AArch64O0PreLegalizerCombiner.cpp	llvm-kain/src/target/aarch64/GISel/AArch64O0PreLegalizerCombiner.cpp	7756	llvm-target	move
llvm/lib/Target/AArch64/GISel/AArch64PostLegalizerCombiner.cpp	llvm-kain/src/target/aarch64/GISel/AArch64PostLegalizerCombiner.cpp	37737	llvm-target	move
llvm/lib/Target/AArch64/GISel/AArch64PostLegalizerLowering.cpp	llvm-kain/src/target/aarch64/GISel/AArch64PostLegalizerLowering.cpp	52124	llvm-target	move
llvm/lib/Target/AArch64/GISel/AArch64PostSelectOptimize.cpp	llvm-kain/src/target/aarch64/GISel/AArch64PostSelectOptimize.cpp	11164	llvm-target	move
llvm/lib/Target/AArch64/GISel/AArch64PreLegalizerCombiner.cpp	llvm-kain/src/target/aarch64/GISel/AArch64PreLegalizerCombiner.cpp	36328	llvm-target	move
llvm/lib/Target/AArch64/GISel/AArch64RegisterBankInfo.cpp	llvm-kain/src/target/aarch64/GISel/AArch64RegisterBankInfo.cpp	58090	llvm-target	move
llvm/lib/Target/AArch64/GISel/AArch64RegisterBankInfo.h	llvm-kain/src/target/aarch64/GISel/AArch64RegisterBankInfo.h	6233	llvm-target	move
llvm/lib/Target/AArch64/MCTargetDesc/AArch64AddressingModes.h	llvm-kain/src/target/aarch64/MCTargetDesc/AArch64AddressingModes.h	31222	llvm-target	move
llvm/lib/Target/AArch64/MCTargetDesc/AArch64AsmBackend.cpp	llvm-kain/src/target/aarch64/MCTargetDesc/AArch64AsmBackend.cpp	30955	llvm-target	move
llvm/lib/Target/AArch64/MCTargetDesc/AArch64ELFObjectWriter.cpp	llvm-kain/src/target/aarch64/MCTargetDesc/AArch64ELFObjectWriter.cpp	21198	llvm-target	move
llvm/lib/Target/AArch64/MCTargetDesc/AArch64ELFStreamer.cpp	llvm-kain/src/target/aarch64/MCTargetDesc/AArch64ELFStreamer.cpp	22782	llvm-target	move
llvm/lib/Target/AArch64/MCTargetDesc/AArch64ELFStreamer.h	llvm-kain/src/target/aarch64/MCTargetDesc/AArch64ELFStreamer.h	1030	llvm-target	move
llvm/lib/Target/AArch64/MCTargetDesc/AArch64FixupKinds.h	llvm-kain/src/target/aarch64/MCTargetDesc/AArch64FixupKinds.h	2453	llvm-target	move
llvm/lib/Target/AArch64/MCTargetDesc/AArch64InstPrinter.cpp	llvm-kain/src/target/aarch64/MCTargetDesc/AArch64InstPrinter.cpp	89694	llvm-target	move
llvm/lib/Target/AArch64/MCTargetDesc/AArch64InstPrinter.h	llvm-kain/src/target/aarch64/MCTargetDesc/AArch64InstPrinter.h	13712	llvm-target	move
llvm/lib/Target/AArch64/MCTargetDesc/AArch64MachObjectWriter.cpp	llvm-kain/src/target/aarch64/MCTargetDesc/AArch64MachObjectWriter.cpp	15439	llvm-target	move
llvm/lib/Target/AArch64/MCTargetDesc/AArch64MCAsmInfo.cpp	llvm-kain/src/target/aarch64/MCTargetDesc/AArch64MCAsmInfo.cpp	12021	llvm-target	move
llvm/lib/Target/AArch64/MCTargetDesc/AArch64MCAsmInfo.h	llvm-kain/src/target/aarch64/MCTargetDesc/AArch64MCAsmInfo.h	9081	llvm-target	move
llvm/lib/Target/AArch64/MCTargetDesc/AArch64MCCodeEmitter.cpp	llvm-kain/src/target/aarch64/MCTargetDesc/AArch64MCCodeEmitter.cpp	32688	llvm-target	move
llvm/lib/Target/AArch64/MCTargetDesc/AArch64MCExpr.cpp	llvm-kain/src/target/aarch64/MCTargetDesc/AArch64MCExpr.cpp	962	llvm-target	move
llvm/lib/Target/AArch64/MCTargetDesc/AArch64MCLFIRewriter.cpp	llvm-kain/src/target/aarch64/MCTargetDesc/AArch64MCLFIRewriter.cpp	28635	llvm-target	move
llvm/lib/Target/AArch64/MCTargetDesc/AArch64MCLFIRewriter.h	llvm-kain/src/target/aarch64/MCTargetDesc/AArch64MCLFIRewriter.h	5761	llvm-target	move
llvm/lib/Target/AArch64/MCTargetDesc/AArch64MCTargetDesc.cpp	llvm-kain/src/target/aarch64/MCTargetDesc/AArch64MCTargetDesc.cpp	25318	llvm-target	move
llvm/lib/Target/AArch64/MCTargetDesc/AArch64MCTargetDesc.h	llvm-kain/src/target/aarch64/MCTargetDesc/AArch64MCTargetDesc.h	3203	llvm-target	move
llvm/lib/Target/AArch64/MCTargetDesc/AArch64TargetStreamer.cpp	llvm-kain/src/target/aarch64/MCTargetDesc/AArch64TargetStreamer.cpp	8851	llvm-target	move
llvm/lib/Target/AArch64/MCTargetDesc/AArch64TargetStreamer.h	llvm-kain/src/target/aarch64/MCTargetDesc/AArch64TargetStreamer.h	9384	llvm-target	move
llvm/lib/Target/AArch64/MCTargetDesc/AArch64WinCOFFObjectWriter.cpp	llvm-kain/src/target/aarch64/MCTargetDesc/AArch64WinCOFFObjectWriter.cpp	5741	llvm-target	move
llvm/lib/Target/AArch64/MCTargetDesc/AArch64WinCOFFStreamer.cpp	llvm-kain/src/target/aarch64/MCTargetDesc/AArch64WinCOFFStreamer.cpp	11730	llvm-target	move
llvm/lib/Target/AArch64/MCTargetDesc/AArch64WinCOFFStreamer.h	llvm-kain/src/target/aarch64/MCTargetDesc/AArch64WinCOFFStreamer.h	1068	llvm-target	move
llvm/lib/Target/AArch64/MCTargetDesc/CMakeLists.txt	llvm-kain/src/target/aarch64/MCTargetDesc/CMakeLists.txt	747	llvm-target	move
llvm/lib/Target/AArch64/TargetInfo/AArch64TargetInfo.cpp	llvm-kain/src/target/aarch64/TargetInfo/AArch64TargetInfo.cpp	2113	llvm-target	move
llvm/lib/Target/AArch64/TargetInfo/AArch64TargetInfo.h	llvm-kain/src/target/aarch64/TargetInfo/AArch64TargetInfo.h	778	llvm-target	move
llvm/lib/Target/AArch64/TargetInfo/CMakeLists.txt	llvm-kain/src/target/aarch64/TargetInfo/CMakeLists.txt	278	llvm-target	move
llvm/lib/Target/AArch64/Utils/AArch64BaseInfo.cpp	llvm-kain/src/target/aarch64/Utils/AArch64BaseInfo.cpp	5547	llvm-target	move
llvm/lib/Target/AArch64/Utils/AArch64BaseInfo.h	llvm-kain/src/target/aarch64/Utils/AArch64BaseInfo.h	33744	llvm-target	move
llvm/lib/Target/AArch64/Utils/CMakeLists.txt	llvm-kain/src/target/aarch64/Utils/CMakeLists.txt	129	llvm-target	move
llvm/lib/Target/X86/CMakeLists.txt	llvm-kain/src/target/x86/CMakeLists.txt	3747	llvm-target	move
llvm/lib/Target/X86/ImmutableGraph.h	llvm-kain/src/target/x86/ImmutableGraph.h	15510	llvm-target	move
llvm/lib/Target/X86/README-FPStack.txt	llvm-kain/src/target/x86/README-FPStack.txt	2732	llvm-target	move
llvm/lib/Target/X86/README-SSE.txt	llvm-kain/src/target/x86/README-SSE.txt	23932	llvm-target	move
llvm/lib/Target/X86/README-X86-64.txt	llvm-kain/src/target/x86/README-X86-64.txt	6153	llvm-target	move
llvm/lib/Target/X86/README.txt	llvm-kain/src/target/x86/README.txt	46833	llvm-target	move
llvm/lib/Target/X86/X86.h	llvm-kain/src/target/x86/X86.h	19391	llvm-target	move
llvm/lib/Target/X86/X86.td	llvm-kain/src/target/x86/X86.td	116417	llvm-target	move
llvm/lib/Target/X86/X86ArgumentStackSlotRebase.cpp	llvm-kain/src/target/x86/X86ArgumentStackSlotRebase.cpp	6837	llvm-target	move
llvm/lib/Target/X86/X86AsmPrinter.cpp	llvm-kain/src/target/x86/X86AsmPrinter.cpp	42382	llvm-target	move
llvm/lib/Target/X86/X86AsmPrinter.h	llvm-kain/src/target/x86/X86AsmPrinter.h	8904	llvm-target	move
llvm/lib/Target/X86/X86AvoidStoreForwardingBlocks.cpp	llvm-kain/src/target/x86/X86AvoidStoreForwardingBlocks.cpp	28670	llvm-target	move
llvm/lib/Target/X86/X86AvoidTrailingCall.cpp	llvm-kain/src/target/x86/X86AvoidTrailingCall.cpp	5668	llvm-target	move
llvm/lib/Target/X86/X86CallFrameOptimization.cpp	llvm-kain/src/target/x86/X86CallFrameOptimization.cpp	23665	llvm-target	move
llvm/lib/Target/X86/X86CallingConv.cpp	llvm-kain/src/target/x86/X86CallingConv.cpp	16415	llvm-target	move
llvm/lib/Target/X86/X86CallingConv.h	llvm-kain/src/target/x86/X86CallingConv.h	1145	llvm-target	move
llvm/lib/Target/X86/X86CallingConv.td	llvm-kain/src/target/x86/X86CallingConv.td	52565	llvm-target	move
llvm/lib/Target/X86/X86CleanupLocalDynamicTLS.cpp	llvm-kain/src/target/x86/X86CleanupLocalDynamicTLS.cpp	5787	llvm-target	move
llvm/lib/Target/X86/X86CmovConversion.cpp	llvm-kain/src/target/x86/X86CmovConversion.cpp	36968	llvm-target	move
llvm/lib/Target/X86/X86CodeGenPassBuilder.cpp	llvm-kain/src/target/x86/X86CodeGenPassBuilder.cpp	12023	llvm-target	move
llvm/lib/Target/X86/X86Combine.td	llvm-kain/src/target/x86/X86Combine.td	1128	llvm-target	move
llvm/lib/Target/X86/X86CompressEVEX.cpp	llvm-kain/src/target/x86/X86CompressEVEX.cpp	17999	llvm-target	move
llvm/lib/Target/X86/X86DomainReassignment.cpp	llvm-kain/src/target/x86/X86DomainReassignment.cpp	29454	llvm-target	move
llvm/lib/Target/X86/X86DynAllocaExpander.cpp	llvm-kain/src/target/x86/X86DynAllocaExpander.cpp	10370	llvm-target	move
llvm/lib/Target/X86/X86ExpandPseudo.cpp	llvm-kain/src/target/x86/X86ExpandPseudo.cpp	36146	llvm-target	move
llvm/lib/Target/X86/X86FastISel.cpp	llvm-kain/src/target/x86/X86FastISel.cpp	142159	llvm-target	move
llvm/lib/Target/X86/X86FastPreTileConfig.cpp	llvm-kain/src/target/x86/X86FastPreTileConfig.cpp	26076	llvm-target	move
llvm/lib/Target/X86/X86FastTileConfig.cpp	llvm-kain/src/target/x86/X86FastTileConfig.cpp	7362	llvm-target	move
llvm/lib/Target/X86/X86FixupBWInsts.cpp	llvm-kain/src/target/x86/X86FixupBWInsts.cpp	19941	llvm-target	move
llvm/lib/Target/X86/X86FixupInstTuning.cpp	llvm-kain/src/target/x86/X86FixupInstTuning.cpp	28101	llvm-target	move
llvm/lib/Target/X86/X86FixupLEAs.cpp	llvm-kain/src/target/x86/X86FixupLEAs.cpp	34464	llvm-target	move
llvm/lib/Target/X86/X86FixupSetCC.cpp	llvm-kain/src/target/x86/X86FixupSetCC.cpp	6022	llvm-target	move
llvm/lib/Target/X86/X86FixupVectorConstants.cpp	llvm-kain/src/target/x86/X86FixupVectorConstants.cpp	33819	llvm-target	move
llvm/lib/Target/X86/X86FlagsCopyLowering.cpp	llvm-kain/src/target/x86/X86FlagsCopyLowering.cpp	39399	llvm-target	move
llvm/lib/Target/X86/X86FloatingPoint.cpp	llvm-kain/src/target/x86/X86FloatingPoint.cpp	67214	llvm-target	move
llvm/lib/Target/X86/X86FrameLowering.cpp	llvm-kain/src/target/x86/X86FrameLowering.cpp	188721	llvm-target	move
llvm/lib/Target/X86/X86FrameLowering.h	llvm-kain/src/target/x86/X86FrameLowering.h	15488	llvm-target	move
llvm/lib/Target/X86/X86GenRegisterBankInfo.def	llvm-kain/src/target/x86/X86GenRegisterBankInfo.def	3841	llvm-target	move
llvm/lib/Target/X86/X86GlobalBaseReg.cpp	llvm-kain/src/target/x86/X86GlobalBaseReg.cpp	5101	llvm-target	move
llvm/lib/Target/X86/X86IndirectBranchTracking.cpp	llvm-kain/src/target/x86/X86IndirectBranchTracking.cpp	7008	llvm-target	move
llvm/lib/Target/X86/X86IndirectThunks.cpp	llvm-kain/src/target/x86/X86IndirectThunks.cpp	9089	llvm-target	move
llvm/lib/Target/X86/X86InsertVZeroUpper.cpp	llvm-kain/src/target/x86/X86InsertVZeroUpper.cpp	13347	llvm-target	move
llvm/lib/Target/X86/X86InsertX87Wait.cpp	llvm-kain/src/target/x86/X86InsertX87Wait.cpp	4595	llvm-target	move
llvm/lib/Target/X86/X86InstCombineIntrinsic.cpp	llvm-kain/src/target/x86/X86InstCombineIntrinsic.cpp	112603	llvm-target	move
llvm/lib/Target/X86/X86Instr3DNow.td	llvm-kain/src/target/x86/X86Instr3DNow.td	4388	llvm-target	move
llvm/lib/Target/X86/X86InstrAMX.td	llvm-kain/src/target/x86/X86InstrAMX.td	28083	llvm-target	move
llvm/lib/Target/X86/X86InstrArithmetic.td	llvm-kain/src/target/x86/X86InstrArithmetic.td	75071	llvm-target	move
llvm/lib/Target/X86/X86InstrAsmAlias.td	llvm-kain/src/target/x86/X86InstrAsmAlias.td	52240	llvm-target	move
llvm/lib/Target/X86/X86InstrAVX10.td	llvm-kain/src/target/x86/X86InstrAVX10.td	80433	llvm-target	move
llvm/lib/Target/X86/X86InstrAVX512.td	llvm-kain/src/target/x86/X86InstrAVX512.td	735539	llvm-target	move
llvm/lib/Target/X86/X86InstrBuilder.h	llvm-kain/src/target/x86/X86InstrBuilder.h	8601	llvm-target	move
llvm/lib/Target/X86/X86InstrCMovSetCC.td	llvm-kain/src/target/x86/X86InstrCMovSetCC.td	8957	llvm-target	move
llvm/lib/Target/X86/X86InstrCompiler.td	llvm-kain/src/target/x86/X86InstrCompiler.td	111975	llvm-target	move
llvm/lib/Target/X86/X86InstrConditionalCompare.td	llvm-kain/src/target/x86/X86InstrConditionalCompare.td	7842	llvm-target	move
llvm/lib/Target/X86/X86InstrControl.td	llvm-kain/src/target/x86/X86InstrControl.td	21914	llvm-target	move
llvm/lib/Target/X86/X86InstrExtension.td	llvm-kain/src/target/x86/X86InstrExtension.td	11768	llvm-target	move
llvm/lib/Target/X86/X86InstrFMA.td	llvm-kain/src/target/x86/X86InstrFMA.td	33623	llvm-target	move
llvm/lib/Target/X86/X86InstrFMA3Info.cpp	llvm-kain/src/target/x86/X86InstrFMA3Info.cpp	7934	llvm-target	move
llvm/lib/Target/X86/X86InstrFMA3Info.h	llvm-kain/src/target/x86/X86InstrFMA3Info.h	3325	llvm-target	move
llvm/lib/Target/X86/X86InstrFoldTables.cpp	llvm-kain/src/target/x86/X86InstrFoldTables.cpp	14044	llvm-target	move
llvm/lib/Target/X86/X86InstrFoldTables.h	llvm-kain/src/target/x86/X86InstrFoldTables.h	2415	llvm-target	move
llvm/lib/Target/X86/X86InstrFormats.td	llvm-kain/src/target/x86/X86InstrFormats.td	12943	llvm-target	move
llvm/lib/Target/X86/X86InstrFPStack.td	llvm-kain/src/target/x86/X86InstrFPStack.td	37151	llvm-target	move
llvm/lib/Target/X86/X86InstrFragments.td	llvm-kain/src/target/x86/X86InstrFragments.td	46333	llvm-target	move
llvm/lib/Target/X86/X86InstrFragmentsSIMD.td	llvm-kain/src/target/x86/X86InstrFragmentsSIMD.td	86042	llvm-target	move
llvm/lib/Target/X86/X86InstrGISel.td	llvm-kain/src/target/x86/X86InstrGISel.td	1895	llvm-target	move
llvm/lib/Target/X86/X86InstrInfo.cpp	llvm-kain/src/target/x86/X86InstrInfo.cpp	364803	llvm-target	move
llvm/lib/Target/X86/X86InstrInfo.h	llvm-kain/src/target/x86/X86InstrInfo.h	35681	llvm-target	move
llvm/lib/Target/X86/X86InstrInfo.td	llvm-kain/src/target/x86/X86InstrInfo.td	2794	llvm-target	move
llvm/lib/Target/X86/X86InstrKL.td	llvm-kain/src/target/x86/X86InstrKL.td	3824	llvm-target	move
llvm/lib/Target/X86/X86InstrMisc.td	llvm-kain/src/target/x86/X86InstrMisc.td	85830	llvm-target	move
llvm/lib/Target/X86/X86InstrMMX.td	llvm-kain/src/target/x86/X86InstrMMX.td	30578	llvm-target	move
llvm/lib/Target/X86/X86InstrOperands.td	llvm-kain/src/target/x86/X86InstrOperands.td	21459	llvm-target	move
llvm/lib/Target/X86/X86InstrPredicates.td	llvm-kain/src/target/x86/X86InstrPredicates.td	15398	llvm-target	move
llvm/lib/Target/X86/X86InstrRAOINT.td	llvm-kain/src/target/x86/X86InstrRAOINT.td	2109	llvm-target	move
llvm/lib/Target/X86/X86InstrSGX.td	llvm-kain/src/target/x86/X86InstrSGX.td	1147	llvm-target	move
llvm/lib/Target/X86/X86InstrShiftRotate.td	llvm-kain/src/target/x86/X86InstrShiftRotate.td	33190	llvm-target	move
llvm/lib/Target/X86/X86InstrSNP.td	llvm-kain/src/target/x86/X86InstrSNP.td	2334	llvm-target	move
llvm/lib/Target/X86/X86InstrSSE.td	llvm-kain/src/target/x86/X86InstrSSE.td	424691	llvm-target	move
llvm/lib/Target/X86/X86InstrSVM.td	llvm-kain/src/target/x86/X86InstrSVM.td	2085	llvm-target	move
llvm/lib/Target/X86/X86InstrSystem.td	llvm-kain/src/target/x86/X86InstrSystem.td	40023	llvm-target	move
llvm/lib/Target/X86/X86InstrTBM.td	llvm-kain/src/target/x86/X86InstrTBM.td	8250	llvm-target	move
llvm/lib/Target/X86/X86InstrTDX.td	llvm-kain/src/target/x86/X86InstrTDX.td	1260	llvm-target	move
llvm/lib/Target/X86/X86InstrTSX.td	llvm-kain/src/target/x86/X86InstrTSX.td	2292	llvm-target	move
llvm/lib/Target/X86/X86InstrUtils.td	llvm-kain/src/target/x86/X86InstrUtils.td	63979	llvm-target	move
llvm/lib/Target/X86/X86InstrVecCompiler.td	llvm-kain/src/target/x86/X86InstrVecCompiler.td	22830	llvm-target	move
llvm/lib/Target/X86/X86InstrVMX.td	llvm-kain/src/target/x86/X86InstrVMX.td	3907	llvm-target	move
llvm/lib/Target/X86/X86InstrXOP.td	llvm-kain/src/target/x86/X86InstrXOP.td	24334	llvm-target	move
llvm/lib/Target/X86/X86InterleavedAccess.cpp	llvm-kain/src/target/x86/X86InterleavedAccess.cpp	33300	llvm-target	move
llvm/lib/Target/X86/X86IntrinsicsInfo.h	llvm-kain/src/target/x86/X86IntrinsicsInfo.h	126802	llvm-target	move
llvm/lib/Target/X86/X86ISelDAGToDAG.cpp	llvm-kain/src/target/x86/X86ISelDAGToDAG.cpp	259806	llvm-target	move
llvm/lib/Target/X86/X86ISelDAGToDAG.h	llvm-kain/src/target/x86/X86ISelDAGToDAG.h	734	llvm-target	move
llvm/lib/Target/X86/X86ISelLowering.cpp	llvm-kain/src/target/x86/X86ISelLowering.cpp	2656679	llvm-target	move
llvm/lib/Target/X86/X86ISelLowering.h	llvm-kain/src/target/x86/X86ISelLowering.h	49020	llvm-target	move
llvm/lib/Target/X86/X86ISelLoweringCall.cpp	llvm-kain/src/target/x86/X86ISelLoweringCall.cpp	128931	llvm-target	move
llvm/lib/Target/X86/X86LoadValueInjectionLoadHardening.cpp	llvm-kain/src/target/x86/X86LoadValueInjectionLoadHardening.cpp	33841	llvm-target	move
llvm/lib/Target/X86/X86LoadValueInjectionRetHardening.cpp	llvm-kain/src/target/x86/X86LoadValueInjectionRetHardening.cpp	4753	llvm-target	move
llvm/lib/Target/X86/X86LowerAMXIntrinsics.cpp	llvm-kain/src/target/x86/X86LowerAMXIntrinsics.cpp	29349	llvm-target	move
llvm/lib/Target/X86/X86LowerAMXType.cpp	llvm-kain/src/target/x86/X86LowerAMXType.cpp	48976	llvm-target	move
llvm/lib/Target/X86/X86LowerTileCopy.cpp	llvm-kain/src/target/x86/X86LowerTileCopy.cpp	6272	llvm-target	move
llvm/lib/Target/X86/X86MachineFunctionInfo.cpp	llvm-kain/src/target/x86/X86MachineFunctionInfo.cpp	1809	llvm-target	move
llvm/lib/Target/X86/X86MachineFunctionInfo.h	llvm-kain/src/target/x86/X86MachineFunctionInfo.h	13403	llvm-target	move
llvm/lib/Target/X86/X86MacroFusion.cpp	llvm-kain/src/target/x86/X86MacroFusion.cpp	2781	llvm-target	move
llvm/lib/Target/X86/X86MacroFusion.h	llvm-kain/src/target/x86/X86MacroFusion.h	995	llvm-target	move
llvm/lib/Target/X86/X86MCInstLower.cpp	llvm-kain/src/target/x86/X86MCInstLower.cpp	105742	llvm-target	move
llvm/lib/Target/X86/X86OptimizeLEAs.cpp	llvm-kain/src/target/x86/X86OptimizeLEAs.cpp	29659	llvm-target	move
llvm/lib/Target/X86/X86PadShortFunction.cpp	llvm-kain/src/target/x86/X86PadShortFunction.cpp	7235	llvm-target	move
llvm/lib/Target/X86/X86PartialReduction.cpp	llvm-kain/src/target/x86/X86PartialReduction.cpp	18417	llvm-target	move
llvm/lib/Target/X86/X86PassRegistry.def	llvm-kain/src/target/x86/X86PassRegistry.def	4216	llvm-target	move
llvm/lib/Target/X86/X86PfmCounters.td	llvm-kain/src/target/x86/X86PfmCounters.td	18133	llvm-target	move
llvm/lib/Target/X86/X86PreTileConfig.cpp	llvm-kain/src/target/x86/X86PreTileConfig.cpp	16913	llvm-target	move
llvm/lib/Target/X86/X86RegisterBanks.td	llvm-kain/src/target/x86/X86RegisterBanks.td	723	llvm-target	move
llvm/lib/Target/X86/X86RegisterInfo.cpp	llvm-kain/src/target/x86/X86RegisterInfo.cpp	45685	llvm-target	move
llvm/lib/Target/X86/X86RegisterInfo.h	llvm-kain/src/target/x86/X86RegisterInfo.h	7486	llvm-target	move
llvm/lib/Target/X86/X86RegisterInfo.td	llvm-kain/src/target/x86/X86RegisterInfo.td	36722	llvm-target	move
llvm/lib/Target/X86/X86ReplaceableInstrs.def	llvm-kain/src/target/x86/X86ReplaceableInstrs.def	21810	llvm-target	move
llvm/lib/Target/X86/X86ReturnThunks.cpp	llvm-kain/src/target/x86/X86ReturnThunks.cpp	3912	llvm-target	move
llvm/lib/Target/X86/X86SchedAlderlakeP.td	llvm-kain/src/target/x86/X86SchedAlderlakeP.td	107337	llvm-target	move
llvm/lib/Target/X86/X86SchedBroadwell.td	llvm-kain/src/target/x86/X86SchedBroadwell.td	69913	llvm-target	move
llvm/lib/Target/X86/X86SchedHaswell.td	llvm-kain/src/target/x86/X86SchedHaswell.td	74642	llvm-target	move
llvm/lib/Target/X86/X86SchedIceLake.td	llvm-kain/src/target/x86/X86SchedIceLake.td	116028	llvm-target	move
llvm/lib/Target/X86/X86SchedLunarlakeP.td	llvm-kain/src/target/x86/X86SchedLunarlakeP.td	108045	llvm-target	move
llvm/lib/Target/X86/X86SchedPredicates.td	llvm-kain/src/target/x86/X86SchedPredicates.td	4327	llvm-target	move
llvm/lib/Target/X86/X86SchedSandyBridge.td	llvm-kain/src/target/x86/X86SchedSandyBridge.td	53851	llvm-target	move
llvm/lib/Target/X86/X86SchedSapphireRapids.td	llvm-kain/src/target/x86/X86SchedSapphireRapids.td	242309	llvm-target	move
llvm/lib/Target/X86/X86SchedSkylakeClient.td	llvm-kain/src/target/x86/X86SchedSkylakeClient.td	72647	llvm-target	move
llvm/lib/Target/X86/X86SchedSkylakeServer.td	llvm-kain/src/target/x86/X86SchedSkylakeServer.td	114507	llvm-target	move
llvm/lib/Target/X86/X86Schedule.td	llvm-kain/src/target/x86/X86Schedule.td	39001	llvm-target	move
llvm/lib/Target/X86/X86ScheduleAtom.td	llvm-kain/src/target/x86/X86ScheduleAtom.td	41273	llvm-target	move
llvm/lib/Target/X86/X86ScheduleBdVer2.td	llvm-kain/src/target/x86/X86ScheduleBdVer2.td	58049	llvm-target	move
llvm/lib/Target/X86/X86ScheduleBtVer2.td	llvm-kain/src/target/x86/X86ScheduleBtVer2.td	48386	llvm-target	move
llvm/lib/Target/X86/X86ScheduleC864GM4.td	llvm-kain/src/target/x86/X86ScheduleC864GM4.td	43854	llvm-target	move
llvm/lib/Target/X86/X86ScheduleC864GM7.td	llvm-kain/src/target/x86/X86ScheduleC864GM7.td	175281	llvm-target	move
llvm/lib/Target/X86/X86ScheduleSLM.td	llvm-kain/src/target/x86/X86ScheduleSLM.td	24299	llvm-target	move
llvm/lib/Target/X86/X86ScheduleZnver1.td	llvm-kain/src/target/x86/X86ScheduleZnver1.td	46692	llvm-target	move
llvm/lib/Target/X86/X86ScheduleZnver2.td	llvm-kain/src/target/x86/X86ScheduleZnver2.td	46670	llvm-target	move
llvm/lib/Target/X86/X86ScheduleZnver3.td	llvm-kain/src/target/x86/X86ScheduleZnver3.td	76843	llvm-target	move
llvm/lib/Target/X86/X86ScheduleZnver4.td	llvm-kain/src/target/x86/X86ScheduleZnver4.td	92347	llvm-target	move
llvm/lib/Target/X86/X86SelectionDAGInfo.cpp	llvm-kain/src/target/x86/X86SelectionDAGInfo.cpp	16636	llvm-target	move
llvm/lib/Target/X86/X86SelectionDAGInfo.h	llvm-kain/src/target/x86/X86SelectionDAGInfo.h	3643	llvm-target	move
llvm/lib/Target/X86/X86ShuffleDecodeConstantPool.cpp	llvm-kain/src/target/x86/X86ShuffleDecodeConstantPool.cpp	9754	llvm-target	move
llvm/lib/Target/X86/X86ShuffleDecodeConstantPool.h	llvm-kain/src/target/x86/X86ShuffleDecodeConstantPool.h	1773	llvm-target	move
llvm/lib/Target/X86/X86SpeculativeExecutionSideEffectSuppression.cpp	llvm-kain/src/target/x86/X86SpeculativeExecutionSideEffectSuppression.cpp	7817	llvm-target	move
llvm/lib/Target/X86/X86SpeculativeLoadHardening.cpp	llvm-kain/src/target/x86/X86SpeculativeLoadHardening.cpp	95651	llvm-target	move
llvm/lib/Target/X86/X86Subtarget.cpp	llvm-kain/src/target/x86/X86Subtarget.cpp	14255	llvm-target	move
llvm/lib/Target/X86/X86Subtarget.h	llvm-kain/src/target/x86/X86Subtarget.h	16431	llvm-target	move
llvm/lib/Target/X86/X86SuppressAPXForReloc.cpp	llvm-kain/src/target/x86/X86SuppressAPXForReloc.cpp	10421	llvm-target	move
llvm/lib/Target/X86/X86TargetMachine.cpp	llvm-kain/src/target/x86/X86TargetMachine.cpp	24227	llvm-target	move
llvm/lib/Target/X86/X86TargetMachine.h	llvm-kain/src/target/x86/X86TargetMachine.h	3528	llvm-target	move
llvm/lib/Target/X86/X86TargetObjectFile.cpp	llvm-kain/src/target/x86/X86TargetObjectFile.cpp	2976	llvm-target	move
llvm/lib/Target/X86/X86TargetObjectFile.h	llvm-kain/src/target/x86/X86TargetObjectFile.h	2739	llvm-target	move
llvm/lib/Target/X86/X86TargetTransformInfo.cpp	llvm-kain/src/target/x86/X86TargetTransformInfo.cpp	368432	llvm-target	move
llvm/lib/Target/X86/X86TargetTransformInfo.h	llvm-kain/src/target/x86/X86TargetTransformInfo.h	13471	llvm-target	move
llvm/lib/Target/X86/X86TileConfig.cpp	llvm-kain/src/target/x86/X86TileConfig.cpp	8575	llvm-target	move
llvm/lib/Target/X86/X86WinEHState.cpp	llvm-kain/src/target/x86/X86WinEHState.cpp	31736	llvm-target	move
llvm/lib/Target/X86/X86WinEHUnwindV2.cpp	llvm-kain/src/target/x86/X86WinEHUnwindV2.cpp	17577	llvm-target	move
llvm/lib/Target/X86/X86WinEHUnwindV3.cpp	llvm-kain/src/target/x86/X86WinEHUnwindV3.cpp	13735	llvm-target	move
llvm/lib/Target/X86/AsmParser/CMakeLists.txt	llvm-kain/src/target/x86/AsmParser/CMakeLists.txt	158	llvm-target	move
llvm/lib/Target/X86/AsmParser/X86AsmParser.cpp	llvm-kain/src/target/x86/AsmParser/X86AsmParser.cpp	190045	llvm-target	move
llvm/lib/Target/X86/AsmParser/X86AsmParserCommon.h	llvm-kain/src/target/x86/AsmParser/X86AsmParserCommon.h	1305	llvm-target	move
llvm/lib/Target/X86/AsmParser/X86Operand.h	llvm-kain/src/target/x86/AsmParser/X86Operand.h	25636	llvm-target	move
llvm/lib/Target/X86/Disassembler/CMakeLists.txt	llvm-kain/src/target/x86/Disassembler/CMakeLists.txt	155	llvm-target	move
llvm/lib/Target/X86/Disassembler/X86Disassembler.cpp	llvm-kain/src/target/x86/Disassembler/X86Disassembler.cpp	84906	llvm-target	move
llvm/lib/Target/X86/Disassembler/X86DisassemblerDecoder.h	llvm-kain/src/target/x86/Disassembler/X86DisassemblerDecoder.h	44705	llvm-target	move
llvm/lib/Target/X86/GISel/X86CallLowering.cpp	llvm-kain/src/target/x86/GISel/X86CallLowering.cpp	16296	llvm-target	move
llvm/lib/Target/X86/GISel/X86CallLowering.h	llvm-kain/src/target/x86/GISel/X86CallLowering.h	1640	llvm-target	move
llvm/lib/Target/X86/GISel/X86InstructionSelector.cpp	llvm-kain/src/target/x86/GISel/X86InstructionSelector.cpp	72160	llvm-target	move
llvm/lib/Target/X86/GISel/X86LegalizerInfo.cpp	llvm-kain/src/target/x86/GISel/X86LegalizerInfo.cpp	40561	llvm-target	move
llvm/lib/Target/X86/GISel/X86LegalizerInfo.h	llvm-kain/src/target/x86/GISel/X86LegalizerInfo.h	2551	llvm-target	move
llvm/lib/Target/X86/GISel/X86PostLegalizerCombiner.cpp	llvm-kain/src/target/x86/GISel/X86PostLegalizerCombiner.cpp	8091	llvm-target	move
llvm/lib/Target/X86/GISel/X86PreLegalizerCombiner.cpp	llvm-kain/src/target/x86/GISel/X86PreLegalizerCombiner.cpp	7439	llvm-target	move
llvm/lib/Target/X86/GISel/X86RegisterBankInfo.cpp	llvm-kain/src/target/x86/GISel/X86RegisterBankInfo.cpp	15702	llvm-target	move
llvm/lib/Target/X86/GISel/X86RegisterBankInfo.h	llvm-kain/src/target/x86/GISel/X86RegisterBankInfo.h	3647	llvm-target	move
llvm/lib/Target/X86/MCTargetDesc/CMakeLists.txt	llvm-kain/src/target/x86/MCTargetDesc/CMakeLists.txt	571	llvm-target	move
llvm/lib/Target/X86/MCTargetDesc/X86AsmBackend.cpp	llvm-kain/src/target/x86/MCTargetDesc/X86AsmBackend.cpp	55962	llvm-target	move
llvm/lib/Target/X86/MCTargetDesc/X86ATTInstPrinter.cpp	llvm-kain/src/target/x86/MCTargetDesc/X86ATTInstPrinter.cpp	20444	llvm-target	move
llvm/lib/Target/X86/MCTargetDesc/X86ATTInstPrinter.h	llvm-kain/src/target/x86/MCTargetDesc/X86ATTInstPrinter.h	4716	llvm-target	move
llvm/lib/Target/X86/MCTargetDesc/X86BaseInfo.h	llvm-kain/src/target/x86/MCTargetDesc/X86BaseInfo.h	46360	llvm-target	move
llvm/lib/Target/X86/MCTargetDesc/X86ELFObjectWriter.cpp	llvm-kain/src/target/x86/MCTargetDesc/X86ELFObjectWriter.cpp	12554	llvm-target	move
llvm/lib/Target/X86/MCTargetDesc/X86EncodingOptimization.cpp	llvm-kain/src/target/x86/MCTargetDesc/X86EncodingOptimization.cpp	18545	llvm-target	move
llvm/lib/Target/X86/MCTargetDesc/X86EncodingOptimization.h	llvm-kain/src/target/x86/MCTargetDesc/X86EncodingOptimization.h	1234	llvm-target	move
llvm/lib/Target/X86/MCTargetDesc/X86EncodingOptimizationForImmediate.def	llvm-kain/src/target/x86/MCTargetDesc/X86EncodingOptimizationForImmediate.def	3323	llvm-target	move
llvm/lib/Target/X86/MCTargetDesc/X86FixupKinds.h	llvm-kain/src/target/x86/MCTargetDesc/X86FixupKinds.h	2314	llvm-target	move
llvm/lib/Target/X86/MCTargetDesc/X86InstComments.cpp	llvm-kain/src/target/x86/MCTargetDesc/X86InstComments.cpp	61437	llvm-target	move
llvm/lib/Target/X86/MCTargetDesc/X86InstComments.h	llvm-kain/src/target/x86/MCTargetDesc/X86InstComments.h	900	llvm-target	move
llvm/lib/Target/X86/MCTargetDesc/X86InstPrinterCommon.cpp	llvm-kain/src/target/x86/MCTargetDesc/X86InstPrinterCommon.cpp	17443	llvm-target	move
llvm/lib/Target/X86/MCTargetDesc/X86InstPrinterCommon.h	llvm-kain/src/target/x86/MCTargetDesc/X86InstPrinterCommon.h	1965	llvm-target	move
llvm/lib/Target/X86/MCTargetDesc/X86IntelInstPrinter.cpp	llvm-kain/src/target/x86/MCTargetDesc/X86IntelInstPrinter.cpp	18498	llvm-target	move
llvm/lib/Target/X86/MCTargetDesc/X86IntelInstPrinter.h	llvm-kain/src/target/x86/MCTargetDesc/X86IntelInstPrinter.h	5087	llvm-target	move
llvm/lib/Target/X86/MCTargetDesc/X86MachObjectWriter.cpp	llvm-kain/src/target/x86/MCTargetDesc/X86MachObjectWriter.cpp	23370	llvm-target	move
llvm/lib/Target/X86/MCTargetDesc/X86MCAsmInfo.cpp	llvm-kain/src/target/x86/MCTargetDesc/X86MCAsmInfo.cpp	8115	llvm-target	move
llvm/lib/Target/X86/MCTargetDesc/X86MCAsmInfo.h	llvm-kain/src/target/x86/MCTargetDesc/X86MCAsmInfo.h	2968	llvm-target	move
llvm/lib/Target/X86/MCTargetDesc/X86MCCodeEmitter.cpp	llvm-kain/src/target/x86/MCTargetDesc/X86MCCodeEmitter.cpp	67600	llvm-target	move
llvm/lib/Target/X86/MCTargetDesc/X86MCExpr.h	llvm-kain/src/target/x86/MCTargetDesc/X86MCExpr.h	2107	llvm-target	move
llvm/lib/Target/X86/MCTargetDesc/X86MCTargetDesc.cpp	llvm-kain/src/target/x86/MCTargetDesc/X86MCTargetDesc.cpp	40506	llvm-target	move
llvm/lib/Target/X86/MCTargetDesc/X86MCTargetDesc.h	llvm-kain/src/target/x86/MCTargetDesc/X86MCTargetDesc.h	6084	llvm-target	move
llvm/lib/Target/X86/MCTargetDesc/X86MnemonicTables.cpp	llvm-kain/src/target/x86/MCTargetDesc/X86MnemonicTables.cpp	598	llvm-target	move
llvm/lib/Target/X86/MCTargetDesc/X86ShuffleDecode.cpp	llvm-kain/src/target/x86/MCTargetDesc/X86ShuffleDecode.cpp	19547	llvm-target	move
llvm/lib/Target/X86/MCTargetDesc/X86ShuffleDecode.h	llvm-kain/src/target/x86/MCTargetDesc/X86ShuffleDecode.h	7290	llvm-target	move
llvm/lib/Target/X86/MCTargetDesc/X86TargetStreamer.h	llvm-kain/src/target/x86/MCTargetDesc/X86TargetStreamer.h	1696	llvm-target	move
llvm/lib/Target/X86/MCTargetDesc/X86WinCOFFObjectWriter.cpp	llvm-kain/src/target/x86/MCTargetDesc/X86WinCOFFObjectWriter.cpp	4797	llvm-target	move
llvm/lib/Target/X86/MCTargetDesc/X86WinCOFFStreamer.cpp	llvm-kain/src/target/x86/MCTargetDesc/X86WinCOFFStreamer.cpp	2977	llvm-target	move
llvm/lib/Target/X86/MCTargetDesc/X86WinCOFFTargetStreamer.cpp	llvm-kain/src/target/x86/MCTargetDesc/X86WinCOFFTargetStreamer.cpp	15483	llvm-target	move
llvm/lib/Target/X86/TargetInfo/CMakeLists.txt	llvm-kain/src/target/x86/TargetInfo/CMakeLists.txt	123	llvm-target	move
llvm/lib/Target/X86/TargetInfo/X86TargetInfo.cpp	llvm-kain/src/target/x86/TargetInfo/X86TargetInfo.cpp	1017	llvm-target	move
llvm/lib/Target/X86/TargetInfo/X86TargetInfo.h	llvm-kain/src/target/x86/TargetInfo/X86TargetInfo.h	635	llvm-target	move
llvm/lib/TargetParser/AArch64TargetParser.cpp	llvm-kain/src/support/target/AArch64TargetParser.cpp	13127	llvm-support	move
llvm/lib/TargetParser/AMDGPUTargetParser.cpp	llvm-kain/src/support/target/AMDGPUTargetParser.cpp	26949	llvm-support	move
llvm/lib/TargetParser/ARMTargetParser.cpp	llvm-kain/src/support/target/ARMTargetParser.cpp	21206	llvm-support	move
llvm/lib/TargetParser/ARMTargetParserCommon.cpp	llvm-kain/src/support/target/ARMTargetParserCommon.cpp	5657	llvm-support	move
llvm/lib/TargetParser/AVRTargetParser.cpp	llvm-kain/src/support/target/AVRTargetParser.cpp	1882	llvm-support	move
llvm/lib/TargetParser/CMakeLists.txt	llvm-kain/src/support/target/CMakeLists.txt	1181	llvm-support	move
llvm/lib/TargetParser/CSKYTargetParser.cpp	llvm-kain/src/support/target/CSKYTargetParser.cpp	4904	llvm-support	move
llvm/lib/TargetParser/Host.cpp	llvm-kain/src/support/target/Host.cpp	94199	llvm-support	move
llvm/lib/TargetParser/LoongArchTargetParser.cpp	llvm-kain/src/support/target/LoongArchTargetParser.cpp	2872	llvm-support	move
llvm/lib/TargetParser/PPCTargetParser.cpp	llvm-kain/src/support/target/PPCTargetParser.cpp	4641	llvm-support	move
llvm/lib/TargetParser/RISCVISAInfo.cpp	llvm-kain/src/support/target/RISCVISAInfo.cpp	37124	llvm-support	move
llvm/lib/TargetParser/RISCVTargetParser.cpp	llvm-kain/src/support/target/RISCVTargetParser.cpp	17939	llvm-support	move
llvm/lib/TargetParser/SubtargetFeature.cpp	llvm-kain/src/support/target/SubtargetFeature.cpp	2714	llvm-support	move
llvm/lib/TargetParser/TargetDataLayout.cpp	llvm-kain/src/support/target/TargetDataLayout.cpp	21433	llvm-support	move
llvm/lib/TargetParser/TargetParser.cpp	llvm-kain/src/support/target/TargetParser.cpp	2440	llvm-support	move
llvm/lib/TargetParser/Triple.cpp	llvm-kain/src/support/target/Triple.cpp	81054	llvm-support	move
llvm/lib/TargetParser/X86TargetParser.cpp	llvm-kain/src/support/target/X86TargetParser.cpp	42845	llvm-support	move
llvm/lib/TargetParser/XtensaTargetParser.cpp	llvm-kain/src/support/target/XtensaTargetParser.cpp	2765	llvm-support	move
llvm/lib/TargetParser/Unix/Host.inc	llvm-kain/src/support/target/Unix/Host.inc	3680	llvm-support	move
llvm/lib/TargetParser/Windows/Host.inc	llvm-kain/src/support/target/Windows/Host.inc	1199	llvm-support	move
llvm/lib/Transforms/CMakeLists.txt	llvm-kain/src/core/passes/CMakeLists.txt	312	llvm-core	move
llvm/lib/Transforms/AggressiveInstCombine/AggressiveInstCombine.cpp	llvm-kain/src/core/passes/AggressiveInstCombine/AggressiveInstCombine.cpp	92667	llvm-core	move
llvm/lib/Transforms/AggressiveInstCombine/AggressiveInstCombineInternal.h	llvm-kain/src/core/passes/AggressiveInstCombine/AggressiveInstCombineInternal.h	5583	llvm-core	move
llvm/lib/Transforms/AggressiveInstCombine/CMakeLists.txt	llvm-kain/src/core/passes/AggressiveInstCombine/CMakeLists.txt	334	llvm-core	move
llvm/lib/Transforms/AggressiveInstCombine/TruncInstCombine.cpp	llvm-kain/src/core/passes/AggressiveInstCombine/TruncInstCombine.cpp	20439	llvm-core	move
llvm/lib/Transforms/CFGuard/CFGuard.cpp	llvm-kain/src/core/passes/CFGuard/CFGuard.cpp	11765	llvm-core	move
llvm/lib/Transforms/CFGuard/CMakeLists.txt	llvm-kain/src/core/passes/CFGuard/CMakeLists.txt	205	llvm-core	move
llvm/lib/Transforms/InstCombine/CMakeLists.txt	llvm-kain/src/core/passes/InstCombine/CMakeLists.txt	654	llvm-core	move
llvm/lib/Transforms/InstCombine/InstCombineAddSub.cpp	llvm-kain/src/core/passes/InstCombine/InstCombineAddSub.cpp	125421	llvm-core	move
llvm/lib/Transforms/InstCombine/InstCombineAndOrXor.cpp	llvm-kain/src/core/passes/InstCombine/InstCombineAndOrXor.cpp	227479	llvm-core	move
llvm/lib/Transforms/InstCombine/InstCombineAtomicRMW.cpp	llvm-kain/src/core/passes/InstCombine/InstCombineAtomicRMW.cpp	5462	llvm-core	move
llvm/lib/Transforms/InstCombine/InstCombineCalls.cpp	llvm-kain/src/core/passes/InstCombine/InstCombineCalls.cpp	214365	llvm-core	move
llvm/lib/Transforms/InstCombine/InstCombineCasts.cpp	llvm-kain/src/core/passes/InstCombine/InstCombineCasts.cpp	141948	llvm-core	move
llvm/lib/Transforms/InstCombine/InstCombineCompares.cpp	llvm-kain/src/core/passes/InstCombine/InstCombineCompares.cpp	366771	llvm-core	move
llvm/lib/Transforms/InstCombine/InstCombineInternal.h	llvm-kain/src/core/passes/InstCombine/InstCombineInternal.h	43852	llvm-core	move
llvm/lib/Transforms/InstCombine/InstCombineLoadStoreAlloca.cpp	llvm-kain/src/core/passes/InstCombine/InstCombineLoadStoreAlloca.cpp	66957	llvm-core	move
llvm/lib/Transforms/InstCombine/InstCombineMulDivRem.cpp	llvm-kain/src/core/passes/InstCombine/InstCombineMulDivRem.cpp	102776	llvm-core	move
llvm/lib/Transforms/InstCombine/InstCombineNegator.cpp	llvm-kain/src/core/passes/InstCombine/InstCombineNegator.cpp	24184	llvm-core	move
llvm/lib/Transforms/InstCombine/InstCombinePHI.cpp	llvm-kain/src/core/passes/InstCombine/InstCombinePHI.cpp	60928	llvm-core	move
llvm/lib/Transforms/InstCombine/InstCombineSelect.cpp	llvm-kain/src/core/passes/InstCombine/InstCombineSelect.cpp	210801	llvm-core	move
llvm/lib/Transforms/InstCombine/InstCombineShifts.cpp	llvm-kain/src/core/passes/InstCombine/InstCombineShifts.cpp	79881	llvm-core	move
llvm/lib/Transforms/InstCombine/InstCombineSimplifyDemanded.cpp	llvm-kain/src/core/passes/InstCombine/InstCombineSimplifyDemanded.cpp	142263	llvm-core	move
llvm/lib/Transforms/InstCombine/InstCombineVectorOps.cpp	llvm-kain/src/core/passes/InstCombine/InstCombineVectorOps.cpp	141419	llvm-core	move
llvm/lib/Transforms/InstCombine/InstructionCombining.cpp	llvm-kain/src/core/passes/InstCombine/InstructionCombining.cpp	249420	llvm-core	move
llvm/lib/Transforms/IPO/AlwaysInliner.cpp	llvm-kain/src/core/passes/IPO/AlwaysInliner.cpp	10188	llvm-core	move
llvm/lib/Transforms/IPO/Annotation2Metadata.cpp	llvm-kain/src/core/passes/IPO/Annotation2Metadata.cpp	2533	llvm-core	move
llvm/lib/Transforms/IPO/ArgumentPromotion.cpp	llvm-kain/src/core/passes/IPO/ArgumentPromotion.cpp	36933	llvm-core	move
llvm/lib/Transforms/IPO/Attributor.cpp	llvm-kain/src/core/passes/IPO/Attributor.cpp	159120	llvm-core	move
llvm/lib/Transforms/IPO/AttributorAttributes.cpp	llvm-kain/src/core/passes/IPO/AttributorAttributes.cpp	520102	llvm-core	move
llvm/lib/Transforms/IPO/BarrierNoopPass.cpp	llvm-kain/src/core/passes/IPO/BarrierNoopPass.cpp	1643	llvm-core	move
llvm/lib/Transforms/IPO/BlockExtractor.cpp	llvm-kain/src/core/passes/IPO/BlockExtractor.cpp	7214	llvm-core	move
llvm/lib/Transforms/IPO/CalledValuePropagation.cpp	llvm-kain/src/core/passes/IPO/CalledValuePropagation.cpp	17427	llvm-core	move
llvm/lib/Transforms/IPO/CMakeLists.txt	llvm-kain/src/core/passes/IPO/CMakeLists.txt	1552	llvm-core	move
llvm/lib/Transforms/IPO/ConstantMerge.cpp	llvm-kain/src/core/passes/IPO/ConstantMerge.cpp	9143	llvm-core	move
llvm/lib/Transforms/IPO/CrossDSOCFI.cpp	llvm-kain/src/core/passes/IPO/CrossDSOCFI.cpp	5391	llvm-core	move
llvm/lib/Transforms/IPO/DeadArgumentElimination.cpp	llvm-kain/src/core/passes/IPO/DeadArgumentElimination.cpp	43887	llvm-core	move
llvm/lib/Transforms/IPO/ElimAvailExtern.cpp	llvm-kain/src/core/passes/IPO/ElimAvailExtern.cpp	6984	llvm-core	move
llvm/lib/Transforms/IPO/EmbedBitcodePass.cpp	llvm-kain/src/core/passes/IPO/EmbedBitcodePass.cpp	1684	llvm-core	move
llvm/lib/Transforms/IPO/ExpandVariadics.cpp	llvm-kain/src/core/passes/IPO/ExpandVariadics.cpp	42186	llvm-core	move
llvm/lib/Transforms/IPO/ExtractGV.cpp	llvm-kain/src/core/passes/IPO/ExtractGV.cpp	4705	llvm-core	move
llvm/lib/Transforms/IPO/FatLTOCleanup.cpp	llvm-kain/src/core/passes/IPO/FatLTOCleanup.cpp	4935	llvm-core	move
llvm/lib/Transforms/IPO/ForceFunctionAttrs.cpp	llvm-kain/src/core/passes/IPO/ForceFunctionAttrs.cpp	7188	llvm-core	move
llvm/lib/Transforms/IPO/FunctionAttrs.cpp	llvm-kain/src/core/passes/IPO/FunctionAttrs.cpp	91490	llvm-core	move
llvm/lib/Transforms/IPO/FunctionImport.cpp	llvm-kain/src/core/passes/IPO/FunctionImport.cpp	95483	llvm-core	move
llvm/lib/Transforms/IPO/FunctionSpecialization.cpp	llvm-kain/src/core/passes/IPO/FunctionSpecialization.cpp	44912	llvm-core	move
llvm/lib/Transforms/IPO/GlobalDCE.cpp	llvm-kain/src/core/passes/IPO/GlobalDCE.cpp	15852	llvm-core	move
llvm/lib/Transforms/IPO/GlobalOpt.cpp	llvm-kain/src/core/passes/IPO/GlobalOpt.cpp	108150	llvm-core	move
llvm/lib/Transforms/IPO/GlobalSplit.cpp	llvm-kain/src/core/passes/IPO/GlobalSplit.cpp	7708	llvm-core	move
llvm/lib/Transforms/IPO/HotColdSplitting.cpp	llvm-kain/src/core/passes/IPO/HotColdSplitting.cpp	30383	llvm-core	move
llvm/lib/Transforms/IPO/InferFunctionAttrs.cpp	llvm-kain/src/core/passes/IPO/InferFunctionAttrs.cpp	2098	llvm-core	move
llvm/lib/Transforms/IPO/Inliner.cpp	llvm-kain/src/core/passes/IPO/Inliner.cpp	30664	llvm-core	move
llvm/lib/Transforms/IPO/Instrumentor.cpp	llvm-kain/src/core/passes/IPO/Instrumentor.cpp	74012	llvm-core	move
llvm/lib/Transforms/IPO/InstrumentorConfigFile.cpp	llvm-kain/src/core/passes/IPO/InstrumentorConfigFile.cpp	9389	llvm-core	move
llvm/lib/Transforms/IPO/InstrumentorStubPrinter.cpp	llvm-kain/src/core/passes/IPO/InstrumentorStubPrinter.cpp	12005	llvm-core	move
llvm/lib/Transforms/IPO/InstrumentorUtils.cpp	llvm-kain/src/core/passes/IPO/InstrumentorUtils.cpp	14924	llvm-core	move
llvm/lib/Transforms/IPO/Internalize.cpp	llvm-kain/src/core/passes/IPO/Internalize.cpp	9563	llvm-core	move
llvm/lib/Transforms/IPO/IPO.cpp	llvm-kain/src/core/passes/IPO/IPO.cpp	1059	llvm-core	move
llvm/lib/Transforms/IPO/IROutliner.cpp	llvm-kain/src/core/passes/IPO/IROutliner.cpp	124607	llvm-core	move
llvm/lib/Transforms/IPO/LoopExtractor.cpp	llvm-kain/src/core/passes/IPO/LoopExtractor.cpp	9623	llvm-core	move
llvm/lib/Transforms/IPO/LowerTypeTests.cpp	llvm-kain/src/core/passes/IPO/LowerTypeTests.cpp	104781	llvm-core	move
llvm/lib/Transforms/IPO/MemProfContextDisambiguation.cpp	llvm-kain/src/core/passes/IPO/MemProfContextDisambiguation.cpp	289949	llvm-core	move
llvm/lib/Transforms/IPO/MergeFunctions.cpp	llvm-kain/src/core/passes/IPO/MergeFunctions.cpp	39548	llvm-core	move
llvm/lib/Transforms/IPO/ModuleInliner.cpp	llvm-kain/src/core/passes/IPO/ModuleInliner.cpp	11886	llvm-core	move
llvm/lib/Transforms/IPO/OpenMPOpt.cpp	llvm-kain/src/core/passes/IPO/OpenMPOpt.cpp	229600	llvm-core	move
llvm/lib/Transforms/IPO/PartialInlining.cpp	llvm-kain/src/core/passes/IPO/PartialInlining.cpp	56102	llvm-core	move
llvm/lib/Transforms/IPO/SampleContextTracker.cpp	llvm-kain/src/core/passes/IPO/SampleContextTracker.cpp	22137	llvm-core	move
llvm/lib/Transforms/IPO/SampleProfile.cpp	llvm-kain/src/core/passes/IPO/SampleProfile.cpp	99689	llvm-core	move
llvm/lib/Transforms/IPO/SampleProfileMatcher.cpp	llvm-kain/src/core/passes/IPO/SampleProfileMatcher.cpp	45848	llvm-core	move
llvm/lib/Transforms/IPO/SampleProfileProbe.cpp	llvm-kain/src/core/passes/IPO/SampleProfileProbe.cpp	19067	llvm-core	move
llvm/lib/Transforms/IPO/SCCP.cpp	llvm-kain/src/core/passes/IPO/SCCP.cpp	15110	llvm-core	move
llvm/lib/Transforms/IPO/StripDeadPrototypes.cpp	llvm-kain/src/core/passes/IPO/StripDeadPrototypes.cpp	1877	llvm-core	move
llvm/lib/Transforms/IPO/StripSymbols.cpp	llvm-kain/src/core/passes/IPO/StripSymbols.cpp	10664	llvm-core	move
llvm/lib/Transforms/IPO/ThinLTOBitcodeWriter.cpp	llvm-kain/src/core/passes/IPO/ThinLTOBitcodeWriter.cpp	23011	llvm-core	move
llvm/lib/Transforms/IPO/WholeProgramDevirt.cpp	llvm-kain/src/core/passes/IPO/WholeProgramDevirt.cpp	109344	llvm-core	move
llvm/lib/Transforms/Scalar/ADCE.cpp	llvm-kain/src/core/passes/Scalar/ADCE.cpp	22057	llvm-core	move
llvm/lib/Transforms/Scalar/AlignmentFromAssumptions.cpp	llvm-kain/src/core/passes/Scalar/AlignmentFromAssumptions.cpp	12744	llvm-core	move
llvm/lib/Transforms/Scalar/AnnotationRemarks.cpp	llvm-kain/src/core/passes/Scalar/AnnotationRemarks.cpp	3353	llvm-core	move
llvm/lib/Transforms/Scalar/BDCE.cpp	llvm-kain/src/core/passes/Scalar/BDCE.cpp	7612	llvm-core	move
llvm/lib/Transforms/Scalar/CallSiteSplitting.cpp	llvm-kain/src/core/passes/Scalar/CallSiteSplitting.cpp	20414	llvm-core	move
llvm/lib/Transforms/Scalar/CMakeLists.txt	llvm-kain/src/core/passes/Scalar/CMakeLists.txt	2140	llvm-core	move
llvm/lib/Transforms/Scalar/ConstantHoisting.cpp	llvm-kain/src/core/passes/Scalar/ConstantHoisting.cpp	39474	llvm-core	move
llvm/lib/Transforms/Scalar/ConstraintElimination.cpp	llvm-kain/src/core/passes/Scalar/ConstraintElimination.cpp	77589	llvm-core	move
llvm/lib/Transforms/Scalar/CorrelatedValuePropagation.cpp	llvm-kain/src/core/passes/Scalar/CorrelatedValuePropagation.cpp	49534	llvm-core	move
llvm/lib/Transforms/Scalar/DCE.cpp	llvm-kain/src/core/passes/Scalar/DCE.cpp	4827	llvm-core	move
llvm/lib/Transforms/Scalar/DeadStoreElimination.cpp	llvm-kain/src/core/passes/Scalar/DeadStoreElimination.cpp	118566	llvm-core	move
llvm/lib/Transforms/Scalar/DFAJumpThreading.cpp	llvm-kain/src/core/passes/Scalar/DFAJumpThreading.cpp	58838	llvm-core	move
llvm/lib/Transforms/Scalar/DivRemPairs.cpp	llvm-kain/src/core/passes/Scalar/DivRemPairs.cpp	17227	llvm-core	move
llvm/lib/Transforms/Scalar/DropUnnecessaryAssumes.cpp	llvm-kain/src/core/passes/Scalar/DropUnnecessaryAssumes.cpp	5187	llvm-core	move
llvm/lib/Transforms/Scalar/EarlyCSE.cpp	llvm-kain/src/core/passes/Scalar/EarlyCSE.cpp	76455	llvm-core	move
llvm/lib/Transforms/Scalar/ExpandMemCmp.cpp	llvm-kain/src/core/passes/Scalar/ExpandMemCmp.cpp	37858	llvm-core	move
llvm/lib/Transforms/Scalar/FlattenCFGPass.cpp	llvm-kain/src/core/passes/Scalar/FlattenCFGPass.cpp	3364	llvm-core	move
llvm/lib/Transforms/Scalar/Float2Int.cpp	llvm-kain/src/core/passes/Scalar/Float2Int.cpp	17536	llvm-core	move
llvm/lib/Transforms/Scalar/GuardWidening.cpp	llvm-kain/src/core/passes/Scalar/GuardWidening.cpp	39562	llvm-core	move
llvm/lib/Transforms/Scalar/GVN.cpp	llvm-kain/src/core/passes/Scalar/GVN.cpp	153038	llvm-core	move
llvm/lib/Transforms/Scalar/GVNHoist.cpp	llvm-kain/src/core/passes/Scalar/GVNHoist.cpp	45689	llvm-core	move
llvm/lib/Transforms/Scalar/GVNSink.cpp	llvm-kain/src/core/passes/Scalar/GVNSink.cpp	28857	llvm-core	move
llvm/lib/Transforms/Scalar/InductiveRangeCheckElimination.cpp	llvm-kain/src/core/passes/Scalar/InductiveRangeCheckElimination.cpp	42358	llvm-core	move
llvm/lib/Transforms/Scalar/IndVarSimplify.cpp	llvm-kain/src/core/passes/Scalar/IndVarSimplify.cpp	90167	llvm-core	move
llvm/lib/Transforms/Scalar/InferAddressSpaces.cpp	llvm-kain/src/core/passes/Scalar/InferAddressSpaces.cpp	65393	llvm-core	move
llvm/lib/Transforms/Scalar/InferAlignment.cpp	llvm-kain/src/core/passes/Scalar/InferAlignment.cpp	6973	llvm-core	move
llvm/lib/Transforms/Scalar/InstSimplifyPass.cpp	llvm-kain/src/core/passes/Scalar/InstSimplifyPass.cpp	4980	llvm-core	move
llvm/lib/Transforms/Scalar/IVUsersPrinter.cpp	llvm-kain/src/core/passes/Scalar/IVUsersPrinter.cpp	807	llvm-core	move
llvm/lib/Transforms/Scalar/JumpTableToSwitch.cpp	llvm-kain/src/core/passes/Scalar/JumpTableToSwitch.cpp	10523	llvm-core	move
llvm/lib/Transforms/Scalar/JumpThreading.cpp	llvm-kain/src/core/passes/Scalar/JumpThreading.cpp	129818	llvm-core	move
llvm/lib/Transforms/Scalar/LICM.cpp	llvm-kain/src/core/passes/Scalar/LICM.cpp	127843	llvm-core	move
llvm/lib/Transforms/Scalar/LoopAccessAnalysisPrinter.cpp	llvm-kain/src/core/passes/Scalar/LoopAccessAnalysisPrinter.cpp	1293	llvm-core	move
llvm/lib/Transforms/Scalar/LoopBoundSplit.cpp	llvm-kain/src/core/passes/Scalar/LoopBoundSplit.cpp	17853	llvm-core	move
llvm/lib/Transforms/Scalar/LoopDataPrefetch.cpp	llvm-kain/src/core/passes/Scalar/LoopDataPrefetch.cpp	15054	llvm-core	move
llvm/lib/Transforms/Scalar/LoopDeletion.cpp	llvm-kain/src/core/passes/Scalar/LoopDeletion.cpp	21150	llvm-core	move
llvm/lib/Transforms/Scalar/LoopDistribute.cpp	llvm-kain/src/core/passes/Scalar/LoopDistribute.cpp	39036	llvm-core	move
llvm/lib/Transforms/Scalar/LoopFlatten.cpp	llvm-kain/src/core/passes/Scalar/LoopFlatten.cpp	43128	llvm-core	move
llvm/lib/Transforms/Scalar/LoopFuse.cpp	llvm-kain/src/core/passes/Scalar/LoopFuse.cpp	77436	llvm-core	move
llvm/lib/Transforms/Scalar/LoopIdiomRecognize.cpp	llvm-kain/src/core/passes/Scalar/LoopIdiomRecognize.cpp	136942	llvm-core	move
llvm/lib/Transforms/Scalar/LoopInstSimplify.cpp	llvm-kain/src/core/passes/Scalar/LoopInstSimplify.cpp	7220	llvm-core	move
llvm/lib/Transforms/Scalar/LoopInterchange.cpp	llvm-kain/src/core/passes/Scalar/LoopInterchange.cpp	103811	llvm-core	move
llvm/lib/Transforms/Scalar/LoopLoadElimination.cpp	llvm-kain/src/core/passes/Scalar/LoopLoadElimination.cpp	27441	llvm-core	move
llvm/lib/Transforms/Scalar/LoopPassManager.cpp	llvm-kain/src/core/passes/Scalar/LoopPassManager.cpp	14348	llvm-core	move
llvm/lib/Transforms/Scalar/LoopPredication.cpp	llvm-kain/src/core/passes/Scalar/LoopPredication.cpp	51271	llvm-core	move
llvm/lib/Transforms/Scalar/LoopRotation.cpp	llvm-kain/src/core/passes/Scalar/LoopRotation.cpp	4283	llvm-core	move
llvm/lib/Transforms/Scalar/LoopSimplifyCFG.cpp	llvm-kain/src/core/passes/Scalar/LoopSimplifyCFG.cpp	29774	llvm-core	move
llvm/lib/Transforms/Scalar/LoopSink.cpp	llvm-kain/src/core/passes/Scalar/LoopSink.cpp	16427	llvm-core	move
llvm/lib/Transforms/Scalar/LoopStrengthReduce.cpp	llvm-kain/src/core/passes/Scalar/LoopStrengthReduce.cpp	281345	llvm-core	move
llvm/lib/Transforms/Scalar/LoopTermFold.cpp	llvm-kain/src/core/passes/Scalar/LoopTermFold.cpp	14456	llvm-core	move
llvm/lib/Transforms/Scalar/LoopUnrollAndJamPass.cpp	llvm-kain/src/core/passes/Scalar/LoopUnrollAndJamPass.cpp	18263	llvm-core	move
llvm/lib/Transforms/Scalar/LoopUnrollPass.cpp	llvm-kain/src/core/passes/Scalar/LoopUnrollPass.cpp	78032	llvm-core	move
llvm/lib/Transforms/Scalar/LoopVersioningLICM.cpp	llvm-kain/src/core/passes/Scalar/LoopVersioningLICM.cpp	21517	llvm-core	move
llvm/lib/Transforms/Scalar/LowerAtomicPass.cpp	llvm-kain/src/core/passes/Scalar/LowerAtomicPass.cpp	2909	llvm-core	move
llvm/lib/Transforms/Scalar/LowerConstantIntrinsics.cpp	llvm-kain/src/core/passes/Scalar/LowerConstantIntrinsics.cpp	5766	llvm-core	move
llvm/lib/Transforms/Scalar/LowerExpectIntrinsic.cpp	llvm-kain/src/core/passes/Scalar/LowerExpectIntrinsic.cpp	15001	llvm-core	move
llvm/lib/Transforms/Scalar/LowerGuardIntrinsic.cpp	llvm-kain/src/core/passes/Scalar/LowerGuardIntrinsic.cpp	2141	llvm-core	move
llvm/lib/Transforms/Scalar/LowerMatrixIntrinsics.cpp	llvm-kain/src/core/passes/Scalar/LowerMatrixIntrinsics.cpp	116945	llvm-core	move
llvm/lib/Transforms/Scalar/LowerWidenableCondition.cpp	llvm-kain/src/core/passes/Scalar/LowerWidenableCondition.cpp	1946	llvm-core	move
llvm/lib/Transforms/Scalar/MakeGuardsExplicit.cpp	llvm-kain/src/core/passes/Scalar/MakeGuardsExplicit.cpp	3231	llvm-core	move
llvm/lib/Transforms/Scalar/MemCpyOptimizer.cpp	llvm-kain/src/core/passes/Scalar/MemCpyOptimizer.cpp	88614	llvm-core	move
llvm/lib/Transforms/Scalar/MergedLoadStoreMotion.cpp	llvm-kain/src/core/passes/Scalar/MergedLoadStoreMotion.cpp	14987	llvm-core	move
llvm/lib/Transforms/Scalar/MergeICmps.cpp	llvm-kain/src/core/passes/Scalar/MergeICmps.cpp	37177	llvm-core	move
llvm/lib/Transforms/Scalar/NaryReassociate.cpp	llvm-kain/src/core/passes/Scalar/NaryReassociate.cpp	23095	llvm-core	move
llvm/lib/Transforms/Scalar/NewGVN.cpp	llvm-kain/src/core/passes/Scalar/NewGVN.cpp	176048	llvm-core	move
llvm/lib/Transforms/Scalar/PartiallyInlineLibCalls.cpp	llvm-kain/src/core/passes/Scalar/PartiallyInlineLibCalls.cpp	8360	llvm-core	move
llvm/lib/Transforms/Scalar/PlaceSafepoints.cpp	llvm-kain/src/core/passes/Scalar/PlaceSafepoints.cpp	28246	llvm-core	move
llvm/lib/Transforms/Scalar/Reassociate.cpp	llvm-kain/src/core/passes/Scalar/Reassociate.cpp	106224	llvm-core	move
llvm/lib/Transforms/Scalar/Reg2Mem.cpp	llvm-kain/src/core/passes/Scalar/Reg2Mem.cpp	4992	llvm-core	move
llvm/lib/Transforms/Scalar/RewriteStatepointsForGC.cpp	llvm-kain/src/core/passes/Scalar/RewriteStatepointsForGC.cpp	136720	llvm-core	move
llvm/lib/Transforms/Scalar/Scalar.cpp	llvm-kain/src/core/passes/Scalar/Scalar.cpp	2371	llvm-core	move
llvm/lib/Transforms/Scalar/ScalarizeMaskedMemIntrin.cpp	llvm-kain/src/core/passes/Scalar/ScalarizeMaskedMemIntrin.cpp	45204	llvm-core	move
llvm/lib/Transforms/Scalar/Scalarizer.cpp	llvm-kain/src/core/passes/Scalar/Scalarizer.cpp	47942	llvm-core	move
llvm/lib/Transforms/Scalar/SCCP.cpp	llvm-kain/src/core/passes/Scalar/SCCP.cpp	4973	llvm-core	move
llvm/lib/Transforms/Scalar/SeparateConstOffsetFromGEP.cpp	llvm-kain/src/core/passes/Scalar/SeparateConstOffsetFromGEP.cpp	67032	llvm-core	move
llvm/lib/Transforms/Scalar/SimpleLoopUnswitch.cpp	llvm-kain/src/core/passes/Scalar/SimpleLoopUnswitch.cpp	160770	llvm-core	move
llvm/lib/Transforms/Scalar/SimplifyCFGPass.cpp	llvm-kain/src/core/passes/Scalar/SimplifyCFGPass.cpp	17430	llvm-core	move
llvm/lib/Transforms/Scalar/Sink.cpp	llvm-kain/src/core/passes/Scalar/Sink.cpp	9729	llvm-core	move
llvm/lib/Transforms/Scalar/SpeculativeExecution.cpp	llvm-kain/src/core/passes/Scalar/SpeculativeExecution.cpp	12581	llvm-core	move
llvm/lib/Transforms/Scalar/SROA.cpp	llvm-kain/src/core/passes/Scalar/SROA.cpp	258329	llvm-core	move
llvm/lib/Transforms/Scalar/StraightLineStrengthReduce.cpp	llvm-kain/src/core/passes/Scalar/StraightLineStrengthReduce.cpp	49988	llvm-core	move
llvm/lib/Transforms/Scalar/StructurizeCFG.cpp	llvm-kain/src/core/passes/Scalar/StructurizeCFG.cpp	49622	llvm-core	move
llvm/lib/Transforms/Scalar/TailRecursionElimination.cpp	llvm-kain/src/core/passes/Scalar/TailRecursionElimination.cpp	39439	llvm-core	move
llvm/lib/Transforms/Scalar/WarnMissedTransforms.cpp	llvm-kain/src/core/passes/Scalar/WarnMissedTransforms.cpp	5092	llvm-core	move
llvm/lib/Transforms/Utils/AddDiscriminators.cpp	llvm-kain/src/core/passes/Utils/AddDiscriminators.cpp	10196	llvm-core	move
llvm/lib/Transforms/Utils/AMDGPUEmitPrintf.cpp	llvm-kain/src/core/passes/Utils/AMDGPUEmitPrintf.cpp	20011	llvm-core	move
llvm/lib/Transforms/Utils/ASanStackFrameLayout.cpp	llvm-kain/src/core/passes/Utils/ASanStackFrameLayout.cpp	5846	llvm-core	move
llvm/lib/Transforms/Utils/AssumeBundleBuilder.cpp	llvm-kain/src/core/passes/Utils/AssumeBundleBuilder.cpp	20285	llvm-core	move
llvm/lib/Transforms/Utils/BasicBlockUtils.cpp	llvm-kain/src/core/passes/Utils/BasicBlockUtils.cpp	72988	llvm-core	move
llvm/lib/Transforms/Utils/BreakCriticalEdges.cpp	llvm-kain/src/core/passes/Utils/BreakCriticalEdges.cpp	19737	llvm-core	move
llvm/lib/Transforms/Utils/BuildLibCalls.cpp	llvm-kain/src/core/passes/Utils/BuildLibCalls.cpp	77698	llvm-core	move
llvm/lib/Transforms/Utils/BypassSlowDivision.cpp	llvm-kain/src/core/passes/Utils/BypassSlowDivision.cpp	19484	llvm-core	move
llvm/lib/Transforms/Utils/CallGraphUpdater.cpp	llvm-kain/src/core/passes/Utils/CallGraphUpdater.cpp	3739	llvm-core	move
llvm/lib/Transforms/Utils/CallPromotionUtils.cpp	llvm-kain/src/core/passes/Utils/CallPromotionUtils.cpp	29558	llvm-core	move
llvm/lib/Transforms/Utils/CanonicalizeAliases.cpp	llvm-kain/src/core/passes/Utils/CanonicalizeAliases.cpp	2307	llvm-core	move
llvm/lib/Transforms/Utils/CanonicalizeFreezeInLoops.cpp	llvm-kain/src/core/passes/Utils/CanonicalizeFreezeInLoops.cpp	8500	llvm-core	move
llvm/lib/Transforms/Utils/CloneFunction.cpp	llvm-kain/src/core/passes/Utils/CloneFunction.cpp	50038	llvm-core	move
llvm/lib/Transforms/Utils/CloneModule.cpp	llvm-kain/src/core/passes/Utils/CloneModule.cpp	8656	llvm-core	move
llvm/lib/Transforms/Utils/CMakeLists.txt	llvm-kain/src/core/passes/Utils/CMakeLists.txt	2357	llvm-core	move
llvm/lib/Transforms/Utils/CodeExtractor.cpp	llvm-kain/src/core/passes/Utils/CodeExtractor.cpp	81741	llvm-core	move
llvm/lib/Transforms/Utils/CodeLayout.cpp	llvm-kain/src/core/passes/Utils/CodeLayout.cpp	55081	llvm-core	move
llvm/lib/Transforms/Utils/CodeMoverUtils.cpp	llvm-kain/src/core/passes/Utils/CodeMoverUtils.cpp	9859	llvm-core	move
llvm/lib/Transforms/Utils/ControlFlowUtils.cpp	llvm-kain/src/core/passes/Utils/ControlFlowUtils.cpp	14664	llvm-core	move
llvm/lib/Transforms/Utils/CountVisits.cpp	llvm-kain/src/core/passes/Utils/CountVisits.cpp	883	llvm-core	move
llvm/lib/Transforms/Utils/CtorUtils.cpp	llvm-kain/src/core/passes/Utils/CtorUtils.cpp	5204	llvm-core	move
llvm/lib/Transforms/Utils/Debugify.cpp	llvm-kain/src/core/passes/Utils/Debugify.cpp	44774	llvm-core	move
llvm/lib/Transforms/Utils/DebugSSAUpdater.cpp	llvm-kain/src/core/passes/Utils/DebugSSAUpdater.cpp	13640	llvm-core	move
llvm/lib/Transforms/Utils/DeclareRuntimeLibcalls.cpp	llvm-kain/src/core/passes/Utils/DeclareRuntimeLibcalls.cpp	2917	llvm-core	move
llvm/lib/Transforms/Utils/DemoteRegToStack.cpp	llvm-kain/src/core/passes/Utils/DemoteRegToStack.cpp	7765	llvm-core	move
llvm/lib/Transforms/Utils/DXILUpgrade.cpp	llvm-kain/src/core/passes/Utils/DXILUpgrade.cpp	1552	llvm-core	move
llvm/lib/Transforms/Utils/EntryExitInstrumenter.cpp	llvm-kain/src/core/passes/Utils/EntryExitInstrumenter.cpp	8448	llvm-core	move
llvm/lib/Transforms/Utils/EscapeEnumerator.cpp	llvm-kain/src/core/passes/Utils/EscapeEnumerator.cpp	3162	llvm-core	move
llvm/lib/Transforms/Utils/Evaluator.cpp	llvm-kain/src/core/passes/Utils/Evaluator.cpp	25410	llvm-core	move
llvm/lib/Transforms/Utils/FixIrreducible.cpp	llvm-kain/src/core/passes/Utils/FixIrreducible.cpp	18145	llvm-core	move
llvm/lib/Transforms/Utils/FlattenCFG.cpp	llvm-kain/src/core/passes/Utils/FlattenCFG.cpp	16711	llvm-core	move
llvm/lib/Transforms/Utils/FunctionComparator.cpp	llvm-kain/src/core/passes/Utils/FunctionComparator.cpp	38262	llvm-core	move
llvm/lib/Transforms/Utils/FunctionImportUtils.cpp	llvm-kain/src/core/passes/Utils/FunctionImportUtils.cpp	16794	llvm-core	move
llvm/lib/Transforms/Utils/GlobalStatus.cpp	llvm-kain/src/core/passes/Utils/GlobalStatus.cpp	7670	llvm-core	move
llvm/lib/Transforms/Utils/GuardUtils.cpp	llvm-kain/src/core/passes/Utils/GuardUtils.cpp	4891	llvm-core	move
llvm/lib/Transforms/Utils/HelloWorld.cpp	llvm-kain/src/core/passes/Utils/HelloWorld.cpp	660	llvm-core	move
llvm/lib/Transforms/Utils/InjectTLIMappings.cpp	llvm-kain/src/core/passes/Utils/InjectTLIMappings.cpp	6317	llvm-core	move
llvm/lib/Transforms/Utils/InlineFunction.cpp	llvm-kain/src/core/passes/Utils/InlineFunction.cpp	152839	llvm-core	move
llvm/lib/Transforms/Utils/InstructionNamer.cpp	llvm-kain/src/core/passes/Utils/InstructionNamer.cpp	1397	llvm-core	move
llvm/lib/Transforms/Utils/Instrumentation.cpp	llvm-kain/src/core/passes/Utils/Instrumentation.cpp	4771	llvm-core	move
llvm/lib/Transforms/Utils/IntegerDivision.cpp	llvm-kain/src/core/passes/Utils/IntegerDivision.cpp	28284	llvm-core	move
llvm/lib/Transforms/Utils/IRNormalizer.cpp	llvm-kain/src/core/passes/Utils/IRNormalizer.cpp	22706	llvm-core	move
llvm/lib/Transforms/Utils/KCFIHash.cpp	llvm-kain/src/core/passes/Utils/KCFIHash.cpp	3961	llvm-core	move
llvm/lib/Transforms/Utils/LCSSA.cpp	llvm-kain/src/core/passes/Utils/LCSSA.cpp	21913	llvm-core	move
llvm/lib/Transforms/Utils/LibCallsShrinkWrap.cpp	llvm-kain/src/core/passes/Utils/LibCallsShrinkWrap.cpp	17575	llvm-core	move
llvm/lib/Transforms/Utils/Local.cpp	llvm-kain/src/core/passes/Utils/Local.cpp	154872	llvm-core	move
llvm/lib/Transforms/Utils/LoopConstrainer.cpp	llvm-kain/src/core/passes/Utils/LoopConstrainer.cpp	36681	llvm-core	move
llvm/lib/Transforms/Utils/LoopPeel.cpp	llvm-kain/src/core/passes/Utils/LoopPeel.cpp	58456	llvm-core	move
llvm/lib/Transforms/Utils/LoopRotationUtils.cpp	llvm-kain/src/core/passes/Utils/LoopRotationUtils.cpp	40040	llvm-core	move
llvm/lib/Transforms/Utils/LoopSimplify.cpp	llvm-kain/src/core/passes/Utils/LoopSimplify.cpp	35351	llvm-core	move
llvm/lib/Transforms/Utils/LoopUnroll.cpp	llvm-kain/src/core/passes/Utils/LoopUnroll.cpp	75429	llvm-core	move
llvm/lib/Transforms/Utils/LoopUnrollAndJam.cpp	llvm-kain/src/core/passes/Utils/LoopUnrollAndJam.cpp	39021	llvm-core	move
llvm/lib/Transforms/Utils/LoopUnrollRuntime.cpp	llvm-kain/src/core/passes/Utils/LoopUnrollRuntime.cpp	51348	llvm-core	move
llvm/lib/Transforms/Utils/LoopUtils.cpp	llvm-kain/src/core/passes/Utils/LoopUtils.cpp	97517	llvm-core	move
llvm/lib/Transforms/Utils/LoopVersioning.cpp	llvm-kain/src/core/passes/Utils/LoopVersioning.cpp	12589	llvm-core	move
llvm/lib/Transforms/Utils/LowerAtomic.cpp	llvm-kain/src/core/passes/Utils/LowerAtomic.cpp	5409	llvm-core	move
llvm/lib/Transforms/Utils/LowerCommentStringPass.cpp	llvm-kain/src/core/passes/Utils/LowerCommentStringPass.cpp	4242	llvm-core	move
llvm/lib/Transforms/Utils/LowerGlobalDtors.cpp	llvm-kain/src/core/passes/Utils/LowerGlobalDtors.cpp	8812	llvm-core	move
llvm/lib/Transforms/Utils/LowerIFunc.cpp	llvm-kain/src/core/passes/Utils/LowerIFunc.cpp	979	llvm-core	move
llvm/lib/Transforms/Utils/LowerInvoke.cpp	llvm-kain/src/core/passes/Utils/LowerInvoke.cpp	2908	llvm-core	move
llvm/lib/Transforms/Utils/LowerMemIntrinsics.cpp	llvm-kain/src/core/passes/Utils/LowerMemIntrinsics.cpp	69645	llvm-core	move
llvm/lib/Transforms/Utils/LowerSwitch.cpp	llvm-kain/src/core/passes/Utils/LowerSwitch.cpp	23647	llvm-core	move
llvm/lib/Transforms/Utils/LowerVectorIntrinsics.cpp	llvm-kain/src/core/passes/Utils/LowerVectorIntrinsics.cpp	2348	llvm-core	move
llvm/lib/Transforms/Utils/MatrixUtils.cpp	llvm-kain/src/core/passes/Utils/MatrixUtils.cpp	4899	llvm-core	move
llvm/lib/Transforms/Utils/Mem2Reg.cpp	llvm-kain/src/core/passes/Utils/Mem2Reg.cpp	3795	llvm-core	move
llvm/lib/Transforms/Utils/MemoryOpRemark.cpp	llvm-kain/src/core/passes/Utils/MemoryOpRemark.cpp	12392	llvm-core	move
llvm/lib/Transforms/Utils/MemoryTaggingSupport.cpp	llvm-kain/src/core/passes/Utils/MemoryTaggingSupport.cpp	13800	llvm-core	move
llvm/lib/Transforms/Utils/MetaRenamer.cpp	llvm-kain/src/core/passes/Utils/MetaRenamer.cpp	7411	llvm-core	move
llvm/lib/Transforms/Utils/MisExpect.cpp	llvm-kain/src/core/passes/Utils/MisExpect.cpp	8546	llvm-core	move
llvm/lib/Transforms/Utils/ModuleUtils.cpp	llvm-kain/src/core/passes/Utils/ModuleUtils.cpp	18363	llvm-core	move
llvm/lib/Transforms/Utils/MoveAutoInit.cpp	llvm-kain/src/core/passes/Utils/MoveAutoInit.cpp	8079	llvm-core	move
llvm/lib/Transforms/Utils/NameAnonGlobals.cpp	llvm-kain/src/core/passes/Utils/NameAnonGlobals.cpp	2459	llvm-core	move
llvm/lib/Transforms/Utils/PredicateInfo.cpp	llvm-kain/src/core/passes/Utils/PredicateInfo.cpp	33705	llvm-core	move
llvm/lib/Transforms/Utils/ProfileVerify.cpp	llvm-kain/src/core/passes/Utils/ProfileVerify.cpp	10703	llvm-core	move
llvm/lib/Transforms/Utils/PromoteMemoryToRegister.cpp	llvm-kain/src/core/passes/Utils/PromoteMemoryToRegister.cpp	47354	llvm-core	move
llvm/lib/Transforms/Utils/RelLookupTableConverter.cpp	llvm-kain/src/core/passes/Utils/RelLookupTableConverter.cpp	9555	llvm-core	move
llvm/lib/Transforms/Utils/SampleProfileInference.cpp	llvm-kain/src/core/passes/Utils/SampleProfileInference.cpp	51212	llvm-core	move
llvm/lib/Transforms/Utils/SampleProfileLoaderBaseUtil.cpp	llvm-kain/src/core/passes/Utils/SampleProfileLoaderBaseUtil.cpp	7722	llvm-core	move
llvm/lib/Transforms/Utils/SanitizerStats.cpp	llvm-kain/src/core/passes/Utils/SanitizerStats.cpp	3986	llvm-core	move
llvm/lib/Transforms/Utils/ScalarEvolutionExpander.cpp	llvm-kain/src/core/passes/Utils/ScalarEvolutionExpander.cpp	97920	llvm-core	move
llvm/lib/Transforms/Utils/SCCPSolver.cpp	llvm-kain/src/core/passes/Utils/SCCPSolver.cpp	90602	llvm-core	move
llvm/lib/Transforms/Utils/SimplifyCFG.cpp	llvm-kain/src/core/passes/Utils/SimplifyCFG.cpp	357735	llvm-core	move
llvm/lib/Transforms/Utils/SimplifyIndVar.cpp	llvm-kain/src/core/passes/Utils/SimplifyIndVar.cpp	88579	llvm-core	move
llvm/lib/Transforms/Utils/SimplifyLibCalls.cpp	llvm-kain/src/core/passes/Utils/SimplifyLibCalls.cpp	171506	llvm-core	move
llvm/lib/Transforms/Utils/SizeOpts.cpp	llvm-kain/src/core/passes/Utils/SizeOpts.cpp	4994	llvm-core	move
llvm/lib/Transforms/Utils/SplitModule.cpp	llvm-kain/src/core/passes/Utils/SplitModule.cpp	11083	llvm-core	move
llvm/lib/Transforms/Utils/SplitModuleByCategory.cpp	llvm-kain/src/core/passes/Utils/SplitModuleByCategory.cpp	11438	llvm-core	move
llvm/lib/Transforms/Utils/SSAUpdater.cpp	llvm-kain/src/core/passes/Utils/SSAUpdater.cpp	18139	llvm-core	move
llvm/lib/Transforms/Utils/SSAUpdaterBulk.cpp	llvm-kain/src/core/passes/Utils/SSAUpdaterBulk.cpp	11544	llvm-core	move
llvm/lib/Transforms/Utils/StripConvergenceIntrinsics.cpp	llvm-kain/src/core/passes/Utils/StripConvergenceIntrinsics.cpp	3390	llvm-core	move
llvm/lib/Transforms/Utils/StripGCRelocates.cpp	llvm-kain/src/core/passes/Utils/StripGCRelocates.cpp	2669	llvm-core	move
llvm/lib/Transforms/Utils/StripNonLineTableDebugInfo.cpp	llvm-kain/src/core/passes/Utils/StripNonLineTableDebugInfo.cpp	692	llvm-core	move
llvm/lib/Transforms/Utils/SymbolRewriter.cpp	llvm-kain/src/core/passes/Utils/SymbolRewriter.cpp	18173	llvm-core	move
llvm/lib/Transforms/Utils/TriggerCrashPass.cpp	llvm-kain/src/core/passes/Utils/TriggerCrashPass.cpp	1315	llvm-core	move
llvm/lib/Transforms/Utils/UnifyLoopExits.cpp	llvm-kain/src/core/passes/Utils/UnifyLoopExits.cpp	12171	llvm-core	move
llvm/lib/Transforms/Utils/Utils.cpp	llvm-kain/src/core/passes/Utils/Utils.cpp	1305	llvm-core	move
llvm/lib/Transforms/Utils/ValueMapper.cpp	llvm-kain/src/core/passes/Utils/ValueMapper.cpp	45976	llvm-core	move
llvm/lib/Transforms/Utils/VNCoercion.cpp	llvm-kain/src/core/passes/Utils/VNCoercion.cpp	20482	llvm-core	move
llvm/lib/Transforms/Vectorize/CMakeLists.txt	llvm-kain/src/core/passes/Vectorize/CMakeLists.txt	1505	llvm-core	move
llvm/lib/Transforms/Vectorize/LoadStoreVectorizer.cpp	llvm-kain/src/core/passes/Vectorize/LoadStoreVectorizer.cpp	84408	llvm-core	move
llvm/lib/Transforms/Vectorize/LoopIdiomVectorize.cpp	llvm-kain/src/core/passes/Vectorize/LoopIdiomVectorize.cpp	62038	llvm-core	move
llvm/lib/Transforms/Vectorize/LoopVectorizationLegality.cpp	llvm-kain/src/core/passes/Vectorize/LoopVectorizationLegality.cpp	78330	llvm-core	move
llvm/lib/Transforms/Vectorize/LoopVectorizationPlanner.cpp	llvm-kain/src/core/passes/Vectorize/LoopVectorizationPlanner.cpp	34819	llvm-core	move
llvm/lib/Transforms/Vectorize/LoopVectorizationPlanner.h	llvm-kain/src/core/passes/Vectorize/LoopVectorizationPlanner.h	44030	llvm-core	move
llvm/lib/Transforms/Vectorize/LoopVectorize.cpp	llvm-kain/src/core/passes/Vectorize/LoopVectorize.cpp	363589	llvm-core	move
llvm/lib/Transforms/Vectorize/SLPVectorizer.cpp	llvm-kain/src/core/passes/Vectorize/SLPVectorizer.cpp	1398422	llvm-core	move
llvm/lib/Transforms/Vectorize/VectorCombine.cpp	llvm-kain/src/core/passes/Vectorize/VectorCombine.cpp	246089	llvm-core	move
llvm/lib/Transforms/Vectorize/Vectorize.cpp	llvm-kain/src/core/passes/Vectorize/Vectorize.cpp	953	llvm-core	move
llvm/lib/Transforms/Vectorize/VPlan.cpp	llvm-kain/src/core/passes/Vectorize/VPlan.cpp	69724	llvm-core	move
llvm/lib/Transforms/Vectorize/VPlan.h	llvm-kain/src/core/passes/Vectorize/VPlan.h	200136	llvm-core	move
llvm/lib/Transforms/Vectorize/VPlanAnalysis.cpp	llvm-kain/src/core/passes/Vectorize/VPlanAnalysis.cpp	13832	llvm-core	move
llvm/lib/Transforms/Vectorize/VPlanAnalysis.h	llvm-kain/src/core/passes/Vectorize/VPlanAnalysis.h	2445	llvm-core	move
llvm/lib/Transforms/Vectorize/VPlanCFG.h	llvm-kain/src/core/passes/Vectorize/VPlanCFG.h	12337	llvm-core	move
llvm/lib/Transforms/Vectorize/VPlanConstruction.cpp	llvm-kain/src/core/passes/Vectorize/VPlanConstruction.cpp	97994	llvm-core	move
llvm/lib/Transforms/Vectorize/VPlanDominatorTree.h	llvm-kain/src/core/passes/Vectorize/VPlanDominatorTree.h	2482	llvm-core	move
llvm/lib/Transforms/Vectorize/VPlanHelpers.h	llvm-kain/src/core/passes/Vectorize/VPlanHelpers.h	17950	llvm-core	move
llvm/lib/Transforms/Vectorize/VPlanPatternMatch.h	llvm-kain/src/core/passes/Vectorize/VPlanPatternMatch.h	41379	llvm-core	move
llvm/lib/Transforms/Vectorize/VPlanPredicator.cpp	llvm-kain/src/core/passes/Vectorize/VPlanPredicator.cpp	12398	llvm-core	move
llvm/lib/Transforms/Vectorize/VPlanRecipes.cpp	llvm-kain/src/core/passes/Vectorize/VPlanRecipes.cpp	187429	llvm-core	move
llvm/lib/Transforms/Vectorize/VPlanTransforms.cpp	llvm-kain/src/core/passes/Vectorize/VPlanTransforms.cpp	314469	llvm-core	move
llvm/lib/Transforms/Vectorize/VPlanTransforms.h	llvm-kain/src/core/passes/Vectorize/VPlanTransforms.h	29299	llvm-core	move
llvm/lib/Transforms/Vectorize/VPlanUnroll.cpp	llvm-kain/src/core/passes/Vectorize/VPlanUnroll.cpp	39888	llvm-core	move
llvm/lib/Transforms/Vectorize/VPlanUtils.cpp	llvm-kain/src/core/passes/Vectorize/VPlanUtils.cpp	35211	llvm-core	move
llvm/lib/Transforms/Vectorize/VPlanUtils.h	llvm-kain/src/core/passes/Vectorize/VPlanUtils.h	16316	llvm-core	move
llvm/lib/Transforms/Vectorize/VPlanValue.h	llvm-kain/src/core/passes/Vectorize/VPlanValue.h	19313	llvm-core	move
llvm/lib/Transforms/Vectorize/VPlanVerifier.cpp	llvm-kain/src/core/passes/Vectorize/VPlanVerifier.cpp	17922	llvm-core	move
llvm/lib/Transforms/Vectorize/VPlanVerifier.h	llvm-kain/src/core/passes/Vectorize/VPlanVerifier.h	1741	llvm-core	move
llvm/lib/Transforms/Vectorize/VPRecipeBuilder.h	llvm-kain/src/core/passes/Vectorize/VPRecipeBuilder.h	4125	llvm-core	move
llvm/lib/Transforms/Vectorize/SandboxVectorizer/DependencyGraph.cpp	llvm-kain/src/core/passes/Vectorize/SandboxVectorizer/DependencyGraph.cpp	27350	llvm-core	move
llvm/lib/Transforms/Vectorize/SandboxVectorizer/InstrMaps.cpp	llvm-kain/src/core/passes/Vectorize/SandboxVectorizer/InstrMaps.cpp	1035	llvm-core	move
llvm/lib/Transforms/Vectorize/SandboxVectorizer/Interval.cpp	llvm-kain/src/core/passes/Vectorize/SandboxVectorizer/Interval.cpp	1430	llvm-core	move
llvm/lib/Transforms/Vectorize/SandboxVectorizer/Legality.cpp	llvm-kain/src/core/passes/Vectorize/SandboxVectorizer/Legality.cpp	9743	llvm-core	move
llvm/lib/Transforms/Vectorize/SandboxVectorizer/RegionWithScore.cpp	llvm-kain/src/core/passes/Vectorize/SandboxVectorizer/RegionWithScore.cpp	1528	llvm-core	move
llvm/lib/Transforms/Vectorize/SandboxVectorizer/SandboxVectorizer.cpp	llvm-kain/src/core/passes/Vectorize/SandboxVectorizer/SandboxVectorizer.cpp	5978	llvm-core	move
llvm/lib/Transforms/Vectorize/SandboxVectorizer/SandboxVectorizerIR.cpp	llvm-kain/src/core/passes/Vectorize/SandboxVectorizer/SandboxVectorizerIR.cpp	1984	llvm-core	move
llvm/lib/Transforms/Vectorize/SandboxVectorizer/SandboxVectorizerPassBuilder.cpp	llvm-kain/src/core/passes/Vectorize/SandboxVectorizer/SandboxVectorizerPassBuilder.cpp	2356	llvm-core	move
llvm/lib/Transforms/Vectorize/SandboxVectorizer/Scheduler.cpp	llvm-kain/src/core/passes/Vectorize/SandboxVectorizer/Scheduler.cpp	15263	llvm-core	move
llvm/lib/Transforms/Vectorize/SandboxVectorizer/SeedCollector.cpp	llvm-kain/src/core/passes/Vectorize/SandboxVectorizer/SeedCollector.cpp	7556	llvm-core	move
llvm/lib/Transforms/Vectorize/SandboxVectorizer/VecUtils.cpp	llvm-kain/src/core/passes/Vectorize/SandboxVectorizer/VecUtils.cpp	1057	llvm-core	move
llvm/lib/Transforms/Vectorize/SandboxVectorizer/Passes/BottomUpVec.cpp	llvm-kain/src/core/passes/Vectorize/SandboxVectorizer/Passes/BottomUpVec.cpp	21741	llvm-core	move
llvm/lib/Transforms/Vectorize/SandboxVectorizer/Passes/LoadStoreVec.cpp	llvm-kain/src/core/passes/Vectorize/SandboxVectorizer/Passes/LoadStoreVec.cpp	7616	llvm-core	move
llvm/lib/Transforms/Vectorize/SandboxVectorizer/Passes/PackReuse.cpp	llvm-kain/src/core/passes/Vectorize/SandboxVectorizer/Passes/PackReuse.cpp	1991	llvm-core	move
llvm/lib/Transforms/Vectorize/SandboxVectorizer/Passes/PassRegistry.def	llvm-kain/src/core/passes/Vectorize/SandboxVectorizer/Passes/PassRegistry.def	1707	llvm-core	move
llvm/lib/Transforms/Vectorize/SandboxVectorizer/Passes/RegionsFromBBs.cpp	llvm-kain/src/core/passes/Vectorize/SandboxVectorizer/Passes/RegionsFromBBs.cpp	1408	llvm-core	move
llvm/lib/Transforms/Vectorize/SandboxVectorizer/Passes/RegionsFromMetadata.cpp	llvm-kain/src/core/passes/Vectorize/SandboxVectorizer/Passes/RegionsFromMetadata.cpp	1203	llvm-core	move
llvm/lib/Transforms/Vectorize/SandboxVectorizer/Passes/SeedCollection.cpp	llvm-kain/src/core/passes/Vectorize/SandboxVectorizer/Passes/SeedCollection.cpp	4875	llvm-core	move
llvm/lib/Transforms/Vectorize/SandboxVectorizer/Passes/TransactionAcceptOrRevert.cpp	llvm-kain/src/core/passes/Vectorize/SandboxVectorizer/Passes/TransactionAcceptOrRevert.cpp	1918	llvm-core	move
llvm/lib/Transforms/Vectorize/SandboxVectorizer/Passes/TransactionSave.cpp	llvm-kain/src/core/passes/Vectorize/SandboxVectorizer/Passes/TransactionSave.cpp	800	llvm-core	move
